,,,,,,,,,,,,,,,,,
企業名,中業界(メイン),中業界(サブ),本社所在地_都道府県,本社所在地,従業員数（範囲）,資本金（範囲）,売上（範囲）,企業HP,問い合わせフォーム,代表電話番号,代表メールアドレス,,,送信可否,日付,送信不可理由,
Ｉｎｄｅｅｄ　Ｊａｐａｎ株式会社,Webアプリ・サービス運営,求人媒体運営・求人情報誌出版,東京都,東京都千代田区丸の内１丁目９番２号,"5: 300人以上~1,000人未満",,"6: 1,000億円以上",https://jp.indeed.com/,,03-4578-7829,,,,送信不可,, お問い合わせフォーム無し,
Ｅａｒｔｈ　Ｔｅｃｈｎｏｌｏｇｙ株式会社,Webアプリ・サービス運営,"ITインフラストラクチャー,翻訳・通訳",東京都,東京都豊島区南池袋１丁目１９番６号,"5: 300人以上~1,000人未満","1: 5,000万円以上~3億円未満",2: 3億円以上~10億円未満,https://www.tech-earth.co.jp/,http://www.tech-earth.co.jp/contact/,03-6912-8942,info@tech-earth.co.jp,,,送信成功,2026/07/15,,
株式会社アトラスシー,Webアプリ・サービス運営,,東京都,東京都新宿区西新宿１丁目２２番２号,"5: 300人以上~1,000人未満","1: 5,000万円以上~3億円未満",4: 50億円以上~300億円未満,https://www.atrasc.co.jp/databox/data.php/about_corp_outline_ja/code,,03-6864-7781,,,,送信不可,, お問い合わせフォーム無し,
エヌ・デーソフトウェア株式会社,Webアプリ・サービス運営,"その他医療・福祉,受託開発",山形県,山形県南陽市和田３３６９番地,"5: 300人以上~1,000人未満","1: 5,000万円以上~3億円未満",4: 50億円以上~300億円未満,https://www.ndsoft.jp,,,,,,送信不可,,文字数制限,
ＸＭｉｌｅ株式会社,クラウド系/SaaS/ASPサービス,"その他広告・制作,人材派遣",東京都,東京都新宿区新宿６丁目２７番３０号,"5: 300人以上~1,000人未満",3: 10億円以上~50億円未満,4: 50億円以上~300億円未満,https://www.xmile.co.jp/about/information,,,,,,送信成功,2026/07/15,,
セーフィー株式会社,クラウド系/SaaS/ASPサービス,"その他機械,Webアプリ・サービス運営,防犯機器",東京都,東京都品川区西品川１丁目１番１号住友不動産大崎ガーデンタワー,"5: 300人以上~1,000人未満",4: 50億円以上~150億円未満,4: 50億円以上~300億円未満,会社概要 | セーフィー株式会社 - Safie Inc.,https://safie.link/inquiry/,03-6417-9556,bu2-contact@safie.jp,,,送信不可,, お問い合わせフォーム無し,
株式会社ＦＬＵＸ,Webアプリ・サービス運営,その他広告・制作,東京都,東京都港区赤坂９丁目７番１号,"5: 300人以上~1,000人未満",,4: 50億円以上~300億円未満,https://flux.jp/,https://flux-g.com/contact/,,,,,送信成功,2026/07/15,,
株式会社ｅｃｂｅｉｎｇ,Webアプリ・サービス運営,"その他IT,Webマーケコンサル,受託開発,その他広告・制作",東京都,東京都渋谷区渋谷２丁目１５番１号,"5: 300人以上~1,000人未満","1: 5,000万円以上~3億円未満",4: 50億円以上~300億円未満,https://www.ecbeing.net/,https://www.ecbeing.net/contacts/index.html,03-3486-5259,info@ecbeing.co.jp,,,送信成功,2026/07/15,,
株式会社ＬｅｇａｌＯｎ　Ｔｅｃｈｎｏｌｏｇｉｅｓ,クラウド系/SaaS/ASPサービス,その他IT,東京都,東京都渋谷区桜丘町１番１号渋谷サクラステージＳＨＩＢＵＹＡタワー,"5: 300人以上~1,000人未満",5: 150億円以上,4: 50億円以上~300億円未満,https://legalontech.jp/company/,https://legalforce-corp.com/contact,,,,,送信成功,2026/07/15,,
アディッシュ株式会社,Webアプリ・サービス運営,"その他サービス,情報セキュリティ,クラウド系/SaaS/ASPサービス,その他IT,ITインフラストラクチャー",東京都,東京都品川区西五反田１丁目２１番８号,"5: 300人以上~1,000人未満","1: 5,000万円以上~3億円未満",3: 10億円以上~50億円未満,https://www.adish.co.jp/about/companyinfo/,https://info.adish.co.jp/webapp/form/21053_tdfb_85/index.do,03-5759-0334,adsp-info@adish.co.jp,,,送信成功,2026/07/15,,
パナソニックシステムデザイン株式会社,Webアプリ・サービス運営,経営コンサル,大阪府,大阪府門真市大字門真１００６番地,"5: 300人以上~1,000人未満","1: 5,000万円以上~3億円未満",4: 50億円以上~300億円未満,http://group.connect.panasonic.com/psd/company/index.html,,045-471-9160,,,,送信成功,2026/07/15,,
株式会社ＴｈｅＮｅｗＧａｔｅ,Webアプリ・サービス運営,,群馬県,群馬県高崎市栄町１６番１１号高崎イーストタワー１３Ｆ,"5: 300人以上~1,000人未満",,4: 50億円以上~300億円未満,https://thenewgate.co.jp/,,,shopeeinfo@thenewgate.co.jp,,,送信不可,,文字数制限,
株式会社プレイド,Webアプリ・サービス運営,Webアプリ・サービス運営,東京都,東京都中央区銀座６丁目１０番１号ＧＩＮＺＡＳＩＸ１０階,"5: 300人以上~1,000人未満",3: 10億円以上~50億円未満,4: 50億円以上~300億円未満,https://plaid.co.jp/,https://plaid.co.jp/contact.html,,cxdive-info@plaid.co.jp,,,送信成功,2026/07/15,,
株式会社アバント,Webアプリ・サービス運営,"その他IT,会計士,デジタル系コンテンツ",東京都,東京都港区港南２丁目１５番２号,"5: 300人以上~1,000人未満","0: 5,000万円未満",4: 50億円以上~300億円未満,https://www.avantgroup.com/ja/corporate/outline.html,https://www2.diva.co.jp/inquiry,03-5782-8600,,,,送信成功,2026/07/15,,
株式会社ＩＩＪグローバルソリューションズ,Webアプリ・サービス運営,"クラウド系/SaaS/ASPサービス,情報セキュリティ,ITインフラストラクチャー",東京都,東京都千代田区富士見２丁目１０番２号,"5: 300人以上~1,000人未満",2: 3億円以上~10億円未満,4: 50億円以上~300億円未満,https://www.iijglobal.co.jp/about/outline.html,https://www.iijglobal.co.jp/contact/,03-6777-5700,info@iijglobal.co.jp,,,送信成功,2026/07/15,,
株式会社ＪＶＣケンウッド・公共産業システム,情報セキュリティ,"無線通信機械,防犯機器,音響・映像機器",東京都,東京都港区港南４丁目１番８号,"5: 300人以上~1,000人未満",2: 3億円以上~10億円未満,4: 50億円以上~300億円未満,https://jkpi.jvckenwood.com/corporate/overview.html,https://inquiry3.jvckenwood.com/Ask/index.asp?Key=List&amp;C_No=8,045-443-3270,,,,送信不可,, お問い合わせフォーム無し,
株式会社ジーニー,Webアプリ・サービス運営,"デザイン,クラウド系/SaaS/ASPサービス,Web制作,ITコンサル,その他建設・工事,販促コンサル",東京都,東京都新宿区西新宿６丁目８番１号,"5: 300人以上~1,000人未満","1: 5,000万円以上~3億円未満",4: 50億円以上~300億円未満,https://geniee.co.jp/company/outline/,https://geniee.co.jp/inquiry/,03-5909-8181,info_majin@geniee.co.jp,,,送信成功,2026/07/15,,
シンプレクス株式会社,Webアプリ・サービス運営,,東京都,東京都港区虎ノ門１丁目２３番１号,"5: 300人以上~1,000人未満",3: 10億円以上~50億円未満,"5: 300億円以上~1,000億円未満",https://www.simplex.inc/company/about/,http://www.simplex.ne.jp/contact/,03-3539-7370,,,,送信成功,2026/07/15,,
ニフティ株式会社,Webアプリ・サービス運営,"デジタル系コンテンツ,Webアプリ・サービス運営",東京都,東京都港区港南２丁目１５番３号,"5: 300人以上~1,000人未満","1: 5,000万円以上~3億円未満","5: 300億円以上~1,000億円未満",https://www.nifty.co.jp/company/outline,https://support.nifty.com/form/0/kojinjoho/,03-6807-4500,,,,送信成功,2026/07/15,,
株式会社ＳＯＤＡ,Webアプリ・サービス運営,"クラウド系/SaaS/ASPサービス,その他IT",東京都,東京都渋谷区神宮前６丁目２７番８号,"5: 300人以上~1,000人未満",,4: 50億円以上~300億円未満,https://soda-inc.jp/,,,info@soda-inc.jp,,,送信不可,,メールに遷移・Googleフォーム,
株式会社アイ・ディ・エイチ,Webアプリ・サービス運営,,埼玉県,埼玉県草加市谷塚町５８０番１,"5: 300人以上~1,000人未満",,4: 50億円以上~300億円未満,https://idh-net.co.jp/,https://idh-net.co.jp/contact,,,,,送信成功,2026/07/15,,
株式会社アトラス,ゲーム開発,"CD・レコード販売,その他ゲーム,CM制作・映像制作,その他IT,出版,マルチメディア・楽器,書籍・メディア販売,音響・映像機器",東京都,東京都品川区西品川１丁目１番１号住友不動産大崎ガーデンタワー,"5: 300人以上~1,000人未満","0: 5,000万円未満",4: 50億円以上~300億円未満,https://www.atlus.co.jp/company,https://pro.form-mailer.jp/fms/1246530f118006,03-5481-6791,feedbacktoatlus@atlus.co.jp,,,送信成功,2026/07/15,,
日本ウェブサービス株式会社,Webアプリ・サービス運営,"その他IT,ITコンサル,ITインフラストラクチャー",大阪府,大阪府大阪市北区梅田１丁目１番３号,"5: 300人以上~1,000人未満","1: 5,000万円以上~3億円未満",2: 3億円以上~10億円未満,http://jpn-web.co.jp/company/,https://jpn-web.co.jp/contact/index.html,06-4256-8988,security@jpn-web.co.jp,,,送信成功,2026/07/15,,
東芝テリー株式会社,Webアプリ・サービス運営,その他通信,東京都,東京都日野市旭が丘４丁目７番地の１,"5: 300人以上~1,000人未満","1: 5,000万円以上~3億円未満",4: 50億円以上~300億円未満,https://www.toshiba-teli.co.jp/company/profile.htm,https://www.toshiba.co.jp/jp/contact/corporate.html,042-589-7777,,,,送信成功,2026/07/15,,
富士テクノロジー株式会社,Webアプリ・サービス運営,"ITインフラストラクチャー,デジタル系コンテンツ,クラウド系/SaaS/ASPサービス",静岡県,静岡県静岡市駿河区南町１８番１号,"5: 300人以上~1,000人未満","1: 5,000万円以上~3億円未満",3: 10億円以上~50億円未満,https://fut.co.jp/company,,054-204-2001,info@fut.co.jp,,,送信成功,2026/07/15,,
株式会社Ｐｒｅｆｅｒｒｅｄ　Ｎｅｔｗｏｒｋｓ,Webアプリ・サービス運営,その他製造,東京都,東京都千代田区大手町１丁目６番１号大手町ビル,"5: 300人以上~1,000人未満",,4: 50億円以上~300億円未満,https://www.preferred.jp/ja/company/,https://www.preferred-networks.jp/ja/contact/,,,,,送信成功,2026/07/15,,
株式会社ＰＫＳＨＡ　Ｔｅｃｈｎｏｌｏｇｙ,Webアプリ・サービス運営,"ソフトウェア販売,受託開発,その他コンサル",東京都,東京都文京区本郷２丁目３５番１０号本郷瀬川ビル４Ｆ,"5: 300人以上~1,000人未満","0: 5,000万円未満",4: 50億円以上~300億円未満,https://www.pkshatech.com/company/about/,https://pkshatech.com/ja/contact/,03-6801-6718,,,,送信成功,2026/07/15,,
株式会社エクサウィザーズ,Webアプリ・サービス運営,"業務請負,その他IT,その他コンサル,その他機械",東京都,東京都港区芝浦４丁目２番８号,"5: 300人以上~1,000人未満",3: 10億円以上~50億円未満,4: 50億円以上~300億円未満,https://exawizards.com/company/,,,,,,送信不可,,必須項目の入力ができない（情報不足など）,
インテュイティブサージカル合同会社,医療機器,,東京都,東京都港区赤坂１丁目１２番３２号アーク森ビル,"5: 300人以上~1,000人未満",2: 3億円以上~10億円未満,4: 50億円以上~300億円未満,https://www.intuitive.com/ja-jp/about-us/company/legal/corporate-profile,,03-5575-1341,,,,送信不可,,メールに遷移・Googleフォーム,
株式会社ドキドキグルーヴワークス,ゲーム開発,"デザイン,ソーシャルゲーム・スマホゲーム",東京都,東京都新宿区西早稲田２丁目２１番１２号,"5: 300人以上~1,000人未満","0: 5,000万円未満",4: 50億円以上~300億円未満,https://dokidoki.co.jp/company/information/,http://dokidoki.co.jp/contact/,03-6205-6231,,,,送信成功,2026/07/15,,
株式会社ＴＯＫＩＵＭ,Webアプリ・サービス運営,"クラウド系/SaaS/ASPサービス,財務コンサル,その他IT",東京都,東京都中央区銀座６丁目１８番２号,"5: 300人以上~1,000人未満","1: 5,000万円以上~3億円未満",4: 50億円以上~300億円未満,https://corp.tokium.jp/company/about/,https://beartail.jp/contact/,03-5829-4797,info@x.beartail.jp,,,送信成功,2026/07/15,,
スマートニュース株式会社,Webアプリ・サービス運営,"広告制作,デジタル系コンテンツ",東京都,東京都渋谷区神宮前６丁目２５番１６号,"5: 300人以上~1,000人未満",3: 10億円以上~50億円未満,4: 50億円以上~300億円未満,https://about.smartnews.com/ja/about/,,050-6861-7775,SmartNews-Ads-Partner-Program-inquiry@smartnews.com,,,送信不可,, お問い合わせフォーム無し,
株式会社ワンキャリア,Webアプリ・サービス運営,"人材紹介,職業紹介所,その他コンサル,求人媒体運営・求人情報誌出版",東京都,東京都渋谷区桜丘町２０番１号,"5: 300人以上~1,000人未満","1: 5,000万円以上~3億円未満",4: 50億円以上~300億円未満,https://onecareer.co.jp/about/,https://onecareer.co.jp/contact/,,client-support@onecareer.jp,,,送信不可,, お問い合わせフォーム無し,
株式会社クラウドワークス,Webアプリ・サービス運営,"クラウド系/SaaS/ASPサービス,ITコンサル,人材紹介",東京都,東京都港区麻布台１丁目３－１麻布台ヒルズ森ＪＰタワー,"5: 300人以上~1,000人未満",3: 10億円以上~50億円未満,4: 50億円以上~300億円未満,https://crowdworks.co.jp/company,https://crowdworks.co.jp/contact/,03-6450-3088,client-cw-consulting@crowdworks.co.jp,,,送信成功,2026/07/15,,
株式会社イルカ,ゲーム開発,"経営コンサル,動画制作・CG制作,映画・アニメーション,CM制作・映像制作",東京都,東京都新宿区新宿５丁目１５番５号,"5: 300人以上~1,000人未満","0: 5,000万円未満",4: 50億円以上~300億円未満,https://www.ilca.co.jp/company/,http://www.ilca.co.jp/contact/,,,,,送信成功,2026/07/15,,
丸紅ＩＴソリューションズ株式会社,Webアプリ・サービス運営,"ITコンサル,受託開発",東京都,東京都文京区後楽２丁目６番１号,"5: 300人以上~1,000人未満",2: 3億円以上~10億円未満,4: 50億円以上~300億円未満,https://www.marubeni-itsol.com/corp/office/hq.html,https://www.marubeni-itsol.com/cgi-bin/contactus/001/index.html,03-4512-3000,,,,送信成功,2026/07/15,,
デンツプライシロナ株式会社,医療機器,その他製造,東京都,東京都中央区銀座８丁目２１番１号住友不動産汐留浜離宮ビル,"5: 300人以上~1,000人未満",2: 3億円以上~10億円未満,4: 50億円以上~300億円未満,http://www.dentsply-sankin.com/index.php,http://www.dentsply-sankin.com/ja-jp/service/contact.html,03-5114-1001,,,,送信不可,,,危険なサイトの画面移行する
クラレノリタケデンタル株式会社,医療機器,"その他製造,研究・調査・リサーチ",岡山県,岡山県倉敷市酒津１６２１番地,"5: 300人以上~1,000人未満",2: 3億円以上~10億円未満,4: 50億円以上~300億円未満,https://www.kuraraynoritake.jp/corporate/about.html,http://www.kuraraynoritake.jp/contact/contact.html,03-6701-1000,,,,送信成功,2026/07/15,,
Ｓｕｐｅｒｓｈｉｐ株式会社,クラウド系/SaaS/ASPサービス,"コンテンツ制作,その他コンサル,Webマーケコンサル,Webアプリ・サービス運営,総合広告代理店",東京都,東京都港区虎ノ門２丁目１０番１号,"5: 300人以上~1,000人未満",3: 10億円以上~50億円未満,2: 3億円以上~10億円未満,https://supership.jp/about/company/,https://docs.google.com/forms/d/e/1FAIpQLSdPKJmasNbgWElJAaeEt0-G6yvppZeCMLXmbEoZ8FlvKSC9hg/viewform,03-6365-7001,,,,送信成功,2026/07/15,,
株式会社ＳＵＰＥＲ　ＳＴＵＤＩＯ,クラウド系/SaaS/ASPサービス,Webアプリ・サービス運営,東京都,東京都目黒区下目黒２丁目２３番１８号目黒山手通ビル８階,"5: 300人以上~1,000人未満",4: 50億円以上~150億円未満,4: 50億円以上~300億円未満,https://www.super-studio.jp/about,https://super-studio.jp/inquiry,03-3234-6701,support@ec-force.com,,,送信成功,2026/07/15,,
株式会社ＲＯＸＸ,Webアプリ・サービス運営,"その他IT,その他人材,職業紹介所,人材派遣",東京都,東京都新宿区新宿６丁目２７番３０号,"5: 300人以上~1,000人未満",2: 3億円以上~10億円未満,4: 50億円以上~300億円未満,https://roxx.co.jp/,https://get-shukatsu.com/contact/,03-6777-7070,info@agent-bank.com,,,送信不可,,メールに遷移・Googleフォーム,
ＡｎｙＭｉｎｄ　Ｊａｐａｎ株式会社,Webアプリ・サービス運営,販促コンサル,東京都,東京都港区六本木６丁目１０番１号六本木ヒルズ森タワー３１階,"5: 300人以上~1,000人未満",,4: 50億円以上~300億円未満,https://anymindgroup.com/ja/,https://adasiaholdings.com/contact/,03-3584-0330,pr@adasiaholdings.com,,,送信成功,2026/07/15,,
株式会社コドモン,Webアプリ・サービス運営,その他IT,東京都,東京都品川区西五反田８丁目４番１３号五反田ＪＰビルディング１０階,"5: 300人以上~1,000人未満","1: 5,000万円以上~3億円未満",4: 50億円以上~300億円未満,https://www.codmon.co.jp/company,https://www.codmon.co.jp/contact,03-6633-2802,info_college@codmon.com,,,送信成功,2026/07/15,,
ＬＩＮＥ　Ｄｉｇｉｔａｌ　Ｆｒｏｎｔｉｅｒ株式会社,Webアプリ・サービス運営,"出版,その他ゲーム",東京都,東京都港区赤坂９丁目７番１号,"5: 300人以上~1,000人未満","1: 5,000万円以上~3億円未満",4: 50億円以上~300億円未満,https://ldfcorp.com/ja/company/info/,,,,,,送信成功,2026/07/15,,
株式会社ビザスク,Webアプリ・サービス運営,"セミナー,翻訳・通訳,組織コンサル,経営コンサル,企業研修",東京都,東京都目黒区青葉台４丁目７番７号住友不動産青葉台ヒルズ９Ｆ,"5: 300人以上~1,000人未満",2: 3億円以上~10億円未満,4: 50億円以上~300億円未満,https://corp.visasq.co.jp/company/base,https://visasq.co.jp/contact,03-6407-8405,contact@visasq.com,,,送信成功,2026/07/15,,
ＺｅｎＧｒｏｕｐ株式会社,Webアプリ・サービス運営,"Webアプリ・サービス運営,販促コンサル",大阪府,大阪府大阪市中央区瓦町１丁目７－７大阪堺筋Ｌタワー１０Ｆ,"5: 300人以上~1,000人未満","1: 5,000万円以上~3億円未満",4: 50億円以上~300億円未満,https://zen.group/,,06-6170-9364,info@despair-atenari.com,,,送信成功,2026/07/15,,
株式会社ツクルバ,Webアプリ・サービス運営,"不動産売買・仲介,デザイン,レンタルスペース,その他コンサル",東京都,東京都渋谷区恵比寿４丁目３番１４号,"5: 300人以上~1,000人未満","1: 5,000万円以上~3億円未満",4: 50億円以上~300億円未満,https://tsukuruba.com/company/outline/,http://tsukuruba.com/inquiry/ir/,03-5725-0180,,,,送信不可,, お問い合わせフォーム無し,
株式会社ログラス,クラウド系/SaaS/ASPサービス,,東京都,東京都港区三田３丁目１１番２４号,"5: 300人以上~1,000人未満","1: 5,000万円以上~3億円未満",4: 50億円以上~300億円未満,https://www.loglass.co.jp/,https://www.loglass.co.jp/contact,,ai-ir-info@loglass.co.jp,,,送信成功,2026/07/15,,
ＧＭＯサイバーセキュリティｂｙイエラエ株式会社,情報セキュリティ,"その他IT,ITコンサル",東京都,東京都渋谷区桜丘町２６番１号,"5: 300人以上~1,000人未満","1: 5,000万円以上~3億円未満",4: 50億円以上~300億円未満,https://cocon-corporation.com,https://cocon-corporation.com/contact/,03-6276-5590,,,,送信不可,, お問い合わせフォーム無し,
レバテック株式会社,Webアプリ・サービス運営,"セミナー,職業紹介所,求人媒体運営・求人情報誌出版,人材紹介,IT系教育,人材派遣",東京都,東京都渋谷区渋谷２丁目２４番１２号,"5: 300人以上~1,000人未満","1: 5,000万円以上~3億円未満",4: 50億円以上~300億円未満,https://levtech.co.jp/aboutus/company/,https://levtech.jp/contact/recruit,03-5774-1762,privacy_ltc@levtech.jp,,,送信不可,,別サイトに遷移してしまう・サイトが開けない,
ウェルスナビ株式会社,クラウド系/SaaS/ASPサービス,Webアプリ・サービス運営,東京都,東京都品川区西五反田８丁目４番１３号五反田ＪＰビルディング９階,"5: 300人以上~1,000人未満",3: 10億円以上~50億円未満,4: 50億円以上~300億円未満,https://www.wealthnavi.com/,https://www.wealthnavi.com/support/inquiry,03-6632-9578,,,,送信成功,2026/07/15,,
ＳＴＯＲＥＳ株式会社,Webアプリ・サービス運営,その他IT,東京都,東京都渋谷区東３丁目１６番３号,"5: 300人以上~1,000人未満","1: 5,000万円以上~3億円未満",4: 50億円以上~300億円未満,https://www.st.inc/company,https://hey.jp/contact,0120-343-577,,,,送信成功,2026/07/15,,
ＧＲＯＯＶＥ　Ｘ株式会社,Webアプリ・サービス運営,"クラウド系/SaaS/ASPサービス,産業用ロボット,その他機械",東京都,東京都中央区日本橋浜町３丁目４２番３号,"5: 300人以上~1,000人未満",,4: 50億円以上~300億円未満,https://groove-x.com/,http://www.groove-x.com/contact/,,info@groove-x.com,,,送信成功,2026/07/15,,
株式会社ＮＯＶＡキンダー,Webアプリ・サービス運営,Webアプリ・サービス運営,東京都,東京都品川区東品川２丁目３番１２号,"5: 300人以上~1,000人未満",,4: 50億円以上~300億円未満,https://www.nova.co.jp/kinder/corporation/,,,,,,送信不可,, お問い合わせフォーム無し,
ＦＰＴニアショアジャパン株式会社,Webアプリ・サービス運営,"建築構造設計,その他サービス,情報セキュリティ,人材紹介,人材派遣",沖縄県,沖縄県那覇市久米２丁目２番地１０号６階,"5: 300人以上~1,000人未満",,3: 10億円以上~50億円未満,https://www.fpt-software.jp/fpt-okinawa/,,098-861-7311,,,,送信不可,,別サイトに遷移してしまう・サイトが開けない,このサイトにアクセスできません
ｅＢＡＳＥ－ＰＬＵＳ株式会社,Webアプリ・サービス運営,受託開発,大阪府,大阪府大阪市北区豊崎５丁目４番９号,"5: 300人以上~1,000人未満","1: 5,000万円以上~3億円未満",3: 10億円以上~50億円未満,http://www.ebase-plus.co.jp/index.html,https://www2.ebase-jp.com/support/form/eb_plus_form/recruit_form.html,06-6371-5585,,,,送信成功,2026/07/15,,
株式会社ｈａｃｏｍｏｎｏ,Webアプリ・サービス運営,ジム・フィットネス,東京都,東京都渋谷区神宮前２丁目３４番１７号住友不動産原宿ビル５階,"5: 300人以上~1,000人未満","1: 5,000万円以上~3億円未満",4: 50億円以上~300億円未満,https://www.hacomono.co.jp/company/,https://docs.google.com/forms/d/e/1FAIpQLScecZJI8fbEWm-bzRPCqeGyJ8wcjHQaENCOqydD6hZ3mj88Lw/viewform,03-6778-4949,,,,送信成功,2026/07/15,,
クラシル株式会社,Webアプリ・サービス運営,"経営コンサル,広告制作,その他広告・制作,総合広告代理店",東京都,東京都港区芝浦３丁目１番１号ｍｓｂＴａｍａｃｈｉ田町ステーションタワーＮ２３階,"5: 300人以上~1,000人未満","1: 5,000万円以上~3億円未満",4: 50億円以上~300億円未満,https://dely.jp/about/company,,,contact.pr@dely.jp,,,送信成功,2026/07/15,,
株式会社ニーリー,Webアプリ・サービス運営,"経営コンサル,組織コンサル,受託開発",東京都,東京都中央区日本橋堀留町１丁目９番８号,"5: 300人以上~1,000人未満",4: 50億円以上~150億円未満,4: 50億円以上~300億円未満,https://www.nealle.com/,https://www.nealle.com/#about,,info@nealle.com,,,送信成功,2026/07/15,,
サークレイス株式会社,Webアプリ・サービス運営,"ITコンサル,受託開発,Webアプリ・サービス運営,クラウド系/SaaS/ASPサービス",東京都,東京都中央区日本橋２丁目１番３号,"5: 300人以上~1,000人未満",2: 3億円以上~10億円未満,3: 10億円以上~50億円未満,https://www.circlace.com/,https://www.circlace.com/about/inquiry,03-6832-7375,privacy@circlace.com,,,送信成功,2026/07/15,,
株式会社カケハシ,Webアプリ・サービス運営,"その他IT,医療機器,その他医療・福祉",東京都,東京都港区西新橋２丁目８番６号,"5: 300人以上~1,000人未満",4: 50億円以上~150億円未満,4: 50億円以上~300億円未満,https://www.kakehashi.life/corporate,https://kakehashi.life/inquiry.html,03-5357-7853,inquiry@kakehashi.life,,,送信不可,, お問い合わせフォーム無し,
ラーニンギフト株式会社,クラウド系/SaaS/ASPサービス,"その他IT,Webアプリ・サービス運営",東京都,東京都新宿区西新宿４丁目２番１８号,"5: 300人以上~1,000人未満","1: 5,000万円以上~3億円未満",4: 50億円以上~300億円未満,https://www.learningift.com/company,,,,,,送信成功,2026/07/15,,
株式会社マイベスト,Webアプリ・サービス運営,"その他IT,デジタル系コンテンツ",東京都,東京都中央区築地７丁目１７番１号,"5: 300人以上~1,000人未満","1: 5,000万円以上~3億円未満",4: 50億円以上~300億円未満,https://my-best.com/company/profile,https://my-best.com/contact,03-6712-7460,user-support@my-best.com,,,送信成功,2026/07/15,,
株式会社セルシス,Webアプリ・サービス運営,,東京都,東京都新宿区西新宿４丁目１５番７号,"5: 300人以上~1,000人未満",3: 10億円以上~50億円未満,4: 50億円以上~300億円未満,https://www.celsys.com/company/,https://www.artspark.co.jp/irinfo_inquiry/,03-3372-3156,ir@artspark.co.jp,,,送信不可,, お問い合わせフォーム無し,
株式会社ヤプリ,Webアプリ・サービス運営,,東京都,東京都港区六本木３丁目２番１号住友不動産六本木グランドタワー４１階,4: 50人以上~300人未満,"1: 5,000万円以上~3億円未満",4: 50億円以上~300億円未満,https://yappli.co.jp/company/,https://yapp.li/support.html,03-6277-6444,contact@yappli.co.jp,,,送信成功,2026/07/15,,
株式会社ＴＹＬ,Webアプリ・サービス運営,"人材紹介,求人媒体運営・求人情報誌出版",東京都,東京都港区芝２丁目１３番４号住友不動産芝ビル４号館４階,4: 50人以上~300人未満,"1: 5,000万円以上~3億円未満",3: 10億円以上~50億円未満,https://pet-tyl.co.jp/company/,http://pet-tyl.co.jp/contact/,,info-tyl@pet-tyl.co.jp,,,送信成功,2026/07/15,,
テックファーム株式会社,Webアプリ・サービス運営,"その他IT,受託開発,ITインフラストラクチャー",東京都,東京都新宿区西新宿３丁目２０番２号,4: 50人以上~300人未満,"1: 5,000万円以上~3億円未満",4: 50億円以上~300億円未満,https://www.techfirm.co.jp/company,https://www.techfirm.co.jp/inquiry.html,03-5365-7888,,,,送信成功,2026/07/15,,
株式会社データＸ,Webアプリ・サービス運営,その他IT,東京都,東京都新宿区西新宿７丁目２０番１号,4: 50人以上~300人未満,"1: 5,000万円以上~3億円未満",4: 50億円以上~300億円未満,https://data-x.co.jp/,,03-5937-8555,,,,送信不可,, お問い合わせフォーム無し,
ＦｕｔｕｒｅＯｎｅ株式会社,Webアプリ・サービス運営,"ソフトウェア販売,人材派遣",東京都,東京都品川区大崎２丁目９番３号,4: 50人以上~300人未満,"1: 5,000万円以上~3億円未満",3: 10億円以上~50億円未満,http://www.future-one.co.jp/,https://www.future-one.co.jp/contact.html,03-5719-6122,,,,送信成功,2026/07/15,,
株式会社ＴＥＮＴＩＡＬ,クラウド系/SaaS/ASPサービス,"化粧品販売,その他広告・制作",東京都,東京都品川区北品川６丁目７番２９号,4: 50人以上~300人未満,"1: 5,000万円以上~3億円未満",3: 10億円以上~50億円未満,https://corp.tential.jp/company/overview/,https://corp.tential.jp/contact,,info@tential.jp,,,送信成功,2026/07/15,,
株式会社スタディスト,Webアプリ・サービス運営,その他IT,東京都,東京都千代田区神田錦町１丁目６番地,4: 50人以上~300人未満,2: 3億円以上~10億円未満,4: 50億円以上~300億円未満,https://studist.jp/company/company-profile,http://studist.jp/contact/,03-6206-9330,contact-vn@studist.jp,,,送信成功,2026/07/15,,
株式会社ＲｅｖＣｏｍｍ,Webアプリ・サービス運営,"デジタル系コンテンツ,Webアプリ・サービス運営",東京都,東京都千代田区丸の内２丁目４番１号丸の内ビルディング２８階,4: 50人以上~300人未満,2: 3億円以上~10億円未満,3: 10億円以上~50億円未満,https://www.revcomm.com/ja/,https://www.revcomm.co.jp/contact/,03-4405-4621,info@revcomm.co,,,送信不可,,必須項目の入力ができない（情報不足など）,
株式会社ＨＲＢｒａｉｎ,クラウド系/SaaS/ASPサービス,Webアプリ・サービス運営,東京都,東京都港区三田３丁目５番１９号,4: 50人以上~300人未満,"1: 5,000万円以上~3億円未満",4: 50億円以上~300億円未満,http://www.mosquitone.co.jp/,https://www.hrbrain.co.jp/contact/,03-6451-1350,,,,送信不可,,別サイトに遷移してしまう・サイトが開けない,このサイトにアクセスできません
エムシーディースリー株式会社,Webアプリ・サービス運営,ソフトウェア販売,東京都,東京都渋谷区恵比寿１丁目１８番１４号,4: 50人以上~300人未満,2: 3億円以上~10億円未満,3: 10億円以上~50億円未満,https://www.mcdata.co.jp/,http://www.mcdata.co.jp/contact/,03-6435-6262,ml.info-press@mcdata.co.jp,,,送信不可,,別サイトに遷移してしまう・サイトが開けない,
シナジーマーケティング株式会社,クラウド系/SaaS/ASPサービス,"Webマーケコンサル,デジタル系コンテンツ,Web制作,ITコンサル,総合広告代理店",大阪府,大阪府大阪市北区堂島１丁目６番２０号,4: 50人以上~300人未満,"1: 5,000万円以上~3億円未満",4: 50億円以上~300億円未満,https://corp.synergy-marketing.co.jp/company,,06-4797-2300,,,,送信不可,, お問い合わせフォーム無し,
ＢＡＳＥ株式会社,Webアプリ・サービス運営,その他金融関連サービス,東京都,東京都港区六本木３丁目２番１号,4: 50人以上~300人未満,4: 50億円以上~150億円未満,4: 50億円以上~300億円未満,https://binc.jp/,https://binc.jp/contacts,03-6416-5450,,,,送信成功,2026/07/15,,
ＬＩＮＥ　ＷＯＲＫＳ株式会社,Webアプリ・サービス運営,,東京都,東京都渋谷区桜丘町１番１号渋谷サクラステージＳＨＩＢＵＹＡタワー２３階,4: 50人以上~300人未満,4: 50億円以上~150億円未満,3: 10億円以上~50億円未満,https://line-works.com/aboutus/,https://line.worksmobile.com/jp/home/supportpopup,,,,,送信不可,,送信ボタンを押すことができない・エラー,
株式会社ＧＥＮＺ,Webアプリ・サービス運営,"ITコンサル,人材派遣",東京都,東京都千代田区神田駿河台２丁目３番１１号,4: 50人以上~300人未満,"0: 5,000万円未満",3: 10億円以上~50億円未満,http://www.genz.jp/company-profile/,https://www.genz.jp/contact/,03-5244-4711,info@genz.jp,,,送信成功,2026/07/15,,
株式会社ＩＶＲｙ,Webアプリ・サービス運営,,東京都,東京都港区三田３丁目５番１９号,4: 50人以上~300人未満,,3: 10億円以上~50億円未満,https://ivry.jp/company/,,050-3204-4610,support@ivry.jp,,,送信成功,2026/07/15,,
ポスタス株式会社,クラウド系/SaaS/ASPサービス,Webアプリ・サービス運営,東京都,東京都中央区築地５丁目４番１８号,4: 50人以上~300人未満,3: 10億円以上~50億円未満,4: 50億円以上~300億円未満,https://www.postas.co.jp/corporate/,https://www.postas.co.jp/inquiry/,,,,,送信成功,2026/07/15,,
株式会社インフォマティクス,Webアプリ・サービス運営,受託開発,神奈川県,神奈川県川崎市幸区大宮町１３１０番地,4: 50人以上~300人未満,"1: 5,000万円以上~3億円未満",3: 10億円以上~50億円未満,http://www.informatix.co.jp/,https://www.informatix.co.jp/contact-us/,,info@informatix.co.jp,,,送信成功,2026/07/15,,
株式会社トラストバンク,Webアプリ・サービス運営,"セミナー,その他IT,イベント",東京都,東京都品川区上大崎３丁目１番１号,4: 50人以上~300人未満,"1: 5,000万円以上~3億円未満",4: 50億円以上~300億円未満,https://www.trustbank.co.jp/about/,https://www.trustbank.co.jp/page-contact.php,03-5784-1089,,,,送信成功,2026/07/15,,
株式会社コンカー,Webアプリ・サービス運営,,東京都,東京都千代田区大手町１丁目２番１号,4: 50人以上~300人未満,2: 3億円以上~10億円未満,3: 10億円以上~50億円未満,https://www.concur.co.jp/about,https://www.concur.co.jp/contact,03-6737-4300,,,,送信不可,,必須項目の入力ができない（情報不足など）,
株式会社カカオピッコマ,Webアプリ・サービス運営,"書籍・メディア販売,デジタル系コンテンツ",東京都,東京都港区麻布台１丁目３番１号,4: 50人以上~300人未満,"1: 5,000万円以上~3億円未満",4: 50億円以上~300億円未満,https://www.kakaopiccoma.com/about,http://www.kakao.co.jp/contact/#person,03-5719-3036,feedbackjapan@kakao.com,,,送信不可,,メールに遷移・Googleフォーム,
株式会社シーエスアイ,Webアプリ・サービス運営,"ソフトウェア販売,その他IT,受託開発",北海道,北海道札幌市白石区平和通１５丁目北１番２１号,4: 50人以上~300人未満,"1: 5,000万円以上~3億円未満",4: 50億円以上~300億円未満,https://www.csiinc.co.jp/company/profile/,https://www.csiinc.co.jp/inquiry/,011-861-1500,Webmaster@csiinc.co.jp,,,送信成功,2026/07/15,,
株式会社ビットキー,クラウド系/SaaS/ASPサービス,"Webアプリ・サービス運営,その他機械",東京都,東京都中央区京橋３丁目１番１号９階,4: 50人以上~300人未満,5: 150億円以上,4: 50億円以上~300億円未満,https://bitkey.co.jp/about/,https://bitkey.co.jp/contact/,,,,,送信成功,2026/07/15,,
株式会社日立ハイテク九州,医療機器,"その他製造,試験機,化学機器,精密機器",福岡県,福岡県大牟田市大字手鎌１８９２番地１,4: 50人以上~300人未満,"1: 5,000万円以上~3億円未満",4: 50億円以上~300億円未満,https://www.hitachi-hightech.com/hhq/about/corporate/profile.html,https://www8.hitachi.co.jp/inquiry/hitachi-hightech/hhq/about/general/form_input.jsp,0944-56-8520,,,,送信成功,2026/07/15,,
株式会社ＺＥＡＬＳ,Webアプリ・サービス運営,"Webマーケコンサル,総合広告代理店",東京都,東京都目黒区下目黒１丁目８番１号,4: 50人以上~300人未満,"1: 5,000万円以上~3億円未満",4: 50億円以上~300億円未満,https://careers.zeals.ai/about,http://zeals.co.jp/contact/?request,,info@zeals.co.jp,,,送信不可,,必須項目の入力ができない（情報不足など）,役職
Ｕｂｅｒ　Ｅａｔｓ　Ｊａｐａｎ合同会社,Webアプリ・サービス運営,中食,東京都,東京都港区六本木１丁目９番１０号,4: 50人以上~300人未満,,3: 10億円以上~50億円未満,https://www.ubereats.com/jp/uber-one?srsltid=AfmBOoqTNjFmBTJbQ6Q1MKC8SBeq_FJe4oAzx-C5_OaODN2uBi6WKuKF,,,,,,送信不可,, お問い合わせフォーム無し,
株式会社ＣＡＭＰＦＩＲＥ,Webアプリ・サービス運営,その他金融関連サービス,東京都,東京都渋谷区猿楽町１８番８号,4: 50人以上~300人未満,4: 50億円以上~150億円未満,4: 50億円以上~300億円未満,https://campfire.co.jp/about/,https://campfire.co.jp/contact/,03-5468-7001,,,,送信成功,2026/07/15,,
株式会社ＮＥＦコミュニケーションズ,Webアプリ・サービス運営,,愛知県,愛知県名古屋市中区栄４丁目１番１号中日ビル１２Ｆ,4: 50人以上~300人未満,"0: 5,000万円未満",2: 3億円以上~10億円未満,https://nef-com.jp/,https://nef-com.jp/contact.html,052-228-7620,,,,送信成功,2026/07/15,,
株式会社ＴＷＯＳＴＯＮＥ＆Ｓｏｎｓ,Webアプリ・サービス運営,"その他人材,ITコンサル,イベント,人材派遣",東京都,東京都渋谷区渋谷２丁目２２－３渋谷東口ビル６Ｆ,4: 50人以上~300人未満,3: 10億円以上~50億円未満,4: 50億円以上~300億円未満,https://twostone-s.com/about/company/,https://twostone-s.com/contact/,03-6416-5564,,,,送信成功,2026/07/15,,
ｍａｔｓｕｒｉ　ｔｅｃｈｎｏｌｏｇｉｅｓ株式会社,クラウド系/SaaS/ASPサービス,不動産賃貸・仲介,東京都,東京都新宿区高田馬場３丁目１８番３号,4: 50人以上~300人未満,,4: 50億円以上~300億円未満,https://www.matsuri.tech/,https://docs.google.com/forms/d/e/1FAIpQLScbfawXQhty4YQWwOiegGovfLx3w73hzUaLpPAK6KMaqxQFaQ/viewform,,info@matsuri.tech,,,送信不可,,メールに遷移・Googleフォーム,
株式会社ココナラ,Webアプリ・サービス運営,その他サービス,東京都,東京都渋谷区桜丘町２０番１号,4: 50人以上~300人未満,3: 10億円以上~50億円未満,4: 50億円以上~300億円未満,https://coconala.co.jp/company/,https://coconala.co.jp/contact,03-6417-3390,,,,送信成功,2026/07/15,,
テックタッチ株式会社,Webアプリ・サービス運営,その他IT,東京都,東京都中央区銀座８丁目１７番１号ＰＭＯ銀座Ⅱ５階,4: 50人以上~300人未満,3: 10億円以上~50億円未満,4: 50億円以上~300億円未満,https://techtouch.jp/about#company,https://techtouch.jp/contact/,,support@techtouch.jp,,,送信不可,,必須項目の入力ができない（情報不足など）,役職
コムチュアネットワーク株式会社,Webアプリ・サービス運営,"ITコンサル,ITインフラストラクチャー,Webアプリ・サービス運営",東京都,東京都品川区大崎１丁目１１番２号,4: 50人以上~300人未満,"1: 5,000万円以上~3億円未満",3: 10億円以上~50億円未満,http://www.comture-net.com,http://www.comture.com/inquiry/,03-5745-9706,,,,送信成功,2026/07/15,,
株式会社コジマプロダクション,ゲーム開発,,東京都,東京都港区港南１丁目２番７０号,4: 50人以上~300人未満,"0: 5,000万円未満",3: 10億円以上~50億円未満,https://www.kojimaproductions.jp/ja/terms-of-use,http://www.kojimaproductions.jp/en/contact-us,,contact@kojimaproductions.jp,,,送信不可,, お問い合わせフォーム無し,
株式会社ＪＤＳＣ,Webアプリ・サービス運営,"その他IT,受託開発",東京都,東京都文京区小石川１丁目４－１,4: 50人以上~300人未満,"0: 5,000万円未満",2: 3億円以上~10億円未満,https://jdsc.ai/,https://jdsc.ai/contact/,,info@jdsc.ai,,,送信不可,,営業禁止の記載あり,
クラウドストライク合同会社,情報セキュリティ,,東京都,東京都港区赤坂５丁目３番１号赤坂Ｂｉｚタワー２９階,4: 50人以上~300人未満,,3: 10億円以上~50億円未満,https://www.crowdstrike.jp,https://www.crowdstrike.jp/endpoint-security-products/falcon-platform/,,japan.sales@crowdstrike.com,,,送信不可,, お問い合わせフォーム無し,提案、営業に関するフォームなし
株式会社Ｒｅｌｉｃ,クラウド系/SaaS/ASPサービス,"経営コンサル,Webアプリ・サービス運営",東京都,東京都渋谷区恵比寿４丁目２０番３号恵比寿ガーデンプレイスタワー１９階,4: 50人以上~300人未満,"1: 5,000万円以上~3億円未満",4: 50億円以上~300億円未満,https://relic.co.jp/company/overview/,https://relic.co.jp/contact/,,coordimate-support@relic.co.jp,,,送信不可,,営業禁止の記載あり,
株式会社Ｍｉｃｏ,クラウド系/SaaS/ASPサービス,Webアプリ・サービス運営,大阪府,大阪府大阪市北区大深町６番３８号グラングリーン大阪北館ＪＡＭＢＡＳＥ５階ＪＡＭ－ＯＦＦＩＣＥ５－Ａ・５－Ｂ,4: 50人以上~300人未満,"1: 5,000万円以上~3億円未満",4: 50億円以上~300億円未満,https://mico-inc.com/company/profile/,https://www.micoworks.jp/contact/,,info-micocloud@micoworks.jp,,,送信不可,,必須項目の入力ができない（情報不足など）,役職
株式会社Ｅｄｅｙａｎｓ,Webアプリ・サービス運営,ビル清掃・ハウス清掃,大阪府,大阪府大阪市中央区瓦町１丁目３－２ヒガシビル３０２号,4: 50人以上~300人未満,"1: 5,000万円以上~3億円未満",3: 10億円以上~50億円未満,https://corporate.edeyans.com/company/,https://corporate.edeyans.com/contact/,,,,,送信不可,,必須項目の入力ができない（情報不足など）,役職
株式会社ＳＱＵＥＥＺＥ,Webアプリ・サービス運営,"クラウド系/SaaS/ASPサービス,その他IT,その他外食",北海道,北海道北広島市栄町１丁目５２番,4: 50人以上~300人未満,"1: 5,000万円以上~3億円未満",4: 50億円以上~300億円未満,https://squeeze-inc.co.jp/company/,https://squeeze-inc.co.jp/contact/,03-6455-4641,info@squeeze-inc.co.jp,,,送信成功,2026/07/15,,
ユニファ株式会社,Webアプリ・サービス運営,"その他サービス,その他教育業界",東京都,東京都千代田区永田町２丁目１７番３号住友不動産永田町ビル１階,4: 50人以上~300人未満,2: 3億円以上~10億円未満,3: 10億円以上~50億円未満,https://unifa-e.com/company,https://unifa-e.com/contact/,052-212-5717,,,,送信成功,2026/07/15,,
株式会社クーリエ,Webアプリ・サービス運営,"ITコンサル,その他広告・制作",東京都,東京都渋谷区恵比寿４丁目２０番３号恵比寿ガーデンプレイスタワー９階,4: 50人以上~300人未満,"0: 5,000万円未満",3: 10億円以上~50億円未満,https://www.courier.jpn.com/company/,https://www.courier.jpn.com/contact/,03-6409-6045,info@courier.jpn.com,,,送信成功,,,
株式会社Ｈａｃｏｂｕ,Webアプリ・サービス運営,"クラウド系/SaaS/ASPサービス,その他機械",東京都,東京都港区芝５丁目２９番１１号,4: 50人以上~300人未満,3: 10億円以上~50億円未満,3: 10億円以上~50億円未満,https://hacobu.jp/,https://delivery.movo.co.jp/form.html,03-6452-8837,info@movo.co.jp,,,送信不可,,必須項目の入力ができない（情報不足など）,役職
株式会社ＴａｂｌｅＣｈｅｃｋ,Webアプリ・サービス運営,受託開発,東京都,東京都中央区銀座２丁目１５番２号,4: 50人以上~300人未満,,3: 10億円以上~50億円未満,https://www.tablecheck.com/ja/japan,https://corp.tablecheck.com/ja/join/features/contactless-pay/,,,,,送信不可,, お問い合わせフォーム無し,提案、営業に関するフォームなし
ＰＲＯＮＩ株式会社,Webアプリ・サービス運営,"その他IT,ITコンサル",東京都,東京都品川区東五反田３丁目２０番１４号住友不動産高輪パークタワー１２Ｆ,4: 50人以上~300人未満,"1: 5,000万円以上~3億円未満",3: 10億円以上~50億円未満,https://www.proni.co.jp/company/outline/,https://www.unilabo.jp/contact/,03-5475-5350,info@unilabo.jp,,,送信成功,2026/07/15,,
ＲＥＧＡＩＮ　ＧＲＯＵＰ株式会社,Webアプリ・サービス運営,,東京都,東京都港区芝公園２丁目６番３号芝公園フロントタワー,4: 50人以上~300人未満,"0: 5,000万円未満",4: 50億円以上~300億円未満,https://www.regain-group.com/,https://www.showtalk.co.jp/contact_document/,03-6777-0821,,,,送信不可,,文字数制限,
株式会社Ｔｅｃｈｏｕｓｅ,Webアプリ・サービス運営,,東京都,東京都港区芝浦４丁目１３－２３ＭＳ芝浦ビル,4: 50人以上~300人未満,"1: 5,000万円以上~3億円未満",3: 10億円以上~50億円未満,https://www.techouse.jp/,https://techouse.jp/contact,,chw-contact@techouse.jp,,,送信成功,2026/07/15,,
ＵｉＰａｔｈ株式会社,Webアプリ・サービス運営,通信教育,東京都,東京都千代田区大手町１丁目１番１号大手町パークビルディング７階,4: 50人以上~300人未満,"0: 5,000万円未満",3: 10億円以上~50億円未満,https://www.uipath.com/ja,https://www.uipath.com/company/contact-us,03-4540-0059,japan@uipath.com,,,送信不可,,必須項目の入力ができない（情報不足など）,役職
株式会社Ｌｉｎｃ’ｗｅｌｌ,クラウド系/SaaS/ASPサービス,"医薬品販売,その他医療・福祉",東京都,東京都港区浜松町２丁目１３番１０号,4: 50人以上~300人未満,"1: 5,000万円以上~3億円未満",4: 50億円以上~300億円未満,https://linc-well.com/,https://linc-well.com/contact/,,,,,送信成功,2026/07/15,,
ＥＧテスティングサービス株式会社,Webアプリ・サービス運営,その他IT,東京都,東京都豊島区西池袋５丁目１４番８号,4: 50人以上~300人未満,"0: 5,000万円未満",3: 10億円以上~50億円未満,https://eg-testing.co.jp/,https://eg-testing.co.jp/contact/contact-other/,03-5956-2077,,,,送信成功,2026/07/15,,
Ｄａｔａｄｏｇ　Ｊａｐａｎ合同会社,Webアプリ・サービス運営,,東京都,東京都千代田区丸の内２丁目７番２号ＪＰタワー,4: 50人以上~300人未満,,3: 10億円以上~50億円未満,https://www.datadoghq.com/ja/careers/,https://www.datadoghq.com/ja/about/contact/,,,,,送信不可,, お問い合わせフォーム無し,提案、営業に関するフォームなし
サイバーリーズン合同会社,情報セキュリティ,"ITコンサル,Webアプリ・サービス運営",東京都,東京都中央区京橋１丁目１７番１０号京橋ＯｎｅＴｅｒｒａｃｅ,4: 50人以上~300人未満,2: 3億円以上~10億円未満,3: 10億円以上~50億円未満,https://www.cybereason.co.jp/,https://www.cybereason.co.jp/contact/,,,,,送信不可,,必須項目の入力ができない（情報不足など）,役職、セキュリティ製品に関するお客様の立場
株式会社チェンジ,Webアプリ・サービス運営,Webアプリ・サービス運営,福岡県,福岡県福岡市中央区天神３丁目４－７天神旭ビル９階,4: 50人以上~300人未満,"0: 5,000万円未満",4: 50億円以上~300億円未満,https://change-inc.jp/about/,http://growth-up.co.jp/contact,092-688-9900,,,,送信不可,, お問い合わせフォーム無し,提案、営業に関するフォームなし
株式会社ＢｅｅＸ,Webアプリ・サービス運営,その他IT,東京都,東京都中央区銀座７丁目１４番１３号,4: 50人以上~300人未満,2: 3億円以上~10億円未満,4: 50億円以上~300億円未満,https://www.beex-inc.com/company,https://www.beex-inc.com/contact/contact?leadgrid_form_key_type=%E5%BD%93%E7%A4%BE%E3%81%B8%E3%81%AE%E6%8F%90%E6%A1%88%E3%83%BB%E5%8D%94%E6%A5%AD%E3%81%AE%E3%81%94%E7%9B%B8%E8%AB%87,,,,,送信成功,2026/07/15,,
ｉＣＡＤ株式会社,Webアプリ・サービス運営,ソフトウェア販売,東京都,東京都港区芝大門１丁目９番９号,4: 50人以上~300人未満,"0: 5,000万円未満",3: 10億円以上~50億円未満,https://www.icad.jp/,https://icad-portal.com/inq,03-5962-0018,,,,送信不可,,営業禁止の記載あり,
福井コンピュータアーキテクト株式会社,Webアプリ・サービス運営,"ソフトウェア販売,建築構造設計",福井県,福井県坂井市丸岡町磯部福庄第５号６番地,4: 50人以上~300人未満,"0: 5,000万円未満",3: 10億円以上~50億円未満,https://hd.fukuicompu.co.jp/company/fca_index.html,https://hd.fukuicompu.co.jp/contact/index.html,0776-67-8850,,,,送信不可,,必須項目の入力ができない（情報不足など）,お問合せ取次先
Ｕｂｅｒ　Ｊａｐａｎ株式会社,Webアプリ・サービス運営,,東京都,東京都港区六本木１丁目９番１０号,4: 50人以上~300人未満,,3: 10億円以上~50億円未満,https://www.uber.com/jp/ja,,03-4405-7618,inquiry.rideshare-group@uber.com,,,送信不可,, お問い合わせフォーム無し,
株式会社ＰＬＡＹ,Webアプリ・サービス運営,"レンタルスペース,ITコンサル",東京都,東京都渋谷区道玄坂１丁目２１番１号,4: 50人以上~300人未満,"1: 5,000万円以上~3億円未満",2: 3億円以上~10億円未満,https://play.jp/company/,https://www.logiclogic.jp/contact/,03-5784-8064,info@logiclogic.jp,,,送信成功,2026/07/15,,
株式会社Ｓｃｈｏｏ,クラウド系/SaaS/ASPサービス,"その他マスコミ・出版,人材派遣",東京都,東京都渋谷区鶯谷町２－７,4: 50人以上~300人未満,"1: 5,000万円以上~3億円未満",3: 10億円以上~50億円未満,http://corp.schoo.jp/,https://corp.schoo.jp/ir/contact,,mesh-support@schoo.jp,,,送信不可,, お問い合わせフォーム無し,
株式会社スリーシェイク,Webアプリ・サービス運営,"その他IT,ITコンサル,総合広告代理店",東京都,東京都中央区銀座８丁目２１番１号住友不動産汐留浜離宮ビル７階,4: 50人以上~300人未満,"1: 5,000万円以上~3億円未満",4: 50億円以上~300億円未満,https://3-shake.com/about/,https://3-shake.com/contact/,03-5829-8489,info@3-shake.com,,,送信不可,,必須項目の入力ができない（情報不足など）,役職
ＬＲ株式会社,Webアプリ・サービス運営,Web制作,鹿児島県,鹿児島県日置市伊集院町郡１３４３番地１,4: 50人以上~300人未満,"0: 5,000万円未満",3: 10億円以上~50億円未満,https://local-revitalization.co.jp/,https://local-revitalization.co.jp/contact.html,099-208-3005,info@local-revitalization.co.jp,,,送信不可,,営業禁止の記載あり,
Ｒａｐｙｕｔａ　Ｒｏｂｏｔｉｃｓ株式会社,Webアプリ・サービス運営,その他機械,東京都,東京都江東区塩浜２丁目４番２０号,4: 50人以上~300人未満,2: 3億円以上~10億円未満,3: 10億円以上~50億円未満,https://www.rapyuta-robotics.com/ja/about/,https://www.rapyuta-robotics.com/ja/contact-us/,03-6228-3852,info@rapyuta-robotics.com,,,送信成功,2026/07/15,,
アソビュー株式会社,Webアプリ・サービス運営,"総合広告代理店,経営コンサル,Webアプリ・サービス運営",東京都,東京都品川区大崎１丁目１１番２号,4: 50人以上~300人未満,3: 10億円以上~50億円未満,4: 50億円以上~300億円未満,https://www.asoview.co.jp/company/info,https://www.asoview.co.jp/contact/,03-5413-7784,event.support@asoview.co.jp,,,送信成功,2026/07/15,,
トレジャーデータ株式会社,クラウド系/SaaS/ASPサービス,"その他IT,その他コンサル",東京都,東京都港区麻布台１丁目３番１号麻布台ヒルズ森ＪＰタワー２７階,4: 50人以上~300人未満,,4: 50億円以上~300億円未満,https://www.treasuredata.co.jp/about-jp/,https://www.treasuredata.co.jp/contact_us/,,,,,送信成功,2026/07/15,,
株式会社アイスタイルキャリア,Webアプリ・サービス運営,"求人媒体運営・求人情報誌出版,人材紹介",東京都,東京都港区赤坂１丁目１２番３２号,4: 50人以上~300人未満,"1: 5,000万円以上~3億円未満",3: 10億円以上~50億円未満,https://is-career.istyle.co.jp/company/,https://career.cosme.net/CompanyInquiries?_bdld=37N2DK.pZzkEup.1784077783,03-6867-1211,,,,送信成功,2026/07/15,,
イデア・コンサルティング株式会社,Webアプリ・サービス運営,その他IT,東京都,東京都千代田区神田松永町１９番地秋葉原ビルディング６Ｆ,4: 50人以上~300人未満,"1: 5,000万円以上~3億円未満",3: 10億円以上~50億円未満,https://www.ideacns.co.jp/corporate_info/about_us.html,https://service.ideacns.co.jp/contact/,03-5289-3150,info_idea@ideacns.co.jp,,,送信不可,,営業禁止の記載あり,
ｐａｉｚａ株式会社,Webアプリ・サービス運営,"人材紹介,人材派遣,資格取得,職業紹介所,求人媒体運営・求人情報誌出版,セミナー",東京都,東京都港区虎ノ門２丁目３番１７号,4: 50人以上~300人未満,"1: 5,000万円以上~3億円未満",4: 50億円以上~300億円未満,https://www.paiza.co.jp/company/outline/,https://www.paiza.co.jp/inquiry/,03-6384-8050,contact@paiza.co.jp,,,送信不可,, お問い合わせフォーム無し,提案、営業に関するフォームなし
ＮＴＴセキュリティ・ジャパン株式会社,情報セキュリティ,"ITコンサル,Webアプリ・サービス運営",東京都,東京都千代田区外神田４丁目１４番１号,4: 50人以上~300人未満,"0: 5,000万円未満",3: 10億円以上~50億円未満,https://jp.security.ntt/,https://mkt.security.ntt/form/inquiry,,,,,送信成功,2026/07/15,,
株式会社ＷｏｒｋＸ,クラウド系/SaaS/ASPサービス,"経営コンサル,ITコンサル",東京都,東京都渋谷区恵比寿４丁目２０番３号恵比寿ガーデンプレイスタワー２０階,4: 50人以上~300人未満,"1: 5,000万円以上~3億円未満",4: 50億円以上~300億円未満,https://work-x.com/company/,https://work-x.com/contact/,,,,,送信成功,2026/07/15,,
ＥＮＥＣＨＡＮＧＥ株式会社,Webアプリ・サービス運営,"その他IT,ITインフラストラクチャー",東京都,東京都港区虎ノ門３丁目２番２号虎ノ門３０森ビル２階,4: 50人以上~300人未満,3: 10億円以上~50億円未満,4: 50億円以上~300億円未満,https://enechange.co.jp/company/,https://enechange.co.jp/contact/,03-6774-6601,biz-info@enechange.co.jp,,,送信成功,2026/07/15,,
株式会社ハイシンク創研,Webアプリ・サービス運営,"その他IT,受託開発",京都府,京都府京都市下京区中堂寺粟田町９１番地,4: 50人以上~300人未満,"1: 5,000万円以上~3億円未満",3: 10億円以上~50億円未満,https://www.lhcc.co.jp/company-profile/,https://www.lhcc.co.jp/contact/,075-322-7088,,,,送信不可,,送信ボタンを押すことができない・エラー,
コミューン株式会社,クラウド系/SaaS/ASPサービス,,東京都,東京都品川区東五反田５丁目２２‐３３ＴＫ池田山ビル３Ｆ,4: 50人以上~300人未満,3: 10億円以上~50億円未満,3: 10億円以上~50億円未満,https://communeinc.com/ja/company,https://communeinc.com/ja/contact,,info@commmune.jp,,,送信不可,,営業禁止の記載あり,
福井コンピュータ株式会社,Webアプリ・サービス運営,ソフトウェア販売,福井県,福井県坂井市丸岡町磯部福庄第５号６番地,4: 50人以上~300人未満,"0: 5,000万円未満",3: 10億円以上~50億円未満,https://hd.fukuicompu.co.jp/company/fc_index.html,https://hd.fukuicompu.co.jp/contact/general.php,0776-67-8860,,,,送信不可,,URLが重複している,121、138　福井コンピュータ　重複
ＴＩＳ長野株式会社,Webアプリ・サービス運営,,長野県,長野県松本市深志１丁目２番１１号昭和ビル,4: 50人以上~300人未満,"1: 5,000万円以上~3億円未満",3: 10億円以上~50億円未満,https://tis-n.co.jp/,https://www.tis-n.co.jp/contact/,0263-26-5261,bx_perinfo@tis-n.co.jp,,,送信成功,2026/07/15,,
株式会社カミナシ,Webアプリ・サービス運営,クラウド系/SaaS/ASPサービス,東京都,東京都千代田区神田鍛冶町３丁目７番地神田カドウチビル３階,4: 50人以上~300人未満,"1: 5,000万円以上~3億円未満",3: 10億円以上~50億円未満,https://corp.kaminashi.jp/company,https://corp.kaminashi.jp/contact,,,,,送信不可,,営業禁止の記載あり,
日本システム運用センター株式会社,Webアプリ・サービス運営,"ITインフラストラクチャー,人材派遣,人材紹介",東京都,東京都渋谷区渋谷３丁目１番４号日本情報産業ビル別館４Ｆ,4: 50人以上~300人未満,"0: 5,000万円未満",3: 10億円以上~50億円未満,https://www.nsu.co.jp/,http://www.nsu.co.jp/contact/,,,,,送信成功,2026/07/15,,
株式会社カンリー,Webアプリ・サービス運営,"その他IT,その他広告・制作",東京都,東京都品川区東品川２丁目２番２０号,4: 50人以上~300人未満,"1: 5,000万円以上~3億円未満",3: 10億円以上~50億円未満,https://biz.can-ly.com/,https://jp.can-ly.com/contact/,,,,,送信不可,,必須項目の入力ができない（情報不足など）,運営店舗数
株式会社ゼネラルＢＲＥＸＡテクノロジー,Webアプリ・サービス運営,,神奈川県,神奈川県川崎市高津区末長３丁目３番１７号,4: 50人以上~300人未満,,3: 10億円以上~50億円未満,https://www.fujitsu-general.com/jp/fgot/corporate/index.html,https://www.generalww.com/jp/contact/service-partner.html,,,,,送信不可,,必須項目の入力ができない（情報不足など）,業務履歴等
株式会社ジモティー,Webアプリ・サービス運営,Webマーケコンサル,東京都,東京都品川区西五反田１丁目２番１０号,4: 50人以上~300人未満,2: 3億円以上~10億円未満,3: 10億円以上~50億円未満,https://jmty.co.jp/company_overview/,https://jmty.jp/inquiries/new,03-6303-9258,,,,送信不可,, お問い合わせフォーム無し,
株式会社エクレクト,Webアプリ・サービス運営,"その他IT,ITコンサル",東京都,東京都世田谷区北沢２丁目３６番９号ベル下北沢３Ｆ,4: 50人以上~300人未満,"0: 5,000万円未満",3: 10億円以上~50億円未満,https://eclect.co.jp/company/,https://eclect.co.jp/form/contact,,info@eclect.co.jp,,,送信成功,2026/07/15,,
株式会社電脳交通,クラウド系/SaaS/ASPサービス,"受託開発,コールセンター,Webアプリ・サービス運営,タクシー",徳島県,徳島県徳島市寺島本町西１丁目５番１号,4: 50人以上~300人未満,"1: 5,000万円以上~3億円未満",3: 10億円以上~50億円未満,https://cybertransporters.com/,http://www.cybertransporters.com/contact/,088-679-1601,,,,送信成功,2026/07/15,,
株式会社プロシード,Webアプリ・サービス運営,"受託開発,その他通信",神奈川県,神奈川県鎌倉市大船３丁目２－１５プロシードＥａｓｔⅡ,4: 50人以上~300人未満,"0: 5,000万円未満",3: 10億円以上~50億円未満,https://procd-k.co.jp/,https://procd-k.co.jp/contact,0467-42-2959,webmaster@procd-k.co.jp,,,送信成功,2026/07/15,,
株式会社コノセル,Webアプリ・サービス運営,,東京都,東京都新宿区西新宿７丁目１番１２号クロスオフィス新宿５０３号室,4: 50人以上~300人未満,,3: 10億円以上~50億円未満,https://conocer.co/company,https://conocer.co/company,,,,,送信不可,, お問い合わせフォーム無し,
ｃｉｒｃｕｓ株式会社,クラウド系/SaaS/ASPサービス,"Webアプリ・サービス運営,人材派遣",東京都,東京都中央区京橋１丁目１３番１号,4: 50人以上~300人未満,"0: 5,000万円未満",3: 10億円以上~50億円未満,https://www.circus-group.jp/company,https://www.circus-group.jp/contact/,03-4405-4931,,,,送信成功,2026/07/15,,
株式会社Ｐｈｏｔｏｓｙｎｔｈ,Webアプリ・サービス運営,"その他小売・販売,その他IT",東京都,東京都港区芝５丁目２９番１１号,4: 50人以上~300人未満,"0: 5,000万円未満",3: 10億円以上~50億円未満,https://photosynth.co.jp/company/,https://photosynth.co.jp/contact/#ir,03-5436-3433,akerun-info@photosynth.co.jp,,,送信成功,2026/07/15,,
株式会社Ｆｉｎａｔｅｘｔ,Webアプリ・サービス運営,証券,東京都,東京都千代田区九段北１丁目８番１０号住友不動産九段ビル９階,4: 50人以上~300人未満,,3: 10億円以上~50億円未満,https://finatext.com/fn/about,https://finatext.com/contact,,,,,送信不可,,必須項目の入力ができない（情報不足など）,お問い合わせプロダクト
株式会社フォーイット,Webアプリ・サービス運営,"広告制作,その他広告・制作,総合広告代理店",東京都,東京都渋谷区円山町３番６号,4: 50人以上~300人未満,"0: 5,000万円未満",3: 10億円以上~50億円未満,https://www.for-it.co.jp/company/profile/,http://www.for-it.co.jp/contact/,03-5728-5865,admin@ureba.jp,,,送信成功,2026/07/15,,
株式会社リンクトブレイン,ゲーム開発,"デザイン,スタジオ・写真撮影,人材派遣,コンテンツ制作,クラウド系/SaaS/ASPサービス,動画制作・CG制作,経営コンサル",東京都,東京都文京区本郷３丁目４３－１６コア本郷ビル２階,4: 50人以上~300人未満,"1: 5,000万円以上~3億円未満",4: 50億円以上~300億円未満,https://linkedbrain.jp/company/,https://linkedbrain.jp/contact/,03-3222-9300,info-gc@linkedbrain.jp,,,送信成功,2026/07/15,,
オープン株式会社,Webアプリ・サービス運営,,東京都,東京都港区西新橋３丁目３番１号,4: 50人以上~300人未満,"0: 5,000万円未満",3: 10億円以上~50億円未満,https://open.co.jp/,https://open-group.co.jp/contact/,03-3560-6533,,,,送信成功,2026/07/15,,
株式会社ＴＥＲＡＳＳ,クラウド系/SaaS/ASPサービス,不動産賃貸・仲介,東京都,東京都渋谷区神宮前６丁目１２番２０号,4: 50人以上~300人未満,,4: 50億円以上~300億円未満,https://terass.com/,https://forms.zohopublic.com/terassinc/form/contact/formperma/met1DxpBmsaBgN5vnjRFBwRIXPsxIenwgH2bXq2IyyE,,info-loan@terass.com,,,送信成功,2026/07/15,,
ｉＹｅｌｌ株式会社,クラウド系/SaaS/ASPサービス,"貸金,Webアプリ・サービス運営,事務処理代行,コールセンター",東京都,東京都目黒区青葉台４丁目７番７号,4: 50人以上~300人未満,4: 50億円以上~150億円未満,1: 1億円以上~3億円未満,https://iyell.co.jp/news/office_202210,https://iyell.co.jp/company/contact/,03-6455-1005,kubota@iyell.jp,,,送信成功,2026/07/15,,
株式会社ｕｎｅｒｒｙ,Webアプリ・サービス運営,"Webマーケコンサル,その他広告・制作,販促コンサル,その他機械",東京都,東京都港区虎ノ門４丁目１番１号神谷町トラストタワー２３階,4: 50人以上~300人未満,"0: 5,000万円未満",3: 10億円以上~50億円未満,https://www.unerry.co.jp/company/,https://www.unerry.co.jp/contact/,03-6551-2513,information@beaconbank.jp,,,送信不可,,営業禁止の記載あり,
株式会社ｆ４ｓａｍｕｒａｉ,ゲーム開発,"クラウド系/SaaS/ASPサービス,Webアプリ・サービス運営,ゲーム・アニメデザイン",東京都,東京都千代田区外神田４丁目１４番１号,4: 50人以上~300人未満,"1: 5,000万円以上~3億円未満",3: 10億円以上~50億円未満,http://www.f4samurai.jp,http://www.f4samurai.jp/contact/,,info@f4samurai.jp,,,送信不可,, お問い合わせフォーム無し,
ビットバンク株式会社,クラウド系/SaaS/ASPサービス,その他金融関連サービス,東京都,東京都中央区八重洲２丁目２番１号東京ミッドタウン八重洲八重洲セントラルタワー１０Ｆ,4: 50人以上~300人未満,4: 50億円以上~150億円未満,4: 50億円以上~300億円未満,https://bitbank.cc/about/corporate/,https://support.bitbank.cc/hc/ja/requests/new?ticket_form_id=360000587493,,,,,送信不可,,必須項目の入力ができない（情報不足など）,以下の中から該当する問題を選択に該当なし
ＲＥＡＤＹＦＯＲ株式会社,クラウド系/SaaS/ASPサービス,"Webマーケコンサル,その他広告・制作",東京都,東京都千代田区一番町８住友不動産一番町ビル７階,4: 50人以上~300人未満,"1: 5,000万円以上~3億円未満",3: 10億円以上~50億円未満,https://corp.readyfor.jp/company,https://readyfor.zendesk.com/hc/ja/requests/new?ticket_form_id=360000544472,03-6801-5767,,,,送信成功,2026/07/15,,
株式会社Ａｒｅｎｔ,Webアプリ・サービス運営,"ITコンサル,その他機械",東京都,東京都港区浜松町２丁目７番１９号,4: 50人以上~300人未満,2: 3億円以上~10億円未満,3: 10億円以上~50億円未満,https://arent.co.jp/company/,https://arent.co.jp/contact/,,,,,送信成功,2026/07/15,,
株式会社ゲームエイト,Webアプリ・サービス運営,,東京都,東京都渋谷区東１丁目３２－１２,4: 50人以上~300人未満,"0: 5,000万円未満",3: 10億円以上~50億円未満,https://game8.co.jp/company/summary,https://game8.co.jp/contact/pr/,,info@game8.jp,,,送信成功,2026/07/15,,
株式会社ｍｏｖ,Webアプリ・サービス運営,"その他マスコミ・出版,その他広告・制作",東京都,東京都渋谷区東１丁目３２番１２号渋谷プロパティータワー１０階,4: 50人以上~300人未満,,3: 10億円以上~50億円未満,https://corp.hataraba.com/case/mov/,https://mov.am/contact/,,info_dpfp@mov.am,,,送信成功,2026/07/15,,
株式会社ミラティブ,Webアプリ・サービス運営,"クラウド系/SaaS/ASPサービス,その他ゲーム",東京都,東京都目黒区目黒２丁目１０番１１号,4: 50人以上~300人未満,2: 3億円以上~10億円未満,4: 50億円以上~300億円未満,https://www.mirrativ.co.jp/,https://www.mirrativ.co.jp/contact/,03-6910-4866,support@mirrativ.com,,,送信不可,,メールに遷移・Googleフォーム,
株式会社キカガク,クラウド系/SaaS/ASPサービス,人材派遣,東京都,東京都渋谷区渋谷２丁目６番４号,4: 50人以上~300人未満,"0: 5,000万円未満",3: 10億円以上~50億円未満,https://www.kikagaku.co.jp/,https://www.kikagaku.co.jp/contact/business,,support@kikagaku.co.jp,,,送信不可,, お問い合わせフォーム無し,提案、営業に関するフォームなし
Ａｓｃｅｎｔ　Ｂｕｓｉｎｅｓｓ　Ｃｏｎｓｕｌｔｉｎｇ株式会社,Webアプリ・サービス運営,経営コンサル,東京都,東京都港区新橋２丁目６－２新橋アイマークビル４階,4: 50人以上~300人未満,"0: 5,000万円未満",3: 10億円以上~50億円未満,http://ascent-biz.com,https://ascent-biz.com/contact/,03-6280-6287,abc-secure_info@ascent-biz.com,,,送信成功,2026/07/15,,
クイック・ネットワーク株式会社,Webアプリ・サービス運営,"Webマーケコンサル,ITインフラストラクチャー,デザイン",兵庫県,兵庫県神戸市中央区明石町４４番地,4: 50人以上~300人未満,"1: 5,000万円以上~3億円未満",3: 10億円以上~50億円未満,http://www.quicknetwork.co.jp/,https://quicknetwork.co.jp/contact/,050-3145-6917,,,,送信成功,2026/07/15,,
株式会社マクアケ,Webアプリ・サービス運営,,東京都,東京都目黒区青葉台３丁目１番１２号,4: 50人以上~300人未満,3: 10億円以上~50億円未満,3: 10億円以上~50億円未満,https://www.makuake.co.jp/corporate/company/,https://mkhelp.makuake.com/hc/ja/requests/new,03-6758-3563,bs-info@makuake.co.jp,,,送信成功,2026/07/15,,
ストックマーク株式会社,Webアプリ・サービス運営,,東京都,東京都港区南青山１丁目１２番３号,4: 50人以上~300人未満,,3: 10億円以上~50億円未満,https://stockmark.co.jp/company,https://stockmark.co.jp/contact/sales/,,astrategy_support@stockmark.co.jp,,,送信不可,,必須項目の入力ができない（情報不足など）,役職
株式会社くふう住まい,Webアプリ・サービス運営,"経営コンサル,ブライダル,Webアプリ・サービス運営,その他不動産,受託開発",東京都,東京都港区三田１丁目４番２８号,4: 50人以上~300人未満,"1: 5,000万円以上~3億円未満",2: 3億円以上~10億円未満,https://kufusumai.co.jp/,https://kufu.co.jp/contact/ir/,03-6264-2323,,,,送信成功,2026/07/15,,
ＣＢｃｌｏｕｄ株式会社,Webアプリ・サービス運営,その他IT,沖縄県,沖縄県那覇市字天久９０５番地,4: 50人以上~300人未満,3: 10億円以上~50億円未満,3: 10億円以上~50億円未満,https://cb-cloud.com/,https://cb-cloud.com/contact/corporate,,srt.support@cb-cloud.com,,,送信成功,2026/07/15,,
株式会社サイバーセキュリティクラウド,情報セキュリティ,"その他IT,ITコンサル,Webアプリ・サービス運営",東京都,東京都品川区上大崎３丁目１番１号,4: 50人以上~300人未満,3: 10億円以上~50億円未満,4: 50億円以上~300億円未満,https://www.cscloud.co.jp/about/company/,https://www.cscloud.co.jp/contact/,03-6416-9996,mkt@cscloud.co.jp,,,送信成功,2026/07/15,,
株式会社アイテック,Webアプリ・サービス運営,ITインフラストラクチャー,東京都,東京都港区西新橋１丁目１８番６号,4: 50人以上~300人未満,"1: 5,000万円以上~3億円未満",3: 10億円以上~50億円未満,https://www.itec.jp/,https://www.itec.jp/contact/index.html,03-6825-5301,,,,送信不可,,メールに遷移・Googleフォーム,
ＨｕｂＳｐｏｔ　Ｊａｐａｎ株式会社,Webアプリ・サービス運営,販促コンサル,東京都,東京都千代田区丸の内１丁目４番１号丸の内永楽ビルディング２６階,4: 50人以上~300人未満,"0: 5,000万円未満",3: 10億円以上~50億円未満,https://www.hubspot.jp,https://www.hubspot.jp/products/marketing/forms,03-5656-5900,,,,送信不可,, お問い合わせフォーム無し,チャットでの相談のみ
株式会社サポータス,Webアプリ・サービス運営,"クラウド系/SaaS/ASPサービス,企業研修",東京都,東京都千代田区飯田橋３丁目１１番１３号,4: 50人以上~300人未満,"0: 5,000万円未満",3: 10億円以上~50億円未満,https://supportas.co.jp/company/profile,https://supportas.co.jp/inquiry/,0120-790-845,,,,送信不可,,営業禁止の記載あり,
富士フイルム医療ソリューションズ株式会社,Webアプリ・サービス運営,医療コンサル,東京都,東京都港区西麻布２丁目２６番３０号,4: 50人以上~300人未満,2: 3億円以上~10億円未満,3: 10億円以上~50億円未満,https://ffms.fujifilm.co.jp/aboutus/outline/index.html,http://www.yokogawa.com/contact/,03-6452-6120,,,,送信不可,,必須項目の入力ができない（情報不足など）,英語での表記
株式会社ＴａｌｅｎｔＸ,Webアプリ・サービス運営,"その他サービス,人材派遣,コンテンツ制作,クラウド系/SaaS/ASPサービス,その他人材,組織コンサル,求人媒体運営・求人情報誌出版",東京都,東京都新宿区神楽坂４丁目８番地神楽坂プラザビル,4: 50人以上~300人未満,"1: 5,000万円以上~3億円未満",3: 10億円以上~50億円未満,https://talentx.co.jp/about/company,https://i-myrefer.jp/corp/support/inquery/input,03-4500-2007,support@talentx.co.jp,,,送信成功,2026/07/15,,
株式会社コレックホールディングス,Webアプリ・サービス運営,"その他サービス,営業代行・販売代行,コールセンター,業務請負",東京都,東京都豊島区南池袋２丁目３２番４号,4: 50人以上~300人未満,"1: 5,000万円以上~3億円未満",4: 50億円以上~300億円未満,https://www.n-links.co.jp/,https://www.n-links.co.jp/contact,03-5957-2170,,,,送信不可,,必須項目の入力ができない（情報不足など）,役職
株式会社クロス・マーケティンググループ,Webアプリ・サービス運営,"Webマーケコンサル,人材派遣,クラウド系/SaaS/ASPサービス,業務請負,研究・調査・リサーチ",東京都,東京都新宿区西新宿３丁目２０番２号,4: 50人以上~300人未満,2: 3億円以上~10億円未満,4: 50億円以上~300億円未満,https://www.cm-group.co.jp/company/profile/,https://www.cross-m.co.jp/inquiry/recruit/,03-6859-2250,,,,送信不可,,営業禁止の記載あり,
株式会社ＩＮＦＯＲＩＣＨ,Webアプリ・サービス運営,"Webマーケコンサル,販促コンサル,研究・調査・リサーチ",東京都,東京都渋谷区神宮前５丁目５２番２号,4: 50人以上~300人未満,"0: 5,000万円未満",3: 10億円以上~50億円未満,https://inforich.net/,https://inforich.net/contact-form,03-6416-5569,,,,送信成功,2026/07/15,,
ディグル株式会社,Webアプリ・サービス運営,経営コンサル,東京都,東京都渋谷区恵比寿１丁目１９番１９号恵比寿ビジネスタワー１２階,4: 50人以上~300人未満,,3: 10億円以上~50億円未満,https://diggle.jp/company/about/,https://diggle.jp/inquiry/,,,,,送信不可,,必須項目の入力ができない（情報不足など）,役職
ウォンテッドリー株式会社,Webアプリ・サービス運営,人材派遣,東京都,東京都渋谷区恵比寿４丁目２０番３号,4: 50人以上~300人未満,2: 3億円以上~10億円未満,3: 10億円以上~50億円未満,https://wantedlyinc.com/ja/company/info,https://wantedlyinc.com/ja/contact/new?category=pr,03-6369-2018,,,,送信成功,2026/07/15,,
クロノス株式会社,Webアプリ・サービス運営,,東京都,東京都千代田区神田練塀町３００番地,4: 50人以上~300人未満,"1: 5,000万円以上~3億円未満",3: 10億円以上~50億円未満,https://www.xronos-inc.co.jp/corporate/,http://xronos-inc.jp/corporate/otoiawase.html,03-5360-8131,info-pr@xronos-inc.jp,,,送信不可,,URL・記号を含むことができない,
株式会社ＡＢＥＪＡ,Webアプリ・サービス運営,"AI,その他IT,その他機械",東京都,東京都港区三田１丁目１番１４号,4: 50人以上~300人未満,2: 3億円以上~10億円未満,3: 10億円以上~50億円未満,https://www.abejainc.com/company,https://abejainc.com/ja/contact/,03-6452-8848,info@abeja.asia,,,送信不可,,必須項目の入力ができない（情報不足など）,役職
株式会社エヌ・エイ・シー,Webアプリ・サービス運営,,東京都,東京都港区芝公園１丁目６番７号,4: 50人以上~300人未満,"0: 5,000万円未満",3: 10億円以上~50億円未満,https://www.nac-plus.co.jp/about-us/#overview,https://www.nac-care.co.jp/contact.html,03-3501-5501,,,,送信成功,2026/07/15,,
株式会社Ｌｅａｎｅｒ　Ｔｅｃｈｎｏｌｏｇｉｅｓ,クラウド系/SaaS/ASPサービス,,東京都,東京都品川区西五反田７丁目２３番１号,4: 50人以上~300人未満,"1: 5,000万円以上~3億円未満",3: 10億円以上~50億円未満,https://leaner.co.jp/company,https://leaner.co.jp/contact/,,info@leaner.co.jp,,,送信成功,2026/07/15,,
株式会社アシロ,Webアプリ・サービス運営,"Webマーケコンサル,その他広告・制作,人材紹介,デジタル系コンテンツ",東京都,東京都新宿区西新宿６丁目３番１号,4: 50人以上~300人未満,2: 3億円以上~10億円未満,4: 50億円以上~300億円未満,https://asiro.co.jp/about/,https://asiro.co.jp/contact/,03-5348-4363,,,,送信成功,2026/07/15,,
株式会社インプル,Webアプリ・サービス運営,"その他IT,受託開発,人材紹介,人材派遣",北海道,北海道札幌市中央区南三条西１０丁目１００１番地５,4: 50人以上~300人未満,"0: 5,000万円未満",3: 10億円以上~50億円未満,https://www.impl.co.jp/,http://www.impl.co.jp/contact/,011-212-1971,info@impl.co.jp,,,送信不可,,営業禁止の記載あり,
株式会社ギフトパッド,Webアプリ・サービス運営,"その他広告・制作,お土産・ギフト,デザイン",大阪府,大阪府大阪市西区南堀江３丁目９番１３号,4: 50人以上~300人未満,2: 3億円以上~10億円未満,3: 10億円以上~50億円未満,https://giftpad.co.jp/company/overview/,https://giftpad.co.jp/3xs/contact,06-6537-7562,op@giftpad.jp,,,送信成功,2026/07/15,,
クラリベイト・アナリティクス・ジャパン株式会社,クラウド系/SaaS/ASPサービス,"ソフトウェア販売,その他コンサル,クラウド系/SaaS/ASPサービス",東京都,東京都港区赤坂５丁目２番２０号赤坂パークビル１８階,4: 50人以上~300人未満,,3: 10億円以上~50億円未満,https://clarivate.jp/,https://clarivate.com/ja/contact-us/key-locations/,03-4589-3100,,,,送信不可,, お問い合わせフォーム無し,提案、営業に関するフォームなし
ＦＩＲＳＴ　ＤＥＶＥＬＯＰ株式会社,Webアプリ・サービス運営,"IT系教育,その他コンサル",東京都,東京都中央区晴海１丁目８－８晴海トリトンスクエアＷ棟４Ｆ,4: 50人以上~300人未満,"0: 5,000万円未満",3: 10億円以上~50億円未満,https://firstdevelop.com/会社概要/,https://firstdevelop.com/contact/,03-6902-0172,info@firstdevelop.com,,,送信成功,2026/07/15,,
株式会社エスイーアーキテクト,Webアプリ・サービス運営,"その他サービス,ITインフラストラクチャー",東京都,東京都千代田区神田岩本町４番地９,4: 50人以上~300人未満,"0: 5,000万円未満",3: 10億円以上~50億円未満,https://www.se-architect.co.jp/company/,https://www.se-architect.co.jp/company/,03-6206-4131,info@se-architect.co.jp,,,送信不可,,メールに遷移・Googleフォーム,
キッコーマンバイオケミファ株式会社,医療機器,,千葉県,千葉県野田市野田２５０番地,4: 50人以上~300人未満,"1: 5,000万円以上~3億円未満",4: 50億円以上~300億円未満,https://biochemifa.kikkoman.co.jp/company/gaiyo,https://biochemifa.kikkoman.co.jp/toiawase/,,,,,送信不可,, お問い合わせフォーム無し,提案、営業に関するフォームなし
株式会社アローリンク,Webアプリ・サービス運営,"セミナー,その他人材,企業研修,Webアプリ・サービス運営",兵庫県,兵庫県神戸市中央区雲井通４丁目２番２号,4: 50人以上~300人未満,"0: 5,000万円未満",3: 10億円以上~50億円未満,https://www.arrowlink.co.jp/company,https://lp.line-next.com/contact.arrowlink,0120-312-222,info@arrowlink.co.jp,,,送信成功,2026/07/15,,
ＣＴＷ株式会社,Webアプリ・サービス運営,クラウド系/SaaS/ASPサービス,東京都,東京都港区六本木１丁目９番１０号,4: 50人以上~300人未満,"1: 5,000万円以上~3億円未満",3: 10億円以上~50億円未満,https://ctw.inc/,https://ctw.inc/contact-us,03-5544-8850,contact@ctw.inc,,,送信不可,,メールに遷移・Googleフォーム,
株式会社リアークスファインド,クラウド系/SaaS/ASPサービス,不動産賃貸・仲介,東京都,東京都新宿区西新宿７丁目７番３０号小田急西新宿Ｏ－ＰＬＡＣＥ６Ｆ,4: 50人以上~300人未満,"1: 5,000万円以上~3億円未満",3: 10億円以上~50億円未満,https://www.rearx-find.co.jp/,https://www.rearx-find.co.jp/contact/form/?subject-to=6,,info-pr@rearx-find.co.jp,,,送信成功,2026/07/15,,
株式会社クラフ,情報セキュリティ,,宮崎県,宮崎県宮崎市老松２丁目２番２２号,4: 50人以上~300人未満,"0: 5,000万円未満",3: 10億円以上~50億円未満,https://kraf.jp/company,https://kraf.jp/contact,,,,,送信不可,,URLが重複している,対象のサービス
株式会社ブリーズシェアード,Webアプリ・サービス運営,,東京都,東京都港区三田２丁目１４－５フロイントゥ三田４Ｄ,4: 50人以上~300人未満,"0: 5,000万円未満",3: 10億円以上~50億円未満,https://breezegroup.co.jp/corporate-information/,https://breezegroup.co.jp/contact/,03-6275-1907,,,,送信成功,2026/07/15,,
株式会社ステップＩＴソリューション,Webアプリ・サービス運営,"受託開発,ソーシャルゲーム・スマホゲーム,ITインフラストラクチャー",東京都,東京都港区新橋５丁目１３番１０号ＶＯＲＴ新橋ＮＥＸ５階,4: 50人以上~300人未満,"1: 5,000万円以上~3億円未満",3: 10億円以上~50億円未満,https://www.step-its.com/,https://www.step-its.com/contact,03-5413-4652,contact@step-its.com,,,送信成功,2026/07/15,,
株式会社ジラフ,Webアプリ・サービス運営,,東京都,東京都渋谷区代々木１丁目１１番２号,4: 50人以上~300人未満,2: 3億円以上~10億円未満,3: 10億円以上~50億円未満,https://jiraffe.co.jp/,http://jiraffe.co.jp/#contact,,info@jiraffe.co.jp,,,送信成功,2026/07/15,,
株式会社集英社アーツ＆デジタル,Webアプリ・サービス運営,"アパレル販売,CM制作・映像制作,デジタル系コンテンツ,Web制作,その他広告・制作,その他専門商社",東京都,東京都千代田区神田神保町３丁目３番地７,4: 50人以上~300人未満,"1: 5,000万円以上~3億円未満",3: 10億円以上~50億円未満,https://shueisha-artsdigital.co.jp/,https://www.project8.co.jp/contact/index.html,,,,,送信不可,,営業禁止の記載あり,
Ｘ　Ｃｏｒｐ．Ｊａｐａｎ株式会社,Webアプリ・サービス運営,"ITコンサル,Webマーケコンサル,研究・調査・リサーチ",東京都,東京都中央区京橋３丁目１番１号東京スクエアガーデン,4: 50人以上~300人未満,,3: 10億円以上~50億円未満,https://about.x.com/ja,https://help.twitter.com/en/forms.html,,,,,送信不可,,必須項目の入力ができない（情報不足など）,
情報環境ソリューションズ株式会社,Webアプリ・サービス運営,"クレジット・決済代行,受託開発",東京都,東京都台東区元浅草２丁目６番７号マタイビル３階,4: 50人以上~300人未満,"0: 5,000万円未満",4: 50億円以上~300億円未満,http://www.iesolutions.jp,,03-6806-0624,jimu@iesolutions.jp,,,送信不可,,メールに遷移・Googleフォーム,
ＡＩ　ｉｎｓｉｄｅ株式会社,Webアプリ・サービス運営,"クラウド系/SaaS/ASPサービス,AI",東京都,東京都港区麻布台１丁目３番１号,4: 50人以上~300人未満,3: 10億円以上~50億円未満,3: 10億円以上~50億円未満,https://inside.ai/about,https://inside.ai/contact,03-5468-5041,sales@inside.ai,,,送信不可,,必須項目の入力ができない（情報不足など）,
株式会社クラス,クラウド系/SaaS/ASPサービス,,東京都,東京都目黒区青葉台４丁目６番６号青葉台スタジオ２階,4: 50人以上~300人未満,"1: 5,000万円以上~3億円未満",3: 10億円以上~50億円未満,https://clas.style/company/about/,,03-6407-9120,info@clas.style,,,送信不可,,必須項目の入力ができない（情報不足など）,
株式会社ダブルクロップ,Webアプリ・サービス運営,"人材派遣,ITインフラストラクチャー,その他人材",東京都,東京都渋谷区宇田川町３番５号ＳｐａｒｋＳＨＩＢＵＹＡ８階,4: 50人以上~300人未満,"0: 5,000万円未満",2: 3億円以上~10億円未満,https://www.double-crop.jp/company/,http://www.double-crop.jp/contact.html,03-5738-7801,info@double-crop.jp,,,送信成功,2026/07/15,,
株式会社ソフトユージング,Webアプリ・サービス運営,受託開発,東京都,東京都品川区南大井３丁目２０番５号,4: 50人以上~300人未満,"1: 5,000万円以上~3億円未満",3: 10億円以上~50億円未満,https://softusing.co.jp/infor.html,,03-6404-8788,,,,送信成功,2026/07/15,,
株式会社カナリー,Webアプリ・サービス運営,,東京都,東京都港区三田３丁目５番１９号住友不動産東京三田ガーデンタワー２７階,4: 50人以上~300人未満,,3: 10億円以上~50億円未満,https://corp.canary-app.jp/,https://bluage.co.jp/contact.html,,info@bluage.co.jp,,,送信成功,2026/07/15,,
株式会社ＨＥＡＲＴＢＥＡＴＳ,クラウド系/SaaS/ASPサービス,"その他IT,Webアプリ・サービス運営",東京都,東京都文京区本郷１丁目３３番１３号,4: 50人以上~300人未満,"0: 5,000万円未満",3: 10億円以上~50億円未満,https://ventus-inc.com/,,,,,,送信成功,2026/07/15,,
株式会社セキュアイノベーション,Webアプリ・サービス運営,"情報セキュリティ,ITコンサル,その他機械,人材派遣",沖縄県,沖縄県那覇市上之屋１丁目１８番３６号,4: 50人以上~300人未満,"1: 5,000万円以上~3億円未満",3: 10億円以上~50億円未満,https://www.secure-iv.co.jp/company,https://www.secure-iv.co.jp/contact,098-943-2718,info@secure-iv.com,,,送信不可,,営業禁止の記載あり,
株式会社ＴｉｍｅＴｒｅｅ,Webアプリ・サービス運営,"クラウド系/SaaS/ASPサービス,その他広告・制作",東京都,東京都新宿区西新宿６丁目１８番１号,4: 50人以上~300人未満,,3: 10億円以上~50億円未満,https://timetreeapp.com/intl/ja/corporate,https://timetree.zendesk.com/hc/ja/requests/new,,ads-support@timetreeapp.com,,,送信不可,,必須項目の入力ができない（情報不足など）,
デンケン・ハイデンタル株式会社,医療機器,その他製造,京都府,京都府京都市南区吉祥院石原京道町２４番地３,4: 50人以上~300人未満,"0: 5,000万円未満",3: 10億円以上~50億円未満,https://denken-highdental.co.jp/,http://www.kdf.co.jp/japanese/contact/,075-672-2101,,,,送信成功,2026/07/15,,
ａｎｄ　ｆａｃｔｏｒｙ株式会社,Webアプリ・サービス運営,"スマホアプリ,Webアプリ・サービス運営,ホテル・旅館",東京都,東京都目黒区青葉台３丁目６番２８号,4: 50人以上~300人未満,2: 3億円以上~10億円未満,3: 10億円以上~50億円未満,https://andfactory.co.jp/value/,https://andfactory.co.jp/contact/,03-6712-7646,,,,送信不可,,営業禁止の記載あり,
株式会社ＧａｍｅＷｉｔｈ,Webアプリ・サービス運営,"デジタル系コンテンツ,その他ゲーム",東京都,東京都港区三田１丁目４番１号,4: 50人以上~300人未満,2: 3億円以上~10億円未満,4: 50億円以上~300億円未満,https://gamewith.co.jp,https://gamewith.co.jp/contact,03-5775-5233,contact@gamewith.co.jp,,,送信成功,2026/07/15,,
株式会社東京通信グループ,Webアプリ・サービス運営,"AI,その他広告・制作",東京都,東京都港区六本木３丁目２番１号,4: 50人以上~300人未満,2: 3億円以上~10億円未満,4: 50億円以上~300億円未満,https://tokyo-tsushin.com/company/,http://tokyo-tsushin.com/inquiry,,,,,送信成功,2026/07/15,,
株式会社スマートドライブ,Webアプリ・サービス運営,"その他IT,Webアプリ・サービス運営,レンタカー・リース",東京都,東京都千代田区内幸町２丁目１番６号,4: 50人以上~300人未満,"0: 5,000万円未満",3: 10億円以上~50億円未満,https://smartdrive.co.jp/company/,https://smartdrive.co.jp/contact/,03-6455-0211,,,,送信成功,2026/07/15,,
株式会社Ｌ　ｉｓ　Ｂ,Webアプリ・サービス運営,クラウド系/SaaS/ASPサービス,東京都,東京都千代田区岩本町３丁目１１番１１号,4: 50人以上~300人未満,2: 3億円以上~10億円未満,3: 10億円以上~50億円未満,https://l-is-b.com/ja/company/,https://l-is-b.com/ja/contact/,03-5812-4735,info@direct4b.com,,,送信成功,2026/07/15,,
ちゅらデータ株式会社,Webアプリ・サービス運営,IT系教育,沖縄県,沖縄県浦添市字港川５１２番地５５,4: 50人以上~300人未満,,3: 10億円以上~50億円未満,https://churadata.okinawa/company/,https://churadata.okinawa/contact/,,,,,送信成功,2026/07/15,,
株式会社ｉＣＡＲＥ,Webアプリ・サービス運営,その他医療・福祉,東京都,東京都品川区西五反田２丁目２９番５号,4: 50人以上~300人未満,2: 3億円以上~10億円未満,3: 10億円以上~50億円未満,https://www.icare-carely.co.jp/company,https://www.icare.jpn.com/contact/,,info@icare.jpn.com,,,送信成功,2026/07/15,,
株式会社ＴＭソリューション,Webアプリ・サービス運営,"受託開発,人材紹介,人材派遣,職業紹介所,ITコンサル,ITインフラストラクチャー",愛知県,愛知県名古屋市中村区名駅南２丁目１４番１９号住友生命名古屋ビル２５階,4: 50人以上~300人未満,"0: 5,000万円未満",3: 10億円以上~50億円未満,https://www.tmsol.jp/company/#company-outline,https://www.tmsol.jp/contact.html,052-990-6233,,,,送信成功,2026/07/15,,
Ｓａｓｕｋｅ　Ｆｉｎａｎｃｉａｌ　Ｌａｂ株式会社,クラウド系/SaaS/ASPサービス,"その他IT,保険",東京都,東京都千代田区大手町１丁目６番１号大手町ビルＦＩＮＯＬＡＢ,4: 50人以上~300人未満,,4: 50億円以上~300億円未満,https://sasukefinlab.com/,https://sasukefinlab.com/contact,,info@sasukefinlab.com,,,送信成功,2026/07/15,,
株式会社ＫｉｔｅＲａ,Webアプリ・サービス運営,その他IT,東京都,東京都港区北青山１丁目２番３号,4: 50人以上~300人未満,,3: 10億円以上~50億円未満,https://kitera-cloud.jp/,,,,,,送信不可,,必須項目の入力ができない（情報不足など）,
ＩＴＦ合同会社,Webアプリ・サービス運営,"受託開発,その他医療・福祉",福岡県,福岡県福岡市博多区博多駅中央街７番２６号,4: 50人以上~300人未満,"0: 5,000万円未満",3: 10億円以上~50億円未満,https://itfllc.co.jp/,https://www.itfllc.co.jp/contact/,050-5899-9153,,,,送信成功,2026/07/15,,
株式会社エニシアス,クラウド系/SaaS/ASPサービス,"受託開発,情報セキュリティ,その他IT,Webアプリ・サービス運営,ITインフラストラクチャー",東京都,東京都品川区西五反田２丁目２７番３号,4: 50人以上~300人未満,"0: 5,000万円未満",3: 10億円以上~50億円未満,https://www.enisias.com/corporate/outline/,https://www.enisias.com/contact/,03-6455-7575,,,,送信成功,2026/07/15,,
株式会社Ｈｕｂｂｌｅ,クラウド系/SaaS/ASPサービス,,東京都,東京都渋谷区東１丁目３２番１２号渋谷プロパティータワー７階,4: 50人以上~300人未満,"1: 5,000万円以上~3億円未満",3: 10億円以上~50億円未満,https://newgrads.hubble-docs.com/company,https://hubble-docs.com/contact,03-5843-0128,,,,送信成功,2026/07/15,,
株式会社ＶＯＬＺ,クラウド系/SaaS/ASPサービス,"その他広告・制作,その他ゲーム",東京都,東京都渋谷区渋谷３丁目１２番１８号,4: 50人以上~300人未満,"1: 5,000万円以上~3億円未満",4: 50億円以上~300億円未満,https://tixplus.co.jp/feature/company,,,,,,送信成功,2026/07/15,,
株式会社ジーシー昭和薬品,医療機器,"医薬品販売,製薬",東京都,東京都文京区本郷１丁目２８番３４号,4: 50人以上~300人未満,"1: 5,000万円以上~3億円未満",3: 10億円以上~50億円未満,https://www.gc-showayakuhin.com/corp/outline.html,https://reg31.smp.ne.jp/regist/is?SMPFORM=re-mas-de720944669923fa6ac627e0db8f30a9,03-3567-9571,,,,送信不可,,必須項目の入力ができない（情報不足など）,
株式会社Ｍａｔｃｈｂｏｘ　Ｔｅｃｈｎｏｌｏｇｉｅｓ,Webアプリ・サービス運営,"組織コンサル,人材派遣",新潟県,新潟県新潟市中央区女池上山３丁目１４番１０,4: 50人以上~300人未満,,3: 10億円以上~50億円未満,https://matchboxtech.co.jp,https://matchboxtech.co.jp/contact/,,,,,送信成功,2026/07/15,,
ＴＸＰ　Ｍｅｄｉｃａｌ株式会社,Webアプリ・サービス運営,,東京都,東京都千代田区神田佐久間町３丁目２１番地２４ＡＫＩＨＡＢＡＲＡＣＥＮＴＲＡＬＳＱＵＡＲＥ２階,4: 50人以上~300人未満,"1: 5,000万円以上~3億円未満",3: 10億円以上~50億円未満,https://txpmedical.jp/company,https://txpmedical.jp/contact/,,medical-data-service@txpmedical.com,,,送信成功,2026/07/15,,
株式会社オルトプラス,ゲーム開発,"クラウド系/SaaS/ASPサービス,その他IT,情報セキュリティ,Webアプリ・サービス運営",東京都,東京都豊島区東池袋３丁目１番１号,4: 50人以上~300人未満,"1: 5,000万円以上~3億円未満",3: 10億円以上~50億円未満,https://www.altplus.co.jp/company,http://www.altplus.co.jp/company/contact,03-4577-6701,shushu_info@altplus.co.jp,,,送信成功,2026/07/15,,
株式会社ダイニー,クラウド系/SaaS/ASPサービス,"その他外食,Webアプリ・サービス運営",東京都,東京都千代田区丸の内１丁目１番３号,4: 50人以上~300人未満,"0: 5,000万円未満",3: 10億円以上~50億円未満,https://about.dinii.jp/,,,info@dinii.jp,,,送信成功,2026/07/15,,
株式会社フライウィール,クラウド系/SaaS/ASPサービス,その他広告・制作,東京都,東京都千代田区飯田橋３丁目１０番１０号,4: 50人以上~300人未満,"1: 5,000万円以上~3億円未満",3: 10億円以上~50億円未満,https://www.flywheel.jp/about/company/,https://www.flywheel.jp/contacts/,,,,,送信成功,2026/07/15,,
株式会社リセ,Webアプリ・サービス運営,,東京都,東京都千代田区神田錦町２丁目２番地１,4: 50人以上~300人未満,,3: 10億円以上~50億円未満,https://lisse-law.com/company/,https://lisse-law.com/demo-form/,,info@lisse-law.co.jp,,,送信不可,, お問い合わせフォーム無し,
株式会社サイダス,Webアプリ・サービス運営,,東京都,東京都港区芝２丁目１番３３号,4: 50人以上~300人未満,2: 3億円以上~10億円未満,3: 10億円以上~50億円未満,https://www.cydas.co.jp/profile/,https://www.cydas.com/contact/,,info@cydas.co.jp,,,送信不可,,送信ボタンを押すことができない・エラー,
Ｒｅｔｔｙ株式会社,Webアプリ・サービス運営,その他IT,東京都,東京都港区芝公園２丁目１０番１号住友不動産芝園ビル２Ｆ,4: 50人以上~300人未満,"0: 5,000万円未満",3: 10億円以上~50億円未満,https://corp.retty.me/company/,https://docs.google.com/forms/d/e/1FAIpQLScgNeXti-oo0byPr3sjJtVoYtHctovnFAf3TgIVkCHq90fPZA/viewform,,info-rettysales@retty.me,,,送信成功,2026/07/15,,
Ｗｏｖｎ　Ｔｅｃｈｎｏｌｏｇｉｅｓ株式会社,クラウド系/SaaS/ASPサービス,"その他IT,ITコンサル",東京都,東京都港区南青山２丁目２６番１号Ｄ－ＬＩＦＥＰＬＡＣＥ南青山９階,4: 50人以上~300人未満,4: 50億円以上~150億円未満,3: 10億円以上~50億円未満,https://mx.wovn.io/aboutus,https://wovn.io/sign_in_form/,,contact@wovn.io,,,送信成功,2026/07/15,,
株式会社ｅｓｔｉｅ,Webアプリ・サービス運営,,東京都,東京都港区赤坂９丁目７番２号,4: 50人以上~300人未満,"1: 5,000万円以上~3億円未満",3: 10億円以上~50億円未満,https://www.estie.jp/company/,https://www.estie.jp/inquiry/whitepaper,050-1743-8018,info@estie.co,,,送信成功,2026/07/15,,
スタディプラス株式会社,Webアプリ・サービス運営,その他広告・制作,東京都,東京都千代田区神田駿河台２丁目５番地１２,4: 50人以上~300人未満,"1: 5,000万円以上~3億円未満",3: 10億円以上~50億円未満,https://info.studyplus.co.jp/company,https://info.studyplus.co.jp/contact,,info@studyplus.jp,,,送信成功,2026/07/15,,
株式会社ｅＷｅＬＬ,Webアプリ・サービス運営,クラウド系/SaaS/ASPサービス,大阪府,大阪府大阪市中央区久太郎町４丁目１番３号,4: 50人以上~300人未満,2: 3億円以上~10億円未満,3: 10億円以上~50億円未満,https://ewell.co.jp/,https://ewell.co.jp/contact/,06-6271-9333,ibowinfo@ewell.co.jp,,,送信成功,2026/07/15,,
ルームクリップ株式会社,Webアプリ・サービス運営,"その他サービス,その他広告・制作,総合広告代理店,デジタル系コンテンツ",東京都,東京都渋谷区千駄ヶ谷１丁目２８番１号,4: 50人以上~300人未満,"1: 5,000万円以上~3億円未満",3: 10億円以上~50億円未満,https://corp.roomclip.jp/info,http://www.tunn-el.com/contact/,,info@tunn-el.com,,,送信成功,2026/07/15,,
株式会社ＥＡＲＴＨＢＲＡＩＮ,クラウド系/SaaS/ASPサービス,"建設・土木設計,Webアプリ・サービス運営",東京都,東京都港区六本木１丁目６番１号,4: 50人以上~300人未満,5: 150億円以上,3: 10億円以上~50億円未満,https://www.earthbrain.com/company,https://www.landlog.info/contact/,,info@landlog.co.jp,,,送信成功,2026/07/15,,
ワークデイ株式会社,Webアプリ・サービス運営,,東京都,東京都港区六本木６丁目１０番１号六本木ヒルズ森タワー２０Ｆ,4: 50人以上~300人未満,"0: 5,000万円未満",3: 10億円以上~50億円未満,https://jinjibu.jp/corporate/workday/,https://www.workday.com//forms.workday.com/en-us/sales/sales-contact/form.html,03-4572-1200,contact.japan@workday.com,,,送信不可,, お問い合わせフォーム無し,
ドクターメイト株式会社,クラウド系/SaaS/ASPサービス,"その他医療・福祉,Webアプリ・サービス運営",東京都,東京都中央区日本橋浜町１丁目２番１号,4: 50人以上~300人未満,"1: 5,000万円以上~3億円未満",3: 10億円以上~50億円未満,https://corp.doctormate.co.jp/aboutus/,https://doctormate.co.jp/inquiry,03-6822-5055,,,,送信成功,2026/07/15,,
ＭＮＴＳＱ株式会社,Webアプリ・サービス運営,,東京都,東京都中央区晴海１丁目８番１０号,4: 50人以上~300人未満,,3: 10億円以上~50億円未満,https://www.mntsq.co.jp/about,,,contact@mntsq.com,,,送信成功,2026/07/15,,
ＳＢＩ　ＦｉｎＴｅｃｈ　Ｓｏｌｕｔｉｏｎｓ株式会社,クラウド系/SaaS/ASPサービス,"スマホアプリ,人材派遣,経営コンサル,クレジット・決済代行,Webアプリ・サービス運営,情報セキュリティ",東京都,東京都渋谷区渋谷２丁目１番１号,4: 50人以上~300人未満,3: 10億円以上~50億円未満,3: 10億円以上~50億円未満,https://www.sbi-finsol.co.jp/,https://www.sbi-finsol.co.jp/inquiry/,03-3498-5011,,,,送信不可,,URL・記号を含むことができない,
株式会社Ｌａｂｏｒｏ．ＡＩ,Webアプリ・サービス運営,AI,東京都,東京都中央区銀座８丁目１１番１号,4: 50人以上~300人未満,3: 10億円以上~50億円未満,2: 3億円以上~10億円未満,https://laboro.ai,https://laboro.ai/contact,03-6280-6564,info@laboro.ai,,,送信成功,2026/07/15,,
株式会社ｐｒｉｍｅＮｕｍｂｅｒ,Webアプリ・サービス運営,その他IT,東京都,東京都品川区上大崎３丁目１番１号ＪＲ東急目黒ビル５階,4: 50人以上~300人未満,"1: 5,000万円以上~3億円未満",3: 10億円以上~50億円未満,https://primenumber.com/company,,,,,,送信成功,2026/07/15,,
クアルトリクス合同会社,Webアプリ・サービス運営,,東京都,東京都千代田区丸の内１丁目５番１号新丸の内ビルディング３７階,4: 50人以上~300人未満,,3: 10億円以上~50億円未満,https://www.qualtrics.com/jp/,,,,,,送信不可,, お問い合わせフォーム無し,
株式会社ＹＯＵＴＲＵＳＴ,クラウド系/SaaS/ASPサービス,"Webアプリ・サービス運営,人材派遣",東京都,東京都渋谷区神宮前５丁目５２－２青山オーバルビル９階,4: 50人以上~300人未満,"1: 5,000万円以上~3億円未満",3: 10億円以上~50億円未満,https://youtrust.co.jp/,,,info@youtrust.jp,,,送信不可,, お問い合わせフォーム無し,
株式会社デジックデザイン,Webアプリ・サービス運営,受託開発,東京都,東京都豊島区高田３丁目１８番１４号,4: 50人以上~300人未満,"0: 5,000万円未満",3: 10億円以上~50億円未満,http://www.digic-d.com/access,http://www.digic-d.com/contact,03-6907-0128,,,,送信成功,2026/07/15,,
大塚メディカルデバイス株式会社,医療機器,,東京都,東京都千代田区神田司町２丁目９番地,4: 50人以上~300人未満,5: 150億円以上,3: 10億円以上~50億円未満,https://www.omd.otsuka.com/company/,https://www.omd.otsuka.com/contact/,03-6361-7459,,,,送信不可,,必須項目の入力ができない（情報不足など）,
株式会社ＳＨＩＦＴ　ＳＥＣＵＲＩＴＹ,情報セキュリティ,ITコンサル,東京都,東京都渋谷区代々木３丁目２２番７号,4: 50人以上~300人未満,"0: 5,000万円未満",3: 10億円以上~50億円未満,https://www.shiftsecurity.jp/,http://www.shiftsecurity.jp/contact.html,0120-142-117,info@shiftsecurity.jp,,,送信成功,2026/07/15,,
ユニティ・テクノロジーズ・ジャパン株式会社,Webアプリ・サービス運営,,東京都,東京都中央区銀座６丁目１０番１号ＧＩＮＺＡＳＩＸ８階,4: 50人以上~300人未満,,3: 10億円以上~50億円未満,https://www.unity.com,,03-5468-9914,,,,送信不可,, お問い合わせフォーム無し,
ＳＡＴＯＲＩ株式会社,Webアプリ・サービス運営,"ソフトウェア販売,Webマーケコンサル,その他IT,その他広告・制作,セミナー",東京都,東京都渋谷区神宮前６丁目１９番２０号,4: 50人以上~300人未満,3: 10億円以上~50億円未満,3: 10億円以上~50億円未満,https://satori.marketing/company/,https://satori.marketing/inquiry/,03-6455-0500,info@satori.team,,,送信成功,2026/07/15,,
株式会社ＰＲＥＶＥＮＴ,クラウド系/SaaS/ASPサービス,"Webアプリ・サービス運営,その他医療・福祉",愛知県,愛知県名古屋市東区葵１丁目２６番１２号ＩＫＫＯ新栄ビル９階,4: 50人以上~300人未満,,3: 10億円以上~50億円未満,https://prevent.co.jp/,https://prevent.co.jp/contact/,052-715-7955,info@prevent.co.jp,,,送信成功,2026/07/15,,
株式会社くふうカンパニー,Webアプリ・サービス運営,"クラウド系/SaaS/ASPサービス,財務コンサル",東京都,東京都港区三田１丁目４番２８号,4: 50人以上~300人未満,,3: 10億円以上~50億円未満,https://kufu.ai/,https://zaim.co.jp/contact,03-6272-3924,,,,送信成功,2026/07/15,,
株式会社助太刀,Webアプリ・サービス運営,"人材紹介,その他機械専門商社,保険代理店,その他建設・工事,機械レンタル・リース",東京都,東京都新宿区西新宿６丁目１８番１号,4: 50人以上~300人未満,"1: 5,000万円以上~3億円未満",3: 10億円以上~50億円未満,https://suke-dachi.jp/,https://docs.google.com/forms/d/e/1FAIpQLScaGsbhzfKL0zdlxGju1xyTKVHJmPMTHuLe9q_iF0NP26ZnUg/viewform,,info@suke-dachi.jp,,,送信不可,,必須項目の入力ができない（情報不足など）,
ノボキュア株式会社,医療機器,医療機器商社,東京都,東京都中央区京橋２丁目２番１号,4: 50人以上~300人未満,"0: 5,000万円未満",4: 50億円以上~300億円未満,https://www.novocure.jp/aboutus,https://www.novocure.co.jp/contact/,03-5299-5670,,,,送信不可,,必須項目の入力ができない（情報不足など）,
ドキュサイン・ジャパン株式会社,Webアプリ・サービス運営,クラウド系/SaaS/ASPサービス,東京都,東京都港区虎ノ門４丁目３番１号城山トラストタワー３５階,4: 50人以上~300人未満,"1: 5,000万円以上~3億円未満",3: 10億円以上~50億円未満,https://www.docusign.com/ja-jp/blog/about-docusign,https://support.docusign.com/jp/contactSupport,03-4577-9801,japansales@docusign.com,,,送信不可,, お問い合わせフォーム無し,
リンカーズ株式会社,Webアプリ・サービス運営,,東京都,東京都港区三田３丁目５番１９号,4: 50人以上~300人未満,"1: 5,000万円以上~3億円未満",3: 10億円以上~50億円未満,https://corp.linkers.net/company/outline/,https://corp.linkers.net/contact_request,03-6262-3014,contact@linkers.net,,,送信成功,2026/07/15,,
株式会社ＴＲＵＳＴＤＯＣＫ,クラウド系/SaaS/ASPサービス,,東京都,東京都中央区京橋３丁目１番１号ＷｅＷｏｒｋ東京スクエアガーデン,4: 50人以上~300人未満,"1: 5,000万円以上~3億円未満",3: 10億円以上~50億円未満,https://biz.trustdock.io/company,https://biz.trustdock.io/contact/,03-5759-0355,,,,送信不可,,営業禁止の記載あり,
株式会社ＨＥＲＰ,Webアプリ・サービス運営,"その他人材,組織コンサル",東京都,東京都品川区西五反田１丁目２番１０号,4: 50人以上~300人未満,2: 3億円以上~10億円未満,3: 10億円以上~50億円未満,https://herp.co.jp/,,03-5792-5367,info@herp.co.jp,,,送信不可,,営業禁止の記載あり,
ＬｏｃａｔｉｏｎＭｉｎｄ株式会社,Webアプリ・サービス運営,,東京都,東京都千代田区神田司町２丁目８番１号ＰＭＯ神田司町４Ｆ,4: 50人以上~300人未満,3: 10億円以上~50億円未満,3: 10億円以上~50億円未満,https://locationmind.com/,,,,,,送信成功,2026/07/15,,
みんなのマーケット株式会社,Webアプリ・サービス運営,,東京都,東京都港区南青山２丁目５番１７号,4: 50人以上~300人未満,"1: 5,000万円以上~3億円未満",3: 10億円以上~50億円未満,https://minma.jp/,,050-3703-1556,,,,送信不可,, お問い合わせフォーム無し,
アディッシュプラス株式会社,Webアプリ・サービス運営,"その他マスコミ・出版,その他広告・制作,eコマース",茨城県,茨城県鹿嶋市宮中１丁目９番３５号,4: 50人以上~300人未満,,3: 10億円以上~50億円未満,https://adishplus.co.jp/,https://www.adishplus.co.jp/contact.php#canpro,098-869-8555,,,,送信不可,,メールに遷移・Googleフォーム,
Ｊａｐａｎ　Ｄｉｇｉｔａｌ　Ｄｅｓｉｇｎ株式会社,クラウド系/SaaS/ASPサービス,"銀行・金庫・組合,Webアプリ・サービス運営,デジタル系コンテンツ",東京都,東京都中央区日本橋本石町３丁目３番５号,4: 50人以上~300人未満,3: 10億円以上~50億円未満,3: 10億円以上~50億円未満,https://japan-d2.com/about,https://japan-d2.com/contacts,03-6225-5020,inquiry@japan-d2.com,,,送信成功,2026/07/15,,
株式会社サインド,Webアプリ・サービス運営,,東京都,東京都品川区西五反田８丁目４番１３号,4: 50人以上~300人未満,"1: 5,000万円以上~3億円未満",3: 10億円以上~50億円未満,https://cynd.co.jp/company/,http://cynd.co.jp/contact/,03-6277-2658,info@cynd.co.jp,,,送信成功,2026/07/15,,
株式会社ＦＬＩＮＴＥＲＳ,Webアプリ・サービス運営,"広告制作,その他広告・制作,総合広告代理店,書籍・メディア販売",東京都,東京都新宿区西新宿８丁目１７番１号,4: 50人以上~300人未満,"1: 5,000万円以上~3億円未満",3: 10億円以上~50億円未満,https://www.flinters-base.co.jp/,https://www.septeni-holdings.co.jp/contact/,03-5332-8505,,,,送信成功,2026/07/15,,
株式会社ＱＬＥＡＮ,Webアプリ・サービス運営,不動産管理,東京都,東京都千代田区神田佐久間町２丁目３番地,4: 50人以上~300人未満,2: 3億円以上~10億円未満,3: 10億円以上~50億円未満,https://about.gigbase.jp/about/,https://about.gigbase.jp/contact,03-5225-0353,,,,送信不可,,送信ボタンを押すことができない・エラー,
株式会社Ａｓｏｂｉｃａ,クラウド系/SaaS/ASPサービス,"その他IT,Webアプリ・サービス運営",東京都,東京都品川区西五反田２丁目２７番３号Ａ－ＰＬＡＣＥ五反田ビル９階,4: 50人以上~300人未満,"1: 5,000万円以上~3億円未満",3: 10億円以上~50億円未満,https://asobica.co.jp/company,,,info@asobica.co,,,送信成功,2026/07/15,,
株式会社メディア・ヴァーグ,Webアプリ・サービス運営,デジタル系コンテンツ,東京都,東京都世田谷区三軒茶屋２丁目１１番２２号,4: 50人以上~300人未満,"1: 5,000万円以上~3億円未満",3: 10億円以上~50億円未満,https://mediavague.co.jp/about/,http://mediavague.co.jp/contact/,03-5431-3771,info@mediavague.co.jp,,,送信成功,2026/07/15,,
株式会社トラストハブ,Webアプリ・サービス運営,,東京都,東京都千代田区神田佐久間町１丁目１３チョムチョム秋葉原６階,4: 50人以上~300人未満,,3: 10億円以上~50億円未満,https://trusthub.jp/,,,,,,送信不可,,必須項目の入力ができない（情報不足など）,
トリオシステムズ株式会社,Webアプリ・サービス運営,,東京都,東京都千代田区神田神保町１丁目１３ＣＯＮＶＥＸ神保町７階,4: 50人以上~300人未満,"1: 5,000万円以上~3億円未満",3: 10億円以上~50億円未満,https://www.triosys.co.jp/profile.html,http://www.triosys.co.jp/contact.html,03-5577-6306,info@triosys.co.jp,,,送信成功,2026/07/15,,
株式会社アラヤ,Webアプリ・サービス運営,その他IT,東京都,東京都千代田区神田佐久間町１丁目１１番地,4: 50人以上~300人未満,"1: 5,000万円以上~3億円未満",3: 10億円以上~50億円未満,https://www.araya.org/about/company/,http://www.araya.org/contact/,03-6550-9977,support@araya.org,,,送信成功,2026/07/15,,
オーティファイ株式会社,Webアプリ・サービス運営,クラウド系/SaaS/ASPサービス,東京都,東京都中央区東日本橋２丁目２２番１号,4: 50人以上~300人未満,,3: 10億円以上~50億円未満,https://autify.jp/about,https://autify.com/contact,,,,,送信不可,,必須項目の入力ができない（情報不足など）,
株式会社ＪＷＥＢＧＡＴＥ,Webアプリ・サービス運営,"ITインフラストラクチャー,受託開発,人材派遣,人材紹介",東京都,東京都中央区八丁堀１丁目９番６号,4: 50人以上~300人未満,"1: 5,000万円以上~3億円未満",3: 10億円以上~50億円未満,https://jwebgate.co.jp/,,,,,,送信成功,2026/07/16,,
株式会社日比谷リソースプランニング,Webアプリ・サービス運営,,東京都,東京都江東区東陽２丁目４番３８号,4: 50人以上~300人未満,"0: 5,000万円未満",3: 10億円以上~50億円未満,http://www.hibiya-rp.co.jp,http://www.hibiya-rp.co.jp/contact/,03-6666-7051,,,,送信不可,,メールに遷移・Googleフォーム,
エスディーテック株式会社,Webアプリ・サービス運営,,東京都,東京都港区港南２丁目１３番４０号,4: 50人以上~300人未満,2: 3億円以上~10億円未満,3: 10億円以上~50億円未満,https://www.sdtech.co.jp/company,https://www.sdtech.co.jp/contact,03-6433-1267,,,,送信成功,2026/07/16,,
デジタルグリッド株式会社,Webアプリ・サービス運営,,東京都,東京都港区赤坂１丁目７番１号,4: 50人以上~300人未満,3: 10億円以上~50億円未満,3: 10億円以上~50億円未満,https://www.digitalgrid.com/,http://www.digitalgrid.com/contact,,,,,送信成功,2026/07/16,,
株式会社ＣＲＥｉＳＴ,Webアプリ・サービス運営,その他IT,東京都,東京都品川区西五反田２丁目２５番２号,4: 50人以上~300人未満,"0: 5,000万円未満",3: 10億円以上~50億円未満,https://www.creist.co.jp/company_profile/outline/,,03-5843-6295,,,,送信成功,2026/07/16,,
株式会社ＤＧビジネステクノロジー,Webアプリ・サービス運営,"その他IT,その他広告・制作,ITインフラストラクチャー",東京都,東京都渋谷区恵比寿南３丁目５番７号,4: 50人以上~300人未満,"1: 5,000万円以上~3億円未満",3: 10億円以上~50億円未満,https://naviplus.dgbt.jp/,https://www.uniformnext.com/work-uniform/,03-6367-1458,info@naviplus.co.jp,,,送信成功,2026/07/16,,
株式会社ダイアログ,Webアプリ・サービス運営,"ソフトウェア販売,Web制作,受託開発",東京都,東京都品川区西五反田２丁目１２番３号第一誠実ビル８Ｆ,4: 50人以上~300人未満,"1: 5,000万円以上~3億円未満",3: 10億円以上~50億円未満,https://www.dialog-inc.com/company/,https://www.dialog-inc.com/top/contactus/contactus_for_company/,03-6421-7455,,,,送信成功,2026/07/16,,
株式会社スタンバイ,Webアプリ・サービス運営,"その他サービス,その他人材,その他広告・制作",東京都,東京都品川区西品川１丁目１番１号,4: 50人以上~300人未満,"1: 5,000万円以上~3億円未満",3: 10億円以上~50億円未満,https://stanby.co.jp/overview/,,,,,,送信不可,,必須項目の入力ができない（情報不足など）,
株式会社ＡｉｍｅｄｉｃＭＭＴ,医療機器,医療機器商社,東京都,東京都港区港南１丁目２番７０号,4: 50人以上~300人未満,"1: 5,000万円以上~3億円未満",4: 50億円以上~300億円未満,https://www.aimedicmmt.co.jp/company/outline/,https://www.aimedicmmt.co.jp/contact/index.html,03-5715-5211,,,,送信成功,2026/07/16,,
株式会社Ｓ．Ｂ．Ｃ．,Webアプリ・サービス運営,ITインフラストラクチャー,東京都,東京都新宿区西新宿２丁目１番１号,4: 50人以上~300人未満,"0: 5,000万円未満",3: 10億円以上~50億円未満,https://www.sbc-sol.co.jp/company/,http://www.sbc-sol.co.jp/contact/,03-5909-3661,info@sbc-sol.co.jp,,,送信成功,2026/07/16,,
ニフティライフスタイル株式会社,Webアプリ・サービス運営,"クラウド系/SaaS/ASPサービス,求人媒体運営・求人情報誌出版",東京都,東京都中野区本町２丁目４６番１号,4: 50人以上~300人未満,3: 10億円以上~50億円未満,3: 10億円以上~50億円未満,https://niftylifestyle.co.jp/,https://niftylifestyle.co.jp/ir/ir_contact/,,,,,送信不可,,必須項目の入力ができない（情報不足など）,
株式会社ファンくる,Webアプリ・サービス運営,"研究・調査・リサーチ,その他外食,その他サービス,その他コンサル",東京都,東京都千代田区岩本町１丁目１０番５号,4: 50人以上~300人未満,"1: 5,000万円以上~3億円未満",3: 10億円以上~50億円未満,https://www.fancrew.co.jp/company,https://www.fancrew.co.jp/contact,03-4400-6630,info@fancrew.co.jp,,,送信成功,2026/07/16,,
株式会社オルカ,ゲーム開発,,東京都,東京都新宿区新宿５丁目１５番５号新宿三光町ビル,4: 50人以上~300人未満,"0: 5,000万円未満",3: 10億円以上~50億円未満,https://www.orca-inc.co.jp/wp/,https://docs.google.com/forms/d/e/1FAIpQLSd5YKDtzfm56gBVBUP9DmOfKmZ2MxipviA4yc_BmbLm_6JmBg/viewform?embedded=true&amp;tc=565162&amp;formkey=dF8yTmhGVTJyZGJuOXNFaHRDOEN6cVE6MQ&amp;bc=ececec,,,,,送信成功,2026/07/16,,
トヨクモ株式会社,クラウド系/SaaS/ASPサービス,Webアプリ・サービス運営,東京都,東京都品川区上大崎３丁目１番１号,4: 50人以上~300人未満,2: 3億円以上~10億円未満,3: 10億円以上~50億円未満,https://www.toyokumo.co.jp/aboutus,https://form.kintoneapp.com/public/form/show/9e8ce614f6d6aee2a8792aaf142c8015434d73a6c67243cacfec3027e353a3be,050-3816-6666,,,,送信成功,2026/07/16,,
株式会社アイシス,Webアプリ・サービス運営,,東京都,東京都渋谷区広尾１丁目３番１４号,4: 50人以上~300人未満,"0: 5,000万円未満",2: 3億円以上~10億円未満,https://www.aisysnet.com/company/,https://www.aisysnet.com/contact/,03-6868-5558,privacy@aisysnet.com,,,送信成功,2026/07/16,,
ファーストアカウンティング株式会社,Webアプリ・サービス運営,"AI,経営コンサル,その他IT",東京都,東京都港区芝公園２丁目４番１号,4: 50人以上~300人未満,2: 3億円以上~10億円未満,3: 10億円以上~50億円未満,https://www.fastaccounting.jp/company/,https://www.fastaccounting.jp/contact/,03-6860-4668,,,,送信成功,2026/07/16,,
ギャレットモーションジャパン株式会社,Webアプリ・サービス運営,"計測機器・センサー,その他機械,その他乗り物,受託開発",東京都,東京都港区海岸１丁目１６番１号,4: 50人以上~300人未満,"1: 5,000万円以上~3億円未満",3: 10億円以上~50億円未満,https://www.garrettmotion.com/ja/corporate/our-story/,,03-6730-7149,,,,送信不可,, お問い合わせフォーム無し,
株式会社ＥＢＥ,Webアプリ・サービス運営,"中古車販売,新車販売",東京都,東京都千代田区神田淡路町２丁目２３番地１,4: 50人以上~300人未満,"0: 5,000万円未満",3: 10億円以上~50億円未満,http://www.e-b-e.co.jp/company/,http://www.e-b-e.co.jp/contact.html,03-5298-1851,,,,送信成功,2026/07/16,,
株式会社メディアドゥテック徳島,Webアプリ・サービス運営,"その他IT,その他コンサル,事務処理代行,人材派遣",徳島県,徳島県徳島市寺島本町西１丁目５番地,4: 50人以上~300人未満,"0: 5,000万円未満",0: 1億円未満,https://www.mdtt.jp/,https://www.mdtt.jp/contact/,088-676-3881,contact@mdtt.jp,,,送信成功,2026/07/16,,
株式会社イーエムエス新潟,Webアプリ・サービス運営,"電子部品,その他製造,機械設計",新潟県,新潟県新潟市中央区弁天１丁目１番２２号,4: 50人以上~300人未満,"0: 5,000万円未満",2: 3億円以上~10億円未満,https://ems-n.jp/,http://ems-n.jp/contact/,025-250-6655,systems@ems-n.jp,,,送信成功,2026/07/16,,
株式会社ＡｐｐＢｒｅｗ,Webアプリ・サービス運営,"化粧品販売,その他広告・制作",東京都,東京都文京区本郷１丁目１１－６東接本郷ビル４階,4: 50人以上~300人未満,3: 10億円以上~50億円未満,3: 10億円以上~50億円未満,https://appbrew.io/,,,mail@appbrew.io,,,送信成功,2026/07/16,,
株式会社ラボテック,医療機器,,東京都,東京都港区芝公園１丁目５番１３号,4: 50人以上~300人未満,"0: 5,000万円未満",3: 10億円以上~50億円未満,https://labotech.jp/company/,http://labotech-solutions.jp/contact/,03-5472-1600,,,,送信成功,2026/07/16,,
株式会社ロックシステム,Webアプリ・サービス運営,人材派遣,大阪府,大阪府大阪市福島区福島５丁目１番１２号,4: 50人以上~300人未満,"1: 5,000万円以上~3億円未満",1: 1億円以上~3億円未満,https://rocksystem.co.jp/about/,http://rocksystem.co.jp/,,,,,送信成功,2026/07/16,,
株式会社ストランザ,Webアプリ・サービス運営,,東京都,東京都港区新橋６丁目１７番２１号住友不動産御成門駅前ビル３階,4: 50人以上~300人未満,"1: 5,000万円以上~3億円未満",3: 10億円以上~50億円未満,https://stransa.co.jp/company/info/,http://stransa.co.jp/contact.html,03-5843-7526,,,,送信不可,,必須項目の入力ができない（情報不足など）,
株式会社マツリカ,Webアプリ・サービス運営,経営コンサル,東京都,東京都中央区東日本橋２丁目７番１号ＦＲＯＮＴＩＥＲ東日本橋６階,4: 50人以上~300人未満,3: 10億円以上~50億円未満,3: 10億円以上~50億円未満,https://mazrica.com/,https://mazrica.com/contact/,03-4405-8443,,,,送信成功,2026/07/16,,
株式会社ダブルスタンダード,Webアプリ・サービス運営,"その他IT,その他広告・制作",東京都,東京都港区南青山２丁目２番３号,4: 50人以上~300人未満,"1: 5,000万円以上~3億円未満",4: 50億円以上~300億円未満,https://double-std.com/company/about/,https://double-std.com/contact/,03-6384-5411,info@double-std.com,,,送信成功,2026/07/15,,
株式会社ＺＩＺＡＩ,Webアプリ・サービス運営,"コンテンツ制作,スマホアプリ,CM制作・映像制作,デジタル系コンテンツ",東京都,東京都港区六本木３丁目２番１号,4: 50人以上~300人未満,"1: 5,000万円以上~3億円未満",4: 50億円以上~300億円未満,https://zizai.co.jp/company/,https://duo7.co.jp/contact/,052-218-5222,info@duo7.co.jp,,,送信不可,,営業禁止の記載あり,
株式会社クラステクノロジー,Webアプリ・サービス運営,,東京都,東京都渋谷区代々木１丁目３５番４号,4: 50人以上~300人未満,2: 3億円以上~10億円未満,3: 10億円以上~50億円未満,https://www.class.co.jp/company/company_profile/,https://www.class.co.jp/contact/,,,,,送信成功,2026/07/15,,
帝人メディカルテクノロジー株式会社,医療機器,医療機器商社,大阪府,大阪府大阪市北区中之島２丁目３番３３号,4: 50人以上~300人未満,"1: 5,000万円以上~3億円未満",4: 50億円以上~300億円未満,https://teijin-medical.co.jp/about/company/,https://inquiry.teijin.co.jp/form/contact_med_jp.html,06-4706-2160,,,,送信成功,2026/07/15,,
株式会社カンム,クラウド系/SaaS/ASPサービス,"クレジット・決済代行,その他金融関連サービス,Webアプリ・サービス運営",東京都,東京都渋谷区恵比寿１丁目２０番１８号,4: 50人以上~300人未満,3: 10億円以上~50億円未満,4: 50億円以上~300億円未満,https://kanmu.co.jp/company/,https://docs.google.com/a/kanmu.co.jp/forms/d/e/1FAIpQLSelGQTLfYa81vf8tmaqjPTzXv3TaNFZFXKvg01dT8ZTQAMBVw/viewform,03-4455-9066,contact@kanmu.co.jp,,,送信成功,2026/07/15,,
株式会社ｆａｖｙ,Webアプリ・サービス運営,販促コンサル,東京都,東京都新宿区新宿３丁目１５番１１号,4: 50人以上~300人未満,"1: 5,000万円以上~3億円未満",3: 10億円以上~50億円未満,http://www.favy.co.jp/,https://senses-form.mazrica.com/webforms/?webformid=e9xDJun52qGd,03-4571-0859,info@favy.co.jp,,,送信成功,2026/07/15,,
株式会社ドラＥＶＥＲ,Webアプリ・サービス運営,"求人媒体運営・求人情報誌出版,Webアプリ・サービス運営",東京都,東京都港区新橋５丁目３４番３号,4: 50人以上~300人未満,"1: 5,000万円以上~3億円未満",3: 10億円以上~50億円未満,https://driverforever.com/,https://doraever.jp/contact,0120-314-192,info@doraever.jp,,,送信成功,2026/07/15,,
株式会社ナウキャスト,Webアプリ・サービス運営,"研究・調査・リサーチ,その他IT",東京都,東京都千代田区九段北１丁目８番１０号住友不動産九段ビル９階,4: 50人以上~300人未満,"1: 5,000万円以上~3億円未満",3: 10億円以上~50億円未満,https://nowcast.co.jp/about/,,03-6272-5550,info@nowcast.co.jp,,,送信不可,, お問い合わせフォーム無し,
Ｐｒｏｐ　Ｔｅｃｈ　ｐｌｕｓ株式会社,Webアプリ・サービス運営,Webアプリ・サービス運営,東京都,東京都千代田区内幸町２丁目１番６号日比谷パークフロント１９階,4: 50人以上~300人未満,"0: 5,000万円未満",3: 10億円以上~50億円未満,http://www.japan-reit.co.jp,https://proptech.plus/inquiry/,03-6205-8141,info-preit@japan-reit.com,,,送信成功,2026/07/15,,
みんなの未来株式会社,Webアプリ・サービス運営,"受託開発,ITインフラストラクチャー",東京都,東京都中央区日本橋小伝馬町１５番１７号,4: 50人以上~300人未満,"0: 5,000万円未満",3: 10億円以上~50億円未満,https://yourfuture.jp/com_profile,http://www.yourfuture.jp/contact,03-5829-9519,,,,送信成功,2026/07/15,,
株式会社ノースディテール,Webアプリ・サービス運営,"その他IT,ITコンサル",北海道,北海道札幌市中央区北一条西１丁目６番地,4: 50人以上~300人未満,"0: 5,000万円未満",3: 10億円以上~50億円未満,https://www.northdetail.co.jp/,https://www.northdetail.co.jp/contact/,,info@northdetail.co.jp,,,送信成功,2026/07/15,,
株式会社シンカ,クラウド系/SaaS/ASPサービス,Webアプリ・サービス運営,東京都,東京都千代田区神田錦町３丁目１７廣瀬ビル１０階,4: 50人以上~300人未満,2: 3億円以上~10億円未満,3: 10億円以上~50億円未満,https://www.thinca.co.jp/about/access/,https://www.thinca.co.jp/contact/,03-6721-0415,info@thinca.co.jp,,,送信不可,,送信ボタンを押すことができない・エラー,
株式会社Ｇｕｎｏｓｙ,Webアプリ・サービス運営,"クラウド系/SaaS/ASPサービス,その他IT",東京都,東京都渋谷区渋谷２丁目２４番１２号,4: 50人以上~300人未満,3: 10億円以上~50億円未満,4: 50億円以上~300億円未満,https://gunosy.co.jp/company/,http://gunosy.co.jp/contact/,03-6544-4560,customer@gunosy.com,,,送信成功,2026/07/15,,
株式会社ＵＳＥＮ　ＩＣＴ　Ｓｏｌｕｔｉｏｎｓ,情報セキュリティ,"ソフトウェア販売,PC・スマホ機器販売・修理",東京都,東京都品川区上大崎３丁目１番１号,4: 50人以上~300人未満,"0: 5,000万円未満",3: 10億円以上~50億円未満,https://usen-ict.co.jp/company/,,,,,,送信不可,, お問い合わせフォーム無し,
株式会社バカン,Webアプリ・サービス運営,"看板広告,ITコンサル,その他機械",東京都,東京都中央区新川２丁目８番４号,4: 50人以上~300人未満,"1: 5,000万円以上~3億円未満",3: 10億円以上~50億円未満,https://corp.vacan.com/company/about,https://corp.vacan.com/contact,03-6327-5533,,,,送信不可,,営業禁止の記載あり,
株式会社要,Webアプリ・サービス運営,"スマホアプリ,デジタル系コンテンツ,Web制作,デザイン,eコマース,食品店",東京都,東京都千代田区麹町２丁目２番地３,4: 50人以上~300人未満,"0: 5,000万円未満",3: 10億円以上~50億円未満,https://kanamekey.com/about/profile,https://kanamekey.com/contact,,info@kanamekey.com,,,送信成功,2026/07/15,,
キッズコネクト株式会社,クラウド系/SaaS/ASPサービス,"Webアプリ・サービス運営,その他医療・福祉",東京都,東京都港区港南２丁目１５番３号,4: 50人以上~300人未満,"1: 5,000万円以上~3億円未満",3: 10億円以上~50億円未満,https://www.kids-connect.jp/company/,https://www.kids-connect.jp/contact/,050-1743-2220,,,,送信不可,,文字数制限,
株式会社オロ宮崎,クラウド系/SaaS/ASPサービス,"その他IT,Webアプリ・サービス運営",宮崎県,宮崎県宮崎市橘通西２丁目４番２０号,4: 50人以上~300人未満,"0: 5,000万円未満",3: 10億円以上~50億円未満,https://www.oro-miyazaki.com/about-oro-miyazaki,https://docs.google.com/forms/d/e/1FAIpQLSd4nUH0232uJ7ggFh1CBGEvRU9snP6Lk0Ybqzwt2YLaGILTSg/viewform,0985-60-7340,,,,送信成功,2026/07/15,,
株式会社シナジー,Webアプリ・サービス運営,"日用品,バッグ・装飾品,食肉,健康食品,農産物,eコマース",沖縄県,沖縄県宜野湾市大山７丁目１０番１４号３階,4: 50人以上~300人未満,"1: 5,000万円以上~3億円未満",3: 10億円以上~50億円未満,https://synergy-okinawa.jp/,https://synergy-okinawa.jp/contact/,098-988-0184,,,,送信不可,, お問い合わせフォーム無し,
株式会社ＮＲＣ,Webアプリ・サービス運営,情報セキュリティ,東京都,東京都豊島区東池袋１丁目３２番７号,4: 50人以上~300人未満,"0: 5,000万円未満",3: 10億円以上~50億円未満,https://nrc-first.com/company/,https://nrc-first.com/contact/,03-6822-8814,,,,送信成功,2026/07/15,,
株式会社アクセルラボ,Webアプリ・サービス運営,クラウド系/SaaS/ASPサービス,東京都,東京都新宿区西新宿１丁目８番１号新宿ビルディング,4: 50人以上~300人未満,"1: 5,000万円以上~3億円未満",3: 10億円以上~50億円未満,https://accel-lab.com/,https://www.accel-lab.com/jp/contact,,,,,送信成功,2026/07/15,,
株式会社ＳｃｅｎｅＬｉｖｅ,Webアプリ・サービス運営,"クラウド系/SaaS/ASPサービス,ITコンサル",大阪府,大阪府大阪市中央区備後町３丁目４番１号,4: 50人以上~300人未満,"0: 5,000万円未満",3: 10億円以上~50億円未満,https://scene-live.com/company/,https://scene-live.com/contact/,06-7177-0220,,,,送信成功,2026/07/15,,
エルピクセル株式会社,Webアプリ・サービス運営,研究・調査・リサーチ,東京都,東京都千代田区大手町１丁目６－１,4: 50人以上~300人未満,2: 3億円以上~10億円未満,3: 10億円以上~50億円未満,https://lpixel.net/company/,https://lpixel.net/contact/,03-6259-1713,contact@lpixel.net,,,送信成功,2026/07/15,,
株式会社ＵＭＩＴＯ,Webアプリ・サービス運営,"セミナー,デジタル系コンテンツ",東京都,東京都千代田区紀尾井町４番１号ニューオータニガーデンコート,4: 50人以上~300人未満,,3: 10億円以上~50億円未満,https://corp.umito.jp/company/,https://corp.umito.jp/contact/,,info-cs@horijuku.jp,,,送信成功,2026/07/15,,
ジェムドロップ株式会社,ゲーム開発,コンテンツ制作,東京都,東京都調布市調布ケ丘１丁目１８番地１,4: 50人以上~300人未満,"0: 5,000万円未満",4: 50億円以上~300億円未満,https://www.gemdrops.co.jp/company.html,http://www.gemdrops.co.jp/contact.html,,contact@gemdrops.co.jp,,,送信不可,, お問い合わせフォーム無し,
サーモフィッシャーダイアグノスティックス株式会社,医療機器,その他IT,東京都,東京都港区芝浦４丁目２番８号,4: 50人以上~300人未満,,3: 10億円以上~50億円未満,https://www.aperza.com/company/page/6749,https://www.aperza.com/company/page/6749,03-5826-1660,,,,送信不可,, お問い合わせフォーム無し,
株式会社ＯＲＥＮＤＡ　ＷＯＲＬＤ,ゲーム開発,"経営コンサル,動画制作・CG制作,CM制作・映像制作",東京都,東京都港区北青山１丁目３番６号ＳＩビル青山,4: 50人以上~300人未満,"1: 5,000万円以上~3億円未満",1: 1億円以上~3億円未満,https://orenda.co.jp/company/,https://orenda.co.jp/contact/,03-6276-3191,,,,送信成功,2026/07/15,,
ファンズ株式会社,Webアプリ・サービス運営,その他金融関連サービス,東京都,東京都渋谷区恵比寿西１丁目１０番１１号,4: 50人以上~300人未満,3: 10億円以上~50億円未満,3: 10億円以上~50億円未満,https://corp.funds.jp/,https://funds.jp/contact/,,user_support@crowdport.jp,,,送信成功,2026/07/15,,
株式会社Ｗｉｄｓｌｅｙ,Webアプリ・サービス運営,クラウド系/SaaS/ASPサービス,東京都,東京都渋谷区東３丁目９番１９号ＶＯＲＴ恵比寿ｍａｘｉｍ,4: 50人以上~300人未満,,3: 10億円以上~50億円未満,https://widsley.com/,https://widsley.com/contact,,,,,送信成功,2026/07/15,,
株式会社ＷＡＣＵＬ,Webアプリ・サービス運営,"AI,経営コンサル,その他広告・制作",東京都,東京都千代田区神田小川町３丁目２６－８－２Ｆ,4: 50人以上~300人未満,2: 3億円以上~10億円未満,3: 10億円以上~50億円未満,https://wacul.co.jp/about,https://wacul.co.jp/contact/,03-5244-5535,info@wacul.co.jp,,,送信成功,2026/07/15,,
合同会社Ｚｅｎｄｅｓｋ,Webアプリ・サービス運営,ソフトウェア販売,東京都,東京都中央区京橋２丁目２番１号京橋エドグラン,4: 50人以上~300人未満,,3: 10億円以上~50億円未満,https://www.zendesk.co.jp/,https://www.zendesk.co.jp/contact/,03-6757-0911,,,,送信成功,2026/07/15,,
株式会社アバントグループ,Webアプリ・サービス運営,"業務請負,その他IT",東京都,東京都港区港南２丁目１５番２号,4: 50人以上~300人未満,2: 3億円以上~10億円未満,4: 50億円以上~300億円未満,https://www.avantgroup.com/ja/corporate/outline.html,https://www.avantcorp.com/contact/inquiry/,03-6864-0100,,,,送信成功,2026/07/15,,
株式会社Ｎｉｎｔ,クラウド系/SaaS/ASPサービス,,東京都,東京都新宿区西新宿８丁目１７番１号,4: 50人以上~300人未満,,3: 10億円以上~50億円未満,https://www.nint.jp/corp/about-us/,https://www.nint.jp/ec/contact/,,,,,送信不可,, お問い合わせフォーム無し,
株式会社アイスタンダード,Webアプリ・サービス運営,"その他IT,ITコンサル,受託開発",東京都,東京都品川区西五反田２丁目２７－３Ａ－ＰＬＡＣＥ五反田８Ｆ,4: 50人以上~300人未満,"0: 5,000万円未満",3: 10億円以上~50億円未満,https://engineer-shukatu.jp/company-10504/,https://www.i-standard.jp/contact/,03-5447-5137,info@i-standard.jp,,,送信成功,2026/07/15,,
クロスマート株式会社,クラウド系/SaaS/ASPサービス,,東京都,東京都千代田区神田神保町１丁目２８番地１ｍｉｒｉｏ神保町４階,4: 50人以上~300人未満,,3: 10億円以上~50億円未満,https://xmart.co.jp/company,https://xmart.co.jp/contact-sales,,info@xmart.co.jp,,,送信不可,,必須項目の入力ができない（情報不足など）,
株式会社共同通信デジタル,Webアプリ・サービス運営,"経営コンサル,デジタル系コンテンツ,販促コンサル,新聞",東京都,東京都港区東新橋１丁目７番１号,4: 50人以上~300人未満,"1: 5,000万円以上~3億円未満",3: 10億円以上~50億円未満,https://corp.kyodo-d.jp/profile/,https://corp.kyodo-d.jp/inquiry/,03-6252-6401,,,,送信不可,, お問い合わせフォーム無し,
株式会社ソニックス,Webアプリ・サービス運営,"クラウド系/SaaS/ASPサービス,その他IT,スマホアプリ,電子機器",東京都,東京都品川区西五反田７丁目９番５号,4: 50人以上~300人未満,"1: 5,000万円以上~3億円未満",3: 10億円以上~50億円未満,https://www.sonix.asia/company/,https://www.sonix.asia/contact,,info@sonix.asia,,,送信成功,2026/07/15,,
株式会社アクロネット,Webアプリ・サービス運営,"その他IT,求人媒体運営・求人情報誌出版",東京都,東京都中央区日本橋本町４丁目８番１５号,4: 50人以上~300人未満,"0: 5,000万円未満",3: 10億円以上~50億円未満,https://www.acro-net.co.jp/company/,https://www.acro-net.co.jp/contact/,03-4530-0003,maneger@acro-net.com,,,送信成功,2026/07/16,,
株式会社スリーリングス,ゲーム開発,,神奈川県,神奈川県横浜市西区北幸２丁目５番１５号,4: 50人以上~300人未満,"0: 5,000万円未満",3: 10億円以上~50億円未満,http://www.three-rings.net/wp/,http://www.three-rings.net/wp/contact/,,,,,送信成功,2026/07/16,,
株式会社Ｃ－ｍｉｎｄ,Webアプリ・サービス運営,"ソフトウェア販売,組織コンサル,不動産コンサル,人材紹介,受託開発",東京都,東京都新宿区大久保２丁目５番２３号,4: 50人以上~300人未満,"0: 5,000万円未満",3: 10億円以上~50億円未満,https://cmind-co.jp/,https://cmind-co.jp/contact/,03-6861-2883,info@cmind-co.jp,,,送信成功,2026/07/16,,
株式会社アプリズム,Webアプリ・サービス運営,太陽光発電,大阪府,大阪府大阪市中央区南船場２丁目９－８シマノ・住友生命ビル１階,4: 50人以上~300人未満,"1: 5,000万円以上~3億円未満",3: 10億円以上~50億円未満,https://apprhythm.co.jp/company/,https://apprhythm.co.jp/contact/,050-3637-1251,kyujin@apprhythm.co.jp,,,送信成功,2026/07/16,,
株式会社ＳＩＧＮＡＴＥ,Webアプリ・サービス運営,"ITコンサル,人材派遣",東京都,東京都中央区築地２丁目１番４号銀座ＰＲＥＸＥａｓｔ２階,4: 50人以上~300人未満,"1: 5,000万円以上~3億円未満",3: 10億円以上~50億円未満,https://cloud.signate.jp/contact,https://cloud.signate.jp/contact,,info@signate.co.jp,,,送信不可,,営業禁止の記載あり,
ソーシャルデータバンク株式会社,Webアプリ・サービス運営,"セミナー,Webマーケコンサル,販促コンサル,その他IT",東京都,東京都港区海岸１丁目９番１号,4: 50人以上~300人未満,"0: 5,000万円未満",3: 10億円以上~50億円未満,https://social-db.co.jp/,http://social-db.co.jp/contact/,050-3196-1571,info@social-db.co.jp,,,送信成功,2026/07/16,,
デザミス株式会社,Webアプリ・サービス運営,その他コンサル,東京都,東京都江東区青海２丁目７番４号,4: 50人以上~300人未満,2: 3億円以上~10億円未満,3: 10億円以上~50億円未満,https://www.desamis.co.jp/company,https://www.desamis.co.jp/contact/,03-6380-7239,contact@desamis.co.jp,,,送信不可,,必須項目の入力ができない（情報不足など）,
株式会社Ａｚｏｏｐ,Webアプリ・サービス運営,"その他サービス,中古車販売,eコマース",東京都,東京都千代田区神田神保町３丁目２７番地７,4: 50人以上~300人未満,3: 10億円以上~50億円未満,3: 10億円以上~50億円未満,https://azoop.co.jp/,https://azoop.co.jp/contact,03-5787-6802,info@azoop.co.jp,,,送信成功,2026/07/16,,
データインデックス株式会社,Webアプリ・サービス運営,,東京都,東京都港区芝大門２丁目５番５号住友芝大門ビル,4: 50人以上~300人未満,,3: 10億円以上~50億円未満,https://www.data-index.co.jp/company/,https://www.data-index.co.jp/contact/,03-6453-7150,,,,送信不可,, お問い合わせフォーム無し,
ＣＭＣ　Ｊａｐａｎ株式会社,Webアプリ・サービス運営,ソフトウェア販売,東京都,東京都品川区北品川５丁目１番１８号住友不動産大崎ツインビル東館７階,4: 50人以上~300人未満,"0: 5,000万円未満",3: 10億円以上~50億円未満,https://www.offshore-kaihatsu.com/mypage/cmc-japan/,,090-4243-0351,,,,送信不可,, お問い合わせフォーム無し,
ＧＶＡ　ＴＥＣＨ株式会社,クラウド系/SaaS/ASPサービス,,東京都,東京都港区虎ノ門３丁目４番７号,4: 50人以上~300人未満,2: 3億円以上~10億円未満,3: 10億円以上~50億円未満,https://gvatech.co.jp/,https://gvatech.co.jp/contact,03-6274-8260,contact@gvatech.co.jp,,,送信不可,, お問い合わせフォーム無し,
株式会社ドリームジャック,Webアプリ・サービス運営,その他IT,大阪府,大阪府大阪市淀川区西中島５丁目１１番３号,4: 50人以上~300人未満,"0: 5,000万円未満",3: 10億円以上~50億円未満,https://www.dream-jack.com/company-information,https://www.dream-jack.com/contact/,06-6885-6371,info@dream-jack.com,,,送信成功,2026/07/16,,
株式会社エイコウ,Webアプリ・サービス運営,受託開発,東京都,東京都千代田区神田須田町１丁目２８番地フォーラス神田６階,4: 50人以上~300人未満,"0: 5,000万円未満",2: 3億円以上~10億円未満,https://eikoh-info.co.jp/,https://eikoh-info.co.jp/otoiawase/,03-6384-0051,,,,送信不可,, お問い合わせフォーム無し,
株式会社ナンバーナイン,Webアプリ・サービス運営,,東京都,東京都品川区西五反田４丁目３２番１号東京日産西五反田ビル７階,4: 50人以上~300人未満,"1: 5,000万円以上~3億円未満",3: 10億円以上~50億円未満,https://corp.no9.co.jp/about,https://corp.no9.co.jp/contact,,info@no9.co.jp,,,送信成功,2026/07/16,,
株式会社ＥＶＥＮＴＩＦＹ,Webアプリ・サービス運営,"販促コンサル,ITコンサル",東京都,東京都新宿区山吹町３４７番地,4: 50人以上~300人未満,"1: 5,000万円以上~3億円未満",3: 10億円以上~50億円未満,https://eventify.co.jp/company/,https://www.eventify.co.jp/contact,03-5946-8490,,,,送信成功,2026/07/16,,
株式会社ミマモルメ,Webアプリ・サービス運営,,大阪府,大阪府大阪市福島区福島３丁目１４番２４号,4: 50人以上~300人未満,"1: 5,000万円以上~3億円未満",3: 10億円以上~50億円未満,https://www.hanshin-anshin.jp/,https://www.hanshin-anshin.jp/inquiry/,06-6734-6900,,,,送信不可,, お問い合わせフォーム無し,
ベストスキップ株式会社,Webアプリ・サービス運営,"受託開発,ITインフラストラクチャー",東京都,東京都品川区大崎１丁目６番１号,4: 50人以上~300人未満,"1: 5,000万円以上~3億円未満",3: 10億円以上~50億円未満,https://bestskip.com/company,,03-5614-0358,,,,送信不可,,別サイトに遷移してしまう・サイトが開けない,
株式会社サンブリッジ,クラウド系/SaaS/ASPサービス,"その他IT,Webアプリ・サービス運営,販促コンサル,その他コンサル",東京都,東京都渋谷区恵比寿南１丁目５番５号,4: 50人以上~300人未満,"1: 5,000万円以上~3億円未満",3: 10億円以上~50億円未満,https://www.sunbridge.com/company/,https://www.sunbridge.com/inquiry/,03-5488-6010,sb15511@sunbridge.com,,,送信不可,, お問い合わせフォーム無し,
株式会社ゼロスピリッツ,Webアプリ・サービス運営,"クラウド系/SaaS/ASPサービス,その他IT",東京都,東京都中央区日本橋馬喰町２丁目３－３秋葉原ファーストスクエア１０階,4: 50人以上~300人未満,"0: 5,000万円未満",1: 1億円以上~3億円未満,https://www.zero-spi.com/access/,https://www.zero-spi.com/contact/,03-6451-4333,info@zero-spi.com,,,送信成功,2026/07/16,,
リンクトイン・ジャパン株式会社,Webアプリ・サービス運営,Webマーケコンサル,東京都,東京都港区赤坂９丁目７番１号ミッドタウン・タワー,4: 50人以上~300人未満,,3: 10億円以上~50億円未満,https://jinjibu.jp/corporate/linkedin/,https://jinjibu.jp/corporate/apply/3514/,,,,,送信不可,, お問い合わせフォーム無し,
株式会社コラボスタイル,Webアプリ・サービス運営,"ソフトウェア販売,その他IT",愛知県,愛知県名古屋市中村区名駅１丁目１番１号,4: 50人以上~300人未満,"1: 5,000万円以上~3億円未満",3: 10億円以上~50億円未満,https://corp.collabo-style.co.jp/info/,https://corp.collabo-style.co.jp/contact/?_gl=1*156k7uy*_gcl_au*NTYyMDIxMjczLjE3ODQxNjM5OTc.*_ga*MjEwMjQyMjM4NS4xNzg0MTYzOTk3*_ga_GZX5WRHV4F*czE3ODQxNjM5OTYkbzEkZzEkdDE3ODQxNjQwMzQkajIyJGwwJGg3MDI3MDU5NjU.,03-6261-2282,,,,送信成功,2026/07/16,,
ｔｒｉｐｌａ株式会社,Webアプリ・サービス運営,"ITインフラストラクチャー,海外旅行・海外留学",東京都,東京都新宿区西新宿４丁目１５番３号,4: 50人以上~300人未満,2: 3億円以上~10億円未満,3: 10億円以上~50億円未満,https://tripla.io/ir/overview/,https://form.typeform.com/to/mr1ZNKmv?typeform-source=tripla-survey.typeform.com,03-6276-6553,,,,送信不可,, お問い合わせフォーム無し,
株式会社ＦｉｎＴ,Webアプリ・サービス運営,"化粧品販売,Webマーケコンサル,デジタル系コンテンツ",東京都,東京都渋谷区恵比寿１丁目１８番１４号,4: 50人以上~300人未満,"0: 5,000万円未満",3: 10億円以上~50億円未満,https://fint.co.jp/company,https://fint.co.jp/contact,070-3602-6148,hello@syrene.jp,,,送信不可,, お問い合わせフォーム無し,
株式会社ＸＡＩＯＮ　ＤＡＴＡ,クラウド系/SaaS/ASPサービス,ITコンサル,東京都,東京都渋谷区南平台町１６－２８Ｄａｉｗａ渋谷スクエア６Ｆ,4: 50人以上~300人未満,,3: 10億円以上~50億円未満,https://xaiondata.co.jp/,https://www.xaiondata.co.jp/contact,,contact@xaiondata.co.jp,,,送信成功,2026/07/16,,
ＴＯＰＰＡＮペイメンツ株式会社,Webアプリ・サービス運営,クレジット・決済代行,東京都,東京都港区高輪２丁目２１番２号,4: 50人以上~300人未満,"1: 5,000万円以上~3億円未満",4: 50億円以上~300億円未満,https://thincacloud.jp/,https://contact.tfps.co.jp/webinq/,03-6302-0050,,,,送信不可,,文字数制限,
株式会社スタイルポート,Webアプリ・サービス運営,その他不動産,東京都,東京都渋谷区神宮前４丁目３番１５号東京セントラル表参道,4: 50人以上~300人未満,3: 10億円以上~50億円未満,3: 10億円以上~50億円未満,https://styleport.co.jp/about/,https://styleport.co.jp/contact/,03-6812-9555,contact-info@styleport.co.jp,,,送信成功,2026/07/16,,
リンクティビティ株式会社,クラウド系/SaaS/ASPサービス,,東京都,東京都千代田区内幸町２丁目１番６号,4: 50人以上~300人未満,3: 10億円以上~50億円未満,3: 10億円以上~50億円未満,https://www.linktivity.co.jp/about,,,,,,送信不可,, お問い合わせフォーム無し,
エナジー・ソリューションズ株式会社,Webアプリ・サービス運営,"太陽光発電,その他IT,再生可能エネルギー,その他機械",東京都,東京都千代田区神田駿河台２丁目３番地１１,4: 50人以上~300人未満,"1: 5,000万円以上~3億円未満",3: 10億円以上~50億円未満,https://www.energy-itsol.com/company/profile.html,http://www.energy-itsol.com/contact.html,03-6256-8095,info@energy-itsol.com,,,送信成功,2026/07/16,,
株式会社ＬＩＦＵＬＬ　ｓｅｎｉｏｒ,Webアプリ・サービス運営,その他医療・福祉,東京都,東京都千代田区麹町１丁目４番地４,4: 50人以上~300人未満,"1: 5,000万円以上~3億円未満",3: 10億円以上~50億円未満,https://lifull-senior.com/,https://f.msgs.jp/webapp/form/13428_mwt_39/index.do,03-6774-1600,,,,送信成功,2026/07/16,,
株式会社ＬＯＷＣＡＬ,Webアプリ・サービス運営,,東京都,東京都渋谷区恵比寿西１丁目９番６号アストウルビル５Ｆ,4: 50人以上~300人未満,"0: 5,000万円未満",3: 10億円以上~50億円未満,https://l-owcal.com/,https://l-owcal.com/contact/,03-6809-0467,info@l-owcal.com,,,送信不可,,文字数制限,
株式会社グラファー,クラウド系/SaaS/ASPサービス,,東京都,東京都渋谷区千駄ヶ谷１丁目５番８号,4: 50人以上~300人未満,,3: 10億円以上~50億円未満,https://graffer.jp/,https://graffer.jp/contact-confirm,,,,,送信成功,2026/07/16,,
株式会社ワンオアエイト,ゲーム開発,"Webアプリ・サービス運営,その他ゲーム,ゲーム・アニメデザイン",東京都,東京都千代田区神田錦町２丁目２番１号,4: 50人以上~300人未満,"0: 5,000万円未満",3: 10億円以上~50億円未満,https://one-or-eight.co.jp/,http://one-or-eight.co.jp/contact/index.html,,,,,送信成功,2026/07/16,,
クラスター株式会社,Webアプリ・サービス運営,"クラウド系/SaaS/ASPサービス,その他ゲーム",東京都,東京都品川区西五反田８丁目９番５号,4: 50人以上~300人未満,"1: 5,000万円以上~3億円未満",3: 10億円以上~50億円未満,https://corp.cluster.mu/company,https://help.cluster.mu/hc/ja/requests/new?_gl=1*12h29tb*_ga*MjEzNTE2MjU0OS4xNzg0MTY3MTU2*_ga_ZWPEWZRNHJ*czE3ODQxNjcxNTUkbzEkZzAkdDE3ODQxNjcxNTckajYwJGwwJGgxNDg5NzY0MzAy*_gcl_au*MTE2Mzk2NjkxMS4xNzg0MTY3MTU3,,,,,送信不可,,必須項目の入力ができない（情報不足など）,
株式会社ブルード,Webアプリ・サービス運営,"セミナー,保険代理店,海外旅行・海外留学,その他コンサル",東京都,東京都目黒区青葉台３丁目６－２８住友不動産青葉台タワー７階,4: 50人以上~300人未満,"0: 5,000万円未満",3: 10億円以上~50億円未満,https://blued.jp/about,http://blued.jp/contact,03-5431-3020,info@blued.jp,,,送信成功,2026/07/16,,
エムアイエス株式会社,Webアプリ・サービス運営,"受託開発,産業用ロボット,精密機器",東京都,東京都新宿区市谷本村町２番５号,4: 50人以上~300人未満,"1: 5,000万円以上~3億円未満",3: 10億円以上~50億円未満,https://www.mttis.co.jp/co/profile/,,03-6280-8562,,,,送信不可,, お問い合わせフォーム無し,
株式会社インゲージ,クラウド系/SaaS/ASPサービス,"その他IT,Webアプリ・サービス運営",大阪府,大阪府大阪市北区芝田１丁目１４番８号,4: 50人以上~300人未満,3: 10億円以上~50億円未満,3: 10億円以上~50億円未満,https://ingage.co.jp/,https://ingage.co.jp/contact,6680952940,contact@ingage.jp,,,送信成功,2026/07/16,,
セカンドサイトアナリティカ株式会社,Webアプリ・サービス運営,,東京都,東京都千代田区神田西福田町３番地,4: 50人以上~300人未満,2: 3億円以上~10億円未満,3: 10億円以上~50億円未満,https://www.sxi.co.jp/company,https://www.sxi.co.jp/contact,,info@sxi.co,,,送信成功,2026/07/16,,
株式会社Ｓｍａｌｌｉｔ,Webアプリ・サービス運営,受託開発,愛知県,愛知県名古屋市中区錦２丁目２番２号名古屋丸紅ビル９Ｆ,4: 50人以上~300人未満,"0: 5,000万円未満",2: 3億円以上~10億円未満,https://smallit.co.jp/company/,https://smallit.co.jp/contact/,052-218-5878,,,,送信成功,2026/07/16,,
株式会社ＺＵＵ,Webアプリ・サービス運営,"Webマーケコンサル,デジタル系コンテンツ,ITコンサル,その他コンサル,その他金融関連サービス,販促コンサル,広告運用コンサル",東京都,東京都港区麻布台１丁目３番１号,4: 50人以上~300人未満,2: 3億円以上~10億円未満,3: 10億円以上~50億円未満,https://zuu.co.jp/,https://zuu.co.jp/inquiry_detail/id=9,,,,,送信成功,2026/07/16,,
ＣＬＰＳ　Ｔｅｃｈｎｏｌｏｇｙ　Ｊａｐａｎ株式会社,Webアプリ・サービス運営,,東京都,東京都中央区日本橋蛎殻町１丁目３６番３号東洋ビル４Ｆ,4: 50人以上~300人未満,"0: 5,000万円未満",2: 3億円以上~10億円未満,https://clps.co.jp/,https://clps.co.jp/%e5%95%8f%e3%81%84%e5%90%88%e3%82%8f%e3%81%9b/,,,,,送信成功,2026/07/16,,
株式会社フォトラクション,クラウド系/SaaS/ASPサービス,"その他IT,Webアプリ・サービス運営",東京都,東京都品川区西五反田７丁目９番５号,4: 50人以上~300人未満,3: 10億円以上~50億円未満,3: 10億円以上~50億円未満,https://corporate.photoruction.com/company/info,https://corporate.photoruction.com/contact,,,,,送信成功,2026/07/16,,
株式会社ファミリーデンタルサービス,医療機器,,大阪府,大阪府大阪市住吉区山之内１丁目２７番２８号,4: 50人以上~300人未満,"0: 5,000万円未満",3: 10億円以上~50億円未満,http://familydentalservice221.com/,http://familydentalservice221.com/contact/,06-6699-8241,,,,送信成功,2026/07/16,,
株式会社Ｚｅｈｉｔｏｍｏ,Webアプリ・サービス運営,その他サービス,東京都,東京都品川区西五反田７丁目２２番１７号,4: 50人以上~300人未満,,3: 10億円以上~50億円未満,https://www.zehitomo.com,https://support.zehitomo.com/hc/ja/requests/new,050-3186-4641,info@zehitomo.com,,,送信不可,,必須項目の入力ができない（情報不足など）,
株式会社アイティープラス,Webアプリ・サービス運営,"ITコンサル,受託開発",鹿児島県,鹿児島県鹿屋市寿２丁目８－１７－１,4: 50人以上~300人未満,"0: 5,000万円未満",3: 10億円以上~50億円未満,https://it-p.info/company,https://it-p.info/contact/,0994-45-5420,,,,送信成功,2026/07/16,,
株式会社ＫＰＭＧ　Ｉｇｎｉｔｉｏｎ　Ｔｏｋｙｏ,Webアプリ・サービス運営,,東京都,東京都千代田区大手町１丁目６番１号,4: 50人以上~300人未満,,3: 10億円以上~50億円未満,https://home.kpmg/jp/ja/home/about/kit.html,https://kpmg.com/jp/ja/misc/generic-contact-page.html,,,,,送信成功,2026/07/16,,
アトラシアン株式会社,Webアプリ・サービス運営,ソフトウェア販売,神奈川県,神奈川県横浜市西区みなとみらい２丁目２番１号横浜ランドマークタワー１４階,4: 50人以上~300人未満,,3: 10億円以上~50億円未満,https://www.atlassian.com/ja/,https://support.atlassian.com/ja/contact/,045-330-9081,contactjp@atlassian.com,,,送信不可,,別サイトに遷移してしまう・サイトが開けない,
ＭｙＤｅａｒｅｓｔ株式会社,Webアプリ・サービス運営,,東京都,東京都中央区日本橋馬喰町２丁目７番１５号ザ・パークレックス日本橋馬喰町５Ｆ,4: 50人以上~300人未満,"1: 5,000万円以上~3億円未満",3: 10億円以上~50億円未満,https://mydearestvr.com/company/about.html,https://forms.gle/MoNZFCPXnNNUNkaA6,,,,,送信成功,2026/07/16,,
株式会社アズールドットネット,Webアプリ・サービス運営,ITコンサル,東京都,東京都品川区北品川１丁目８番１１号,4: 50人以上~300人未満,"0: 5,000万円未満",3: 10億円以上~50億円未満,https://www.adsur.jp/,https://www.adsur.jp/landing#contact,03-6718-4870,info@adsur.jp,,,送信不可,, お問い合わせフォーム無し,
株式会社コマースロボティクス,クラウド系/SaaS/ASPサービス,Webアプリ・サービス運営,東京都,東京都港区新橋５丁目１０番５号ＰＭＯ新橋Ⅱ４階,4: 50人以上~300人未満,2: 3億円以上~10億円未満,3: 10億円以上~50億円未満,https://commerce-robotics.com,,03-4431-1337,info@commerce-robotics.com,,,送信不可,, お問い合わせフォーム無し,
株式会社キッズスター,Webアプリ・サービス運営,,東京都,東京都渋谷区神泉町９番５号,4: 50人以上~300人未満,"0: 5,000万円未満",2: 3億円以上~10億円未満,https://www.kidsstar.co.jp/,https://www.kidsstar.co.jp/contact/,03-6805-5625,,,,送信成功,2026/07/16,,
株式会社メディカルノート,Webアプリ・サービス運営,"その他サービス,経営コンサル,その他医療・福祉",東京都,東京都港区東新橋２丁目３番３号,4: 50人以上~300人未満,"1: 5,000万円以上~3億円未満",3: 10億円以上~50億円未満,https://medicalnote.co.jp/about,https://medicalnote.co.jp/contact,03-4500-9450,info@medicalnote.co.jp,,,送信成功,2026/07/16,,
アラームボックス株式会社,Webアプリ・サービス運営,"その他金融関連サービス,その他不動産,不動産管理",東京都,東京都新宿区市谷本村町３番２２号,4: 50人以上~300人未満,2: 3億円以上~10億円未満,3: 10億円以上~50億円未満,https://alarmbox.co.jp/,https://alarmbox.co.jp/contact/,03-6261-0351,info@alarmbox.co.jp,,,送信成功,2026/07/16,,
株式会社ＯＫＩアイディエス,Webアプリ・サービス運営,"医療機器,その他製造",群馬県,群馬県高崎市双葉町３番１号,4: 50人以上~300人未満,"1: 5,000万円以上~3億円未満",3: 10億円以上~50億円未満,https://www.oki-oids.jp/company/company.html,https://www.oki-oids.jp/inq/inq.html,027-323-2813,,,,送信不可,,営業禁止の記載あり,
マネーツリー株式会社,Webアプリ・サービス運営,,東京都,東京都港区西麻布３丁目１３番３号カスタリア広尾２階,4: 50人以上~300人未満,3: 10億円以上~50億円未満,3: 10億円以上~50億円未満,https://getmoneytree.com/jp/company/profile,https://moneytree.jp/jp/link/contact,,support@moneytree.jp,,,送信不可,,営業禁止の記載あり,
Ｓｔｕｄｉｏ株式会社,Webアプリ・サービス運営,,東京都,東京都目黒区青葉台３丁目６番２８号住友不動産青葉台タワー９階,4: 50人以上~300人未満,,3: 10億円以上~50億円未満,https://studio.inc/,https://studio.design/ja/support,,info@studio.design,,,送信不可,, お問い合わせフォーム無し,
株式会社Ｔｉｍｅｒｓ,Webアプリ・サービス運営,"デザイン,その他広告・制作",東京都,東京都渋谷区恵比寿４丁目２０番７号恵比寿ガーデンプレイスセンタープラザ棟Ｂ１,4: 50人以上~300人未満,,3: 10億円以上~50億円未満,https://timers-inc.com/about,http://timers-inc.com/contact,,info@famm.us,,,送信成功,2026/07/16,,
株式会社くふうウェディング,Webアプリ・サービス運営,ブライダル,東京都,東京都中央区銀座２丁目６番７号,4: 50人以上~300人未満,3: 10億円以上~50億円未満,3: 10億円以上~50億円未満,https://wedding.kufu.co.jp/,https://docs.google.com/forms/d/e/1FAIpQLSemVyUOmnROKFVIWak85fZbnhW-L2_Nse7zSfi71ltdz3Ff2Q/viewform,03-3549-0211,,,,送信成功,2026/07/16,,
株式会社クラッソーネ,Webアプリ・サービス運営,"求人媒体運営・求人情報誌出版,その他不動産,デジタル系コンテンツ",愛知県,愛知県名古屋市中区栄２丁目１１番３０号セントラルビル５Ｆ,4: 50人以上~300人未満,3: 10億円以上~50億円未満,3: 10億円以上~50億円未満,https://construction.crassone.jp/privacy-policy/,https://www.crassone.co.jp/contact/,052-589-8085,info@crassone.co.jp,,,送信成功,2026/07/16,,
株式会社アジレット,Webアプリ・サービス運営,受託開発,東京都,東京都台東区寿１丁目５番９号,4: 50人以上~300人未満,"0: 5,000万円未満",3: 10億円以上~50億円未満,https://agile-t.com/,https://agile-t.com/contact/,03-6806-0613,,,,送信成功,2026/07/16,,
ＡＩデータ株式会社,クラウド系/SaaS/ASPサービス,"その他IT,情報セキュリティ,その他コンサル",東京都,東京都港区虎ノ門５丁目１番５号メトロシティ神谷町,4: 50人以上~300人未満,"1: 5,000万円以上~3億円未満",3: 10億円以上~50億円未満,https://www.aidata.co.jp/company/access/,https://form.aosdata.co.jp/corporate/inquiry0002-input/,03-6809-2578,,,,送信不可,, お問い合わせフォーム無し,
株式会社ＥＰＡＲＫリラク＆エステ,Webアプリ・サービス運営,その他サービス,東京都,東京都港区芝浦４丁目１６番２５号,4: 50人以上~300人未満,"1: 5,000万円以上~3億円未満",3: 10億円以上~50億円未満,https://www.epark-relax.co.jp/company,https://mitsuraku.jp/inquiry/,0120-975-778,,,,送信不可,, お問い合わせフォーム無し,
株式会社オプティマインド,Webアプリ・サービス運営,受託開発,愛知県,愛知県名古屋市中区栄２丁目１１番３０号セントラルビル９Ｆ,4: 50人以上~300人未満,"1: 5,000万円以上~3億円未満",3: 10億円以上~50億円未満,https://www.optimind.tech/company/,http://www.optimind.tech/contact/,,contact@optimind.tech,,,送信成功,2026/07/16,,
株式会社ジーニアス,Webアプリ・サービス運営,"その他IT,デザイン",東京都,東京都港区三田３丁目１番１９号,4: 50人以上~300人未満,"0: 5,000万円未満",3: 10億円以上~50億円未満,https://www.i-genius.co.jp/company,,03-5439-5817,info@i-genius.co.jp,,,送信不可,, お問い合わせフォーム無し,
株式会社クウゼン,Webアプリ・サービス運営,"その他IT,ITインフラストラクチャー",東京都,東京都新宿区西新宿６丁目１０番１号,4: 50人以上~300人未満,,3: 10億円以上~50億円未満,https://kuzen.io/company,https://www.conciergeu.com/inquiry.html,050-5317-2955,info@conciergeu.co,,,送信成功,2026/07/15,,
株式会社ＧＯＲＡＣＲＥＷ,Webアプリ・サービス運営,"その他IT,受託開発,その他通信,ITインフラストラクチャー",東京都,東京都千代田区岩本町３丁目５番２号,4: 50人以上~300人未満,"0: 5,000万円未満",3: 10億円以上~50億円未満,https://goracrew.co.jp/company,,,,,,送信不可,, お問い合わせフォーム無し,
株式会社Ｃｏｇｅｎｔ　Ｌａｂｓ,Webアプリ・サービス運営,AI,東京都,東京都港区六本木３丁目２番１号住友不動産六本木グランドタワー,4: 50人以上~300人未満,3: 10億円以上~50億円未満,3: 10億円以上~50億円未満,https://www.cogent.co.jp/,https://www.cogent.co.jp/contact/,,contact@cogent.co.jp,,,送信不可,,必須項目の入力ができない（情報不足など）,
ペガジャパン株式会社,Webアプリ・サービス運営,"Webマーケコンサル,受託開発,ITインフラストラクチャー",東京都,東京都千代田区平河町１丁目１番１号平河町コート８階,4: 50人以上~300人未満,,3: 10億円以上~50億円未満,https://www.pega.com/ja/about/locations/japan,https://www1.pega.com/contact-us,03-3221-2455,privacy@pega.com,,,送信不可,, お問い合わせフォーム無し,
リバーフィールド株式会社,医療機器,産業用ロボット,東京都,東京都港区港南２丁目１３番３７号,4: 50人以上~300人未満,"1: 5,000万円以上~3億円未満",3: 10億円以上~50億円未満,https://www.riverfieldinc.com/company/,https://www.riverfieldinc.com/contact/,03-5919-4928,,,,送信成功,2026/07/15,,
サンブリッジソリューションズ株式会社,Webアプリ・サービス運営,ソフトウェア販売,東京都,東京都新宿区西新宿３丁目１番３号西新宿小出ビル,4: 50人以上~300人未満,"1: 5,000万円以上~3億円未満",3: 10億円以上~50億円未満,https://sunbridge-s.jp/companyprofile,,03-6300-5222,info@sunbridge-s.jp,,,送信成功,2026/07/15,,
株式会社ブランドクラウド,情報セキュリティ,"その他コンサル,販促コンサル,経営コンサル",東京都,東京都港区赤坂８丁目５番３４号,4: 50人以上~300人未満,"0: 5,000万円未満",2: 3億円以上~10億円未満,https://solution.brandcloud.co.jp/,http://www.brandcontrol.co.jp/contact/,03-5572-7367,info@brandcontrol.co.jp,,,送信不可,,送信ボタンを押すことができない・エラー,
ｌｅａｒｎｉｎｇＢＯＸ株式会社,Webアプリ・サービス運営,その他IT,兵庫県,兵庫県たつの市龍野町堂本２１６－１,4: 50人以上~300人未満,2: 3億円以上~10億円未満,0: 1億円未満,https://learningbox.co.jp/company/overview/,,0791-72-8421,,,,送信成功,2026/07/15,,
Ａｐｐｉｅｒ　Ｊａｐａｎ株式会社,Webアプリ・サービス運営,Webマーケコンサル,東京都,東京都港区愛宕２丁目５番１号愛宕グリーンヒルズＭＯＲＩタワー４０階,4: 50人以上~300人未満,,3: 10億円以上~50億円未満,http://www.appier.com/jp,https://www.appier.com/contact-us/,03-6435-6617,,,,送信不可,,必須項目の入力ができない（情報不足など）,
株式会社キマルーム,Webアプリ・サービス運営,ITコンサル,東京都,東京都千代田区麹町３丁目７番地７,4: 50人以上~300人未満,"1: 5,000万円以上~3億円未満",3: 10億円以上~50億円未満,https://www.kimaroom.co.jp/company,http://www.sailboat.co.jp/inquiry.shtml,03-6261-4081,support@kimaroom.jp,,,送信不可,,送信ボタンを押すことができない・エラー,
株式会社あどばる,Webアプリ・サービス運営,レンタルスペース,東京都,東京都新宿区歌舞伎町２丁目４番１０号,4: 50人以上~300人未満,"0: 5,000万円未満",3: 10億円以上~50億円未満,https://adval.jp/company,http://www.adval.jp/contact/,03-5457-1151,,,,送信成功,2026/07/15,,
ＣｌｉｐＬｉｎｅ株式会社,Webアプリ・サービス運営,"ITコンサル,経営コンサル",東京都,東京都千代田区神田紺屋町１５番地,4: 50人以上~300人未満,2: 3億円以上~10億円未満,3: 10億円以上~50億円未満,https://corp.clipline.com/about_us,,03-6809-3305,info@clipline.jp,,,送信不可,,必須項目の入力ができない（情報不足など）,
株式会社ボードウォーク,Webアプリ・サービス運営,"その他団体,イベント,その他マスコミ・出版",東京都,東京都渋谷区渋谷３丁目２７番１１号祐真ビル本館４階,4: 50人以上~300人未満,"1: 5,000万円以上~3億円未満",3: 10億円以上~50億円未満,https://boardwalk-inc.jp/company/,https://boardwalk-inc.jp/contact-form/?cate=about_recruit,0570-039-506,,,,送信不可,, お問い合わせフォーム無し,
株式会社シンメトリア,Webアプリ・サービス運営,"人材派遣,翻訳・通訳",東京都,東京都中央区日本橋箱崎町５－４アライズ第２ビル５Ｆ,4: 50人以上~300人未満,"1: 5,000万円以上~3億円未満",2: 3億円以上~10億円未満,https://www.symmetria.co.jp/,,03-5829-8171,info@symmetria.co.jp,,,送信成功,2026/07/15,,
株式会社ＰＫＳＨＡ　Ｉｎｆｉｎｉｔｙ,Webアプリ・サービス運営,ITコンサル,福岡県,福岡県福岡市博多区博多駅東１丁目１２番６号花村ビル７Ｆ,4: 50人以上~300人未満,"1: 5,000万円以上~3億円未満",3: 10億円以上~50億円未満,https://infinity.pkshatech.com/,,,,,,送信成功,2026/07/15,,
ＡＩ　ＣＲＯＳＳ株式会社,Webアプリ・サービス運営,"AI,その他通信",東京都,東京都港区虎ノ門４丁目３番１号,4: 50人以上~300人未満,"0: 5,000万円未満",3: 10億円以上~50億円未満,http://aicross.co.jp/,https://www.HugeDomains.com/contact.cfm,03-6809-2555,,,,送信成功,2026/07/15,,
株式会社アーゼスト,ゲーム開発,,神奈川県,神奈川県横浜市港北区新横浜３丁目１７番地６,4: 50人以上~300人未満,"0: 5,000万円未満",3: 10億円以上~50億円未満,https://arzest.jp/,http://www.arzest.jp/contact.html,,,,,送信不可,,別サイトに遷移してしまう・サイトが開けない,
セカンドラボ株式会社,Webアプリ・サービス運営,"人材紹介,Webマーケコンサル,その他医療・福祉",東京都,東京都新宿区西新宿２丁目４番１号新宿ＮＳビル６階,4: 50人以上~300人未満,"0: 5,000万円未満",3: 10億円以上~50億円未満,https://www.2ndlabo.co.jp/,https://www.2ndlabo.co.jp/contact/,,,,,送信成功,2026/07/15,,
株式会社ジグザグ,クラウド系/SaaS/ASPサービス,"その他IT,その他運輸・物流",東京都,東京都渋谷区桜丘町１４番１号,4: 50人以上~300人未満,2: 3億円以上~10億円未満,2: 3億円以上~10億円未満,https://www.zig-zag.co.jp/,https://www.zig-zag.co.jp/contact/,03-6777-7189,info@zig-zag.co.jp,,,送信成功,2026/07/15,,
株式会社ＬＩＯＮＡ,ゲーム開発,"コンテンツ制作,デザイン,ゲーム・アニメデザイン,ソーシャルゲーム・スマホゲーム,Webアプリ・サービス運営",東京都,東京都新宿区市谷台町７番１号ＨＡＬ２１ビル２Ｆ,4: 50人以上~300人未満,"0: 5,000万円未満",3: 10億円以上~50億円未満,https://www.liona.co.jp/company/,,03-5773-5145,,,,送信成功,2026/07/15,,
株式会社ヒストリア,ゲーム開発,"コンテンツ制作,イベント",東京都,東京都品川区大崎５丁目６番２号都五反田ビル西館８階,4: 50人以上~300人未満,"0: 5,000万円未満",4: 50億円以上~300億円未満,https://historia.co.jp/company/,https://historia.co.jp/contact/,03-3492-6506,info@historia.co.jp,,,送信成功,2026/07/15,,
ＨＬ株式会社,Webアプリ・サービス運営,"児童保育,受託開発,保育・託児,ITインフラストラクチャー",神奈川県,神奈川県川崎市川崎区東田町９－６加瀬ビル１０１－４階,4: 50人以上~300人未満,"1: 5,000万円以上~3億円未満",2: 3億円以上~10億円未満,https://hl-soft.co.jp/会社概要/,http://hl-soft.co.jp/mail/,044-223-7171,,,,送信成功,2026/07/15,,
株式会社フェイス,Webアプリ・サービス運営,"コンテンツ制作,ITコンサル,Webアプリ・サービス運営",東京都,東京都港区西新橋１丁目１８番６号,4: 50人以上~300人未満,"0: 5,000万円未満",3: 10億円以上~50億円未満,https://www.babel.style/お買い物/特定商取引法に基づく表示/,http://www.faith-up.com/site/jp/contact/index.html,03-6206-6207,,,,送信不可,,別サイトに遷移してしまう・サイトが開けない,
株式会社ＳｏＬａｂｏ,Webアプリ・サービス運営,"Webマーケコンサル,経営コンサル,デザイン",東京都,東京都渋谷区千駄ヶ谷５丁目２７番５号,4: 50人以上~300人未満,"0: 5,000万円未満",3: 10億円以上~50億円未満,https://so-labo.co.jp,https://so-labo.co.jp/contact/,03-6261-3512,,,,送信成功,2026/07/15,,
株式会社Ｓｐｒｏｃｋｅｔ,Webアプリ・サービス運営,"Webマーケコンサル,その他広告・制作,eコマース",東京都,東京都品川区西五反田７丁目２４番４号,4: 50人以上~300人未満,"1: 5,000万円以上~3億円未満",3: 10億円以上~50億円未満,https://www.sprocket.bz/company/outline.html,https://www.sprocket.bz/contact.html,03-5431-5233,info@sprocket.bz,,,送信不可,,必須項目の入力ができない（情報不足など）,
株式会社ＣＯＵＮＴＥＲ　ＷＯＲＫＳ,クラウド系/SaaS/ASPサービス,"その他IT,不動産賃貸・仲介",東京都,東京都品川区西五反田７丁目２２番１７号,4: 50人以上~300人未満,2: 3億円以上~10億円未満,3: 10億円以上~50億円未満,https://counterworks.co.jp/company/,,03-6420-0773,info@counterworks.jp,,,送信不可,,送信ボタンを押すことができない・エラー,
株式会社ビビッドガーデン,クラウド系/SaaS/ASPサービス,"その他外食,Webアプリ・サービス運営",東京都,東京都港区浜松町１丁目７番３号,4: 50人以上~300人未満,,3: 10億円以上~50億円未満,https://vivid-garden.co.jp/,,,inquiry2@vivid-garden.co.jp,,,送信不可,,メールに遷移・Googleフォーム,
株式会社ＡＤＯ,医療機器,,沖縄県,沖縄県うるま市勝連南風原５１９３番地３,4: 50人以上~300人未満,"1: 5,000万円以上~3億円未満",2: 3億円以上~10億円未満,https://www.advance-e.jp/ado/,http://www.advance-e.jp/contact/,098-923-4340,,,,送信成功,2026/07/15,,
株式会社会議室コンシェルジュ,クラウド系/SaaS/ASPサービス,"レンタルスペース,不動産賃貸・仲介,不動産管理,Webアプリ・サービス運営",東京都,東京都中央区日本橋兜町１２番７号兜町第３ビル,4: 50人以上~300人未満,"0: 5,000万円未満",3: 10億円以上~50億円未満,https://www.conference-room.jp/,https://www.conference-room.jp/contact/,03-6629-0000,info@conference-room.jp,,,送信成功,2026/07/15,,
アガサ株式会社,クラウド系/SaaS/ASPサービス,"その他IT,Webアプリ・サービス運営,その他医療・福祉",東京都,東京都中央区日本橋兜町７番１号,4: 50人以上~300人未満,3: 10億円以上~50億円未満,3: 10億円以上~50億円未満,http://www.agathalife.com/about-us,http://www.agathalife.com/contact,050-3177-5299,info@agathalife.com,,,送信不可,,必須項目の入力ができない（情報不足など）,
株式会社エムシーエス,Webアプリ・サービス運営,ソフトウェア販売,青森県,青森県弘前市大字神田２丁目５番地９,4: 50人以上~300人未満,"1: 5,000万円以上~3億円未満",3: 10億円以上~50億円未満,https://kk-mcs.jp/company/profile/,https://www.kk-mcs.jp/contact/company/,0172-55-5579,,,,送信成功,2026/07/15,,
株式会社エムキューブ,クラウド系/SaaS/ASPサービス,"Webマーケコンサル,その他IT,その他コンサル,Webアプリ・サービス運営,研究・調査・リサーチ",東京都,東京都港区港南２丁目１５番２号,4: 50人以上~300人未満,"1: 5,000万円以上~3億円未満",3: 10億円以上~50億円未満,https://www.m-cube.com/company/,https://www.m-cube.com/inquiry/,03-6716-0732,,,,送信成功,2026/07/15,,
株式会社オーサムエージェント,Webアプリ・サービス運営,"Webマーケコンサル,Web制作,総合広告代理店",愛知県,愛知県名古屋市東区泉１丁目２３番３０号名古屋パナソニックビル６Ｆ,4: 50人以上~300人未満,"1: 5,000万円以上~3億円未満",3: 10億円以上~50億円未満,https://awesomegroup.co.jp/company/overview/,https://awesomegroup.co.jp/contact/,,,,,送信成功,2026/07/15,,
株式会社シェアリング・ビューティー,Webアプリ・サービス運営,"受託開発,その他医療・福祉,美容サロン",東京都,東京都渋谷区代官山町８番１３号,4: 50人以上~300人未満,"1: 5,000万円以上~3億円未満",3: 10億円以上~50億円未満,https://www.sharingbeauty.co.jp/,http://www.rich.co.jp/contact,03-5338-0238,info@sharingbeauty.co.jp,,,送信成功,2026/07/15,,
ギリア株式会社,Webアプリ・サービス運営,ITコンサル,東京都,東京都台東区台東４丁目１９番９号,4: 50人以上~300人未満,"1: 5,000万円以上~3億円未満",3: 10億円以上~50億円未満,https://ghelia.com/company/overview/,,,,,,送信成功,2026/07/15,,
Ｃｅｌｏｎｉｓ株式会社,Webアプリ・サービス運営,,東京都,東京都千代田区丸の内１丁目６番５号丸の内北口ビルディング９階,4: 50人以上~300人未満,,3: 10億円以上~50億円未満,,,,,,,送信不可,, お問い合わせフォーム無し,
株式会社ロジレス,Webアプリ・サービス運営,"ソフトウェア販売,その他運輸・物流,倉庫",東京都,東京都品川区西五反田３丁目１１番６号,4: 50人以上~300人未満,,3: 10億円以上~50億円未満,https://corp.logiless.com/company/,https://www.logiless.co.jp/contact/,,info@logiless.co.jp,,,送信不可,,別サイトに遷移してしまう・サイトが開けない,
株式会社Ｎｅｘｔｒｅｍｅｒ,Webアプリ・サービス運営,その他IT,高知県,高知県南国市蛍が丘１丁目１番２号,4: 50人以上~300人未満,,1: 1億円以上~3億円未満,https://www.nextremer.com/,https://www.nextremer.com/contact,,info@nextremer.com,,,送信成功,2026/07/15,,
エースチャイルド株式会社,Webアプリ・サービス運営,"スマホアプリ,ITコンサル",東京都,東京都港区東新橋１丁目５番２号,4: 50人以上~300人未満,"0: 5,000万円未満",3: 10億円以上~50億円未満,https://www.as-child.com/,https://www.as-child.com/contact,03-5843-8930,,,,送信成功,2026/07/15,,
株式会社ｈｏｋａｎ,Webアプリ・サービス運営,クラウド系/SaaS/ASPサービス,東京都,東京都中央区日本橋茅場町１丁目８番１号,4: 50人以上~300人未満,"1: 5,000万円以上~3億円未満",3: 10億円以上~50億円未満,https://www.corp.hkn.jp/,,,support@hkn.jp,,,送信成功,2026/07/15,,
スタークス株式会社,Webアプリ・サービス運営,"ソフトウェア販売,Webアプリ・サービス運営",東京都,東京都品川区西五反田１丁目３０番２号,4: 50人以上~300人未満,"0: 5,000万円未満",3: 10億円以上~50億円未満,https://starx.co.jp/,https://starx.co.jp/contact/,03-5719-5377,info@starx.co.jp,,,送信成功,2026/07/15,,
株式会社ＺＡＩＣＯ,クラウド系/SaaS/ASPサービス,Webアプリ・サービス運営,山形県,山形県米沢市大字花沢３３１番地,4: 50人以上~300人未満,,3: 10億円以上~50億円未満,https://www.zaico.co.jp,https://www.zaico.co.jp/biz-contact/,,support@zaico.co.jp,,,送信不可,, お問い合わせフォーム無し,
Ｓｈｏｐｉｆｙ　Ｊａｐａｎ株式会社,Webアプリ・サービス運営,,東京都,東京都渋谷区神宮前６丁目１２番１８号,4: 50人以上~300人未満,,3: 10億円以上~50億円未満,https://www.shopify.com/jp,https://www.shopify.jp/contact,,,,,送信不可,, お問い合わせフォーム無し,
株式会社ｉｎｖｏｘ,クラウド系/SaaS/ASPサービス,,千葉県,千葉県柏市若柴１７３番地８柏の葉キャンパス１５１街区Ｂ－３０６,4: 50人以上~300人未満,"1: 5,000万円以上~3億円未満",3: 10億円以上~50億円未満,https://invox.co.jp/company,,,,,,送信成功,2026/07/15,,
株式会社エーアイセキュリティラボ,情報セキュリティ,その他コンサル,東京都,東京都千代田区神田錦町２丁目２番地１,4: 50人以上~300人未満,,3: 10億円以上~50億円未満,https://www.aeyesec.jp/company,https://www.aeyesec.jp/contact,,info@aeyesec.jp,,,送信成功,2026/07/15,,
株式会社ｖｉｓｕｍｏ,Webアプリ・サービス運営,その他IT,東京都,東京都渋谷区渋谷２丁目１番１号青山ファーストビル,4: 50人以上~300人未満,"1: 5,000万円以上~3億円未満",2: 3億円以上~10億円未満,https://visumo.asia/company,https://visumo.asia/contact,03-6822-4888,,,,送信不可,,必須項目の入力ができない（情報不足など）,
株式会社ＡＣＥＳ,Webアプリ・サービス運営,"その他IT,ITコンサル",東京都,東京都文京区湯島２丁目３１番１４号,4: 50人以上~300人未満,"1: 5,000万円以上~3億円未満",3: 10億円以上~50億円未満,https://acesinc.co.jp/company/company-profile,https://acesinc.co.jp/contact.html,,info@acesinc.co.jp,,,送信不可,,別サイトに遷移してしまう・サイトが開けない,
Ｂｉｚｐｌｕｓ株式会社,Webアプリ・サービス運営,,東京都,東京都新宿区西新宿１丁目２６番２号,4: 50人以上~300人未満,"0: 5,000万円未満",2: 3億円以上~10億円未満,https://bizplus-inc.co.jp/,,,info@bizplus-inc.co.jp,,,送信不可,, お問い合わせフォーム無し,
株式会社ネクイノ,Webアプリ・サービス運営,"その他医療・福祉,その他コンサル",大阪府,大阪府大阪市北区梅田１丁目１番３,4: 50人以上~300人未満,"1: 5,000万円以上~3億円未満",3: 10億円以上~50億円未満,https://nextinnovation-inc.co.jp/,http://nextinnovation-inc.co.jp/contact/,06-6147-9556,info@nextinnovation-inc.co.jp,,,送信成功,2026/07/15,,
株式会社エナーバンク,Webアプリ・サービス運営,Webアプリ・サービス運営,東京都,東京都千代田区神田錦町２丁目２番地１,4: 50人以上~300人未満,,2: 3億円以上~10億円未満,https://www.enerbank.co.jp/,https://www.enerbank.co.jp/contact,03-6868-8463,info-city.saitama@enerbank.jp,,,送信成功,2026/07/15,,
株式会社トリビュー,クラウド系/SaaS/ASPサービス,"その他広告・制作,Webアプリ・サービス運営",東京都,東京都渋谷区恵比寿１丁目１９番２３号,4: 50人以上~300人未満,3: 10億円以上~50億円未満,3: 10億円以上~50億円未満,https://corp.tribeau.jp/company/,https://corp.tribeau.jp/contact/,,info@tribeau.jp,,,送信成功,2026/07/15,,
株式会社ｒｈ　ｍａｉｎｔｅｎａｎｃｅ,Webアプリ・サービス運営,,東京都,東京都中央区新川１丁目２１番２号,4: 50人以上~300人未満,"0: 5,000万円未満",3: 10億円以上~50億円未満,https://www.corp.tabict.jp,,0120-389-040,,,,送信不可,,別サイトに遷移してしまう・サイトが開けない,
ストライプジャパン株式会社,クラウド系/SaaS/ASPサービス,Webアプリ・サービス運営,東京都,東京都渋谷区神宮前１丁目５番８号神宮前タワービルディング２２階,4: 50人以上~300人未満,,3: 10億円以上~50億円未満,https://stripe.com/jp,https://stripe.com/jp/contact/sales,,support-jp@stripe.com,,,送信不可,,必須項目の入力ができない（情報不足など）,
ウイン・パートナーズ株式会社,医療機器,,東京都,東京都中央区京橋２丁目２番１号,4: 50人以上~300人未満,2: 3億円以上~10億円未満,3: 10億円以上~50億円未満,http://www.win-partners.co.jp/,http://www.win-partners.co.jp/contact/index.html,03-6895-1234,,,,送信不可,,別サイトに遷移してしまう・サイトが開けない,
メリットメディカル・ジャパン株式会社,医療機器,,東京都,東京都新宿区西新宿１丁目２６番２号,4: 50人以上~300人未満,"1: 5,000万円以上~3億円未満",3: 10億円以上~50億円未満,https://www.merit.co.jp/about-merit/,https://www.merit.co.jp/contact-us/,03-5989-0100,information@merit.co.jp,,,送信成功,2026/07/15,,
株式会社ハッピーデザイン,Webアプリ・サービス運営,"ITインフラストラクチャー,Webアプリ・サービス運営",東京都,東京都渋谷区円山町２３番９号,4: 50人以上~300人未満,"0: 5,000万円未満",2: 3億円以上~10億円未満,https://www.happy-design.co.jp/,http://www.happy-design.co.jp/contact.php,03-6805-1209,info@happy-design.co.jp,,,送信成功,2026/07/15,,
株式会社図研プリサイト,Webアプリ・サービス運営,"企業研修,ソフトウェア販売",神奈川県,神奈川県横浜市都筑区茅ケ崎中央３２番１１号,4: 50人以上~300人未満,2: 3億円以上~10億円未満,3: 10億円以上~50億円未満,https://www.presight.co.jp/about/company.html,https://www.presight.co.jp/contact/,045-942-2273,,,,送信成功,2026/07/15,,
株式会社Ｇｏａｌｓ,クラウド系/SaaS/ASPサービス,その他IT,東京都,東京都港区芝５丁目３番２号,4: 50人以上~300人未満,"1: 5,000万円以上~3億円未満",3: 10億円以上~50億円未満,https://goals.co.jp,https://goals.co.jp/contact/,,,,,送信成功,2026/07/15,,
株式会社ＬＩＧＨＴｚ,Webアプリ・サービス運営,,茨城県,茨城県つくば市千現２丁目１番地６,4: 50人以上~300人未満,"1: 5,000万円以上~3億円未満",3: 10億円以上~50億円未満,https://lightz-inc.com/about-us/overview.html,https://lightz-inc.com/contacts/,029-886-5072,info@lightz-inc.com,,,送信不可,,別サイトに遷移してしまう・サイトが開けない,
株式会社アーキベース,Webアプリ・サービス運営,"経営コンサル,人材派遣,人材紹介,その他不動産",東京都,東京都新宿区神楽坂２丁目１４ノービィビル,4: 50人以上~300人未満,"0: 5,000万円未満",3: 10億円以上~50億円未満,https://archibase.co.jp/aboutus,https://archibase.co.jp/contact,,,,,送信成功,2026/07/15,,
ちょっと株式会社,Webアプリ・サービス運営,,東京都,東京都中野区中野４丁目１０番２号,4: 50人以上~300人未満,"1: 5,000万円以上~3億円未満",3: 10億円以上~50億円未満,https://chot-inc.com/company,,,,,,送信成功,2026/07/15,,
株式会社Ａｎｏｔｈｅｒ　ｗｏｒｋｓ,Webアプリ・サービス運営,人材派遣,東京都,東京都港区虎ノ門５丁目１３番１号,4: 50人以上~300人未満,"1: 5,000万円以上~3億円未満",2: 3億円以上~10億円未満,https://anotherworks.co.jp/,https://cl.aw-anotherworks.com/user_contact,03-6452-8125,contact@anotherworks.co.jp,,,送信成功,2026/07/15,,
株式会社青凌,Webアプリ・サービス運営,,東京都,東京都中央区日本橋小網町１８番３号,4: 50人以上~300人未満,,3: 10億円以上~50億円未満,https://www.seiryo-n.com/gaiyou.html,,,,,,送信不可,, お問い合わせフォーム無し,
株式会社アイ・ファクトリー,Webアプリ・サービス運営,"広告制作,人材紹介,人材派遣",東京都,東京都港区赤坂３丁目１７番１号,4: 50人以上~300人未満,"0: 5,000万円未満",3: 10億円以上~50億円未満,https://i-fc.jp/,https://i-fc.jp/contact/other/,03-6441-0909,,,,送信成功,2026/07/15,,
プレイネクストラボ株式会社,Webアプリ・サービス運営,,東京都,東京都品川区上大崎２丁目１５番１９号,4: 50人以上~300人未満,"1: 5,000万円以上~3億円未満",3: 10億円以上~50億円未満,https://www.playnext-lab.co.jp/,,,info@playnext-lab.co.jp,,,送信成功,2026/07/15,,
株式会社サイキンソー,医療機器,,東京都,東京都渋谷区代々木１丁目３６番１号,4: 50人以上~300人未満,"1: 5,000万円以上~3億円未満",3: 10億円以上~50億円未満,https://cykinso.co.jp/company,https://support.cykinso.co.jp/hc/ja/requests/new,,supportdesk@cykinso.co.jp,,,送信不可,,必須項目の入力ができない（情報不足など）,
株式会社ＫＫＤＡＹ　ＪＡＰＡＮ,Webアプリ・サービス運営,,東京都,東京都新宿区四谷１丁目２２番地５ＷＥＳＴＡＬＬ四谷ビル２階,4: 50人以上~300人未満,"1: 5,000万円以上~3億円未満",2: 3億円以上~10億円未満,https://event.kkday.com/ja/about/about,,,,,,送信不可,,別サイトに遷移してしまう・サイトが開けない,
株式会社ブッキングリゾート,Webアプリ・サービス運営,"経営コンサル,その他人材,求人媒体運営・求人情報誌出版,CM制作・映像制作",大阪府,大阪府大阪市北区梅田２丁目６番２０号,4: 50人以上~300人未満,2: 3億円以上~10億円未満,3: 10億円以上~50億円未満,https://www.booking-resort.jp/,http://sakanet.co.jp/contact/,06-6147-5481,,,,送信不可,,別サイトに遷移してしまう・サイトが開けない,
カイテク株式会社,Webアプリ・サービス運営,,東京都,東京都新宿区新宿１丁目２３番１号,4: 50人以上~300人未満,3: 10億円以上~50億円未満,2: 3億円以上~10億円未満,https://corp.caitech.co.jp/company/,https://caitech.co.jp/recruit_form/,,contact@caitech.co.jp,,,送信不可,,メールに遷移・Googleフォーム,
株式会社ユーエムイーネッツ,Webアプリ・サービス運営,"eコマース,人材派遣",東京都,東京都港区海岸３丁目１８番１号,4: 50人以上~300人未満,"0: 5,000万円未満",3: 10億円以上~50億円未満,https://www.umenetts.co.jp/,https://www.umenetts.co.jp/contact/,03-6453-6767,facebook@umenetts.co.jp,,,送信成功,2026/07/15,,
Ｉｎａｇｏｒａ株式会社,Webアプリ・サービス運営,eコマース,神奈川県,神奈川県横浜市中区桜木町１丁目１番７号,4: 50人以上~300人未満,"1: 5,000万円以上~3億円未満",3: 10億円以上~50億円未満,http://inagora.com/,https://www.inagora.com/platform/,03-3587-4620,,,,送信成功,2026/07/15,,
ＧＭＯ　Ｆｌａｔｔ　Ｓｅｃｕｒｉｔｙ株式会社,クラウド系/SaaS/ASPサービス,その他IT,東京都,東京都渋谷区桜丘町２６番１号,4: 50人以上~300人未満,2: 3億円以上~10億円未満,3: 10億円以上~50億円未満,https://flatt.tech/,https://flatt.tech/contact,,,,,送信成功,2026/07/15,,
ケアミックス株式会社,Webアプリ・サービス運営,"機械レンタル・リース,人材派遣,人材紹介,介護用品",東京都,東京都町田市中町１丁目４番２号,4: 50人以上~300人未満,"0: 5,000万円未満",3: 10億円以上~50億円未満,https://www.care-mix.co.jp/company/office_location/,https://www.care-mix.co.jp/contact/,042-739-4221,,,,送信成功,2026/07/15,,
株式会社アニマライフ,Webアプリ・サービス運営,,東京都,東京都新宿区神楽坂６丁目６６番２号三上ビル４階,4: 50人以上~300人未満,"0: 5,000万円未満",3: 10億円以上~50億円未満,https://www.animalife.jp/,,03-6362-6805,,,,送信成功,2026/07/16,,
株式会社ＺＥＮＫＩＧＥＮ,Webアプリ・サービス運営,"経営コンサル,イベント",東京都,東京都港区虎ノ門４丁目３番１号,4: 50人以上~300人未満,"1: 5,000万円以上~3億円未満",3: 10億円以上~50億円未満,https://zenkigen.co.jp/company/,https://zenkigen.co.jp/contact/,03-4405-2777,,,,送信成功,2026/07/16,,
コヒシティジャパン合同会社,クラウド系/SaaS/ASPサービス,"その他コンサル,Webアプリ・サービス運営",東京都,東京都港区赤坂１丁目８番１号,4: 50人以上~300人未満,"1: 5,000万円以上~3億円未満",3: 10億円以上~50億円未満,https://www.veritas.com/ja/jp,,03-4531-1800,,,,送信不可,, お問い合わせフォーム無し,
株式会社ＲＥＣＥＰＴＩＯＮＩＳＴ,Webアプリ・サービス運営,,東京都,東京都目黒区青葉台３丁目６番２８号,4: 50人以上~300人未満,,2: 3億円以上~10億円未満,https://receptionist.co.jp/about,,03-6455-3193,,,,送信成功,2026/07/16,,
ネイロ株式会社,ゲーム開発,"Webアプリ・サービス運営,デジタル系コンテンツ,ソーシャルゲーム・スマホゲーム",東京都,東京都新宿区高田馬場１丁目２９番９号,4: 50人以上~300人未満,"0: 5,000万円未満",3: 10億円以上~50億円未満,https://neilo.co.jp/company/info,http://neilo.co.jp/contact/,,,,,送信不可,,送信ボタンを押すことができない・エラー,
株式会社グリーンウェイズ,Webアプリ・サービス運営,,東京都,東京都豊島区東池袋３丁目４－３ＮＢＦ池袋イースト１０Ｆ,4: 50人以上~300人未満,"1: 5,000万円以上~3億円未満",3: 10億円以上~50億円未満,https://greenways.jp/company/,http://www.greenways.jp/contact/,03-3981-5055,,,,送信成功,2026/07/16,,
株式会社スピークバディ,クラウド系/SaaS/ASPサービス,"その他IT,Webアプリ・サービス運営",東京都,東京都中央区日本橋３丁目１４番３号,4: 50人以上~300人未満,,3: 10億円以上~50億円未満,https://www.speakbuddy.com/,https://speakbuddy.jp/contact,,info@speakbuddy.jp,,,送信成功,2026/07/16,,
ラピードアクト株式会社,Webアプリ・サービス運営,"受託開発,ITインフラストラクチャー",福岡県,福岡県福岡市中央区渡辺通２丁目７番１２号Ｎｅｗ－Ｇｅｎ　ｍｉｎａｍｉ　ｔｅｎｊｉｎ６階,4: 50人以上~300人未満,"0: 5,000万円未満",2: 3億円以上~10億円未満,https://rapide-act.com/,https://rapide-act.com/contact/,092-753-8932,,,,送信成功,2026/07/16,,
株式会社１０Ｘ,Webアプリ・サービス運営,"スマホアプリ,その他IT",東京都,東京都中央区東日本橋１丁目４番６号５Ｆ,4: 50人以上~300人未満,,3: 10億円以上~50億円未満,https://10x.co.jp/company/,,,,,,送信成功,2026/07/16,,
株式会社Ｌｉｍｅ,Webアプリ・サービス運営,"求人媒体運営・求人情報誌出版,ジム・フィットネス",東京都,東京都目黒区上目黒１丁目３番２号代官山宝ビルⅡ,4: 50人以上~300人未満,,2: 3億円以上~10億円未満,https://lime-fit.com/,http://lime-fit.com/contact.php,03-6262-9659,info@lime-fit.com,,,送信不可,,URL・記号を含むことができない,
イチニ株式会社,Webアプリ・サービス運営,"その他マスコミ・出版,セミナー,クラウド系/SaaS/ASPサービス",東京都,東京都渋谷区神宮前１丁目１１番１１号グリーンファンタジアビル７階,4: 50人以上~300人未満,,3: 10億円以上~50億円未満,https://ichi-ni.jp/,https://ichi-ni.jp/inquiry/,03-3237-3361,,,,送信成功,2026/07/16,,
株式会社アイテックジャパン,情報セキュリティ,"ITインフラストラクチャー,Webアプリ・サービス運営",東京都,東京都港区東新橋１丁目１０番１号東京ツインパークスレフトウィング７０１,4: 50人以上~300人未満,"0: 5,000万円未満",3: 10億円以上~50億円未満,https://itec.ad.jp/itec/office/,https://itec.ad.jp/itec/form_c/xs=_jh0AiOnRNUtY/,03-5537-5853,,,,送信成功,2026/07/16,,
株式会社アクリート,Webアプリ・サービス運営,,東京都,東京都千代田区神田小川町３丁目２８番５号,4: 50人以上~300人未満,2: 3億円以上~10億円未満,4: 50億円以上~300億円未満,https://www.accrete-inc.com/company/access.html,https://www.accrete-inc.com/contact/,050-5369-3777,biz-support@accrete-inc.com,,,送信成功,2026/07/16,,
Ｇｌｏｂａｌ　Ｍｏｂｉｌｉｔｙ　Ｓｅｒｖｉｃｅ株式会社,クラウド系/SaaS/ASPサービス,"その他IT,その他金融関連サービス",東京都,東京都千代田区神田紺屋町１５番地,4: 50人以上~300人未満,3: 10億円以上~50億円未満,3: 10億円以上~50億円未満,https://www.global-mobility-service.com/,https://www.global-mobility-service.com/contact/,03-6264-3113,,,,送信成功,2026/07/16,,
株式会社ｂｉｔＦｌｙｅｒ,クラウド系/SaaS/ASPサービス,その他金融関連サービス,東京都,東京都港区赤坂９丁目７番１号,4: 50人以上~300人未満,3: 10億円以上~50億円未満,3: 10億円以上~50億円未満,https://bitflyer.com/ja-jp/s/company,,03-6435-5515,,,,送信不可,, お問い合わせフォーム無し,
株式会社リアルミー,Webアプリ・サービス運営,"求人媒体運営・求人情報誌出版,人材紹介",東京都,東京都港区西新橋２丁目２番７号マリソルビル３階,4: 50人以上~300人未満,"0: 5,000万円未満",2: 3億円以上~10億円未満,https://realme.co.jp/about,https://realme.co.jp/contact,03-4570-1318,info@realme.co.jp,,,送信成功,2026/07/16,,
株式会社４００Ｆ,Webアプリ・サービス運営,,東京都,東京都中央区日本橋兜町９番１号,4: 50人以上~300人未満,,2: 3億円以上~10億円未満,http://400f.jp/,https://400f.jp/contact,,contact@400f.jp,,,送信成功,2026/07/16,,
ＳＨＯＰＬＩＳＴ株式会社,Webアプリ・サービス運営,"メンズアパレル販売,キッズアパレル販売,レディースアパレル販売",東京都,東京都渋谷区広尾１丁目１３番７号恵比寿イーストビル,4: 50人以上~300人未満,"0: 5,000万円未満",3: 10億円以上~50億円未満,https://crooz.shoplist.com/,,,,,,送信成功,2026/07/16,,
スポーツブル株式会社,Webアプリ・サービス運営,,東京都,東京都港区西新橋３丁目１６番１１号愛宕イーストビル１３階,4: 50人以上~300人未満,2: 3億円以上~10億円未満,3: 10億円以上~50億円未満,https://sportsbull.jp/about/,,,info@sportsbull.jp,,,送信成功,2026/07/16,,
ＧＭＯ　ＯＭＡＫＡＳＥ株式会社,クラウド系/SaaS/ASPサービス,,東京都,東京都渋谷区桜丘町２６番１号,4: 50人以上~300人未満,,3: 10億円以上~50億円未満,https://omakase-japan.co.jp/company/,,,,,,送信成功,2026/07/16,,
株式会社ＷＩＬＢＹ,Webアプリ・サービス運営,デジタル系コンテンツ,東京都,東京都渋谷区恵比寿西２丁目１１番１２号,4: 50人以上~300人未満,,3: 10億円以上~50億円未満,https://wilby.co.jp/,https://wilby.co.jp/contact/,,info@wilby.co.jp,,,送信成功,2026/07/16,,
ヘルスケアテクノロジーズ株式会社,Webアプリ・サービス運営,,東京都,東京都港区芝２丁目２８番８号,4: 50人以上~300人未満,,2: 3億円以上~10億円未満,https://healthcare-tech.co.jp/,https://healthcare-tech.co.jp/download/form-1.php,03-5427-3088,actioplus.contact@healthcare-tech.co.jp,,,送信不可,,必須項目の入力ができない（情報不足など）,
株式会社イーガオ,Webアプリ・サービス運営,Web制作,東京都,東京都新宿区新宿５丁目１５番地１４号,4: 50人以上~300人未満,"0: 5,000万円未満",3: 10億円以上~50億円未満,https://www.egao-inc.co.jp/aboutus/,https://www.egao-inc.co.jp/contact/,03-6709-9466,,,,送信成功,2026/07/16,,
ＳｈｅｅｐＭｅｄｉｃａｌ株式会社,医療機器,"その他サービス,その他製造,医薬品販売",東京都,東京都板橋区西台４丁目３番２８号,4: 50人以上~300人未満,"0: 5,000万円未満",3: 10億円以上~50億円未満,https://www.sheepmedical.com/,,03-3551-0355,,,,送信不可,, お問い合わせフォーム無し,
モチベーションワークス株式会社,クラウド系/SaaS/ASPサービス,,東京都,東京都新宿区西新宿３丁目２０番２号,4: 50人以上~300人未満,"1: 5,000万円以上~3億円未満",3: 10億円以上~50億円未満,https://motivationworks.co.jp/blend/,,,,,,送信成功,2026/07/16,,
株式会社ＹＭＩＴ,医療機器,"計測機器・センサー,精密機器,半導体,機械設計,その他機械,その他製造",滋賀県,滋賀県野洲市吉地６２８番地,4: 50人以上~300人未満,"1: 5,000万円以上~3億円未満",3: 10億円以上~50億円未満,http://www.ymitech.co.jp/company.html,http://www.ymitech.co.jp/contact.html,,,,,送信成功,2026/07/16,,
かっこ株式会社,Webアプリ・サービス運営,"財務コンサル,その他IT",東京都,東京都港区元赤坂１丁目５番３１号,4: 50人以上~300人未満,2: 3億円以上~10億円未満,2: 3億円以上~10億円未満,https://cacco.co.jp/company/,https://cacco.co.jp/contact/,03-6447-4534,,,,送信成功,2026/07/16,,
株式会社アジャイルウェア,Webアプリ・サービス運営,"その他IT,受託開発",大阪府,大阪府大阪市中央区淡路町４丁目２番１３号アーバンネット御堂筋ビル１１階,4: 50人以上~300人未満,"0: 5,000万円未満",2: 3億円以上~10億円未満,https://agileware.jp/company/,https://agileware.jp/contact,06-6809-1854,info@agileware.jp,,,送信成功,2026/07/15,,
株式会社ブルーオーシャンシステム,Webアプリ・サービス運営,セミナー,静岡県,静岡県静岡市葵区紺屋町１７番地の１葵タワー,4: 50人以上~300人未満,"0: 5,000万円未満",2: 3億円以上~10億円未満,https://www.bosys.co.jp/company_outline/,http://www.bosys.co.jp/contact/entry.html,054-201-9581,info@bosys.co.jp,,,送信不可,, お問い合わせフォーム無し,
株式会社Ｌｅｇａｌｓｃａｐｅ,Webアプリ・サービス運営,その他IT,東京都,東京都文京区向丘２丁目３番１０号,4: 50人以上~300人未満,,3: 10億円以上~50億円未満,https://www.legalscape.co.jp/,,,,,,送信成功,2026/07/15,,
株式会社アドバンスホールディングス,Webアプリ・サービス運営,"ソフトウェア販売,ITインフラストラクチャー,照明器具,オフィス用品販売,携帯・通信回線販売代理店,精密機器",大阪府,大阪府大阪市中央区淡路町１丁目４番９号,4: 50人以上~300人未満,"0: 5,000万円未満",3: 10億円以上~50億円未満,https://www.advance-holdings.co.jp/about.html,http://www.advance-holdings.co.jp/contact,06-6265-8125,info@advance-holdings.co.jp,,,送信成功,2026/07/15,,
株式会社ＨａｔａＬｕｃｋ　ａｎｄ　Ｐｅｒｓｏｎ,Webアプリ・サービス運営,経営コンサル,東京都,東京都中央区日本橋富沢町９－４ＴＨＥＥ．Ａ．Ｓ．Ｔ．日本橋富沢町４階,4: 50人以上~300人未満,,3: 10億円以上~50億円未満,https://corp.hataluck.com/company/,https://kmw.jp/contact/,03-6435-9057,,,,送信成功,2026/07/15,,
株式会社ロビンソン,Webアプリ・サービス運営,,東京都,東京都世田谷区三宿１丁目１３番１号東映三宿ビル４階,4: 50人以上~300人未満,"0: 5,000万円未満",2: 3億円以上~10億円未満,https://www.robinsons.co.jp/company,,,,,,送信成功,2026/07/15,,
株式会社Ｎａｇｉｓａ,Webアプリ・サービス運営,"書籍・メディア販売,Webアプリ・サービス運営",東京都,東京都渋谷区渋谷３丁目１５番６号,4: 50人以上~300人未満,"1: 5,000万円以上~3億円未満",3: 10億円以上~50億円未満,https://nagisa-inc.jp/company,https://nagisa-inc.jp/contact,03-6407-0432,contact@onstage-live.jp,,,送信成功,2026/07/15,,
株式会社ジャパンレミットファイナンス,クラウド系/SaaS/ASPサービス,,東京都,東京都港区浜松町１丁目２番１５号モデューロ浜松町ビル３階,4: 50人以上~300人未満,,3: 10億円以上~50億円未満,http://www.jpremit.com/,,03-5733-4337,info@jpremit.com,,,送信不可,, お問い合わせフォーム無し,
株式会社フライヤー,Webアプリ・サービス運営,,東京都,東京都千代田区一ツ橋１丁目１番１号,4: 50人以上~300人未満,2: 3億円以上~10億円未満,2: 3億円以上~10億円未満,https://corp.flierinc.com/company/about,https://www.flierinc.com/inquire,03-6212-5115,,,,送信成功,2026/07/15,,
セキュアエッジ株式会社,情報セキュリティ,"ITコンサル,塾・予備校,防犯機器",東京都,東京都新宿区下宮比町２番２６号,4: 50人以上~300人未満,"0: 5,000万円未満",3: 10億円以上~50億円未満,https://www.secureedge.jp/company/,http://www.implace.jp/contact/,03-3527-3480,soc99-info@secureedge.jp,,,送信成功,2026/07/15,,
先進モビリティ株式会社,Webアプリ・サービス運営,,茨城県,茨城県つくば市緑ケ原４丁目１３番地,4: 50人以上~300人未満,"1: 5,000万円以上~3億円未満",1: 1億円以上~3億円未満,https://www.as-mobi.com/company/,http://www.as-mobi.com/contact/,03-5452-6527,info@as-mobi.com,,,送信成功,2026/07/15,,
ギットハブ・ジャパン合同会社,Webアプリ・サービス運営,クラウド系/SaaS/ASPサービス,東京都,東京都港区港南２丁目１６番３号品川グランドセントラルタワー,4: 50人以上~300人未満,,2: 3億円以上~10億円未満,https://github.co.jp/,https://enterprise.github.com/contact,03-5574-7890,jp-sales@github.com,,,送信不可,,必須項目の入力ができない（情報不足など）,
ＭＣデジタル・リアルティ株式会社,クラウド系/SaaS/ASPサービス,,東京都,東京都港区虎ノ門１丁目３番１号,4: 50人以上~300人未満,,3: 10億円以上~50億円未満,,,,,,,送信不可,,送信ボタンを押すことができない・エラー,
株式会社オキシテック,医療機器,"介護用品,保育・託児,障害者福祉",大阪府,大阪府大阪市平野区瓜破西２丁目２番３０号,4: 50人以上~300人未満,,3: 10億円以上~50億円未満,https://www.oxitec.co.jp/,http://www.oxitec.co.jp/contact.html,06-6777-7593,,,,送信成功,2026/07/15,,
ＧＯＯＰＡＳＳ株式会社,Webアプリ・サービス運営,"機械レンタル・リース,その他リース,デジタル系コンテンツ",東京都,東京都新宿区西新宿６丁目３番１号,4: 50人以上~300人未満,3: 10億円以上~50億円未満,3: 10億円以上~50億円未満,https://goopass.co.jp/company/,https://camelove.co.jp/contact/,03-6804-6529,info@camelove.co.jp,,,送信成功,2026/07/15,,
株式会社Ｒｅｂａｓｅ,Webアプリ・サービス運営,その他広告・制作,東京都,東京都渋谷区神宮前５丁目５２番２号,4: 50人以上~300人未満,"1: 5,000万円以上~3億円未満",2: 3億円以上~10億円未満,https://www.rebase.co.jp/,,050-5884-3281,info@instabase.jp,,,送信成功,2026/07/15,,
ｍａｄｏｇｕｃｈｉ株式会社,Webアプリ・サービス運営,"その他マスコミ・出版,その他サービス,その他IT,Webマーケコンサル",東京都,東京都港区三田３丁目５番２７号住友不動産東京三田サウスタワー２階,4: 50人以上~300人未満,"0: 5,000万円未満",3: 10億円以上~50億円未満,https://madoguchi.inc/,http://attractagent.co.jp/contact,03-5989-0919,,,,送信成功,2026/07/15,,
株式会社トレタ,Webアプリ・サービス運営,その他IT,東京都,東京都渋谷区代々木１丁目１１番２号,4: 50人以上~300人未満,"1: 5,000万円以上~3億円未満",3: 10億円以上~50億円未満,https://corp.toreta.in/company/,https://corp.toreta.in/contact/,03-6431-9006,info@toreta.in,,,送信成功,2026/07/15,,
カラクリ株式会社,Webアプリ・サービス運営,クラウド系/SaaS/ASPサービス,東京都,東京都中央区築地２丁目７番３号,4: 50人以上~300人未満,"1: 5,000万円以上~3億円未満",3: 10億円以上~50億円未満,https://about.karakuri.ai/,https://docs.google.com/forms/d/e/1FAIpQLSe1p8BDKZ1qFLY4K2gbiEaudilOw0PeqgcvhCTD6CssjQFMsw/viewform,,,,,送信成功,2026/07/15,,
株式会社プライドテック,Webアプリ・サービス運営,"スマホアプリ,その他コンサル,ITインフラストラクチャー,Web制作,Webアプリ・サービス運営",東京都,東京都豊島区巣鴨２丁目１１－６ＡＶＡＮＴＩＡ巣鴨１０階,4: 50人以上~300人未満,"0: 5,000万円未満",2: 3億円以上~10億円未満,https://www.psttec.co.jp/,,03-6806-7867,info@psttec.com,,,送信不可,,別サイトに遷移してしまう・サイトが開けない,データベース接続確立エラー
トイウェア株式会社,Webアプリ・サービス運営,"その他IT,Webマーケコンサル",東京都,東京都港区芝５丁目１３番１８号いちご三田ビル６階,4: 50人以上~300人未満,,3: 10億円以上~50億円未満,https://golf-condor.com/specified_commercial_transactions,,,butaiura-info@toiware.co.jp,,,送信不可,,別サイトに遷移してしまう・サイトが開けない,このサイトにアクセスできません
株式会社ＳＣＲＥＥＮアドバンストシステムソリューションズ,Webアプリ・サービス運営,ソフトウェア販売,京都府,京都府京都市上京区堀川通寺之内上る４丁目天神北町１番地の１,4: 50人以上~300人未満,"0: 5,000万円未満",3: 10億円以上~50億円未満,https://www.screen.co.jp/as/company,https://www.screen.co.jp/contact/as,075-414-7702,queryAS@screen.co.jp,,,送信成功,2026/07/15,,
株式会社ＮＡＶＩＣＵＳ,Webアプリ・サービス運営,,東京都,東京都千代田区神田練塀町７３プロミエ秋葉原８０１,4: 50人以上~300人未満,,2: 3億円以上~10億円未満,https://www.navicus.jp/about/company/,https://www.navicus.info/contact,050-1724-7284,,,,送信不可,,必須項目の入力ができない（情報不足など）,
アクティブクオリア株式会社,Webアプリ・サービス運営,,福岡県,福岡県福岡市博多区東平尾１丁目３番３号,4: 50人以上~300人未満,"0: 5,000万円未満",2: 3億円以上~10億円未満,https://www.gyoseiq.co.jp/group/company/asq,https://www.gyoseiq.co.jp/contact/?post_id=69,092-629-2336,,,,送信成功,2026/07/15,,
ＷＡｍａｚｉｎｇ株式会社,Webアプリ・サービス運営,,東京都,東京都台東区三筋１丁目１７番１２号長沼ビル２０１,4: 50人以上~300人未満,3: 10億円以上~50億円未満,2: 3億円以上~10億円未満,https://corp.wamazing.com/company,https://info.wamazing.jp/inquiry/,03-6432-4356,,,,送信成功,2026/07/15,,
楽天ステイ株式会社,Webアプリ・サービス運営,,東京都,東京都港区港南２丁目１６番５号,4: 50人以上~300人未満,,2: 3億円以上~10億円未満,https://corp.stay.rakuten.co.jp/about.html,https://docs.google.com/forms/d/e/1FAIpQLSdSTRMk0Y-TCyv_4EmHNc_2JB7Hk-Pjdzw9STrYq4s-0wlpbw/viewform,,,,,送信成功,2026/07/15,,
株式会社パーフェクト,Webアプリ・サービス運営,,神奈川県,神奈川県川崎市中原区新城５丁目３番１号,4: 50人以上~300人未満,,2: 3億円以上~10億円未満,https://hiyoko-room.com/,,03-6820-7646,,,,送信不可,, お問い合わせフォーム無し,
株式会社ティーエスアールパブリック,Webアプリ・サービス運営,受託開発,東京都,東京都台東区上野３丁目１６番３号,4: 50人以上~300人未満,"0: 5,000万円未満",1: 1億円以上~3億円未満,https://www.tsr-p.co.jp/?page_id=13,http://www.tsr-p.co.jp/contact/,03-6880-2002,,,,送信成功,2026/07/16,,
Ｊａｍｆ　Ｊａｐａｎ合同会社,Webアプリ・サービス運営,"その他IT,その他教育業界",東京都,東京都千代田区丸の内２丁目４番１号丸の内ビルディング２８階,4: 50人以上~300人未満,,3: 10億円以上~50億円未満,https://www.jamf.com/ja,https://www.jamf.com/ja/contact/,03-6890-8685,japan@jamf.com,,,送信成功,2026/07/16,,
株式会社フィックスポイント,Webアプリ・サービス運営,"セミナー,その他IT",東京都,東京都渋谷区渋谷１丁目７番１号,4: 50人以上~300人未満,2: 3億円以上~10億円未満,3: 10億円以上~50億円未満,https://www.fixpoint.co.jp/company/,https://www.fixpoint.co.jp/recruit/newgraduates_entryform/,03-6418-6050,info@fixpoint.co.jp,,,送信成功,2026/07/16,,
株式会社キッチハイク,Webアプリ・サービス運営,"その他サービス,IT系教育",北海道,北海道檜山郡厚沢部町字上里９２番地１,4: 50人以上~300人未満,"1: 5,000万円以上~3億円未満",2: 3億円以上~10億円未満,https://kitchhike.jp/,http://kitchhike.jp/contact,070-4306-3149,info@kitchhike.com,,,送信不可,,必須項目の入力ができない（情報不足など）,
株式会社ソーラーパートナーズ,Webアプリ・サービス運営,太陽光パネル,東京都,東京都新宿区新宿５丁目１８番２０号,4: 50人以上~300人未満,"1: 5,000万円以上~3億円未満",3: 10億円以上~50億円未満,https://www.solar-partners.co.jp/company/,https://www.solar-partners.co.jp/inquiry/,0120-870-130,info@solar-partners.jp,,,送信成功,2026/07/16,,
株式会社ＤＭＭ　ＦｉｎＴｅｃｈ,Webアプリ・サービス運営,受託開発,東京都,東京都中央区日本橋２丁目７番１号,4: 50人以上~300人未満,"0: 5,000万円未満",2: 3億円以上~10億円未満,https://fintech.dmm.com/,,,,,,送信不可,, お問い合わせフォーム無し,
株式会社セーフマスター,Webアプリ・サービス運営,"その他IT,医療コンサル",福岡県,福岡県福岡市博多区東比恵３丁目１番２号,4: 50人以上~300人未満,"1: 5,000万円以上~3億円未満",3: 10億円以上~50億円未満,https://www.safemaster.jp/about/company/,,092-477-5764,,,,送信不可,,必須項目の入力ができない（情報不足など）,
株式会社雨風太陽,Webアプリ・サービス運営,"クラウド系/SaaS/ASPサービス,食品専門商社,ITコンサル,展示会・販促イベント",岩手県,岩手県花巻市仲町１番２９号,4: 50人以上~300人未満,2: 3億円以上~10億円未満,3: 10億円以上~50億円未満,https://ame-kaze-taiyo.jp/about/,https://www.pocket-marche.com/contact,,,,,送信成功,2026/07/16,,
株式会社ＦｉＮＣ　Ｔｅｃｈｎｏｌｏｇｉｅｓ,Webアプリ・サービス運営,"医療機器,その他教育業界,健康食品,ジム・フィットネス",東京都,東京都千代田区神田錦町２丁目２番地１ＫＡＮＤＡＳＱＵＡＲＥ１１Ｆ,4: 50人以上~300人未満,"0: 5,000万円未満",3: 10億円以上~50億円未満,https://finc.com/corporate,https://company.finc.com/contact,03-6206-3480,info@finc.com,,,送信成功,2026/07/16,,
カイロスマーケティング株式会社,Webアプリ・サービス運営,"Webマーケコンサル,ITコンサル",東京都,東京都渋谷区千駄ヶ谷５丁目２７番５号,4: 50人以上~300人未満,"1: 5,000万円以上~3億円未満",3: 10億円以上~50億円未満,https://www.kairosmarketing.net/corporate/company-info,https://k3.kairosmarketing.net/form/corpinquiries,,inquiry@kairosmarketing.net,,,送信不可,,必須項目の入力ができない（情報不足など）,
株式会社Ｐｔｍｉｎｄ,Webアプリ・サービス運営,,東京都,東京都新宿区西新宿３丁目７番３０号フロンティアグラン西新宿１０階,4: 50人以上~300人未満,"1: 5,000万円以上~3億円未満",2: 3億円以上~10億円未満,https://jp.ptmind.com/company/,https://www.ptmind.co.jp/contact,,service@ptmind.co.jp,,,送信成功,2026/07/16,,
株式会社シェアダイン,クラウド系/SaaS/ASPサービス,"その他サービス,その他外食",東京都,東京都港区虎ノ門４丁目１番１号,4: 50人以上~300人未満,,3: 10億円以上~50億円未満,https://sharedine.me/company,https://sharedine.me/inquiry/new,,contact@sharedine.me,,,送信成功,2026/07/16,,
株式会社コントロールテクノロジー,Webアプリ・サービス運営,"ジュエリー・宝石製造,受託開発,ジュエリーショップ",東京都,東京都港区港南２丁目１５－２,4: 50人以上~300人未満,"0: 5,000万円未満",3: 10億円以上~50億円未満,https://tech.controlgroup.jp/,https://tayori.com/form/bbc97d2fc5f615853e2931471b557c3a0f6bc0c0,03-6441-0595,,,,送信不可,, お問い合わせフォーム無し,
株式会社Ｗｅｌｂｙ,Webアプリ・サービス運営,"受託開発,クラウド系/SaaS/ASPサービス,その他IT,医療機器,医療コンサル,その他医療・福祉",東京都,東京都中央区京橋１丁目１１番１号,4: 50人以上~300人未満,2: 3億円以上~10億円未満,2: 3億円以上~10億円未満,https://welby.jp/company/about/,https://welby.jp/contact/,03-6206-2937,corp@welby.jp,,,送信成功,2026/07/16,,
ＦＲＡＩＭ株式会社,クラウド系/SaaS/ASPサービス,,東京都,東京都渋谷区千駄ヶ谷５丁目１７番１４号,4: 50人以上~300人未満,"1: 5,000万円以上~3億円未満",3: 10億円以上~50億円未満,https://fraim.co.jp/,,,info@lawgue.com,,,送信成功,2026/07/16,,
株式会社Ｌｏｃｏ　Ｐａｒｔｎｅｒｓ,Webアプリ・サービス運営,,東京都,東京都港区東新橋２丁目１４－１,4: 50人以上~300人未満,2: 3億円以上~10億円未満,2: 3億円以上~10億円未満,https://loco-partners.com/about,https://loco-partners.com/contact/,03-6432-4966,info@loco-partners.com,,,送信成功,2026/07/16,,
ログミー株式会社,Webアプリ・サービス運営,その他マスコミ・出版,東京都,東京都渋谷区桜丘町１番１号,4: 50人以上~300人未満,"0: 5,000万円未満",2: 3億円以上~10億円未満,https://logmi.co.jp/company/,https://logmi.co.jp/contact/,,contact@logmi.co.jp,,,送信成功,2026/07/16,,
株式会社トライスパイド,Webアプリ・サービス運営,ソフトウェア販売,兵庫県,兵庫県神戸市兵庫区切戸町１番１９号,4: 50人以上~300人未満,"0: 5,000万円未満",3: 10億円以上~50億円未満,https://www.tricepied.co.jp/,https://www.tricepied.co.jp/#contact,078-681-0123,info@tricepied.co.jp,,,送信成功,2026/07/16,,
株式会社ファンオブライフ,Webアプリ・サービス運営,"その他人材,人材紹介,Webアプリ・サービス運営",東京都,東京都新宿区新小川町５番５号,4: 50人以上~300人未満,"0: 5,000万円未満",2: 3億円以上~10億円未満,https://www.funoflife.co.jp/,https://www.funoflife.co.jp/contact,03-6805-1991,,,,送信成功,2026/07/16,,
株式会社オープンエイト,Webアプリ・サービス運営,"総合広告代理店,CM制作・映像制作,Webアプリ・サービス運営,デジタル系コンテンツ,クラウド系/SaaS/ASPサービス",東京都,東京都千代田区内幸町２丁目１番６号,4: 50人以上~300人未満,"1: 5,000万円以上~3億円未満",3: 10億円以上~50億円未満,https://open8.com/,https://form.run/@open8,03-6861-5528,edu-info@open8.com,,,送信成功,2026/07/16,,
株式会社ルーク,Webアプリ・サービス運営,"人材派遣,Web制作,ITインフラストラクチャー",大阪府,大阪府大阪市中央区瓦町３丁目４番３号,4: 50人以上~300人未満,"0: 5,000万円未満",2: 3億円以上~10億円未満,https://www.rook-jp.com/company_info/,,06-6755-8227,,,,送信成功,2026/07/16,,
株式会社ＪｏＢｉｎｓ,Webアプリ・サービス運営,"その他人材,組織コンサル",大阪府,大阪府大阪市西区北堀江１丁目１９番８号,4: 50人以上~300人未満,"1: 5,000万円以上~3億円未満",3: 10億円以上~50億円未満,https://corp.jobins.jp/about,,06-6567-9460,,,,送信成功,2026/07/16,,
アズウェル株式会社,Webアプリ・サービス運営,"ソフトウェア販売,その他製造",愛知県,愛知県名古屋市中村区名駅南１丁目１６番２８号ＥＤＧＥ名駅,4: 50人以上~300人未満,"0: 5,000万円未満",3: 10億円以上~50億円未満,http://as-well.co.jp/,http://as-well.co.jp/contact.php,,info@as-well.co.jp,,,送信成功,2026/07/16,,
ロケットソフトウェアジャパン株式会社,Webアプリ・サービス運営,ソフトウェア販売,神奈川県,神奈川県横浜市西区みなとみらい３丁目６番３号,4: 50人以上~300人未満,,3: 10億円以上~50億円未満,https://www.rocketsoftware.com/,,045-670-8900,,,,送信不可,,必須項目の入力ができない（情報不足など）,
ＦＲＥＥＤＯＭ　Ｘ株式会社,Webアプリ・サービス運営,その他不動産,東京都,東京都中央区日本橋人形町３丁目１１番１０号,4: 50人以上~300人未満,"0: 5,000万円未満",3: 10億円以上~50億円未満,https://freedom-mkt.co.jp/company/about/,,,,,,送信成功,2026/07/16,,
株式会社ｔａｃｏｍｓ,クラウド系/SaaS/ASPサービス,,東京都,東京都目黒区中目黒１丁目１番７１号,4: 50人以上~300人未満,"1: 5,000万円以上~3億円未満",3: 10億円以上~50億円未満,https://www.tacoms-inc.com/company,https://www.camel-delivery.com/contact/index.html,,,,,送信成功,2026/07/16,,
株式会社ＭＩＬＬＥ,Webアプリ・サービス運営,,東京都,東京都渋谷区広尾５丁目２５番２号,4: 50人以上~300人未満,,2: 3億円以上~10億円未満,https://mille-inc.com/,,,,,,送信不可,, お問い合わせフォーム無し,
Ｉｄｅｉｎ株式会社,Webアプリ・サービス運営,"クラウド系/SaaS/ASPサービス,ITコンサル",東京都,東京都千代田区神田神保町１丁目２８番地１,4: 50人以上~300人未満,"0: 5,000万円未満",3: 10億円以上~50億円未満,https://www.idein.jp/ja/company,,,contact@actcast.io,,,送信不可,,営業禁止の記載あり,
Ｇｕｉｄａｂｌｅ株式会社,Webアプリ・サービス運営,"その他マスコミ・出版,求人媒体運営・求人情報誌出版,人材派遣",東京都,東京都新宿区西新宿３丁目７番３０号フロンティアグラン西新宿９０１,4: 50人以上~300人未満,,2: 3億円以上~10億円未満,https://guidable.co.jp/about/company/,,03-6886-4008,info@guidable.co.jp,,,送信不可,,文字数制限,
フォッグ株式会社,Webアプリ・サービス運営,放送局,東京都,東京都渋谷区渋谷１丁目１９番５号,4: 50人以上~300人未満,"1: 5,000万円以上~3億円未満",3: 10億円以上~50億円未満,https://fogg.jp/company,https://fogg.jp/contact,,info-privacy@fogg.jp,,,送信不可,,送信ボタンを押すことができない・エラー,
株式会社スマテン,Webアプリ・サービス運営,,愛知県,愛知県名古屋市中区栄１丁目１６番１５号伏見Ｄｏビル７階,4: 50人以上~300人未満,"0: 5,000万円未満",2: 3億円以上~10億円未満,https://corp.sumaten.co/what-can-we-do/,https://sumaten.co/#/contact,052-228-0446,info@sumaten.co,,,送信成功,2026/07/16,,
サスメド株式会社,Webアプリ・サービス運営,"受託開発,その他医療・福祉",東京都,東京都中央区日本橋本町３丁目７番２号,4: 50人以上~300人未満,"1: 5,000万円以上~3億円未満",2: 3億円以上~10億円未満,https://www.susmed.co.jp/,https://www.susmed.co.jp/contact/,,support@susmed.co.jp,,,送信成功,2026/07/16,,
株式会社クリュートメディカルシステムズ,医療機器,,東京都,東京都千代田区三番町８番地１三番町東急ビル,4: 50人以上~300人未満,"1: 5,000万円以上~3億円未満",3: 10億円以上~50億円未満,https://www.crewt.co.jp/,https://www.crewt.co.jp/inquiry,03-5579-2998,,,,送信成功,2026/07/16,,
Ｎｅｔｓｋｏｐｅ　Ｊａｐａｎ株式会社,情報セキュリティ,"クラウド系/SaaS/ASPサービス,ソフトウェア販売,Webアプリ・サービス運営",東京都,東京都千代田区丸の内１丁目５番１号新丸の内ビルディング１０階ＥＧＧ・ＪＡＰＡＮ内,4: 50人以上~300人未満,,3: 10億円以上~50億円未満,,,,,,,送信不可,, お問い合わせフォーム無し,
株式会社Ｇａｒａｇｅ,ゲーム開発,"経営コンサル,動画制作・CG制作,デザイン",東京都,東京都新宿区新宿１丁目２０番２号,4: 50人以上~300人未満,"0: 5,000万円未満",3: 10億円以上~50億円未満,http://grg.jp,http://grg.jp/contact.html,03-6380-4072,info@grg.jp,,,送信成功,2026/07/16,,
株式会社アクティバリューズ,Webアプリ・サービス運営,,東京都,東京都渋谷区千駄ヶ谷５丁目２３番１５号,4: 50人以上~300人未満,,2: 3億円以上~10億円未満,https://activalues.com/about,https://activalues.com/inquiry,,info@activalues.com,,,送信不可,,営業禁止の記載あり,
株式会社Ｓｐｌｉｎｋ,クラウド系/SaaS/ASPサービス,"その他医療・福祉,その他機械",東京都,東京都港区赤坂１丁目１４番１４号,4: 50人以上~300人未満,"1: 5,000万円以上~3億円未満",3: 10億円以上~50億円未満,https://www.splinkns.com/,http://www.splinkns.com/contact/index.html,,,,,送信成功,2026/07/16,,
ＥＮＧＡＷＡ株式会社,Webアプリ・サービス運営,"デジタル系コンテンツ,CM制作・映像制作,その他コンサル,研究・調査・リサーチ,Webマーケコンサル,販促コンサル,出版",東京都,東京都港区六本木６丁目１０番１号,4: 50人以上~300人未満,"1: 5,000万円以上~3億円未満",3: 10億円以上~50億円未満,https://engawa.global/,https://engawa.global/contact_mediakit/,03-6432-9948,info@engawa.global,,,送信不可,,必須項目の入力ができない（情報不足など）,
株式会社ＥＣＡＤソリューションズ,Webアプリ・サービス運営,ソフトウェア販売,埼玉県,埼玉県さいたま市中央区新都心４番地３,4: 50人以上~300人未満,"0: 5,000万円未満",3: 10億円以上~50億円未満,https://www.ecad-sol.com/company/company-info/,https://www.ecad-sol.com/other/inquiry_form.php,048-615-6350,es-admin@ecad-sol.com,,,送信成功,2026/07/16,,
株式会社グロースデータ,クラウド系/SaaS/ASPサービス,"その他IT,その他コンサル",東京都,東京都江東区豊洲５丁目６番１５号,4: 50人以上~300人未満,,3: 10億円以上~50億円未満,https://growthdata.co.jp/,http://data-bridge.co.jp/contact/,045-285-1569,contact@data-bridge.co.jp,,,送信成功,2026/07/16,,
株式会社ビードットメディカル,医療機器,医療コンサル,東京都,東京都江戸川区春江町５丁目１０番１０号,4: 50人以上~300人未満,,3: 10億円以上~50億円未満,https://bdotmed.co.jp/,,,,,,送信成功,2026/07/16,,
株式会社うちくるアシスト,Webアプリ・サービス運営,,石川県,石川県金沢市福久１丁目１０６番地,4: 50人以上~300人未満,,2: 3億円以上~10億円未満,https://jobsoel.com/,,,,,,送信不可,, お問い合わせフォーム無し,
株式会社Ｒｉｄｇｅ‐ｉ,Webアプリ・サービス運営,受託開発,東京都,東京都千代田区大手町１丁目６番１号,4: 50人以上~300人未満,"0: 5,000万円未満",3: 10億円以上~50億円未満,https://ridge-i.com/,,,contact@ridge-i.com,,,送信成功,2026/07/16,,
株式会社Ｇｌｏｂｅｅ,Webアプリ・サービス運営,"クラウド系/SaaS/ASPサービス,出版",東京都,東京都港区東麻布１丁目７番３号,4: 50人以上~300人未満,"1: 5,000万円以上~3億円未満",2: 3億円以上~10億円未満,https://www.globee.io/company,http://www.globeejapan.com/contact.html,,,,,送信成功,2026/07/16,,
株式会社ヴェシカ,Webアプリ・サービス運営,"Web制作,動画制作・CG制作,受託開発,ITインフラストラクチャー",東京都,東京都渋谷区千駄ヶ谷４丁目５番１１号,4: 50人以上~300人未満,"0: 5,000万円未満",2: 3億円以上~10億円未満,https://vessica.visulia-g.jp/,https://www.visulia-g.jp/contact/,03-6447-1247,,,,送信不可,, お問い合わせフォーム無し,
Ｈｍｃｏｍｍ株式会社,Webアプリ・サービス運営,,東京都,東京都港区浜松町２丁目１０番６号,4: 50人以上~300人未満,"1: 5,000万円以上~3億円未満",2: 3億円以上~10億円未満,https://hmcom.co.jp/company/profile_access/,https://hmcom.co.jp/contact/,03-6550-9830,info@hmcom.co.jp,,,送信不可,,送信ボタンを押すことができない・エラー,
株式会社Ａｍａｚｉｎｇ,Webアプリ・サービス運営,,京都府,京都府京都市中京区梅忠町２０番地１烏丸アネックス２－９１５,4: 50人以上~300人未満,"0: 5,000万円未満",2: 3億円以上~10億円未満,http://amazinginc.jp,,075-200-1140,,,,送信不可,,別サイトに遷移してしまう・サイトが開けない,このサイトにアクセスできません
フロッグウェル株式会社,Webアプリ・サービス運営,"その他IT,その他コンサル",東京都,東京都港区赤坂１丁目１１番４４号,4: 50人以上~300人未満,"0: 5,000万円未満",3: 10億円以上~50億円未満,https://frogwell.co.jp/corporation/,http://www.frogwell.co.jp/contact/,03-5843-6428,info@frogwell.jp,,,送信成功,2026/07/16,,
しくみ製作所株式会社,クラウド系/SaaS/ASPサービス,,北海道,北海道札幌市中央区南一条西１６丁目１番３２３号,4: 50人以上~300人未満,,3: 10億円以上~50億円未満,https://sikmi.com,,,,,,送信成功,2026/07/16,,
株式会社イリンクス,ゲーム開発,,東京都,東京都品川区上大崎２丁目２５番２号,4: 50人以上~300人未満,"0: 5,000万円未満",3: 10億円以上~50億円未満,http://www.ilinx.co.jp/about_us,http://www.ilinx.co.jp/contact,,,,,送信成功,2026/07/16,,
株式会社ブレインスリープ,Webアプリ・サービス運営,経営コンサル,東京都,東京都千代田区丸の内２丁目７番２号,4: 50人以上~300人未満,,3: 10億円以上~50億円未満,https://brain-sleep.com/pages/corporate,https://brain-sleep.com/contact/,,info_sleeplab@brain-sleep.com,,,送信成功,2026/07/16,,
株式会社トラストメディア,Webアプリ・サービス運営,"デジタル系コンテンツ,総合広告代理店,出版",東京都,東京都江東区亀戸１丁目８番５号小林ビルディング２階,4: 50人以上~300人未満,"0: 5,000万円未満",0: 1億円未満,http://trust-media.jp,,050-5846-5042,info@trust-media.jp,,,送信成功,2026/07/16,,
ＷａｌｋＭｅ株式会社,Webアプリ・サービス運営,,東京都,東京都中央区日本橋室町２丁目１番１号日本橋三井タワー６階,4: 50人以上~300人未満,,2: 3億円以上~10億円未満,https://walkme.co.jp/,,,,,,送信不可,,必須項目の入力ができない（情報不足など）,
株式会社ｍａｎｅｂｉ,Webアプリ・サービス運営,"クラウド系/SaaS/ASPサービス,通信教育",東京都,東京都新宿区西新宿２丁目６番１号,4: 50人以上~300人未満,"1: 5,000万円以上~3億円未満",2: 3億円以上~10億円未満,https://manebi.co.jp/corp/company/,https://manebi.co.jp/contact/,03-6265-6008,info@manebi.co.jp,,,送信不可,,必須項目の入力ができない（情報不足など）,
株式会社ドクターズプライム,Webアプリ・サービス運営,,東京都,東京都江東区青海１丁目１番２０号,4: 50人以上~300人未満,,2: 3億円以上~10億円未満,https://drsprime.com/,,,support@drsprime.com,,,送信成功,2026/07/16,,
株式会社カウリス,情報セキュリティ,"その他IT,防犯機器",東京都,東京都千代田区大手町１丁目６番１号大手町ビル４階ＦＩＮＯＬＡＢ,4: 50人以上~300人未満,2: 3億円以上~10億円未満,2: 3億円以上~10億円未満,https://caulis.jp/about/company/,https://caulis.jp/contact/,03-4520-7975,info@caulis.jp,,,送信不可,,必須項目の入力ができない（情報不足など）,
クーパーサージカル・ジャパン株式会社,医療機器,"化学機器,その他機械,化学品",神奈川県,神奈川県横浜市中区日本大通１１番,4: 50人以上~300人未満,"0: 5,000万円未満",3: 10億円以上~50億円未満,https://coopersurgical-medicaldevice.jp/privacy/,,045-319-6826,,,,送信不可,,必須項目の入力ができない（情報不足など）,
株式会社ウィジェット,Webアプリ・サービス運営,"電子部品,半導体",大阪府,大阪府大阪市淀川区宮原４丁目６番１８号新大阪和幸ビル８階,4: 50人以上~300人未満,"0: 5,000万円未満",3: 10億円以上~50億円未満,https://widget.co.jp/company/profile/,,06-4708-7563,,,,送信成功,2026/07/16,,
株式会社スリースターファクトリー,Webアプリ・サービス運営,"その他広告・制作,その他ゲーム",大阪府,大阪府大阪市中央区今橋１丁目１－３,4: 50人以上~300人未満,,3: 10億円以上~50億円未満,http://threestar-factory.com/,,,,,,送信成功,2026/07/16,,
Ａ１Ａ株式会社,Webアプリ・サービス運営,,東京都,東京都千代田区神田三崎町２丁目６番７号,4: 50人以上~300人未満,"1: 5,000万円以上~3億円未満",2: 3億円以上~10億円未満,https://a1a.co.jp/,https://a1a.co.jp/contact,,info@a1a.co.jp,,,送信成功,2026/07/16,,
株式会社ＴＯＵＣＨ　ＴＯ　ＧＯ,クラウド系/SaaS/ASPサービス,,東京都,東京都港区高輪２丁目２１番４２号,4: 50人以上~300人未満,"1: 5,000万円以上~3億円未満",3: 10億円以上~50億円未満,https://ttg.co.jp/company/,,,,,,送信成功,2026/07/16,,
株式会社リブアップ,Webアプリ・サービス運営,"ITインフラストラクチャー,通信設備工事",東京都,東京都立川市錦町１丁目１７－１３サンライズ立川１階,4: 50人以上~300人未満,"0: 5,000万円未満",2: 3億円以上~10億円未満,http://www.riv-up.com/,,03-5362-7050,info@riv-up.com,,,送信不可,, お問い合わせフォーム無し,
ＧＭＯリザーブプラス株式会社,Webアプリ・サービス運営,,東京都,東京都渋谷区道玄坂１丁目１４番６号,4: 50人以上~300人未満,"0: 5,000万円未満",2: 3億円以上~10億円未満,https://medical-reserve.co.jp/outline,https://inquiry.sys.reserve.ne.jp/db_iejbnon/lp/ifjibnot/,03-6413-0612,,,,送信成功,2026/07/16,,
株式会社エニトグループ,Webアプリ・サービス運営,"その他サービス,その他IT",東京都,東京都渋谷区恵比寿１丁目１９番１９号,4: 50人以上~300人未満,"1: 5,000万円以上~3億円未満",3: 10億円以上~50億円未満,https://enito.co.jp/who-we-are/,https://enito.co.jp/contact/,,,,,送信不可,, お問い合わせフォーム無し,
株式会社ビルドイット,Webアプリ・サービス運営,ITインフラストラクチャー,東京都,東京都港区芝大門１丁目１０番１１号芝大門センタービル１０階,4: 50人以上~300人未満,,2: 3億円以上~10億円未満,https://www.build-it.co.jp/company/,https://www.build-it.co.jp/contact/,03-6880-9122,,,,送信不可,,メールに遷移・Googleフォーム,
Ｃｌｏｕｄｂａｓｅ株式会社,情報セキュリティ,,東京都,東京都港区三田３丁目２番８号,4: 50人以上~300人未満,2: 3億円以上~10億円未満,2: 3億円以上~10億円未満,https://cloudbase.co.jp/company,,,,,,送信成功,2026/07/16,,
邦友テック株式会社,Webアプリ・サービス運営,"研究・調査・リサーチ,人材派遣,その他コンサル,ソフトウェア販売",愛知県,愛知県名古屋市中区錦１丁目１３番２６号名古屋伏見スクエアビル１０階,3: 20人以上~50人未満,"0: 5,000万円未満",2: 3億円以上~10億円未満,http://hoyutech.co.jp/,,052-508-9028,,,,送信成功,2026/07/16,,
情報セキュリティ株式会社,Webアプリ・サービス運営,"ITコンサル,受託開発",兵庫県,兵庫県神戸市中央区東川崎町１丁目３－３,3: 20人以上~50人未満,"0: 5,000万円未満",2: 3億円以上~10億円未満,https://www.isec.ne.jp/company-info/about/,https://isec.ne.jp/contactlists/r-contact/,078-381-8980,inquiry@isec.ne.jp,,,送信成功,2026/07/16,,
株式会社リンケージ,Webアプリ・サービス運営,"その他医療・福祉,人材派遣",東京都,東京都中央区銀座１丁目１９番１４号ＧＩＮＺＡＯＮＥＢＵＩＬＤＩＮＧ７階,3: 20人以上~50人未満,,2: 3億円以上~10億円未満,https://linkage-inc.co.jp/corporate_profile/,https://linkage-inc.co.jp/contact,03-6452-8915,femcle-support@linkage-inc.co.jp,,,送信成功,2026/07/16,,
株式会社リーディング・ウィン,Webアプリ・サービス運営,"ITインフラストラクチャー,Webアプリ・サービス運営",東京都,東京都豊島区北大塚１丁目１３番４号,3: 20人以上~50人未満,"0: 5,000万円未満",3: 10億円以上~50億円未満,https://www.leadingwin.co.jp/,http://www.leadingwin.co.jp/contact/index.html,03-6903-4838,info@leadingwin.co.jp,,,送信不可,,送信ボタンを押すことができない・エラー,
タイムカプセル株式会社,Webアプリ・サービス運営,,岐阜県,岐阜県岐阜市鹿島町１丁目５番地鹿島スクエアビル１０Ｆ,3: 20人以上~50人未満,"0: 5,000万円未満",2: 3億円以上~10億円未満,https://timecapsuleinc.co.jp/office/gifu/,https://timecapsuleinc.org/contact/,058-214-9760,info@timecapsuleinc.co.jp,,,送信不可,,送信ボタンを押すことができない・エラー,
株式会社ヴィッツ沖縄,情報セキュリティ,ITコンサル,沖縄県,沖縄県那覇市銘苅２丁目３番１号,3: 20人以上~50人未満,"0: 5,000万円未満",2: 3億円以上~10億円未満,https://www.oknw.witz-inc.co.jp/,http://www.oknw.witz-inc.co.jp/otoiawase/,098-894-8078,,,,送信成功,2026/07/16,,
株式会社バニッシュ・スタンダード,Webアプリ・サービス運営,"その他IT,Webマーケコンサル,eコマース",東京都,東京都渋谷区神宮前１丁目８番１４号,3: 20人以上~50人未満,"0: 5,000万円未満",3: 10億円以上~50億円未満,https://www.v-standard.com/,http://www.v-standard.com/contact/,03-6419-7647,inquiry.vs@v-standard.com,,,送信不可,,必須項目の入力ができない（情報不足など）,
ナインアウト株式会社,Webアプリ・サービス運営,"業務請負,Webマーケコンサル",東京都,東京都港区赤坂８丁目５番３２号,3: 20人以上~50人未満,"1: 5,000万円以上~3億円未満",2: 3億円以上~10億円未満,https://jp.creativesurvey.com/,https://creativesurvey.com/form/contact/,03-5770-8715,support@creativesurvey.com,,,送信不可,,営業禁止の記載あり,
株式会社スカイマティクス,Webアプリ・サービス運営,その他IT,東京都,東京都中央区日本橋本石町４丁目２番１６号,3: 20人以上~50人未満,"1: 5,000万円以上~3億円未満",3: 10億円以上~50億円未満,https://skymatix.co.jp/company/,https://skymatix.co.jp/contact/,,info@skymatix.co.jp,,,送信成功,2026/07/15,,
株式会社バイタルエリア,Webアプリ・サービス運営,"クラウド系/SaaS/ASPサービス,受託開発,その他通信",東京都,東京都港区海岸１丁目２番３号汐留芝離宮ビルディング２１Ｆ,3: 20人以上~50人未満,"0: 5,000万円未満",2: 3億円以上~10億円未満,https://www.vital-area.com/about,https://www.vital-area.com/inquiry.php,03-5403-6483,info@vital-area.com,,,送信成功,2026/07/15,,
株式会社ディーアンドエーコンサルティング,Webアプリ・サービス運営,ITインフラストラクチャー,神奈川県,神奈川県横浜市西区みなとみらい２丁目３番５号,3: 20人以上~50人未満,"1: 5,000万円以上~3億円未満",2: 3億円以上~10億円未満,https://www.dacons.co.jp/company/outline/,http://www.dacons.co.jp/contact/,045-651-7470,info@dacons.co.jp,,,送信不可,, お問い合わせフォーム無し,
株式会社ＪＣＧ,クラウド系/SaaS/ASPサービス,その他ゲーム,東京都,東京都江東区豊洲５丁目６番５２号,3: 20人以上~50人未満,"1: 5,000万円以上~3億円未満",3: 10億円以上~50億円未満,https://jcg.co.jp/,https://www.jcg.co.jp/contact/,,,,,送信成功,2026/07/15,,
株式会社Ｒｕｂｙ開発,Webアプリ・サービス運営,ITコンサル,東京都,東京都渋谷区恵比寿４丁目２０番３号,3: 20人以上~50人未満,"0: 5,000万円未満",2: 3億円以上~10億円未満,https://www.ruby-dev.jp/,https://www.ruby-dev.jp/contact,03-3527-3960,,,,送信成功,2026/07/15,,
ブラックライン株式会社,クラウド系/SaaS/ASPサービス,,東京都,東京都港区赤坂９丁目７番１号ミッドタウンタワー１８階,3: 20人以上~50人未満,,3: 10億円以上~50億円未満,https://www.blackline.jp/company/,https://www.blackline.jp/contact/,03-4540-4310,,,,送信不可,,必須項目の入力ができない（情報不足など）,役職
株式会社グラスホッパー・マニファクチュア,ゲーム開発,,東京都,東京都文京区後楽１丁目４番１４号後楽森ビル１３階,3: 20人以上~50人未満,"0: 5,000万円未満",3: 10億円以上~50億円未満,https://www.grasshopper.co.jp/,https://www.grasshopper.co.jp/contact/,,contact@grasshopper.co.jp,,,送信成功,2026/07/15,,
株式会社ＫＥＹ　ＷＥＳＴ,ゲーム開発,"コンテンツ制作,動画制作・CG制作,ゲーム・アニメデザイン,アミューズメント機器,ソーシャルゲーム・スマホゲーム",大阪府,大阪府大阪市淀川区西宮原２丁目７番３８号,3: 20人以上~50人未満,"0: 5,000万円未満",3: 10億円以上~50億円未満,http://kw-games.co.jp,http://kw-games.co.jp/contact/,06-6398-5056,,,,送信成功,2026/07/15,,
株式会社マプリィ,Webアプリ・サービス運営,,兵庫県,兵庫県丹波市春日町多田１６５番地,3: 20人以上~50人未満,,2: 3億円以上~10億円未満,https://mapry.co.jp/company/,https://mapry.co.jp/contact/,,contact@mapry.co.jp,,,送信成功,2026/07/15,,
株式会社ビズリンク,Webアプリ・サービス運営,,東京都,東京都品川区東五反田２丁目３番５号五反田中央ビル８階,3: 20人以上~50人未満,"1: 5,000万円以上~3億円未満",2: 3億円以上~10億円未満,https://bizlink.io/about/,https://bizlink.io/contact/,,info@bizlink.io,,,送信不可,,必須項目の入力ができない（情報不足など）,役職
株式会社ＺＥＮ　Ｉｎｔｅｇｒａｔｉｏｎ,Webアプリ・サービス運営,"eコマース,ITインフラストラクチャー,芸能プロダクション・タレント,人材紹介,その他外食,人材派遣",東京都,東京都中央区日本橋馬喰町１丁目５番４号,3: 20人以上~50人未満,"0: 5,000万円未満",3: 10億円以上~50億円未満,http://www.zen-integration.com,http://www.zen-integration.com/#inquiry,03-5829-8901,contact@zen-integration.com,,,送信不可,, お問い合わせフォーム無し,
株式会社エスマット,Webアプリ・サービス運営,"Webマーケコンサル,販促コンサル,日用品・化粧品商社,経営コンサル",東京都,東京都品川区東五反田２丁目９－５サウスウイング東五反田,3: 20人以上~50人未満,"1: 5,000万円以上~3億円未満",3: 10億円以上~50億円未満,https://smartshopping.co.jp/,https://s-mat.co.jp/contact,03-4405-5629,contact-mat@smartshopping.co.jp,,,送信不可,,必須項目の入力ができない（情報不足など）,お問合せ種別該当なし
アイ・インテグレーション株式会社,Webアプリ・サービス運営,,東京都,東京都港区南青山２丁目１１番１３号南青山ビル６Ｆ,3: 20人以上~50人未満,"0: 5,000万円未満",2: 3億円以上~10億円未満,https://i-integration.co.jp/,https://i-integration.co.jp/contact/,03-4570-0228,,,,送信成功,2026/07/15,,
オープラン株式会社,Webアプリ・サービス運営,"デザイン,受託開発",東京都,東京都台東区台東２丁目３番２号ＭＫビル４階,3: 20人以上~50人未満,"0: 5,000万円未満",2: 3億円以上~10億円未満,https://oplan.co.jp/index.html,https://oplan.co.jp/contact,03-5829-4906,,,,送信成功,2026/07/15,,
株式会社Ｒｅｓｉｌｉｒｅ,クラウド系/SaaS/ASPサービス,,東京都,東京都港区海岸１丁目７番１号東京ポートシティ竹芝１０Ｆ,3: 20人以上~50人未満,2: 3億円以上~10億円未満,3: 10億円以上~50億円未満,https://corp.resilire.jp/about,https://corp.resilire.jp/contact,,info@resilire.jp,,,送信不可,,営業禁止の記載あり,
株式会社アズテックスシステム,Webアプリ・サービス運営,人材派遣,東京都,東京都千代田区鍛冶町１丁目７番地１１ＫＣＡビル８階,3: 20人以上~50人未満,"1: 5,000万円以上~3億円未満",2: 3億円以上~10億円未満,https://aztecs-sys.com/,https://aztecs-sys.com/contact,03-3525-4043,saiyou@aztecs-sys.com,,,送信不可,, お問い合わせフォーム無し,
株式会社エモーションテック,クラウド系/SaaS/ASPサービス,"その他IT,その他コンサル,研究・調査・リサーチ,セミナー,Webアプリ・サービス運営",東京都,東京都港区西新橋１丁目１番１号,3: 20人以上~50人未満,"1: 5,000万円以上~3億円未満",3: 10億円以上~50億円未満,https://emotion-tech.co.jp/company/outline/,https://lp.emotion-tech.co.jp/inquiry_form,03-6778-4762,info@emotion-tech.co.jp,,,送信不可,,必須項目の入力ができない（情報不足など）,役職
ＲＵＮ．ＥＤＧＥ株式会社,Webアプリ・サービス運営,,東京都,東京都港区赤坂３丁目１７番３号,3: 20人以上~50人未満,"1: 5,000万円以上~3億円未満",2: 3億円以上~10億円未満,https://www.run-edge.com/about/,https://www.run-edge.com/contact,,contact@run-edge.com,,,送信成功,2026/07/15,,
ジップラス株式会社,Webアプリ・サービス運営,,東京都,東京都渋谷区神泉町９番５号,3: 20人以上~50人未満,"0: 5,000万円未満",2: 3億円以上~10億円未満,https://ziplus.jp/company,https://ziplus.jp/inquiry,03-6261-6010,info@ziplus.jp,,,送信成功,2026/07/15,,
株式会社ＷＨＥＲＥ,Webアプリ・サービス運営,,東京都,東京都港区三田３丁目５番２７号住友不動産東京三田サウスタワー３階,3: 20人以上~50人未満,2: 3億円以上~10億円未満,2: 3億円以上~10億円未満,https://where123.jp/access/,https://where123.jp/contact/,03-6261-5722,info@where123.jp,,,送信成功,2026/07/15,,
株式会社ユニトラスト,Webアプリ・サービス運営,"その他IT,デザイン",東京都,東京都千代田区有楽町１丁目１３番地２,3: 20人以上~50人未満,"0: 5,000万円未満",1: 1億円以上~3億円未満,https://www.unitrust.co.jp/company,https://www.unitrust.co.jp/contact/,,,,,送信成功,2026/07/15,,
Ｑｕａｎｔｓ株式会社,クラウド系/SaaS/ASPサービス,"クレジット・決済代行,その他金融関連サービス",東京都,東京都新宿区西新宿６丁目８番１号住友不動産新宿オークタワー１２階,3: 20人以上~50人未満,"1: 5,000万円以上~3億円未満",4: 50億円以上~300億円未満,https://www.quants-grp.co.jp/,https://www.hifcorp.co.jp/contact,,hif-info@quants-grp.co.jp,,,送信不可,,別サイトに遷移してしまう・サイトが開けない,安全なサイトではない
株式会社いろはにぽぺと,ゲーム開発,"イベント,デザイン",東京都,東京都渋谷区円山町１５番３号グランエストビル,3: 20人以上~50人未満,"0: 5,000万円未満",3: 10億円以上~50億円未満,https://irohanipopeto.com/about/,http://irohanipopeto.com/contact/,03-5937-3439,pr@irohanipopeto.com,,,送信成功,2026/07/15,,
株式会社テンクー,Webアプリ・サービス運営,その他IT,東京都,東京都文京区本郷２丁目４０番８号,3: 20人以上~50人未満,"1: 5,000万円以上~3億円未満",3: 10億円以上~50億円未満,https://xcoo.co.jp/,https://xcoo.co.jp/about.html,03-3868-2374,info@xcoo.jp,,,送信不可,,営業禁止の記載あり,
日本インプラント株式会社,Webアプリ・サービス運営,,京都府,京都府京都市下京区烏丸通五条上る御供石町３６９番地,3: 20人以上~50人未満,"1: 5,000万円以上~3億円未満",2: 3億円以上~10億円未満,https://www.nihon-implant.co.jp,,075-365-2525,,,,送信不可,, お問い合わせフォーム無し,
カルー株式会社,Webアプリ・サービス運営,"ITコンサル,その他広告・制作,その他医療・福祉",東京都,東京都目黒区中目黒１丁目１番２６号,3: 20人以上~50人未満,"0: 5,000万円未満",3: 10億円以上~50億円未満,https://caloo.co.jp/company,https://caloo.jp/contacts/inquiry/business,03-6303-1471,apokul-info@caloo.jp,,,送信成功,2026/07/15,,
共達フォース株式会社,Webアプリ・サービス運営,,東京都,東京都中央区晴海１丁目８番１２号晴海アイランドトリトンスクエアオフィスタワーＺ７Ｆ,3: 20人以上~50人未満,"0: 5,000万円未満",2: 3億円以上~10億円未満,https://www.cncforce.co.jp/access/,https://www.cncforce.co.jp/contact/,,,,,送信不可,,メールに遷移・Googleフォーム,
株式会社エムプラス,Webアプリ・サービス運営,その他医療・福祉,東京都,東京都千代田区平河町２丁目７番２号,3: 20人以上~50人未満,"0: 5,000万円未満",3: 10億円以上~50億円未満,https://www.mplus.inc/company/,https://www.m3.com/inquiry/form.jsp,03-6418-3020,,,,送信不可,, お問い合わせフォーム無し,提案、営業に関するフォームなし
ｔａｌｅｎｔｂｏｏｋ株式会社,Webアプリ・サービス運営,販促コンサル,東京都,東京都渋谷区渋谷２丁目６番６号,3: 20人以上~50人未満,2: 3億円以上~10億円未満,3: 10億円以上~50億円未満,https://talentbook.co.jp/,https://talentbook.co.jp/contact,,,,,送信成功,2026/07/15,,
マイクロフォーカスエンタープライズ株式会社,Webアプリ・サービス運営,クラウド系/SaaS/ASPサービス,東京都,東京都千代田区丸の内１丁目８番３号,3: 20人以上~50人未満,2: 3億円以上~10億円未満,3: 10億円以上~50億円未満,https://www.microfocus-enterprise.co.jp/company/information.html,https://www.opentext.com/jp/contact,03-5635-0872,,,,送信不可,, お問い合わせフォーム無し,提案、営業に関するフォームなし
アラスジャパン合同会社,Webアプリ・サービス運営,Webマーケコンサル,東京都,東京都千代田区有楽町１丁目１番２号東京ミッドタウン日比谷日比谷三井タワー,3: 20人以上~50人未満,,2: 3億円以上~10億円未満,https://aras.com/ja-jp/company/aras-japan,https://aras.com/ja-jp/company/contact,03-5797-7920,info@aras.jp,,,送信成功,2026/07/15,,
株式会社ケップル,クラウド系/SaaS/ASPサービス,"その他IT,投資",東京都,東京都港区虎ノ門５丁目９番１号,3: 20人以上~50人未満,2: 3億円以上~10億円未満,3: 10億円以上~50億円未満,https://corp.kepple.co.jp/company,https://corp.kepple.co.jp/contact,,,,,送信成功,2026/07/15,,
株式会社ジーン,Webアプリ・サービス運営,"Webマーケコンサル,レディースアパレル販売,メンズアパレル販売",東京都,東京都港区南青山３丁目１番３１号ＫＤ南青山ビル４Ｆ,3: 20人以上~50人未満,"1: 5,000万円以上~3億円未満",3: 10億円以上~50億円未満,https://shonanjin.com,https://shonanjin.com/contact-request/,03-6380-6165,info@jeanebooks.com,,,送信成功,2026/07/16,,
富士ウェーブ株式会社,Webアプリ・サービス運営,機械設計,山梨県,山梨県富士吉田市上吉田４９４７番地１,3: 20人以上~50人未満,"1: 5,000万円以上~3億円未満",0: 1億円未満,https://fujiwaves.co.jp/,https://fujiwaves.co.jp/contact/,077-543-7815,awai@ryutech.com,,,送信成功,2026/07/16,,
株式会社コードタクト,Webアプリ・サービス運営,"イベント,IT系教育",東京都,東京都渋谷区円山町２８番４号大場ビルＡ館２階ｂ室,3: 20人以上~50人未満,"0: 5,000万円未満",2: 3億円以上~10億円未満,https://codetakt.com/,https://codetakt.form.kintoneapp.com/public/005fe4f4ef9b739d009c4fcf4d253f6dd10c3732ef6444ede1fcfe404b4e88ed,03-4446-5014,info@codetakt.com,,,送信不可,,営業禁止の記載あり,※ 問い合わせフォームからのセールス等は固くお断りいたします。送信いただいても対応いたしかねます。
ＲＥＳＴＡＲ株式会社,クラウド系/SaaS/ASPサービス,"その他金融関連サービス,その他不動産",東京都,東京都港区虎ノ門１丁目１０番５号,3: 20人以上~50人未満,,3: 10億円以上~50億円未満,https://www.restar-inc.com/company/,https://www.restar-inc.com/contact/,,contact@restar-inc.com,,,送信不可,,必須項目の入力ができない（情報不足など）,Please give an answer→役職空欄だから
株式会社ゴールドオンライン,Webアプリ・サービス運営,"デジタル系コンテンツ,広告制作,その他広告・制作,出版,総合広告代理店",東京都,東京都渋谷区千駄ヶ谷２丁目３０番１号,3: 20人以上~50人未満,"1: 5,000万円以上~3億円未満",3: 10億円以上~50億円未満,https://goldonline.co.jp/company/,https://goldonline.co.jp/contact/,,ggo_info@goldonline.co.jp,,,送信成功,2026/07/16,,
株式会社サン・ルート,Webアプリ・サービス運営,,福岡県,福岡県北九州市小倉北区馬借３丁目４番７号ＦＯＲＺＡ馬借１０５号室,3: 20人以上~50人未満,,2: 3億円以上~10億円未満,https://sunroot.co.jp/,https://sunroot.co.jp/contact/,,,,,送信不可,, お問い合わせフォーム無し,エラー: コンタクトフォームが見つかりません。
エボラニ株式会社,Webアプリ・サービス運営,"その他IT,eコマース",神奈川県,神奈川県横浜市西区南幸２丁目２０番５号ＫＤＸ横浜リバーサイド,3: 20人以上~50人未満,"0: 5,000万円未満",3: 10億円以上~50億円未満,https://evolany.com/,https://evolany.com/contact/,050-5236-6287,info@evolany.com,,,送信成功,2026/07/16,,
コアブレイン株式会社,Webアプリ・サービス運営,,神奈川県,神奈川県相模原市中央区南橋本３丁目１－１,3: 20人以上~50人未満,,2: 3億円以上~10億円未満,https://corebrain-inc.co.jp/,https://corebrain-inc.co.jp/contact,,,,,送信成功,2026/07/16,,
株式会社アモティ,Webアプリ・サービス運営,研究・調査・リサーチ,東京都,東京都江東区亀戸１丁目３６番４号古川ビル１Ｆ,3: 20人以上~50人未満,"0: 5,000万円未満",2: 3億円以上~10億円未満,http://www.amoty.co.jp,http://www.amoty.co.jp/contact.html,03-6228-7413,info@amoty.co.jp,,,送信不可,,別サイトに遷移してしまう・サイトが開けない,このサイトにアクセスできません
ＡＩＱ株式会社,クラウド系/SaaS/ASPサービス,"ITコンサル,その他広告・制作",東京都,東京都文京区後楽１丁目４－１４後楽森ビル８Ｆ,3: 20人以上~50人未満,,3: 10億円以上~50億円未満,https://www.aiqlab.com/about/,https://aiqlab.com/contact,,,,,送信成功,2026/07/16,,
株式会社銀河システムソリューション,Webアプリ・サービス運営,スマホアプリ,東京都,東京都台東区台東４丁目５番８号スペースヒロ３０１号室,3: 20人以上~50人未満,"0: 5,000万円未満",3: 10億円以上~50億円未満,https://www.ginga-ss.jp/company/,https://www.ginga-ss.jp/contacts/,03-6692-2704,,,,送信不可,,別サイトに遷移してしまう・サイトが開けない,会社が解散
株式会社テレマ,Webアプリ・サービス運営,ITインフラストラクチャー,千葉県,千葉県千葉市中央区新宿２丁目７番１０号,3: 20人以上~50人未満,"0: 5,000万円未満",2: 3億円以上~10億円未満,https://www.telema.co.jp/,https://www.telema.co.jp/contact.html,043-216-4176,info@telema.co.jp,,,送信成功,2026/07/16,,
株式会社シコメルフードテック,Webアプリ・サービス運営,,東京都,東京都渋谷区渋谷１丁目２番５号,3: 20人以上~50人未満,"1: 5,000万円以上~3億円未満",2: 3億円以上~10億円未満,https://corp.shikomel.com/,https://corp.shikomel.com/contact/coverage,,,,,送信成功,2026/07/16,,
株式会社ＥｄｕＬａｂ,Webアプリ・サービス運営,"通信教育,語学学習,研究・調査・リサーチ,Webアプリ・サービス運営",東京都,東京都品川区東品川２丁目３番１２号ＴｅｎｎｏｚｕＢａｙＴｏｗｅｒ１１階,3: 20人以上~50人未満,"1: 5,000万円以上~3億円未満",4: 50億円以上~300億円未満,http://edulab-inc.com,https://docs.google.com/forms/d/e/1FAIpQLSd8IT_5hnZjn-2z8CEsExZmkpD-RD4yOr7Z7L1428iD2AUyDg/viewform,03-6844-0228,contact@edulab-inc.com,,,送信成功,2026/07/16,,
株式会社ＭｉＬ,クラウド系/SaaS/ASPサービス,"日用品,その他医療・福祉",東京都,東京都港区南青山４丁目１３番９号クレセントヒルズ３Ｆ,3: 20人以上~50人未満,,3: 10億円以上~50億円未満,https://mil-inc.com/about/company/,https://mil-inc.com/contact,,support@mil-inc.com,,,送信成功,2026/07/16,,
ニプロ医療電子システムズ株式会社,医療機器,"医療機器商社,電子部品商社",山梨県,山梨県中央市中楯８０１番,3: 20人以上~50人未満,"0: 5,000万円未満",3: 10億円以上~50億円未満,https://nipro-amtes.co.jp/company/#profile,https://nipro-amtes.co.jp/contact,,,,,送信成功,2026/07/16,,
株式会社ＭａｇｉｃＰｏｄ,クラウド系/SaaS/ASPサービス,"その他IT,Webアプリ・サービス運営",東京都,東京都中央区日本橋箱崎町１番２号,3: 20人以上~50人未満,"1: 5,000万円以上~3億円未満",3: 10億円以上~50億円未満,https://magicpod.com/corporate/company/,https://www.trident-qa.com/contact/,050-7122-0338,support@magicpod.com,,,送信成功,2026/07/16,,
アイザック株式会社,Webアプリ・サービス運営,Webアプリ・サービス運営,東京都,東京都渋谷区恵比寿西１丁目１０番１１号フジワラビルディング２階,3: 20人以上~50人未満,,2: 3億円以上~10億円未満,https://aisaac.jp/,https://aisaac.jp/contact/,,contact@aisaac.jp,,,送信成功,2026/07/16,,
株式会社ｍｉｒａｉ計画,クラウド系/SaaS/ASPサービス,Webアプリ・サービス運営,愛知県,愛知県みよし市三好町弁財天３番１,3: 20人以上~50人未満,"0: 5,000万円未満",2: 3億円以上~10億円未満,https://mirai-log.com/company/,https://docs.google.com/forms/d/e/1FAIpQLSdVRzfbpwCoEvDxWAMGSa6uKAkkEX65miR2GXQfPdRQZEXiZA/viewform,0561-76-7032,,,,送信成功,2026/07/16,,
株式会社モノクロ,ゲーム開発,,兵庫県,兵庫県西宮市上甲子園１丁目３番１９号,3: 20人以上~50人未満,"0: 5,000万円未満",2: 3億円以上~10億円未満,http://monochrome-corp.com/index.html,https://monochrome-corp.com/contact-form.html,06-6809-3917,contact@monochrome-corp.com,,,送信成功,2026/07/16,,
株式会社安井ファシリティーズ,Webアプリ・サービス運営,"環境コンサル,不動産売買・仲介,コスト削減コンサル,その他コンサル,不動産管理,その他不動産,セミナー,その他建設・工事",東京都,東京都千代田区神田美土代町１番地,3: 20人以上~50人未満,"0: 5,000万円未満","5: 300億円以上~1,000億円未満",http://www.yasui-f.co.jp,http://www.yasui-f.co.jp/#contact,03-3261-5551,,,,送信成功,2026/07/16,,
株式会社ＳＴＹＺ,Webアプリ・サービス運営,,東京都,東京都渋谷区千駄ヶ谷３丁目５９番４号クエストコート原宿,3: 20人以上~50人未満,"0: 5,000万円未満",2: 3億円以上~10億円未満,https://styz.io/Company,http://goo.gl/forms/2QsYbXlyBg,03-6823-4304,contact@culumu.com,,,送信成功,2026/07/16,,
エーテンラボ株式会社,クラウド系/SaaS/ASPサービス,Webアプリ・サービス運営,東京都,東京都中央区日本橋小舟町８番１３号,3: 20人以上~50人未満,"1: 5,000万円以上~3億円未満",2: 3億円以上~10億円未満,https://a10lab.com/company/,https://a10lab.com/contact/,,contact@a10lab.com,,,送信成功,2026/07/16,,
エーバイスリーセキュアシステム株式会社,情報セキュリティ,"クラウド系/SaaS/ASPサービス,ITコンサル",東京都,東京都新宿区西新宿８丁目５番１号野村不動産西新宿共同ビル,3: 20人以上~50人未満,"1: 5,000万円以上~3億円未満",2: 3億円以上~10億円未満,https://aby3.co.jp/company/,https://aby3.co.jp/contact/,,info@aby3.co.jp,,,送信成功,2026/07/16,,
Ａｃａｌｌ株式会社,Webアプリ・サービス運営,,東京都,東京都港区六本木７丁目１５－７,3: 20人以上~50人未満,"1: 5,000万円以上~3億円未満",2: 3億円以上~10億円未満,https://www.acall.inc/about/details/,https://www.acall.inc/contact/,,,,,送信不可,,必須項目の入力ができない（情報不足など）,
アイディア株式会社,Webアプリ・サービス運営,"クラウド系/SaaS/ASPサービス,その他通信",東京都,東京都新宿区新宿４丁目１番６号ＪＲ新宿ミライナタワー２２階,3: 20人以上~50人未満,"1: 5,000万円以上~3億円未満",3: 10億円以上~50億円未満,https://aidea.biz/company/,http://aidea.biz/contact/,,info@aidea.biz,,,送信不可,,送信ボタンを押すことができない・エラー,
株式会社ホロラボ,Webアプリ・サービス運営,,東京都,東京都品川区西五反田８丁目３－６ＴＫ五反田ビル１Ｆ,3: 20人以上~50人未満,,2: 3億円以上~10億円未満,https://hololab.co.jp/,https://forms.office.com/Pages/ResponsePage.aspx?id=QMGXxOkNNk-WXDwEcVSc_2ZsZJYR1MhDkwsI2aEImnZUQldZRUNWTTA5UTU4RU5MN0dXVVNINFRURiQlQCN0PWcu,,info@hololab.co.jp,,,送信不可,,営業禁止の記載あり,本フォームでのお問い合わせ受付は終了させていただきました。 お手数をおかけしますが、下記よりお問い合わせください。(株式会社ホロラボ) https://hololab.co.jp/#contact
株式会社大都テクノロジーズ,Webアプリ・サービス運営,その他人材,東京都,東京都千代田区二番町１２番地３,3: 20人以上~50人未満,"0: 5,000万円未満",2: 3億円以上~10億円未満,https://www.daitotech.co.jp/company/,https://www.daitotech.co.jp/contact/,,toiawase@daitotech.co.jp,,,送信成功,2026/07/16,,
株式会社ＣＭｅｒＴＶ,Webアプリ・サービス運営,"看板広告,Webマーケコンサル,広告制作,動画制作・CG制作,経営コンサル,CM制作・映像制作",東京都,東京都千代田区丸の内３丁目３番１号新東京ビル４Ｆ,3: 20人以上~50人未満,2: 3億円以上~10億円未満,3: 10億円以上~50億円未満,https://www.cmertv.co.jp/about/company,https://www.cmertv.co.jp/contact,03-6263-9905,,,,送信成功,2026/07/16,,
株式会社ｍｉｒａｉｉ,Webアプリ・サービス運営,"イベント,IT系教育,Webマーケコンサル",東京都,東京都中央区八丁堀３丁目４－１２ＥｍｕｔｅＫｙｏｂａｓｈｉ１０１号,3: 20人以上~50人未満,,2: 3億円以上~10億円未満,https://miraii.jp/sdgs-activities-8,https://18e91ddb.form.kintoneapp.com/public/contact-miraii-hp,,,,,送信成功,2026/07/16,,
株式会社お金のデザイン,クラウド系/SaaS/ASPサービス,"その他金融関連サービス,証券",東京都,東京都中央区新川１丁目１７番２１号,3: 20人以上~50人未満,,3: 10億円以上~50億円未満,https://www.money-design.com/about/company/,http://www.money-design.com/contact/,,,,,送信成功,2026/07/16,,
株式会社ｉＭｅｄｉｃａｌ,Webアプリ・サービス運営,,東京都,東京都千代田区九段南２丁目３番１４号靖国九段南ビル８階,3: 20人以上~50人未満,2: 3億円以上~10億円未満,2: 3億円以上~10億円未満,https://www.imedi.co.jp/company.html,https://www.imedi.co.jp/contact.html,03-5786-6800,,,,送信成功,2026/07/16,,
株式会社レトリバ,Webアプリ・サービス運営,,東京都,東京都豊島区西池袋１丁目１１番１号,3: 20人以上~50人未満,"1: 5,000万円以上~3億円未満",2: 3億円以上~10億円未満,https://retrieva.jp/profile/,https://retrieva.jp/contact/,,,,,送信不可,,必須項目の入力ができない（情報不足など）,
株式会社ＳＩＲＥ,Webアプリ・サービス運営,"Webアプリ・サービス運営,不動産コンサル,不動産管理,不動産賃貸・仲介",東京都,東京都目黒区下目黒３丁目４－２タムラビル５階,3: 20人以上~50人未満,,3: 10億円以上~50億円未満,https://r-sire.co.jp/,,,,,,送信不可,,メールに遷移・Googleフォーム,out lookだから
株式会社バーナードソフト,Webアプリ・サービス運営,受託開発,北海道,北海道札幌市中央区北五条西６丁目２番地２,3: 20人以上~50人未満,"0: 5,000万円未満",1: 1億円以上~3億円未満,https://www.barnardsoft.co.jp/about/#profile,https://www.barnardsoft.co.jp/contact,011-776-6738,,,,送信成功,2026/07/16,,
株式会社グラモ,Webアプリ・サービス運営,,東京都,東京都豊島区東池袋３丁目２３番１３号,3: 20人以上~50人未満,2: 3億円以上~10億円未満,2: 3億円以上~10億円未満,https://www.glamo.co.jp/,http://www.glamo.co.jp/#about,03-5928-2630,info@glamo.co.jp,,,送信成功,2026/07/16,,
株式会社スイッチメディア,Webアプリ・サービス運営,"その他マスコミ・出版,その他IT,研究・調査・リサーチ",東京都,東京都港区芝５丁目２６番２４号,3: 20人以上~50人未満,"1: 5,000万円以上~3億円未満",2: 3億円以上~10億円未満,https://www.switch-m.com/corporate/company,https://switch-m.satori.site/service-inquiry?_gl=1*lk61ro*_gcl_au*NTU3MTkzMjI1LjE3ODQxNjY0MjU.*_ga*MTczODMwMDk5OS4xNzg0MTY2NDI2*_ga_JEVZ4XJ77E*czE3ODQxNjY0MjUkbzEkZzAkdDE3ODQxNjY0MzIkajUzJGwwJGg3OTMyMzY2Nzc.,03-6441-2056,,,,送信成功,2026/07/16,,
ニューラルグループ株式会社,Webアプリ・サービス運営,"ITコンサル,情報セキュリティ,その他機械",東京都,東京都千代田区有楽町１丁目１番２号,3: 20人以上~50人未満,"0: 5,000万円未満",3: 10億円以上~50億円未満,https://www.neural-group.com/company.html,https://www.neural-group.com/ir/inquiry/index.html?type=other,,,,,送信成功,2026/07/16,,
スーパーマイクロ株式会社,Webアプリ・サービス運営,クラウド系/SaaS/ASPサービス,東京都,東京都渋谷区桜丘町２０番１号渋谷インフォスタワー２１階,3: 20人以上~50人未満,"0: 5,000万円未満",2: 3億円以上~10億円未満,https://www.supermicro.com.tw/index_home.cfm,https://www.supermicro.com.tw/en/about/contact,03-5728-5196,japanservice@supermicro.com,,,送信不可,, お問い合わせフォーム無し,
株式会社レイ・イージス・ジャパン,情報セキュリティ,,東京都,東京都新宿区西新宿７丁目２２番３３号Ｐｏｌａｒ西新宿４階,3: 20人以上~50人未満,"1: 5,000万円以上~3億円未満",2: 3億円以上~10億円未満,https://www.rayaegis.co.jp/company/,https://form.k3r.jp/rayaegis/corpcontact,03-6703-6619,info@rayaegis.co.jp,,,送信成功,2026/07/16,,
株式会社メイキップ,Webアプリ・サービス運営,"Webマーケコンサル,その他広告・制作",東京都,東京都新宿区矢来町１２６ＮＩＴＴＯビル１階,3: 20人以上~50人未満,"0: 5,000万円未満",2: 3億円以上~10億円未満,https://makip.co.jp/,https://makip.co.jp/contact/other,,inquiry@makip.co.jp,,,送信不可,,送信ボタンを押すことができない・エラー,いまいち送れたかどうかかどうかわからない
Ｉｎｓｔｉｔｕｔｉｏｎ　ｆｏｒ　ａ　Ｇｌｏｂａｌ　Ｓｏｃｉｅｔｙ株式会社,Webアプリ・サービス運営,"その他IT,人材派遣",東京都,東京都渋谷区恵比寿南１丁目１１番２号,3: 20人以上~50人未満,"1: 5,000万円以上~3億円未満",2: 3億円以上~10億円未満,https://i-globalsociety.com/about/,https://i-globalsociety.com/contact,,,,,送信成功,2026/07/16,,
株式会社リッジワークス,Webアプリ・サービス運営,"ソフトウェア販売,ITインフラストラクチャー,Web制作",北海道,北海道札幌市中央区北五条西２５丁目４番１,3: 20人以上~50人未満,"0: 5,000万円未満",2: 3億円以上~10億円未満,http://www.ridgeworks.co.jp/,https://www.ridgeworks.co.jp/contact/,011-213-7492,info@ridgeworks.co.jp,,,送信成功,2026/07/16,,
クレイトエージェンシー株式会社,Webアプリ・サービス運営,"その他IT,Webマーケコンサル",東京都,東京都新宿区荒木町２０番地２１,3: 20人以上~50人未満,"0: 5,000万円未満",3: 10億円以上~50億円未満,https://creit-agency.jp/,http://creit-agency.jp/contact/,03-5919-3747,info@creit-agency.jp,,,送信不可,, お問い合わせフォーム無し,
株式会社ＺｅｎｍｕＴｅｃｈ,クラウド系/SaaS/ASPサービス,"その他IT,ITコンサル",東京都,東京都中央区新川２丁目２２番１号いちご新川ビル５階,3: 20人以上~50人未満,2: 3億円以上~10億円未満,2: 3億円以上~10億円未満,https://zenmutech.com/,http://zenmutech.com/contact/contactform,03-6260-6195,info@zenmutech.com,,,送信成功,2026/07/16,,
株式会社ＭＳレンタル,Webアプリ・サービス運営,"その他団体,不動産賃貸・仲介,不動産管理",静岡県,静岡県浜松市中央区住吉４丁目１４番１号,3: 20人以上~50人未満,"0: 5,000万円未満",3: 10億円以上~50億円未満,http://www.livein.life/top.html,,053-478-0808,,,,送信不可,, お問い合わせフォーム無し,
株式会社ヒナプロジェクト,Webアプリ・サービス運営,,大阪府,大阪府枚方市大垣内町２丁目１７番８号,3: 20人以上~50人未満,"0: 5,000万円未満",0: 1億円未満,https://hinaproject.co.jp/hina_gaiyou.html,https://hinaproject.co.jp/inquire/input/,,,,,送信成功,2026/07/16,,
ユアマイスター株式会社,Webアプリ・サービス運営,"ITコンサル,その他広告・制作",東京都,東京都目黒区東山３丁目１５番１号,3: 20人以上~50人未満,"1: 5,000万円以上~3億円未満",2: 3億円以上~10億円未満,https://corp.yourmystar.jp/,https://corp.yourmystar.jp/contact-2,03-6427-8713,contact@yourmystar.jp,,,送信成功,2026/07/16,,
リンク株式会社,Webアプリ・サービス運営,"販促コンサル,Web制作",東京都,東京都文京区湯島２丁目７番１６号プリ・テックビル５階,3: 20人以上~50人未満,"0: 5,000万円未満",2: 3億円以上~10億円未満,https://link-co-ltd.co.jp/about/company.html,https://link-co-ltd.co.jp/index.html#contact,03-5834-7061,info@link-co-ltd.co.jp,,,送信成功,2026/07/16,,
株式会社アッパーグラウンド,ゲーム開発,"スマホアプリ,Webアプリ・サービス運営",東京都,東京都新宿区高田馬場１丁目３１番１８号高田馬場センタービル５階,3: 20人以上~50人未満,"0: 5,000万円未満",2: 3億円以上~10億円未満,http://upper-ground.jp/,http://upper-ground.jp/contact,03-6424-7178,,,,送信不可,,営業禁止の記載あり,営業及び勧誘目的でのご利用はご遠慮ください。
日本救急システム株式会社,Webアプリ・サービス運営,業務請負,宮崎県,宮崎県東臼杵郡美郷町北郷宇納間４０１番地,3: 20人以上~50人未満,"0: 5,000万円未満",2: 3億円以上~10億円未満,https://www.jems.co.jp/jems/,https://docs.google.com/forms/d/e/1FAIpQLSe94P_hOKf3wujCZmDf-9lc3k3GQL_uUrx_lQw1LHCSolLNYQ/viewform,0982-60-1370,info@jems.co.jp,,,送信成功,2026/07/16,,
株式会社テックドクター,Webアプリ・サービス運営,,東京都,東京都中央区京橋２丁目２番１号,3: 20人以上~50人未満,,2: 3億円以上~10億円未満,https://www.technology-doctor.com/,https://www.technology-doctor.com/contact,,,,,送信不可,,営業禁止の記載あり,営業メールは受け付けておりません。
フルカイテン株式会社,Webアプリ・サービス運営,"クラウド系/SaaS/ASPサービス,その他IT",大阪府,大阪府大阪市福島区福島１丁目４番４号,3: 20人以上~50人未満,"1: 5,000万円以上~3億円未満",3: 10億円以上~50億円未満,https://corp.full-kaiten.com/about.html,https://full-kaiten.com/inquiry,06-6131-9388,info@full-kaiten.com,,,送信成功,2026/07/16,,
ＷＨＩＴＥ　ＣＲＯＳＳ株式会社,Webアプリ・サービス運営,"その他マスコミ・出版,その他医療・福祉,人材紹介,人材派遣",東京都,東京都渋谷区恵比寿南１丁目２０番６号,3: 20人以上~50人未満,"1: 5,000万円以上~3億円未満",2: 3億円以上~10億円未満,https://whitecross.jp/,https://docs.google.com/forms/d/e/1FAIpQLSfoWtZyGj3vcM8Dh1l-HeLmVTpbi4AdW2mKKcfI3v5wkP5__w/viewform,03-5843-0883,contact@whitecross.co.jp,,,送信不可,,必須項目の入力ができない（情報不足など）,
ＹＡＯＹＡ株式会社,Webアプリ・サービス運営,"Webマーケコンサル,販促コンサル,ITインフラストラクチャー",大阪府,大阪府大阪市西区北堀江１丁目１９番１号７Ｆ,3: 20人以上~50人未満,"0: 5,000万円未満",1: 1億円以上~3億円未満,https://yaoya.io/,https://yaoya.io/contact,06-7713-2060,,,,送信成功,2026/07/16,,
ユニオンエタニティ株式会社,クラウド系/SaaS/ASPサービス,その他専門商社,大阪府,大阪府大阪市西区南堀江１丁目１番１４号,3: 20人以上~50人未満,"1: 5,000万円以上~3億円未満",3: 10億円以上~50億円未満,https://union-eternity.co.jp/company.html,https://union-eternity.co.jp/contact.html,06-6484-6518,,,,送信成功,2026/07/16,,
クェスタ株式会社,Webアプリ・サービス運営,"広告制作,Webアプリ・サービス運営",埼玉県,埼玉県川口市南鳩ヶ谷６丁目１３番５号,3: 20人以上~50人未満,"1: 5,000万円以上~3億円未満",2: 3億円以上~10億円未満,http://questar.ac/about,http://questar.ac/contact/,048-485-8593,,,,送信不可,,営業禁止の記載あり,※本フォームは、お取引先様およびお客様専用です。営業・勧誘目的でのご連絡には対応いたしかねますのでご了承ください。→メール送信時に出てきた
株式会社ココロファン,Webアプリ・サービス運営,,東京都,東京都港区北青山２丁目１０－２６ラナイグレース北青山３０１,3: 20人以上~50人未満,,2: 3億円以上~10億円未満,https://cocolofun.co.jp/,https://cocolofun.co.jp/contact/,,,,,送信成功,2026/07/16,,
株式会社ＤＲＡＧＯＮ　ＡＧＥＮＣＹ,Webアプリ・サービス運営,"受託開発,デジタル系コンテンツ",愛知県,愛知県名古屋市中村区名駅５丁目２３番１７号,3: 20人以上~50人未満,"0: 5,000万円未満",2: 3億円以上~10億円未満,https://dragonagency.co.jp/,https://form.run/@dragonagency-1642047189,052-569-5230,,,,送信成功,2026/07/16,,
インフォメティス株式会社,Webアプリ・サービス運営,"クラウド系/SaaS/ASPサービス,ITインフラストラクチャー",東京都,東京都港区芝大門１丁目１２番１６号,3: 20人以上~50人未満,2: 3億円以上~10億円未満,2: 3億円以上~10億円未満,https://www.informetis.com/company/profile/,https://www.informetis.com/contact/,,info@informetis.com,,,送信成功,2026/07/16,,
株式会社ｊｕｓｔＩｎＣａｓｅＴｅｃｈｎｏｌｏｇｉｅｓ,クラウド系/SaaS/ASPサービス,"その他IT,ITコンサル",東京都,東京都中央区日本橋茅場町１丁目８番１号,3: 20人以上~50人未満,,3: 10億円以上~50億円未満,https://justincase-tech.com/,https://docs.google.com/forms/d/e/1FAIpQLSfRnlDu7Ht_TSe5s3MECWEwopLo96fI0uaFMrYnqIYGpWb6hg/viewform,,,,,送信成功,2026/07/16,,
株式会社ｉｎｄｅｎｔ,Webアプリ・サービス運営,,東京都,東京都千代田区神田三崎町３丁目６番１２号神田三崎町ビル４階,3: 20人以上~50人未満,,2: 3億円以上~10億円未満,https://indent.co.jp/,https://indent.co.jp/contact,,contact@indent.co.jp,,,送信成功,2026/07/16,,
株式会社アライザー,Webアプリ・サービス運営,,東京都,東京都中央区京橋２丁目７番１４号,3: 20人以上~50人未満,"0: 5,000万円未満",2: 3億円以上~10億円未満,http://ariser.jp/,https://ariser.jp/contact/,03-6264-4135,info@ariser.jp,,,送信成功,2026/07/16,,
株式会社オリゾ,クラウド系/SaaS/ASPサービス,その他広告・制作,東京都,東京都新宿区西新宿７丁目４番７号イマス浜田ビル６Ｆ,3: 20人以上~50人未満,,2: 3億円以上~10億円未満,https://orizo.co.jp/,https://orizo.co.jp/contact00/,,,,,送信不可,,営業禁止の記載あり,営業･勧誘を目的としたご連絡はご遠慮ください。
株式会社法研システムズ,Webアプリ・サービス運営,"販促コンサル,Webマーケコンサル",東京都,東京都中央区銀座１丁目１０番１号,3: 20人以上~50人未満,"0: 5,000万円未満",2: 3億円以上~10億円未満,http://houken.co.jp/wordpress/,,03-5213-4509,,,,送信不可,,別サイトに遷移してしまう・サイトが開けない,このサイトにアクセスできません
株式会社アルタイル,Webアプリ・サービス運営,,東京都,東京都台東区東上野５丁目１番１号,3: 20人以上~50人未満,"0: 5,000万円未満",2: 3億円以上~10億円未満,https://www.altairsys.co.jp/altairhp2024/company.html,https://www.altairsys.co.jp/altairhp2024/contact.html,03-5811-1722,,,,送信成功,2026/07/16,,
株式会社レクシード,ゲーム開発,"eコマース,Webアプリ・サービス運営,デザイン,Web制作",東京都,東京都中央区八丁堀４丁目１３番５号幸ビル５階,3: 20人以上~50人未満,"0: 5,000万円未満",1: 1億円以上~3億円未満,https://www.rexceed.co.jp/,https://www.rexceed.co.jp/contact,03-6222-8350,info@rexceed.co.jp,,,送信成功,2026/07/16,,
株式会社オーツーカプセルボックス,医療機器,,群馬県,群馬県伊勢崎市山王町一里塚１３９６－３,3: 20人以上~50人未満,"0: 5,000万円未満",3: 10億円以上~50億円未満,https://o2-capsule.com/,,0270-40-4888,,,,送信成功,2026/07/16,,
株式会社リチカ,Webアプリ・サービス運営,"CM制作・映像制作,デジタル系コンテンツ,Webマーケコンサル",東京都,東京都渋谷区東３丁目９番１９号ＶＯＲＴ恵比寿ｍａｘｉｍ１１階,3: 20人以上~50人未満,3: 10億円以上~50億円未満,3: 10億円以上~50億円未満,https://richka.co.jp/company/profile/,https://cocktail-make.com/contact/,,info@cocktail-make.com,,,送信不可,,別サイトに遷移してしまう・サイトが開けない,
ｎｕｇｕ　Ｊａｐａｎ株式会社,Webアプリ・サービス運営,,東京都,東京都渋谷区広尾１丁目１３番７号恵比寿イーストビル６Ｆ,3: 20人以上~50人未満,,2: 3億円以上~10億円未満,https://create-jp.site/,,,,,,送信不可,,別サイトに遷移してしまう・サイトが開けない,
株式会社コミチ,Webアプリ・サービス運営,"出版,その他IT,書籍・メディア販売",東京都,東京都千代田区神田錦町２丁目２番地１,3: 20人以上~50人未満,,3: 10億円以上~50億円未満,https://comici.co.jp/about/,https://docs.google.com/forms/d/e/1FAIpQLSdZwCePdgVrTOW2n0wYp8VO9jAGLhvp1gpWAVIL6fyuJzkIiA/viewform,,info@comici.jp,,,送信成功,2026/07/16,,
株式会社グルーヴノーツ,クラウド系/SaaS/ASPサービス,"IT系教育,Webアプリ・サービス運営",福岡県,福岡県福岡市中央区天神１丁目１１番１号,3: 20人以上~50人未満,,2: 3億円以上~10億円未満,https://www.groovenauts.jp/company/,https://www.groovenauts.jp/contact/,092-986-2701,info@techpark.jp,,,送信不可,,必須項目の入力ができない（情報不足など）,
株式会社ＳｍａｒｔＷｏｒＸ,Webアプリ・サービス運営,"Webアプリ・サービス運営,塾・予備校,障害者福祉",東京都,東京都千代田区麹町３丁目５－１７晴花ＢＵＩＬＤＩＮＧ５Ｆ,3: 20人以上~50人未満,"1: 5,000万円以上~3億円未満",2: 3億円以上~10億円未満,https://smartworx.co.jp/,,,,,,送信成功,2026/07/16,,
株式会社リザーブリンク,Webアプリ・サービス運営,"クラウド系/SaaS/ASPサービス,その他IT",東京都,東京都港区南青山１丁目１番１号,3: 20人以上~50人未満,"0: 5,000万円未満",2: 3億円以上~10億円未満,https://reservelink.co.jp/company,https://yoyakulab.net/inquiry/,03-5772-7123,,,,送信成功,2026/07/16,,
アスクプロ株式会社,Webアプリ・サービス運営,"ITコンサル,その他広告・制作",東京都,東京都新宿区四谷３丁目５,3: 20人以上~50人未満,"1: 5,000万円以上~3億円未満",2: 3億円以上~10億円未満,https://askpro.co.jp/company,https://nlinfo.co.jp/contact,03-5339-7500,info@nlinfo.co.jp,,,送信不可,,別サイトに遷移してしまう・サイトが開けない,
株式会社ＨａｎａＰｒｉｍｅ,クラウド系/SaaS/ASPサービス,,東京都,東京都渋谷区千駄ヶ谷３丁目３２番４号ｇｒａｎ＋ＨＡＲＡＪＵＫＵ３Ｆ,3: 20人以上~50人未満,,2: 3億円以上~10億円未満,https://hanaprime.jp/,,,,,,送信成功,2026/07/16,,
株式会社ＣＲＡＦＴＲＡＮＳ,Webアプリ・サービス運営,,東京都,東京都渋谷区千駄ヶ谷４丁目１０番３号キクヤビル１Ｆ,3: 20人以上~50人未満,,2: 3億円以上~10億円未満,https://craftrans.co.jp/,,,info@craftrans.co.jp,,,送信成功,2026/07/16,,
空株式会社,ゲーム開発,,東京都,東京都渋谷区恵比寿西２丁目６－１１川上ビルＢ１,3: 20人以上~50人未満,"0: 5,000万円未満",1: 1億円以上~3億円未満,https://qoooh.com/profile.html,,03-6433-5475,facebook_info@qoooh.com,,,送信不可,, お問い合わせフォーム無し,
三松システムコンサルティング株式会社,Webアプリ・サービス運営,"その他IT,受託開発,ITインフラストラクチャー,人材派遣",埼玉県,埼玉県さいたま市大宮区宮町１丁目９６岩井ビル６階,3: 20人以上~50人未満,"0: 5,000万円未満",2: 3億円以上~10億円未満,https://www.mimatsu-sys-con.com/,,,,,,送信不可,, お問い合わせフォーム無し,
株式会社Ｂｕｚｚｒｅａｃｈ,Webアプリ・サービス運営,その他医療・福祉,東京都,東京都港区白金台３丁目１９番１号興和白金台ビル,3: 20人以上~50人未満,,2: 3億円以上~10億円未満,https://www.buzzreach.co.jp/,https://www.buzzreach.co.jp/contact,,info@buzzreach.co.jp,,,送信成功,2026/07/16,,
Ｃｉｎａｒｒａ　Ｓｙｓｔｅｍｓ　Ｊａｐａｎ株式会社,Webアプリ・サービス運営,"ITコンサル,総合広告代理店",東京都,東京都港区海岸１丁目７番１号,3: 20人以上~50人未満,2: 3億円以上~10億円未満,2: 3億円以上~10億円未満,https://cinarra.co.jp/,https://www.cinarra.com/contact-us/,03-6435-8553,cjp-info@cinarra.com,,,送信成功,2026/07/16,,
Ｎａｄｉａ株式会社,Webアプリ・サービス運営,,東京都,東京都港区高輪２丁目１６番４号,3: 20人以上~50人未満,"0: 5,000万円未満",2: 3億円以上~10億円未満,https://nadia-corp.co.jp/,https://www.oceans-corp.co.jp/contact/,03-6262-6464,info@nadia-corp.co.jp,,,送信不可,,別サイトに遷移してしまう・サイトが開けない,
株式会社はばたーく,Webアプリ・サービス運営,"その他IT,受託開発",東京都,東京都中央区日本橋本町４丁目８番１５号,3: 20人以上~50人未満,"0: 5,000万円未満",2: 3億円以上~10億円未満,http://www.haveatalk.jp/,http://www.haveatalk.jp/contact,03-4530-0076,,,,送信成功,2026/07/16,,
ＩＴＫエンジニアリングジャパン株式会社,Webアプリ・サービス運営,,東京都,東京都港区芝１丁目１０番１３号,3: 20人以上~50人未満,"0: 5,000万円未満",2: 3億円以上~10億円未満,https://www.itk-engineering.jp/company-japan/,https://www.itk-engineering.de/en/contact/contact/,03-6435-3811,info@itk-engineering.jp,,,送信成功,2026/07/16,,
グリーンモンスター株式会社,Webアプリ・サービス運営,その他金融関連サービス,東京都,東京都渋谷区神南１丁目４番９号,3: 20人以上~50人未満,"0: 5,000万円未満",2: 3億円以上~10億円未満,https://greenmonster.co.jp/,,,,,,送信成功,2026/07/16,,
株式会社アルファスティング,Webアプリ・サービス運営,"その他IT,受託開発",大阪府,大阪府大阪市中央区内本町１丁目２番６号内本町松林ビル４階,3: 20人以上~50人未満,"0: 5,000万円未満",2: 3億円以上~10億円未満,https://alphasting.jp/company/,https://alphasting.jp/contact/,06-6926-4028,contact@alphasting.jp,,,送信成功,2026/07/16,,
株式会社ユニリタプラス,Webアプリ・サービス運営,,大阪府,大阪府大阪市中央区博労町３丁目６番１号,3: 20人以上~50人未満,"0: 5,000万円未満",2: 3億円以上~10億円未満,https://www.uniritaplus.co.jp/,http://www.uniritaplus.co.jp/contact,06-6245-4595,,,,送信成功,2026/07/16,,
株式会社つなぐ,Webアプリ・サービス運営,,大阪府,大阪府吹田市広芝町７番２６号ＥＰＯＣＨ江坂ビル４０８号,3: 20人以上~50人未満,,1: 1億円以上~3億円未満,https://tsunagu2017.link/,,,,,,送信成功,2026/07/16,,
グラビティゲームアライズ株式会社,ゲーム開発,,東京都,東京都千代田区丸の内１丁目１１番１号,3: 20人以上~50人未満,"1: 5,000万円以上~3億円未満",2: 3億円以上~10億円未満,https://gravityga.jp/,,,,,,送信成功,2026/07/16,,
ＤＦｒｅｅ株式会社,クラウド系/SaaS/ASPサービス,"その他IT,医薬品販売",東京都,東京都港区虎ノ門３丁目１番１号,3: 20人以上~50人未満,"1: 5,000万円以上~3億円未満",3: 10億円以上~50億円未満,https://dfree.co.jp/about/outline/,,,,,,送信不可,, お問い合わせフォーム無し,
株式会社ジーデップ・アドバンス,Webアプリ・サービス運営,,宮城県,宮城県仙台市青葉区国分町３丁目４番３３,3: 20人以上~50人未満,"1: 5,000万円以上~3億円未満",4: 50億円以上~300億円未満,https://info.gdep.co.jp/,,03-6803-0620,,,,送信成功,2026/07/16,,
株式会社ｆａＭ,Webアプリ・サービス運営,,東京都,東京都渋谷区渋谷２丁目１番１号,3: 20人以上~50人未満,,2: 3億円以上~10億円未満,,,,,,,送信不可,,別サイトに遷移してしまう・サイトが開けない,
株式会社エイムワールド,Webアプリ・サービス運営,ITインフラストラクチャー,東京都,東京都多摩市落合１丁目１５－２,3: 20人以上~50人未満,"0: 5,000万円未満",2: 3億円以上~10億円未満,http://www.aimworld.co.jp/company1.html,http://www.aimworld.co.jp/contact.html,042-311-0727,,,,送信不可,, お問い合わせフォーム無し,
株式会社千葉県ＪＡ情報センター,Webアプリ・サービス運営,その他建設・工事,千葉県,千葉県千葉市中央区本千葉町９番１０号,3: 20人以上~50人未満,2: 3億円以上~10億円未満,3: 10億円以上~50億円未満,https://www.cb-jacnt.jp/,,043-225-9755,,,,送信不可,, お問い合わせフォーム無し,
Ｑｉｉｔａ株式会社,Webアプリ・サービス運営,,愛知県,愛知県名古屋市中村区名駅３丁目２８番１２号,3: 20人以上~50人未満,"1: 5,000万円以上~3億円未満",2: 3億円以上~10億円未満,https://corp.qiita.com/company/,https://increments.zendesk.com/hc/ja/requests/new,050-1749-7289,info@qiita.com,,,送信成功,2026/07/16,,
ビーンズユー株式会社,Webアプリ・サービス運営,"計測機器・センサー,バッテリー・電池,その他人材",大阪府,大阪府吹田市穂波町２６番１３号,3: 20人以上~50人未満,"0: 5,000万円未満",3: 10億円以上~50億円未満,https://beansyou.co.jp/company,http://beansyou.co.jp/contact,06-6369-6571,info@beansyou.co.jp,,,送信成功,2026/07/16,,
株式会社ＲＥＣＯＲＥ,Webアプリ・サービス運営,"クラウド系/SaaS/ASPサービス,Webマーケコンサル",大阪府,大阪府吹田市豊津町９－２２,3: 20人以上~50人未満,,2: 3億円以上~10億円未満,https://novasto.co.jp/#company,https://novasto.co.jp/contact,,info@novasto.co.jp,,,送信不可,,別サイトに遷移してしまう・サイトが開けない,
株式会社シロク,Webアプリ・サービス運営,eコマース,東京都,東京都渋谷区宇田川町４０番１号,3: 20人以上~50人未満,"1: 5,000万円以上~3億円未満",3: 10億円以上~50億円未満,https://corp.sirok.jp/,https://docs.google.com/forms/d/e/1FAIpQLScp35nKyCzvJBy5ldOsSh4t8yuIIVpD8W1CRoLemiPUtQVGrw/viewform,03-5459-6270,info@sirok.co.jp,,,送信不可,,必須項目の入力ができない（情報不足など）,
株式会社ＰＫＳＨＡ　Ａｓｓｏｃｉａｔｅｓ,クラウド系/SaaS/ASPサービス,"その他IT,その他機械",東京都,東京都渋谷区渋谷２丁目１９番１５号,3: 20人以上~50人未満,"0: 5,000万円未満",3: 10億円以上~50億円未満,https://asc.pkshatech.com/company/,,03-5962-6426,,,,送信成功,2026/07/16,,
株式会社ギークフィード,Webアプリ・サービス運営,"ソフトウェア販売,Webマーケコンサル,ITコンサル",東京都,東京都台東区小島２丁目２０番７号,3: 20人以上~50人未満,"0: 5,000万円未満",2: 3億円以上~10億円未満,https://www.geekfeed.co.jp/companyprofile,https://www.geekfeed.co.jp/Contact,03-3863-6754,support@geekfeed.co.jp,,,送信成功,2026/07/16,,
株式会社ＦＯＯＤＣＯＤＥ,Webアプリ・サービス運営,,東京都,東京都文京区根津２丁目２９－４越後屋ビル１階,3: 20人以上~50人未満,,2: 3億円以上~10億円未満,https://tokyomixcurry.com/,,,,,,送信成功,2026/07/16,,
株式会社ＺＩＱ　ＣＯＭ,Webアプリ・サービス運営,,大阪府,大阪府大阪市中央区平野町４丁目７－６ＧＡＺＥＬＬＥＲＩＯ淀屋橋４Ｆ,3: 20人以上~50人未満,"0: 5,000万円未満",2: 3億円以上~10億円未満,https://www.ziqcom.co.jp/,http://www.ziqcom.co.jp/#contact,06-4805-7987,,,,送信不可,,メールに遷移・Googleフォーム,
株式会社ブレイントラスト,Webアプリ・サービス運営,"翻訳・通訳,受託開発,eコマース",東京都,東京都千代田区内幸町２丁目１番６号,3: 20人以上~50人未満,"0: 5,000万円未満",2: 3億円以上~10億円未満,https://brain-tr.co.jp/,http://www.brain-tr.co.jp/contact,03-3526-5115,,,,送信不可,,送信ボタンを押すことができない・エラー,
株式会社ＥｖｅｎｔＨｕｂ,クラウド系/SaaS/ASPサービス,"その他広告・制作,Webアプリ・サービス運営",東京都,東京都港区西新橋１丁目１番１号,3: 20人以上~50人未満,2: 3億円以上~10億円未満,2: 3億円以上~10億円未満,https://eventhub.jp/company/,https://eventhub.jp/contact/,,contact@eventhub.jp,,,送信不可,,必須項目の入力ができない（情報不足など）,
関東食品株式会社,Webアプリ・サービス運営,,群馬県,群馬県伊勢崎市三室町６０１８番地１,3: 20人以上~50人未満,,2: 3億円以上~10億円未満,https://factorymark.net/,,,,,,送信不可,,送信ボタンを押すことができない・エラー,
株式会社アクトビ,Webアプリ・サービス運営,"販促コンサル,Web制作,ITインフラストラクチャー,レンタルスペース,デザイン,Webマーケコンサル,イベント",大阪府,大阪府大阪市中央区博労町３丁目３番７号,3: 20人以上~50人未満,"0: 5,000万円未満",2: 3億円以上~10億円未満,https://actbe.co.jp/,,06-6568-9986,info@actbe.co,,,送信成功,2026/07/16,,
株式会社イー・ニーズ,Webアプリ・サービス運営,"ソフトウェア販売,人材派遣,電子部品,通信用機械,機械設計,その他通信",東京都,東京都港区三田３丁目１番１９号第１２シグマビルディング,3: 20人以上~50人未満,"0: 5,000万円未満",2: 3億円以上~10億円未満,https://www.e-nies.co.jp/about/,,03-6271-9587,info@e-nies.co.jp,,,送信成功,2026/07/16,,
株式会社光庭インフォ,Webアプリ・サービス運営,,東京都,東京都品川区南大井６丁目２１番１２号,3: 20人以上~50人未満,2: 3億円以上~10億円未満,2: 3億円以上~10億円未満,https://kotei-info.jp/,http://kotei-info.jp/form.html,03-5714-2621,info@kotei-info.jp,,,送信不可,,別サイトに遷移してしまう・サイトが開けない,
株式会社セキュアサイクル,情報セキュリティ,,福岡県,福岡県北九州市若松区ひびきの北８番１号技術開発交流センター,3: 20人以上~50人未満,"0: 5,000万円未満",2: 3億円以上~10億円未満,https://secure-cycle.co.jp/,,,,,,送信成功,2026/07/16,,
ＧＭＯインサイト株式会社,Webアプリ・サービス運営,,東京都,東京都渋谷区桜丘町２６番１号,3: 20人以上~50人未満,"1: 5,000万円以上~3億円未満",2: 3億円以上~10億円未満,https://www.gmo-insight.jp/corporate,https://www.gmo-insight.jp/inquiry,03-5428-6900,,,,送信成功,2026/07/16,,
株式会社ｄｏｔＤ,クラウド系/SaaS/ASPサービス,Webアプリ・サービス運営,東京都,東京都港区北青山２丁目１４番４号,3: 20人以上~50人未満,,2: 3億円以上~10億円未満,https://dotd-inc.com/,,,,,,送信成功,2026/07/16,,
株式会社ＨＡＣＡＲＵＳ,Webアプリ・サービス運営,"クラウド系/SaaS/ASPサービス,その他機械",京都府,京都府京都市中京区高宮町２０６御池ビル８階,3: 20人以上~50人未満,"1: 5,000万円以上~3億円未満",2: 3億円以上~10億円未満,https://hacarus.com/ja/company/,https://hacarus.com/ja/contact/,075-708-5516,,,,送信不可,,必須項目の入力ができない（情報不足など）,
株式会社アペルザ,Webアプリ・サービス運営,"eコマース,その他IT,ITコンサル,その他コンサル,研究・調査・リサーチ,営業代行・販売代行,販促コンサル",神奈川県,神奈川県横浜市中区山下町２３番地日土地山下町ビル１３階,3: 20人以上~50人未満,"1: 5,000万円以上~3億円未満",2: 3億円以上~10億円未満,https://www.aperza.co.jp/access/,https://www.aperza.com/corp/contact/,045-228-8801,aperza-support@aperza.biz,,,送信不可,, お問い合わせフォーム無し,
株式会社ＲＩＴ,Webアプリ・サービス運営,Webアプリ・サービス運営,東京都,東京都豊島区西池袋１丁目１１番１号,3: 20人以上~50人未満,"0: 5,000万円未満",2: 3億円以上~10億円未満,https://www.rit-inc.co.jp/about,http://rit-inc.co.jp/contact,,consulting@rit-inc.co.jp,,,送信成功,2026/07/16,,
株式会社ＡＩコミュニケーション,Webアプリ・サービス運営,"その他IT,広告制作,eコマース,総合広告代理店",愛知県,愛知県名古屋市中区錦３丁目１６番２７号栄パークサイドプレイス１０Ｆ,3: 20人以上~50人未満,"0: 5,000万円未満",3: 10億円以上~50億円未満,https://ai-communication.jp/,https://ai-communication.jp/contact/,052-228-4484,info@ai-communication.jp,,,送信成功,2026/07/16,,
株式会社カイラステクノロジー,Webアプリ・サービス運営,,東京都,東京都港区西新橋３丁目１５番１２号ＧＧＨＯＵＳＥ９階,3: 20人以上~50人未満,"0: 5,000万円未満",2: 3億円以上~10億円未満,https://corp.kailash-tech.jp/,https://corp.kailash-tech.jp/contact/,050-8880-2936,,,,送信成功,2026/07/16,,
株式会社クラウディッドレパードエンタテインメント,ゲーム開発,,東京都,東京都品川区西五反田８丁目１番３号ＰＭＯ五反田７Ｆ,3: 20人以上~50人未満,"0: 5,000万円未満",2: 3億円以上~10億円未満,https://www.cloudedleopardent.com/jp/about_us,,,,,,送信成功,2026/07/16,,
株式会社シベスピ,Webアプリ・サービス運営,"その他IT,ITコンサル,人材派遣",東京都,東京都豊島区東池袋１丁目３４番５号,3: 20人以上~50人未満,"0: 5,000万円未満",2: 3億円以上~10億円未満,https://www.chivsp.com/,https://www.chivsp.com/contents/contact.html,,,,,送信成功,2026/07/16,,
株式会社ＣＡＤ　ＳＯＬＵＴＩＯＮＳ,Webアプリ・サービス運営,ITコンサル,東京都,東京都中央区日本橋箱崎町５番１４号,3: 20人以上~50人未満,"1: 5,000万円以上~3億円未満",2: 3億円以上~10億円未満,https://www.cad-solutions.co.jp/aboutus/company/,https://www.cad-solutions.co.jp/contract1/mcform/,03-5623-5576,info@cad-solutions.co.jp,,,送信不可,,必須項目の入力ができない（情報不足など）,
株式会社ボスコ・テクノロジーズ,Webアプリ・サービス運営,情報セキュリティ,東京都,東京都港区新橋５丁目２３番５号,3: 20人以上~50人未満,"0: 5,000万円未満",2: 3億円以上~10億円未満,https://www.bosco-tech.com/about/,,050-3636-8057,postmaster@bosco-tech.com,,,送信不可,,営業禁止の記載あり,
株式会社やどかり,Webアプリ・サービス運営,,東京都,東京都台東区台東１丁目２４番２号,3: 20人以上~50人未満,,2: 3億円以上~10億円未満,https://www.yadokari.tv,https://www.yadokari.tv/contact/,03-5604-5315,contact@yadokari.tv,,,送信成功,2026/07/16,,
株式会社メテオライズ,ゲーム開発,"クラウド系/SaaS/ASPサービス,Webアプリ・サービス運営",東京都,東京都千代田区外神田６丁目１４番３号,3: 20人以上~50人未満,"0: 5,000万円未満",2: 3億円以上~10億円未満,https://www.meteorise.co.jp/,,,webmaster@meteorise.co.jp,,,送信不可,,メールに遷移・Googleフォーム,
ＤｉＤｉモビリティジャパン株式会社,Webアプリ・サービス運営,タクシー,東京都,東京都港区海岸１丁目７番１号,3: 20人以上~50人未満,3: 10億円以上~50億円未満,2: 3億円以上~10億円未満,https://didimobility.co.jp/aboutus/,https://didimobility.co.jp/contact/driver/,,,,,送信成功,2026/07/16,,
ＣｏｎｔｒａｃｔＳ株式会社,クラウド系/SaaS/ASPサービス,"ITコンサル,Webアプリ・サービス運営",東京都,東京都港区南青山２丁目５番１７号,3: 20人以上~50人未満,"1: 5,000万円以上~3億円未満",2: 3億円以上~10億円未満,https://www.contracts.co.jp/aboutus/,https://www.contracts.co.jp/inquiry/?Ref=navi,050-1746-9492,info@contracts.co.jp,,,送信不可,,営業禁止の記載あり,
株式会社アジャイルジェイピー,Webアプリ・サービス運営,"Web制作,人材派遣",大阪府,大阪府大阪市中央区大手前１丁目７番３１号ＯＭＭビル７Ｆ,3: 20人以上~50人未満,"0: 5,000万円未満",2: 3億円以上~10億円未満,https://agile.co.jp/company.html,http://www.agile.co.jp/contact.html,,office@agile.co.jp,,,送信不可,,別サイトに遷移してしまう・サイトが開けない,
タイムリープ株式会社,Webアプリ・サービス運営,,東京都,東京都千代田区岩本町１丁目９番１号アイアンビルヂング３階,3: 20人以上~50人未満,,2: 3億円以上~10億円未満,https://timeleap.co.jp,,,info@timeleap.co.jp,,,送信成功,2026/07/16,,
株式会社シューマツワーカー,Webアプリ・サービス運営,Webアプリ・サービス運営,東京都,東京都港区麻布台１丁目３番１号,3: 20人以上~50人未満,"1: 5,000万円以上~3億円未満",2: 3億円以上~10億円未満,https://company.shuuumatu-worker.jp/,,,,,,送信成功,2026/07/16,,
ＤａｔａＲｏｂｏｔ　Ｊａｐａｎ株式会社,Webアプリ・サービス運営,AI,東京都,東京都中央区日本橋３丁目９番１号日本橋三丁目スクエア１１階,3: 20人以上~50人未満,,2: 3億円以上~10億円未満,https://www.datarobot.com/jp,https://www.datarobot.com/platform/#trusted-ai,,info-jp@datarobot.com,,,送信不可,,必須項目の入力ができない（情報不足など）,
東京インタープレイ株式会社,Webアプリ・サービス運営,,東京都,東京都中央区京橋１丁目１３番１号,3: 20人以上~50人未満,"0: 5,000万円未満",2: 3億円以上~10億円未満,https://tokyo-ip.co.jp/,http://tokyo-ip.co.jp/#section05,03-5825-4028,info@tokyo-ip.co.jp,,,送信成功,2026/07/16,,
Ｂｌｕｅ　Ｐｒｉｓｍ株式会社,Webアプリ・サービス運営,,東京都,東京都千代田区霞が関３丁目２番６号東京倶楽部ビルディング１１階,3: 20人以上~50人未満,,2: 3億円以上~10億円未満,https://www.blueprism.com/japan/,https://www.blueprism.com/contact/,03-5404-3835,jpinfo@blueprism.com,,,送信不可,,必須項目の入力ができない（情報不足など）,
株式会社エーピーテック,Webアプリ・サービス運営,,愛知県,愛知県名古屋市中村区名駅南１丁目２１番１９号名駅サウスサイドスクエア５Ｆ,3: 20人以上~50人未満,"0: 5,000万円未満",2: 3億円以上~10億円未満,https://www.ap-tc.co.jp,https://www.ap-tc.co.jp/contact.html,052-433-5130,,,,送信成功,2026/07/16,,
株式会社リピスト,Webアプリ・サービス運営,"eコマース,ITコンサル,商業施設企画・設計,ITインフラストラクチャー",東京都,東京都台東区台東１丁目３２番８号,3: 20人以上~50人未満,"0: 5,000万円未満","5: 300億円以上~1,000億円未満",https://precs.co.jp/,https://precs.co.jp/contact/,03-6284-2811,support@precs.co.jp,,,送信成功,2026/07/16,,
３ＰＬＡＴＺ株式会社,Webアプリ・サービス運営,,東京都,東京都港区港南２丁目１５番３号品川インターシティＣ棟３０Ｆ,3: 20人以上~50人未満,"1: 5,000万円以上~3億円未満",2: 3億円以上~10億円未満,https://3platz.jp/,,03-6222-8365,,,,送信成功,2026/07/16,,
株式会社ＫＡＫＥＡＩ,クラウド系/SaaS/ASPサービス,その他IT,東京都,東京都渋谷区神宮前５丁目５２－２青山オーバルビル１１Ｆ,3: 20人以上~50人未満,2: 3億円以上~10億円未満,3: 10億円以上~50億円未満,https://kakeai.co.jp/,,,support@kakeai.co.jp,,,送信不可,,必須項目の入力ができない（情報不足など）,
ｐｌａｙｇｒｏｕｎｄ株式会社,Webアプリ・サービス運営,"その他広告・制作,販促コンサル,その他ゲーム",東京都,東京都千代田区一番町４番地６,3: 20人以上~50人未満,"1: 5,000万円以上~3億円未満",3: 10億円以上~50億円未満,https://playground.live/,https://form.run/@pg-recruit,,info@playground.live,,,送信不可,, お問い合わせフォーム無し,
株式会社ライズサービス,Webアプリ・サービス運営,デザイン,大阪府,大阪府大阪市西区立売堀１丁目９番１０号ＨＯＷＡビル５０３,3: 20人以上~50人未満,"0: 5,000万円未満",2: 3億円以上~10億円未満,http://riseservice.co.jp,http://riseservice.co.jp/contact/,06-6125-5923,,,,送信成功,2026/07/16,,
株式会社ＡＣＳｉＯＮ,Webアプリ・サービス運営,,東京都,東京都中央区晴海１丁目８番１０号,3: 20人以上~50人未満,,2: 3億円以上~10億円未満,https://www.acsion.co.jp/company/,,,,,,送信成功,2026/07/16,,
バリュエンステクノロジーズ株式会社,クラウド系/SaaS/ASPサービス,"その他IT,ITコンサル",東京都,東京都港区南青山５丁目６番１９号ＭＡ５,3: 20人以上~50人未満,"1: 5,000万円以上~3億円未満",2: 3億円以上~10億円未満,https://www.valuence-t.com/company,https://www.valuence-t.com/contact/index.html,,,,,送信不可,,別サイトに遷移してしまう・サイトが開けない,
アイテザー株式会社,Webアプリ・サービス運営,"ITコンサル,ITインフラストラクチャー",東京都,東京都目黒区目黒１丁目４番１６号,3: 20人以上~50人未満,"0: 5,000万円未満",2: 3億円以上~10億円未満,https://itether.co.jp/,,03-6721-0688,,,,送信成功,2026/07/16,,
株式会社ＡｐｐＧｕａｒｄ,Webアプリ・サービス運営,情報セキュリティ,東京都,東京都港区虎ノ門３丁目８番２１号虎ノ門３３森ビル２階,3: 20人以上~50人未満,,2: 3億円以上~10億円未満,,,03-6825-1891,,,,送信不可,,別サイトに遷移してしまう・サイトが開けない,
株式会社ＳＴＡＧＥＵＰ,Webアプリ・サービス運営,"求人媒体運営・求人情報誌出版,人材紹介,人材派遣",岩手県,岩手県北上市鬼柳町都鳥１２１番地３,3: 20人以上~50人未満,"0: 5,000万円未満",2: 3億円以上~10億円未満,https://stageup-jinzaibank.jp/outline,http://stageup-jinzaibank.jp/contact,0197-62-3520,,,,送信成功,2026/07/16,,
株式会社ＳＥＯ,Webアプリ・サービス運営,"その他IT,その他通信",東京都,東京都中央区築地３丁目１０番９号,3: 20人以上~50人未満,"0: 5,000万円未満",3: 10億円以上~50億円未満,http://s-eo.jp/company.html,http://s-eo.jp/contact.html,03-6278-7792,tokyo@s-eo.jp,,,送信不可,, お問い合わせフォーム無し,
Ｍａｔｔｒｚ株式会社,Webアプリ・サービス運営,Webマーケコンサル,東京都,東京都千代田区東神田１丁目９番８号２階,3: 20人以上~50人未満,2: 3億円以上~10億円未満,2: 3億円以上~10億円未満,https://mattrz.co.jp/companies/overview,,,info_cx@mattrz.co.jp,,,送信成功,2026/07/16,,
株式会社ｍｉｋａｎ,Webアプリ・サービス運営,,東京都,東京都千代田区神田須田町１丁目２番７号淡路町駅前ビル５Ｆ,3: 20人以上~50人未満,,2: 3億円以上~10億円未満,https://mikan.link/company,,,,,,送信成功,2026/07/16,,
株式会社シナリオテクノロジーミカガミ,ゲーム開発,ゲーム・アニメデザイン,東京都,東京都豊島区目白２丁目１６番１９号,3: 20人以上~50人未満,"0: 5,000万円未満",2: 3億円以上~10億円未満,http://1mikagami.com/,http://1mikagami.com/contact/,03-6907-2980,info@1mikagami.com,,,送信成功,2026/07/16,,
株式会社ＳＴＹＬＹ,Webアプリ・サービス運営,"クラウド系/SaaS/ASPサービス,その他IT",東京都,東京都新宿区新宿１丁目３４番３号,3: 20人以上~50人未満,,3: 10億円以上~50億円未満,https://psychic-vr-lab.com/,,,info@psychic-vr-lab.com,,,送信成功,2026/07/16,,
ライブテック株式会社,Webアプリ・サービス運営,"eコマース,人材派遣,人材紹介",東京都,東京都千代田区内神田１丁目４番１０号ＡＴＳ大手町ビル２階,3: 20人以上~50人未満,"0: 5,000万円未満",2: 3億円以上~10億円未満,https://livetech.co.jp/,http://www.livetech.co.jp/sp/contact.html,03-6411-7260,info@livetech.co.jp,,,送信成功,2026/07/16,,
株式会社トラックレコード,Webアプリ・サービス運営,,東京都,東京都渋谷区渋谷２丁目２４番１２号,3: 20人以上~50人未満,,2: 3億円以上~10億円未満,https://trackrecords.co.jp/,,,,,,送信不可,,送信ボタンを押すことができない・エラー,
プラナスソリューションズ株式会社,Webアプリ・サービス運営,"クラウド系/SaaS/ASPサービス,ソフトウェア販売,その他IT,財務コンサル,ITインフラストラクチャー,PC・スマホ機器販売・修理,その他通信",東京都,東京都新宿区西新宿７丁目２０番１号,3: 20人以上~50人未満,"1: 5,000万円以上~3億円未満",3: 10億円以上~50億円未満,https://www.prunus-sol.co.jp/company/outline,https://www.prunus-sol.co.jp/contact,03-4400-1155,sales-info@prunus-sol.co.jp,,,送信成功,2026/07/16,,
株式会社バリューブリッジ,クラウド系/SaaS/ASPサービス,"スタジオ・写真撮影,ブライダル",沖縄県,沖縄県那覇市牧志１丁目４番２６号ガーデンハイムⅠ．Ｂ４０３,3: 20人以上~50人未満,"1: 5,000万円以上~3億円未満",2: 3億円以上~10億円未満,http://value-bridge.me/,https://www.value-bridge.info/contact,098-975-5056,info@value-bridge.me,,,送信不可,,営業禁止の記載あり,
株式会社ＭＩＥＲＵＮＥ,Webアプリ・サービス運営,"その他IT,デザイン,ITコンサル,その他コンサル",北海道,北海道札幌市中央区大通西８丁目１番地８Ｆ－６０・３階,3: 20人以上~50人未満,"0: 5,000万円未満",2: 3億円以上~10億円未満,https://www.mierune.co.jp/about,https://www.mierune.co.jp/hp/mieruneinfo_contact,,info@mierune.co.jp,,,送信不可,,別サイトに遷移してしまう・サイトが開けない,
Ｂｌｅａｆ株式会社,Webアプリ・サービス運営,,東京都,東京都千代田区神田美土代町１番地,3: 20人以上~50人未満,"0: 5,000万円未満",2: 3億円以上~10億円未満,https://bleaf.co.jp/,https://bleaf.co.jp/contact/,,,,,送信成功,2026/07/16,,
メトロエンジン株式会社,Webアプリ・サービス運営,"ITコンサル,電子機器",東京都,東京都品川区東五反田３丁目２０番１４号住友不動産高輪パークタワー８階,3: 20人以上~50人未満,,2: 3億円以上~10億円未満,https://info.metroengines.jp/about,https://info.metroengines.jp/contact,03-4405-6703,,,,送信成功,2026/07/16,,
Ｌｉｎｋ‐Ｕグループ株式会社,Webアプリ・サービス運営,その他サービス,東京都,東京都千代田区外神田２丁目２番３号,3: 20人以上~50人未満,2: 3億円以上~10億円未満,3: 10億円以上~50億円未満,https://www.link-u.co.jp,https://www.link-u.co.jp/contact/,,contact@link-u.co.jp,,,送信不可,,別サイトに遷移してしまう・サイトが開けない,
株式会社ＡＬｉＮＫインターネット,Webアプリ・サービス運営,,東京都,東京都豊島区東池袋１丁目１０番１号,3: 20人以上~50人未満,"1: 5,000万円以上~3億円未満",3: 10億円以上~50億円未満,https://www.alink.ne.jp/about/,https://www.alink.ne.jp/inquiry/,03-6907-0158,,,,送信成功,2026/07/16,,
サグリ株式会社,Webアプリ・サービス運営,"クラウド系/SaaS/ASPサービス,その他機械",兵庫県,兵庫県丹波市氷上町常楽７２５番地１,3: 20人以上~50人未満,"0: 5,000万円未満",2: 3億円以上~10億円未満,https://sagri.tokyo/about/company/,https://sagri.tokyo/contact/,,contact@sagri.co,,,送信成功,2026/07/16,,
株式会社ＮｅａｒＭｅ,クラウド系/SaaS/ASPサービス,,東京都,東京都中央区日本橋富沢町９番４号,3: 20人以上~50人未満,,2: 3億円以上~10億円未満,https://nearme.jp/,,,info@nearme.jp,,,送信不可,, お問い合わせフォーム無し,
株式会社ビーライズ,Webアプリ・サービス運営,"動画制作・CG制作,バッグ・装飾品,デザイン",広島県,広島県広島市南区松原町２－６２広島ＪＰビルディング８Ｆ,3: 20人以上~50人未満,"0: 5,000万円未満",3: 10億円以上~50億円未満,https://berise.co.jp/company/,http://www.berise.co.jp/contact/,082-532-3092,contact@berise.co.jp,,,送信不可,,必須項目の入力ができない（情報不足など）,
株式会社Ｆｉｎａｔｅｘｔホールディングス,Webアプリ・サービス運営,"その他IT,資産運用コンサル,その他金融関連サービス",東京都,東京都千代田区九段北１丁目８番１０号住友不動産九段ビル９階,3: 20人以上~50人未満,"1: 5,000万円以上~3億円未満",4: 50億円以上~300億円未満,https://finatext.com/fn/about,https://hd.finatext.com/contact/?entity=株式会社Finatext,03-6265-6828,info@finatext.com,,,送信成功,2026/07/16,,
アルティウスリンクアップス株式会社,Webアプリ・サービス運営,,東京都,東京都渋谷区千駄ヶ谷５丁目２７番５号,3: 20人以上~50人未満,"1: 5,000万円以上~3億円未満",2: 3億円以上~10億円未満,http://www.altius-apps.com/company/,,,contact@altius-apps.com,,,送信成功,2026/07/16,,
株式会社ＬＣＬ,Webアプリ・サービス運営,その他外食,東京都,東京都渋谷区恵比寿１丁目１８番１４号,3: 20人以上~50人未満,"1: 5,000万円以上~3億円未満",2: 3億円以上~10億円未満,https://www.lclco.com/company/,https://www.lclco.com/contact/,,,,,送信成功,2026/07/16,,
株式会社クロスプラススタジオ,ゲーム開発,"ソーシャルゲーム・スマホゲーム,デザイン",大阪府,大阪府大阪市淀川区西中島２丁目１４番６号新大阪第２ドイビル,3: 20人以上~50人未満,"0: 5,000万円未満",2: 3億円以上~10億円未満,https://crossplus-studio.jp/%E4%BC%9A%E7%A4%BE%E6%A6%82%E8%A6%81,,,,,,送信成功,2026/07/16,,
株式会社Ｓｙｎｋ,Webアプリ・サービス運営,,東京都,東京都千代田区麹町３丁目５番２０号ＶＯＲＴ麹町ｐｌｕｓ６Ｆ,3: 20人以上~50人未満,"1: 5,000万円以上~3億円未満",2: 3億円以上~10億円未満,http://www.synk.co.jp/,http://www.synk.co.jp/contact.html,03-5540-4780,info@synk.co.jp,,,送信成功,2026/07/16,,
株式会社Ｘｐｏｔｅｎｔｉａｌ,Webアプリ・サービス運営,,東京都,東京都品川区東五反田１丁目２５番１１号,3: 20人以上~50人未満,,2: 3億円以上~10億円未満,https://www.enablement.app,https://www.enablement.app/contact/,,,,,送信不可,,必須項目の入力ができない（情報不足など）,
ライフログテクノロジー株式会社,Webアプリ・サービス運営,"クラウド系/SaaS/ASPサービス,その他医療・福祉",東京都,東京都中央区日本橋３丁目２番１４号新槇町ビル別館第一１階,3: 20人以上~50人未満,2: 3億円以上~10億円未満,2: 3億円以上~10億円未満,https://www.calomeal.com/company.html,https://calomeal.com/form,,info@calomeal.com,,,送信成功,2026/07/16,,
株式会社ＬＨＬ,Webアプリ・サービス運営,,東京都,東京都新宿区西新宿２丁目４番１号,3: 20人以上~50人未満,,2: 3億円以上~10億円未満,https://www.lhl.co.jp/,,,info-kuraberuhoken-navi@lhl.co.jp,,,送信不可,, お問い合わせフォーム無し,
パシフィックポーター株式会社,Webアプリ・サービス運営,,東京都,東京都品川区西五反田８丁目４番１３号,3: 20人以上~50人未満,"1: 5,000万円以上~3億円未満",2: 3億円以上~10億円未満,https://pacificporter.jp/about/,,,info@pacificporter.jp,,,送信不可,, お問い合わせフォーム無し,
ＢａｃｋｏｆｆｉｃｅＦｏｒｃｅ株式会社,クラウド系/SaaS/ASPサービス,人材派遣,東京都,東京都港区赤坂２丁目２１番４号,3: 20人以上~50人未満,"0: 5,000万円未満",2: 3億円以上~10億円未満,https://grancers-group.com/,https://backofficeforce.jp/contact/,,,,,送信不可,,送信ボタンを押すことができない・エラー,
比比昂株式会社,Webアプリ・サービス運営,,東京都,東京都港区芝５丁目２９－１９ＰＭＯ田町Ⅳ２Ｆ,3: 20人以上~50人未満,,2: 3億円以上~10億円未満,https://www.bibian.co.jp/,,,,,,送信不可,, お問い合わせフォーム無し,
株式会社エヌ・エム・ティーフロンティア,Webアプリ・サービス運営,"ITインフラストラクチャー,受託開発,ソフトウェア販売,人材派遣",大阪府,大阪府大阪市中央区平野町２丁目１番２号,3: 20人以上~50人未満,"0: 5,000万円未満",2: 3億円以上~10億円未満,https://nmt-f.co.jp/corporate/about,,06-6210-5881,inquiry@nmt-f.co.jp,,,送信不可,,メールに遷移・Googleフォーム,
株式会社ツールラボ,Webアプリ・サービス運営,販促コンサル,愛知県,愛知県名古屋市中区丸の内３丁目１７番６号ナカトウ丸の内ビル,3: 20人以上~50人未満,"0: 5,000万円未満",2: 3億円以上~10億円未満,https://toollabo.jp/outline-2/,https://toollabo.jp/contact/,052-982-7579,info@toollabo.jp,,,送信不可,,営業禁止の記載あり,
株式会社アドコムソフト,Webアプリ・サービス運営,"コンテンツ制作,Web制作,受託開発",福岡県,福岡県福岡市博多区祇園町２番８号,3: 20人以上~50人未満,"0: 5,000万円未満",3: 10億円以上~50億円未満,http://adcomsoft.jp/company/company_profile/,,092-402-7733,saiyou@adcomsoft.jp,,,送信不可,,メールに遷移・Googleフォーム,
ベルフェイス株式会社,Webアプリ・サービス運営,"その他コンサル,ITコンサル,販促コンサル",東京都,東京都港区新橋６丁目１３番１０号,3: 20人以上~50人未満,4: 50億円以上~150億円未満,2: 3億円以上~10億円未満,https://corp.bell-face.com/,https://corp.bell-face.com/contact/,03-6805-0775,info@bell-face.com,,,送信不可,,別サイトに遷移してしまう・サイトが開けない,
株式会社ＣＡＲＥＳソリューションセンター,医療機器,,東京都,東京都品川区南品川２丁目２番５号ＲＥＩＤ－Ｃ南品川ビル４階,3: 20人以上~50人未満,"0: 5,000万円未満",2: 3億円以上~10億円未満,https://cares-sc.jp/about/,,,,,,送信成功,2026/07/16,,
アグリノート株式会社,Webアプリ・サービス運営,その他コンサル,新潟県,新潟県新潟市中央区笹口２丁目１３番地１１笹口Ｉ・Ｈビル,3: 20人以上~50人未満,,2: 3億円以上~10億円未満,https://water-cell.jp/about/,http://water-cell.jp/contact/,025-245-7766,,,,送信不可,,送信ボタンを押すことができない・エラー,
ルネッサンスルパン株式会社,Webアプリ・サービス運営,"IT系教育,受託開発,塾・予備校,ITインフラストラクチャー",岩手県,岩手県盛岡市中央通３丁目３番２０号,3: 20人以上~50人未満,"0: 5,000万円未満",2: 3億円以上~10億円未満,http://r-lupin.co.jp,http://r-lupin.co.jp/contact/contactform.html,019-656-8555,info@r-lupin.co.jp,,,送信成功,2026/07/16,,
株式会社ＭＡＩＡＳＯＦＴ,クラウド系/SaaS/ASPサービス,,東京都,東京都文京区本郷１丁目３３－４ヘミニス１－９階,3: 20人以上~50人未満,,2: 3億円以上~10億円未満,https://maiasoft.co.jp/,,,,,,送信成功,2026/07/16,,
住宅ソリューションズ株式会社,Webアプリ・サービス運営,"コンテンツ制作,動画制作・CG制作",東京都,東京都武蔵野市吉祥寺本町２丁目４番１４号,3: 20人以上~50人未満,"1: 5,000万円以上~3億円未満",2: 3億円以上~10億円未満,https://housol.com/about.html,https://housol.com/form/inquiry2.html,03-6302-3060,toiawase@housol.com,,,送信成功,2026/07/16,,
株式会社マクロセンド,Webアプリ・サービス運営,"その他IT,ITインフラストラクチャー",東京都,東京都新宿区新宿４丁目３番１７号,3: 20人以上~50人未満,"0: 5,000万円未満",2: 3億円以上~10億円未満,https://macro-send.com/company/,,,,,,送信成功,2026/07/16,,
ＳＡＴ－ＢＯＸ株式会社,ゲーム開発,"スマホアプリ,Webアプリ・サービス運営",愛知県,愛知県名古屋市中区栄２丁目１５番１６号,3: 20人以上~50人未満,"0: 5,000万円未満",2: 3億円以上~10億円未満,http://sat-box.jp,,052-222-9101,recep@sat-box.co.jp,,,送信不可,, お問い合わせフォーム無し,
株式会社ＡｒｔＰｌａｙ,ゲーム開発,,東京都,東京都千代田区鍛冶町２丁目３番２号神田センタービルデイング５Ｆ,3: 20人以上~50人未満,"1: 5,000万円以上~3億円未満",2: 3億円以上~10億円未満,https://artplay.co.jp/about,https://artplay.co.jp/contact/,,,,,送信成功,2026/07/16,,
株式会社ツル建,Webアプリ・サービス運営,,福岡県,福岡県北九州市八幡東区春の町２丁目５番１０号１階,3: 20人以上~50人未満,"0: 5,000万円未満",2: 3億円以上~10億円未満,https://www.tsuruken.net/,,,,,,送信不可,,送信ボタンを押すことができない・エラー,
キャロルシステム仙台株式会社,Webアプリ・サービス運営,スマホアプリ,宮城県,宮城県仙台市若林区新寺２丁目１番６号,3: 20人以上~50人未満,"0: 5,000万円未満",2: 3億円以上~10億円未満,http://www.carolsendai.co.jp/,,022-292-1806,,,,送信成功,2026/07/16,,
株式会社おいしい健康,Webアプリ・サービス運営,,東京都,東京都中央区日本橋小舟町３番２号リブラビル３階,3: 20人以上~50人未満,"1: 5,000万円以上~3億円未満",2: 3億円以上~10億円未満,https://corp.oishi-kenko.com/company.html,https://corp.oishi-kenko.com/contact.html,,support@oishi-kenko.com,,,送信成功,2026/07/16,,
株式会社Ｄｉｖｅｒｓｅ,Webアプリ・サービス運営,ブライダル,東京都,東京都品川区上大崎２丁目１５番１９号ＭＧ目黒駅前８階,3: 20人以上~50人未満,"1: 5,000万円以上~3億円未満",2: 3億円以上~10億円未満,https://diverse-inc.co.jp/about,https://diverse-inc.co.jp/contact,,contact@diverse-inc.com,,,送信成功,,,
株式会社プリズムリンク,ゲーム開発,,東京都,東京都豊島区東池袋３丁目１番１号,3: 20人以上~50人未満,,2: 3億円以上~10億円未満,,,,,,,送信不可,,別サイトに遷移してしまう・サイトが開けない,
株式会社タイムチケット,Webアプリ・サービス運営,その他IT,東京都,東京都港区新橋６丁目１９番１３号,3: 20人以上~50人未満,"1: 5,000万円以上~3億円未満",2: 3億円以上~10億円未満,https://timeticket.co.jp/about,,,,,,送信成功,2026/07/16,,
ＧＭＯタウンＷｉＦｉ株式会社,Webアプリ・サービス運営,ITインフラストラクチャー,東京都,東京都渋谷区桜丘町２６番１号,3: 20人以上~50人未満,"1: 5,000万円以上~3億円未満",2: 3億円以上~10億円未満,https://townwifi.jp/corporate/,,,info@townwifi.jp,,,送信成功,2026/07/16,,
株式会社Ｌｉｖｅ　Ｗｉｒｅ,ゲーム開発,,東京都,東京都渋谷区東１丁目２６番２０号,3: 20人以上~50人未満,,2: 3億円以上~10億円未満,https://www.live-wire.co.jp/,,,,,,送信成功,2026/07/16,,
Ｎａｔｕｒｅ株式会社,クラウド系/SaaS/ASPサービス,その他機械,神奈川県,神奈川県横浜市神奈川区栄町１番地１,3: 20人以上~50人未満,,2: 3億円以上~10億円未満,https://nature.global/about/,https://nature.global/contact/,,info@nature.global,,,送信成功,2026/07/16,,
株式会社Ｇｉｎｃｏ,クラウド系/SaaS/ASPサービス,その他IT,東京都,東京都中央区八丁堀３丁目２７番４号,3: 20人以上~50人未満,,3: 10億円以上~50億円未満,https://ginco.co.jp/,https://ginco.co.jp/contact,,contact@ginco.co.jp,,,送信成功,2026/07/16,,
株式会社Ｖｉｎｃｕｒｅｓ,Webアプリ・サービス運営,,東京都,東京都新宿区西新宿３丁目７番３０号フロンティアグラン西新宿１１０１,3: 20人以上~50人未満,,2: 3億円以上~10億円未満,https://vincures.co.jp/,,,,,,送信成功,2026/07/16,,
株式会社ＡＣＴＹ　Ｐｏｗｅｒ,医療機器,,滋賀県,滋賀県栗東市出庭９００番地１,3: 20人以上~50人未満,"0: 5,000万円未満",2: 3億円以上~10億円未満,http://www.actypower.co.jp/index.html,http://www.actypower.co.jp/contact/index.html,077-535-9073,info@actypower.co.jp,,,送信不可,,別サイトに遷移してしまう・サイトが開けない,
ＳＡＶＡＷＡＹ株式会社,Webアプリ・サービス運営,,東京都,東京都中野区本町１丁目３２番２号,3: 20人以上~50人未満,"1: 5,000万円以上~3億円未満",2: 3億円以上~10億円未満,https://savaway.co.jp/,https://commerce-star.com/form/inquiry/index.php,03-6634-2232,dl_info@savaway.co.jp,,,送信成功,2026/07/16,,
株式会社アップストリーム,クラウド系/SaaS/ASPサービス,,東京都,東京都中央区日本橋２丁目１番３号,3: 20人以上~50人未満,"0: 5,000万円未満",2: 3億円以上~10億円未満,https://up-stream.tv/company.html,,,,,,送信不可,, お問い合わせフォーム無し,
ネクストライブ株式会社,Webアプリ・サービス運営,その他IT,大阪府,大阪府大阪市福島区福島１丁目４番４号,3: 20人以上~50人未満,"0: 5,000万円未満",2: 3億円以上~10億円未満,https://nextribe.co.jp/company/,http://nextribe.co.jp/contact/business,06-6447-9951,hello@nextribe.co.jp,,,送信成功,2026/07/16,,
株式会社コンステラセキュリティジャパン,Webアプリ・サービス運営,,東京都,東京都千代田区九段北１丁目１０番１号,3: 20人以上~50人未満,"0: 5,000万円未満",2: 3億円以上~10億円未満,https://constella-sec.jp/company/,https://form.k3r.jp/terilogyworx/2020003,03-3237-3291,,,,送信不可,,必須項目の入力ができない（情報不足など）,
株式会社アセットメント,Webアプリ・サービス運営,ITコンサル,東京都,東京都豊島区東池袋３丁目１番地１号,3: 20人以上~50人未満,"0: 5,000万円未満",2: 3億円以上~10億円未満,https://www.assetment.net/,https://www.assetment.net/contact/,03-4455-7504,contactus@assetment.org,,,送信成功,2026/07/16,,
バイオメディカ・ソリューション株式会社,医療機器,"業務請負,試験機",大阪府,大阪府茨木市彩都あさぎ７丁目７番１５号,3: 20人以上~50人未満,,2: 3億円以上~10億円未満,https://www.bio-ms.com/company/,http://www.bio-ms.com/contact,072-641-8140,info@bio-ms.com,,,送信成功,2026/07/16,,
株式会社ネイリー,Webアプリ・サービス運営,,東京都,東京都渋谷区渋谷１丁目１５番１２号,3: 20人以上~50人未満,,2: 3億円以上~10億円未満,https://nailie.jp/company,https://nailie.jp/contact,,info@nailie.jp,,,送信不可,,必須項目の入力ができない（情報不足など）,
株式会社ユニテラティ,Webアプリ・サービス運営,"ソフトウェア販売,受託開発,ITコンサル,その他コンサル,医療機器,その他機械",北海道,北海道札幌市中央区北二条西２丁目２９番地１札幌ウイングビル３階,3: 20人以上~50人未満,"0: 5,000万円未満",2: 3億円以上~10億円未満,http://www.uniteraty.com/index.html,http://www.uniteraty.com/contact.html,011-223-1101,info@uniteraty.com,,,送信成功,2026/07/16,,
株式会社Ｆｌｅｅｋｄｒｉｖｅ,Webアプリ・サービス運営,"クラウド系/SaaS/ASPサービス,デジタル系コンテンツ",東京都,東京都港区海岸３丁目９番１５号,3: 20人以上~50人未満,"1: 5,000万円以上~3億円未満",2: 3億円以上~10億円未満,https://www.fleekdrive.co.jp/company/,https://www.fleekdrive.co.jp/contact/,03-6722-5015,sales@fleekdrive.com,,,送信成功,2026/07/16,,
株式会社スリーディー,Webアプリ・サービス運営,"コンテンツ制作,医療機器,バッグ・装飾品",神奈川県,神奈川県横浜市港北区新横浜２丁目３番８号,3: 20人以上~50人未満,"1: 5,000万円以上~3億円未満",3: 10億円以上~50億円未満,https://www.ddd.co.jp/company/,https://www.ddd.co.jp/contact/,050-5533-3380,,,,送信成功,2026/07/16,,
ネクスメッドインターナショナル株式会社,医療機器,,千葉県,千葉県千葉市美浜区中瀬２丁目６番地,3: 20人以上~50人未満,,3: 10億円以上~50億円未満,https://www.nexmed.co.jp/corporate/index.html,http://www.nexmed.co.jp/contact/index.html,043-351-0150,contact@nexmed.co.jp,,,送信不可,,メールに遷移・Googleフォーム,
株式会社イーシーキューブ,Webアプリ・サービス運営,,大阪府,大阪府大阪市北区梅田２丁目２番２２号,3: 20人以上~50人未満,"0: 5,000万円未満",2: 3億円以上~10億円未満,https://www.ec-cube.co.jp/company/,,06-4795-7506,,,,送信不可,,必須項目の入力ができない（情報不足など）,
イー・アソシエイツ株式会社,クラウド系/SaaS/ASPサービス,Webアプリ・サービス運営,東京都,東京都千代田区一番町８番地住友不動産一番町ビル８階,3: 20人以上~50人未満,"1: 5,000万円以上~3億円未満",2: 3億円以上~10億円未満,https://choruscallasia.com/,https://www.choruscallasia.com/contact,03-3556-1380,,,,送信不可,,別サイトに遷移してしまう・サイトが開けない,
株式会社スポーツＩＴソリューション,Webアプリ・サービス運営,デジタル系コンテンツ,東京都,東京都港区芝４丁目５番１０号,3: 20人以上~50人未満,"0: 5,000万円未満",2: 3億円以上~10億円未満,https://sportie.com/company,https://www.sports-it.jp/contact/,03-6416-3168,contact@nasri121017.com,,,送信成功,2026/07/16,,
株式会社ＳＫパートナーズ,Webアプリ・サービス運営,,群馬県,群馬県太田市茂木町４６１番地１,3: 20人以上~50人未満,,2: 3億円以上~10億円未満,https://www.seniorhome-mado.com/search/owners/732/,,,,,,送信不可,,送信ボタンを押すことができない・エラー,
株式会社コアモバイル,Webアプリ・サービス運営,"ITインフラストラクチャー,Webアプリ・サービス運営",東京都,東京都台東区雷門２丁目１７番２号ＮＥＷＮＯ浅草５階,3: 20人以上~50人未満,,2: 3億円以上~10億円未満,https://www.coremobile.co.jp/about-us/,https://www.coremobile.co.jp/contact/index.php,03-5826-1411,info@coremobile.co.jp,,,送信不可,,別サイトに遷移してしまう・サイトが開けない,
ハーチ株式会社,Webアプリ・サービス運営,,東京都,東京都港区元赤坂１丁目７番１８号元赤坂イースト３階３０２,3: 20人以上~50人未満,"0: 5,000万円未満",2: 3億円以上~10億円未満,https://harch.jp/,https://harch.jp/contact,,-info@harch.jp,,,送信不可,,送信ボタンを押すことができない・エラー,
ａｂｓ株式会社,クラウド系/SaaS/ASPサービス,,埼玉県,埼玉県さいたま市大宮区上小町５３５番地,3: 20人以上~50人未満,"1: 5,000万円以上~3億円未満",3: 10億円以上~50億円未満,https://www.abs-inc.jp/,https://www.abs-inc.jp/contact/,,,,,送信成功,2026/07/16,,
株式会社エストリンクス,Webアプリ・サービス運営,"コンテンツ制作,その他IT,その他広告・制作,Web制作,デジタル系コンテンツ,Webマーケコンサル",静岡県,静岡県静岡市葵区呉服町１丁目３０番地札の辻クロスビル２階２０５Ａ号室,3: 20人以上~50人未満,"0: 5,000万円未満",3: 10億円以上~50億円未満,https://estlinks.co.jp/,http://estlinks.net/contact.html,054-266-3975,info@estlinks.co.jp,,,送信成功,2026/07/16,,
株式会社レッツエンジョイ東京,Webアプリ・サービス運営,,東京都,東京都千代田区有楽町１丁目１番３号,3: 20人以上~50人未満,"1: 5,000万円以上~3億円未満",2: 3億円以上~10億円未満,https://www.enjoytokyo.jp/,https://www.enjoytokyo.jp/form/contact/,,support@enjoytokyo.jp,,,送信成功,2026/07/16,,
株式会社３６０Ｃｈａｎｎｅｌ,Webアプリ・サービス運営,経営コンサル,東京都,東京都港区赤坂９丁目７番２号,3: 20人以上~50人未満,"1: 5,000万円以上~3億円未満",2: 3億円以上~10億円未満,http://corp.360ch.tv/company.html,https://corp.360ch.tv/contact.html,,info@360ch.tv,,,送信成功,2026/07/16,,
ピンタレスト・ジャパン合同会社,Webアプリ・サービス運営,販促コンサル,東京都,東京都渋谷区渋谷２丁目２１番１号,3: 20人以上~50人未満,,3: 10億円以上~50億円未満,https://www.pinterest.com,https://newsroom.pinterest.com/ja/contact/,,press@pinterest.com,,,送信不可,, お問い合わせフォーム無し,
株式会社アイスマイリー,Webアプリ・サービス運営,"セミナー,経営コンサル,ITコンサル,販促コンサル,Webマーケコンサル",東京都,東京都渋谷区恵比寿西１丁目９－６,3: 20人以上~50人未満,"0: 5,000万円未満",2: 3億円以上~10億円未満,https://aismiley.co.jp/company/,https://aismiley.co.jp/,03-5784-2340,info@aismiley.co.jp,,,送信不可,,必須項目の入力ができない（情報不足など）,役職
株式会社Ｓｅｎホールディングス,Webアプリ・サービス運営,組織コンサル,広島県,広島県広島市中区立町１－２４有信ビル８Ｆ,3: 20人以上~50人未満,,2: 3億円以上~10億円未満,https://sen-holdings.co.jp/,https://aismiley.co.jp/inquire/,082-207-3201,,,,送信不可,,,
ＧＭＯコイン株式会社,クラウド系/SaaS/ASPサービス,,東京都,東京都渋谷区道玄坂１丁目２番３号,3: 20人以上~50人未満,3: 10億円以上~50億円未満,2: 3億円以上~10億円未満,https://coin.z.com/jp/corp/about/company/,https://support.coin.z.com/hc/ja/requests/new,03-4540-2833,,,,送信成功,2026/07/16,,
株式会社シナモン,Webアプリ・サービス運営,その他IT,東京都,東京都千代田区紀尾井町３番１６号金田ビル６Ｆ,3: 20人以上~50人未満,2: 3億円以上~10億円未満,2: 3億円以上~10億円未満,http://cinnamon.is,https://go.cinnamon.ai/inquiry.html,,contact@cinnamon.is,,,送信不可,,別サイトに遷移してしまう・サイトが開けない,安全なサイトではない
株式会社サマリー,Webアプリ・サービス運営,その他運輸・物流,東京都,東京都千代田区内幸町２丁目２番３号,3: 20人以上~50人未満,"1: 5,000万円以上~3億円未満",2: 3億円以上~10億円未満,https://sumally.co.jp/,https://sumally.com/about/contact,03-6438-9098,,,,送信成功,2026/07/16,,
セグエグループ株式会社,情報セキュリティ,,東京都,東京都中央区新川１丁目１６番３号,3: 20人以上~50人未満,2: 3億円以上~10億円未満,4: 50億円以上~300億円未満,https://segue-g.jp/company/basic/index.html,https://segue-g.jp/contact/company/,03-6228-3822,info@segue-g.jp,,,送信成功,2026/07/16,,
株式会社ジョイゾー,Webアプリ・サービス運営,"クラウド系/SaaS/ASPサービス,セミナー,ITインフラストラクチャー",東京都,東京都江東区東陽４丁目１０番４号東陽町ＳＨビル,3: 20人以上~50人未満,"0: 5,000万円未満",2: 3億円以上~10億円未満,https://www.joyzo.co.jp/about/,https://www.joyzo.co.jp/contact/,03-6458-4701,info@joyzo.co.jp,,,送信不可,,営業禁止の記載あり,
株式会社プレシジョン,Webアプリ・サービス運営,AI,東京都,東京都文京区本郷４丁目２－５ＭＡビル７階,3: 20人以上~50人未満,,2: 3億円以上~10億円未満,https://www.premedi.co.jp/company/,https://www.premedi.co.jp/contact/,03-5615-8062,,,,送信成功,2026/07/16,,
株式会社ＡＲＥＡ３５,ゲーム開発,"玩具,翻訳・通訳,ゲーム・アニメデザイン",東京都,東京都千代田区神田錦町３丁目１５番地,3: 20人以上~50人未満,,2: 3億円以上~10億円未満,https://area35east.com/,https://area35east.com/home/#contact,,,,,送信不可,,送信ボタンを押すことができない・エラー,
株式会社ファルモ,Webアプリ・サービス運営,"人材紹介,人材派遣,クラウド系/SaaS/ASPサービス,イベント,セミナー,その他医療・福祉",東京都,東京都新宿区西新宿３丁目２０番２号,3: 20人以上~50人未満,"1: 5,000万円以上~3億円未満",2: 3億円以上~10億円未満,https://hp.pharumo.com,https://hp.pharumo.com/contact/,03-5333-0553,info@pharumo.jp,,,送信不可,,,安全なサイトではない
メイクリープス株式会社,クラウド系/SaaS/ASPサービス,"クレジット・決済代行,Webアプリ・サービス運営",東京都,東京都目黒区中目黒３丁目１番５号,3: 20人以上~50人未満,,4: 50億円以上~300億円未満,https://www.makeleaps.com/about-us/,https://www.makeleaps.jp/plan-contact/,03-4550-1548,contact@makeleaps.com,,,送信成功,2026/07/16,,
株式会社Ｕｉ２,Webアプリ・サービス運営,"eコマース,その他コンサル",東京都,東京都港区西新橋２丁目２０番１号Ｎａｎ－ｏ、Ｂｌｄｇ．新虎６階,3: 20人以上~50人未満,"0: 5,000万円未満",2: 3億円以上~10億円未満,https://www.ui2.co.jp/company/profile/,https://www.ui2.co.jp/contact/,03-6809-5871,info@ui2.co.jp,,,送信成功,2026/07/16,,
株式会社ＴｗｏＦｉｖｅ,情報セキュリティ,,東京都,東京都中央区銀座３丁目１０番７号ヒューリック銀座三丁目ビル３階,3: 20人以上~50人未満,"0: 5,000万円未満",2: 3億円以上~10億円未満,https://www.twofive25.com/company/overview.html,https://www.twofive25.com/contact/,,,,,送信成功,2026/07/16,,
株式会社ハックルベリー,Webアプリ・サービス運営,,東京都,東京都世田谷区北沢２丁目６番地２号ミカン下北Ｂ街区第Ｂ４０１号区画,3: 20人以上~50人未満,"1: 5,000万円以上~3億円未満",2: 3億円以上~10億円未満,https://huckleberry-inc.com/about,https://huckleberry-inc.com/contact,,contact@huckleberry-inc.com,,,送信成功,2026/07/16,,
株式会社ＩＳＤ,Webアプリ・サービス運営,,北海道,北海道札幌市中央区大通東７丁目１２番地２,3: 20人以上~50人未満,"0: 5,000万円未満",2: 3億円以上~10億円未満,https://www.isd.cnt.co.jp/,http://www.isd.cnt.co.jp/contact.html,011-522-6391,,,,送信不可,, お問い合わせフォーム無し,
あかりフーズ株式会社,Webアプリ・サービス運営,,香川県,香川県坂出市府中町５１５５番地１,3: 20人以上~50人未満,,2: 3億円以上~10億円未満,https://factorymark.net/,,,,,,送信不可,,別サイトに遷移してしまう・サイトが開けない,
株式会社Ｄｏｃｔｏｒｂｏｏｋ,Webアプリ・サービス運営,"クラウド系/SaaS/ASPサービス,その他医療・福祉,デジタル系コンテンツ,Web制作,Webアプリ・サービス運営",東京都,東京都渋谷区恵比寿２丁目３６番１３号,3: 20人以上~50人未満,"1: 5,000万円以上~3億円未満",2: 3億円以上~10億円未満,https://doctorbook.co.jp,https://doctorbook.co.jp/contact/,03-5280-9535,info@doctorbook.jp,,,送信成功,2026/07/16,,
株式会社ＡＮＩＭＡ　ＧＲＯＵＰ,Webアプリ・サービス運営,その他ゲーム,東京都,東京都渋谷区円山町３番６号Ｅ・スペースタワー６Ｆ西,3: 20人以上~50人未満,"0: 5,000万円未満",3: 10億円以上~50億円未満,https://anima-group.jp/about,,,,,,送信不可,, お問い合わせフォーム無し,
株式会社イプシロン,Webアプリ・サービス運営,ITインフラストラクチャー,福岡県,福岡県福岡市博多区博多駅南２丁目４番３６号,3: 20人以上~50人未満,"0: 5,000万円未満",1: 1億円以上~3億円未満,http://epsilon-system.co.jp,,092-752-0295,info@epsilon-system.co.jp,,,送信不可,,別サイトに遷移してしまう・サイトが開けない,安全なサイトではない
オリコンＮｅｗＳ株式会社,Webアプリ・サービス運営,デジタル系コンテンツ,東京都,東京都港区六本木６丁目８番１０号,3: 20人以上~50人未満,"0: 5,000万円未満",2: 3億円以上~10億円未満,https://www.oricon.jp/corporate/profile/,https://secure.oricon.co.jp/contact/service/,,,,,送信成功,2026/07/16,,
株式会社ケーウェイズ,Webアプリ・サービス運営,,神奈川県,神奈川県横浜市港北区新横浜３丁目７番地３,3: 20人以上~50人未満,"0: 5,000万円未満",2: 3億円以上~10億円未満,https://khwayz.jp/,http://www.khwayz.jp/contact.php,045-628-9371,info@khwayz.jp,,,送信不可,,URL・記号を含むことができない,
ＣｙｂｅｒＡｒｋ　Ｓｏｆｔｗａｒｅ株式会社,情報セキュリティ,ソフトウェア販売,東京都,東京都千代田区大手町１丁目２番１号Ｏｔｅｍａｃｈｉ・Ｏｎｅタワー６階,3: 20人以上~50人未満,,2: 3億円以上~10億円未満,https://www.cyberark.com/ja/company/office-locations/,https://www.cyberark.com/ja/contact/,03-4360-5581,,,,送信成功,2026/07/16,,
株式会社できるくん,Webアプリ・サービス運営,"デザイン,受託開発,デジタル系コンテンツ",東京都,東京都新宿区新宿１丁目３４番５号ＶｅｒｄｅＶｉｓｔａ新宿御苑２階,3: 20人以上~50人未満,"1: 5,000万円以上~3億円未満",2: 3億円以上~10億円未満,https://utill.co.jp/company/info/,https://utill.co.jp/contact/,03-6457-3550,info@utill.co.jp,,,送信不可,,送信ボタンを押すことができない・エラー,
株式会社ジェネリー,Webアプリ・サービス運営,"デジタル系コンテンツ,CM制作・映像制作,その他IT,広告制作,動画制作・CG制作,Web制作,Webアプリ・サービス運営,デザイン,その他コンサル,eコマース,Webマーケコンサル",東京都,東京都渋谷区千駄ヶ谷４丁目１６番７号,3: 20人以上~50人未満,"0: 5,000万円未満",2: 3億円以上~10億円未満,https://www.genery.co.jp/,https://www.genery.co.jp/contact,03-6868-5340,genery@genery.co.jp,,,送信成功,2026/07/16,,
勝山市観光まちづくり株式会社,Webアプリ・サービス運営,"デベロッパー,レジャー施設,景観地運営,不動産管理,和食,その他エンタメ・娯楽",福井県,福井県勝山市元町１丁目１８番１９号,3: 20人以上~50人未満,,3: 10億円以上~50億円未満,https://katsuyama-navi.jp/,https://katsuyama-navi.jp/contact/,0779-87-1245,info@katsuyama-navi.jp,,,送信成功,2026/07/16,,
株式会社ＭＡＺＩＮ,クラウド系/SaaS/ASPサービス,その他機械,東京都,東京都中央区日本橋本町３丁目３番６号ワカ末ビル２階,3: 20人以上~50人未満,2: 3億円以上~10億円未満,2: 3億円以上~10億円未満,https://www.mazin.tech/about,http://www.mazin.tech/contact/,,contact@mazin.tech,,,送信不可,,必須項目の入力ができない（情報不足など）,役職
株式会社ゴトウライフクリエイション,医療機器,"アパレル販売,寝具,バス・トイレ設備,介護用品,機械レンタル・リース,生活関連リース",京都府,京都府京都市上京区河原町通丸太町下る伊勢屋町４０５,3: 20人以上~50人未満,,3: 10億円以上~50億円未満,https://www.gotolifecreation.com/,https://www.gotolifecreation.com/contact_us.html,075-254-8335,,,,送信不可,,送信ボタンを押すことができない・エラー,
エニワン株式会社,Webアプリ・サービス運営,"ITコンサル,その他不動産",大阪府,大阪府大阪市西区土佐堀１丁目４番１１号,3: 20人以上~50人未満,"0: 5,000万円未満",2: 3億円以上~10億円未満,https://www.any-one.jp/company/,https://www.any-one.jp/contact,06-6265-2311,,,,送信成功,2026/07/16,,
株式会社サブゲート,情報セキュリティ,"ソフトウェア販売,ITコンサル,Webアプリ・サービス運営",東京都,東京都千代田区神田須田町１丁目１番地,3: 20人以上~50人未満,,2: 3億円以上~10億円未満,https://www.subgate.co.jp/company/overview,,03-5207-2744,,,,送信不可,, お問い合わせフォーム無し,
株式会社Ｈ２Ｔｅｃｈｎｏｌｏｇｙ,Webアプリ・サービス運営,,東京都,東京都港区赤坂３丁目２１番１５号東都赤坂ビル２階Ａ号室,3: 20人以上~50人未満,,2: 3億円以上~10億円未満,https://h2technology.jp/,https://h2technology.jp/contact,,,,,送信成功,2026/07/16,,
株式会社スクデット・ソフトウェア,Webアプリ・サービス運営,"IT系教育,人材派遣",北海道,北海道札幌市中央区大通西８丁目２番地２４,3: 20人以上~50人未満,"0: 5,000万円未満",2: 3億円以上~10億円未満,https://www.scudetto-software.co.jp/,,011-596-7970,,,,送信不可,, お問い合わせフォーム無し,
株式会社レンガ,Webアプリ・サービス運営,,東京都,東京都港区新橋２丁目１９番１０号,3: 20人以上~50人未満,"0: 5,000万円未満",2: 3億円以上~10億円未満,https://www.ren-ga.jp/,https://docs.google.com/forms/d/e/1FAIpQLSfMWzSFXGQElsatdRhIoh6NX8gr8SapioRHGW8AeCXUC2NzMQ/viewform?c=0&amp;w=1,,info@ren-ga.jp,,,送信不可,,メールに遷移・Googleフォーム,
株式会社シンプル,クラウド系/SaaS/ASPサービス,"その他IT,ITコンサル",愛知県,愛知県丹羽郡扶桑町大字南山名字前ノ前４８番３号,3: 20人以上~50人未満,,2: 3億円以上~10億円未満,https://www.simple-jp.com/,https://www.simple-jp.com/,,,,,送信成功,2026/07/16,,
株式会社エバーセンス,Webアプリ・サービス運営,"児童福祉,クラウド系/SaaS/ASPサービス,その他医療・福祉",東京都,東京都港区東新橋１丁目５－２汐留シティセンター,3: 20人以上~50人未満,"0: 5,000万円未満",2: 3億円以上~10億円未満,https://eversense.co.jp/company,https://eversense.co.jp/contact,03-3665-6603,info@eversense.co.jp,,,送信成功,2026/07/16,,
株式会社エックスラボ,Webアプリ・サービス運営,"ベンチャーキャピタル,販促コンサル,デザイン",大阪府,大阪府大阪市北区豊崎２丁目７番９号豊崎いずみビル４階,3: 20人以上~50人未満,"0: 5,000万円未満",2: 3億円以上~10億円未満,https://xlab.co.jp/,https://xlab.co.jp/contact/,06-7222-3756,info@xlab.co.jp,,,送信成功,2026/07/16,,
株式会社テクノクレア,Webアプリ・サービス運営,"その他IT,スマホアプリ,Webアプリ・サービス運営",東京都,東京都文京区後楽１丁目２番８号,3: 20人以上~50人未満,"0: 5,000万円未満",2: 3億円以上~10億円未満,https://technocrea.co.jp/,https://technocrea.co.jp/contact.html,,information@technocrea.co.jp,,,送信不可,,営業禁止の記載あり,
ＧＭＯ　ＡＩコネクト株式会社,Webアプリ・サービス運営,"その他IT,ITコンサル",東京都,東京都港区芝５丁目３１番１７号ＰＭＯ田町,3: 20人以上~50人未満,"0: 5,000万円未満",2: 3億円以上~10億円未満,https://www.strategit.jp/company/,https://form.strategit.jp/@other-info,,info@strategit.jp,,,送信成功,2026/07/16,,
サンエー株式会社,医療機器,"その他小売・販売,その他製造",大阪府,大阪府吹田市岸部南１丁目２０番２５号,3: 20人以上~50人未満,"0: 5,000万円未満",3: 10億円以上~50億円未満,https://www.sunei3.com/company/aboutus.html,http://www.sunei3.com/company/contact.html,06-6382-8249,,,,送信不可,,必須項目の入力ができない（情報不足など）,医院名
ジェンヌ・インターナショナル株式会社,Webアプリ・サービス運営,"その他IT,eコマース,レディースアパレル販売",石川県,石川県金沢市上堤町１番１２,3: 20人以上~50人未満,,3: 10億円以上~50億円未満,https://www.jenne.inc/,http://web-marketing.jp.net/contact/,076-256-5597,,,,送信成功,2026/07/17,,
ＰＩＡＺＺＡ株式会社,Webアプリ・サービス運営,その他IT,東京都,東京都中央区日本橋茅場町１丁目１０番８号,3: 20人以上~50人未満,"1: 5,000万円以上~3億円未満",2: 3億円以上~10億円未満,https://www.about.piazza-life.com/about/company,https://docs.google.com/forms/d/1soexvWUDqCarKvzFp6KEw-TZCbJttHd8YwQ0fQDUTlE/viewform?edit_requested=true,090-6512-0625,crew@piazza-life.com,,,送信不可,,営業禁止の記載あり,
キャップクラウド株式会社,クラウド系/SaaS/ASPサービス,Webアプリ・サービス運営,東京都,東京都新宿区新宿３丁目５番６号キュープラザ新宿三丁目,3: 20人以上~50人未満,"0: 5,000万円未満",2: 3億円以上~10億円未満,https://capcloud.co.jp/,http://www.capcloud.co.jp/contact,03-6824-1006,PR_info@capcloud.co.jp,,,送信成功,2026/07/17,,
Ｂａｓｅｃｏｎｎｅｃｔ株式会社,Webアプリ・サービス運営,"クラウド系/SaaS/ASPサービス,ソフトウェア販売",京都府,京都府京都市中京区山崎町２３５,3: 20人以上~50人未満,3: 10億円以上~50億円未満,3: 10億円以上~50億円未満,https://company.baseconnect.in/company,https://company.baseconnect.in/contact/,,,,,送信不可,,メールに遷移・Googleフォーム,
株式会社ＤｅｎｔａＬｉｇｈｔ,Webアプリ・サービス運営,"セミナー,販促コンサル,企業研修,医療コンサル",福岡県,福岡県福岡市博多区店屋町８番２７号,3: 20人以上~50人未満,,2: 3億円以上~10億円未満,https://dentalight.co.jp/,,092-710-6010,contact@dentalight.co.jp,,,送信不可,, お問い合わせフォーム無し,
アサイクル株式会社,クラウド系/SaaS/ASPサービス,,石川県,石川県小松市南浅井町ロ５３番地１,3: 20人以上~50人未満,,2: 3億円以上~10億円未満,https://131kr.jp/,,,support@131kr.jp,,,送信不可,,必須項目の入力ができない（情報不足など）,医療機関名・店舗名
株式会社セブンピース・イノベーション,Webアプリ・サービス運営,"その他製造,受託開発",福岡県,福岡県福岡市博多区博多駅前２丁目１９番２９号,3: 20人以上~50人未満,"1: 5,000万円以上~3億円未満",2: 3億円以上~10億円未満,https://spico.biz/,https://www.gname.com/contact,092-981-6886,,,,送信不可,, お問い合わせフォーム無し,
丸紅アークログ株式会社,Webアプリ・サービス運営,,東京都,東京都港区芝浦１丁目３番３号,3: 20人以上~50人未満,"1: 5,000万円以上~3億円未満",2: 3億円以上~10億円未満,https://m-arch-log.com/,https://m-arch-log.com/contact,,,,,送信成功,2026/07/17,,
株式会社ハイパードライブ,Webアプリ・サービス運営,"クラウド系/SaaS/ASPサービス,その他IT",東京都,東京都港区海岸２丁目２番６号,3: 20人以上~50人未満,"1: 5,000万円以上~3億円未満",2: 3億円以上~10億円未満,https://hyperdrive.co.jp/company/,https://cordy.jp/entry_form/,,,,,送信成功,2026/07/17,,
株式会社Ｒｅａｌｉｚｅ,Webアプリ・サービス運営,"ITインフラストラクチャー,人材派遣",東京都,東京都品川区西五反田１丁目１１番１号,3: 20人以上~50人未満,"0: 5,000万円未満",2: 3億円以上~10億円未満,https://www.realize.tokyo.jp,https://www.realize11.biz/%E3%81%8A%E5%95%8F%E5%90%88%E3%81%9B,03-6431-8310,,,,送信成功,2026/07/17,,
株式会社フィナンシェ,Webアプリ・サービス運営,,東京都,東京都渋谷区桜丘町２６番１号セルリアンタワー１５階,3: 20人以上~50人未満,"1: 5,000万円以上~3億円未満",2: 3億円以上~10億円未満,https://www.corp.financie.jp/about,https://www.corp.financie.jp/contact/reqruit,,contact-pj@financie.jp,,,送信成功,2026/07/17,,
医療法人春夏冬,Webアプリ・サービス運営,,埼玉県,埼玉県さいたま市北区土呂町２丁目１７番地１,3: 20人以上~50人未満,,2: 3億円以上~10億円未満,https://haishakensaku.com/,https://haishakensaku.com/contact.php,,,,,送信成功,2026/07/17,,
株式会社ｃｒｅａｔｏ,Webアプリ・サービス運営,"クラウド系/SaaS/ASPサービス,経営コンサル,ITコンサル",愛知県,愛知県名古屋市天白区塩釜口２丁目１４０３,3: 20人以上~50人未満,,2: 3億円以上~10億円未満,https://creato-c.jp/,http://www.creato-c.jp/inquiry/,052-861-2286,,,,送信成功,2026/07/17,,
琉歯デンタルラボ株式会社,医療機器,,沖縄県,沖縄県中頭郡読谷村字喜名２２５３番地２,3: 20人以上~50人未満,,3: 10億円以上~50億円未満,https://ryushidentallabo.com/,,098-989-0408,,,,送信成功,2026/07/17,,
日本医師会ＯＲＣＡ管理機構株式会社,Webアプリ・サービス運営,"ソフトウェア販売,その他IT",東京都,東京都文京区本駒込６丁目１番２１号,3: 20人以上~50人未満,,2: 3億円以上~10億円未満,https://www.orcamo.co.jp/company/,https://www.orcamo.co.jp/contact/,03-5981-9681,delegate@orcamo.co.jp,,,送信成功,2026/07/16,,
株式会社ロートセルファクトリー東京,医療機器,"業務請負,その他製造,医療コンサル",東京都,東京都墨田区江東橋２丁目１９番７号,3: 20人以上~50人未満,2: 3億円以上~10億円未満,2: 3億円以上~10億円未満,https://www.rcft.co.jp/,http://www.fstec.co.jp/contact.html,03-3635-6226,,,,送信不可,,別サイトに遷移してしまう・サイトが開けない,
株式会社トイジアム,ゲーム開発,,東京都,東京都千代田区神田和泉町１番地７の２Ｓ－ＧｌａｎｚＡＫＩＨＡＢＡＲＡ３階,3: 20人以上~50人未満,"0: 5,000万円未満",2: 3億円以上~10億円未満,https://toydium.co.jp/,,,,,,送信成功,2026/07/16,,
株式会社フューチャーニーズ,Webアプリ・サービス運営,"ソフトウェア販売,経営コンサル",東京都,東京都荒川区西日暮里５丁目３４番３新谷ビル６０２号,3: 20人以上~50人未満,,2: 3億円以上~10億円未満,http://future-needs.com/,,03-6314-5092,info@future-needs.com,,,送信成功,2026/07/16,,
株式会社日本経営研究所,Webアプリ・サービス運営,経営コンサル,東京都,東京都港区虎ノ門５丁目１１番１号,3: 20人以上~50人未満,"1: 5,000万円以上~3億円未満",2: 3億円以上~10億円未満,https://jcai.co.jp/company,https://idealpartners.co.jp/contact/,03-4446-7551,,,,送信成功,2026/07/16,,
株式会社アイディーラボ,医療機器,"スポーツ用品,スポーツ用品販売,その他製造",埼玉県,埼玉県さいたま市中央区上峰１丁目９番９号ポパイハウス１階,3: 20人以上~50人未満,,2: 3億円以上~10億円未満,http://www.idlabo.co.jp/,http://www.idlabo.co.jp/form/index.html,048-762-8577,info@idlabo.co.jp,,,送信不可,, お問い合わせフォーム無し,
株式会社モノコト,ゲーム開発,"玩具,その他製造,受託開発",京都府,京都府京都市中京区七観音町６３４,3: 20人以上~50人未満,"0: 5,000万円未満",2: 3億円以上~10億円未満,https://monokoto.co.jp/about/company/,http://www.monokoto.co.jp/contact/,075-253-6310,info@monokoto.co.jp,,,送信不可,,営業禁止の記載あり,
株式会社ライトハウス,Webアプリ・サービス運営,"デジタル系コンテンツ,Webアプリ・サービス運営",福岡県,福岡県福岡市中央区天神１丁目１５番５号,3: 20人以上~50人未満,,2: 3億円以上~10億円未満,https://lighthouse-frontier.tech/,,,,,,送信成功,2026/07/16,,
株式会社クロスコンパス,Webアプリ・サービス運営,受託開発,東京都,東京都中央区築地２丁目７番３号,3: 20人以上~50人未満,"1: 5,000万円以上~3億円未満",2: 3億円以上~10億円未満,https://www.cross-compass.com/company,,03-6380-9729,,,,送信不可,,営業禁止の記載あり,
Ｚａｂｂｉｘ　Ｊａｐａｎ合同会社,Webアプリ・サービス運営,,東京都,東京都港区東新橋２丁目１６－３,3: 20人以上~50人未満,,2: 3億円以上~10億円未満,https://www.zabbix.com/jp,https://www.zabbix.com/contact,03-4405-7338,sales@zabbix.com,,,送信不可,,必須項目の入力ができない（情報不足など）,
株式会社エクシード,Webアプリ・サービス運営,"ソフトウェア販売,ITインフラストラクチャー",東京都,東京都国分寺市本町３丁目８番１２号,3: 20人以上~50人未満,,2: 3億円以上~10億円未満,,,042-328-6700,,,,送信成功,2026/07/16,,
株式会社Ａｒｔ　ｔｏ　Ｈｅｒｉｔａｇｅ,Webアプリ・サービス運営,,東京都,東京都港区西麻布３丁目２４番２０号ＫＡＳＵＭＩＣＨＯＴＥＲＲＡＣＥ６Ｆ,3: 20人以上~50人未満,"1: 5,000万円以上~3億円未満",2: 3億円以上~10億円未満,https://www.tricera.co.jp/,https://www.tricera.co.jp/contact,,info@tricera.co.jp,,,送信不可,,送信ボタンを押すことができない・エラー,
株式会社ＫＩＳＳ,Webアプリ・サービス運営,"医療機器,ITコンサル,受託開発,その他通信",鹿児島県,鹿児島県霧島市隼人町西光寺６８１番地５,3: 20人以上~50人未満,"0: 5,000万円未満",2: 3億円以上~10億円未満,https://kiss-i.co.jp/company,http://kiss-i.co.jp/contacts,0995-43-4822,,,,送信不可,,別サイトに遷移してしまう・サイトが開けない,
ストーンビートセキュリティ株式会社,情報セキュリティ,"ITコンサル,企業研修",東京都,東京都千代田区丸の内３丁目３番１号新東京ビル,3: 20人以上~50人未満,"0: 5,000万円未満",2: 3億円以上~10億円未満,https://www.stonebeat.co.jp/,,03-6869-9567,info@stonebeat.co.jp,,,送信不可,,必須項目の入力ができない（情報不足など）,
株式会社ＳａｌｅｓＮｏｗ,Webアプリ・サービス運営,,東京都,東京都渋谷区桜丘町１番４号渋谷サクラステージＳＨＩＢＵＹＡサイドＳＨＩＢＵＹＡタワー７階,3: 20人以上~50人未満,"1: 5,000万円以上~3億円未満",1: 1億円以上~3億円未満,https://salesnow.jp/contact/,https://salesnow.jp/contact/,,,,,送信不可,,別サイトに遷移してしまう・サイトが開けない,
ＲＳＵＰＰＯＲＴ株式会社,Webアプリ・サービス運営,,東京都,東京都港区東新橋２丁目３番３号,3: 20人以上~50人未満,"1: 5,000万円以上~3億円未満",2: 3億円以上~10億円未満,https://www.rsupport.com/ja-jp/,https://www.rsupport.com/ja-jp/community/inquiry/,03-3539-5761,info.jp@rsupport.com,,,送信成功,2026/07/16,,
株式会社ＷｉｚＷｅ,Webアプリ・サービス運営,,東京都,東京都千代田区内神田１丁目９番５号ＳＦ内神田ビル４階,3: 20人以上~50人未満,"1: 5,000万円以上~3億円未満",2: 3億円以上~10億円未満,https://wizwe.co.jp/,,,info@wizwe.co.jp,,,送信不可,,メールに遷移・Googleフォーム,
株式会社シフトメーション,Webアプリ・サービス運営,クラウド系/SaaS/ASPサービス,東京都,東京都千代田区神田神保町３丁目２番地３Ｄａｉｗａ神保町３丁目ビル,3: 20人以上~50人未満,"1: 5,000万円以上~3億円未満",2: 3億円以上~10億円未満,https://www.shiftmation.com/about/,https://axiverse.co.jp/contact,050-5583-1542,,,,送信不可,,必須項目の入力ができない（情報不足など）,
アルテリックス・ジャパン合同会社,Webアプリ・サービス運営,その他IT,東京都,東京都港区六本木６丁目２番３１号六本木ヒルズノースタワー１７階,3: 20人以上~50人未満,,2: 3億円以上~10億円未満,,,03-4360-5632,,,,送信不可,,必須項目の入力ができない（情報不足など）,
沖縄セルラーアスミュー株式会社,Webアプリ・サービス運営,"その他通信,農産物,食品店,eコマース",沖縄県,沖縄県那覇市松山１丁目２番１号,3: 20人以上~50人未満,"0: 5,000万円未満",2: 3億円以上~10億円未満,https://www.oc-am.jp/company/,,,,,,送信成功,2026/07/16,,
株式会社ＩＣＴ－Ｏ,Webアプリ・サービス運営,受託開発,東京都,東京都豊島区巣鴨１丁目２０番１０号,3: 20人以上~50人未満,,2: 3億円以上~10億円未満,https://ict-o.com/about.html,,080-5576-2913,,,,送信成功,2026/07/16,,
株式会社ＴＲＹＡＮＧＬＥ,Webアプリ・サービス運営,"人材派遣,Webアプリ・サービス運営",東京都,東京都渋谷区本町３丁目１３番１２号,3: 20人以上~50人未満,"0: 5,000万円未満",2: 3億円以上~10億円未満,http://www.tangle.co.jp,https://www.tangle.co.jp/contact/,,,,,送信成功,2026/07/16,,
ＹＡＤＯＫＡＲＩ株式会社,Webアプリ・サービス運営,"ホテル・旅館,イベント,eコマース,不動産売買・仲介,出版,その他コンサル",神奈川県,神奈川県横浜市保土ケ谷区星川１丁目１－１星天ｑｌａｙ,3: 20人以上~50人未満,,3: 10億円以上~50億円未満,https://yadokari.company/,https://yadokari.company/contact/,050-5881-6598,info@akiya-gateway.com,,,送信成功,2026/07/16,,
株式会社ＡＰＰＹ,Webアプリ・サービス運営,看板広告,東京都,東京都中央区新川１丁目２６番９号,3: 20人以上~50人未満,"1: 5,000万円以上~3億円未満",3: 10億円以上~50億円未満,https://appy-net.jp/company/,http://appy-net.jp/contact/,03-6222-0612,info@appy-net.jp,,,送信成功,2026/07/16,,
株式会社Ｍｅａｌｔｈｙ,Webアプリ・サービス運営,,埼玉県,埼玉県東松山市美原町２丁目１１番地６,3: 20人以上~50人未満,"0: 5,000万円未満",2: 3億円以上~10億円未満,https://mealthy.co.jp/about/,https://mealthy.me/contact/,,info@mealthy.me,,,送信成功,2026/07/16,,
株式会社エヌ・エフ・ラボラトリーズ,情報セキュリティ,"その他IT,人材派遣",東京都,東京都千代田区大手町２丁目３番１号,3: 20人以上~50人未満,"1: 5,000万円以上~3億円未満",2: 3億円以上~10億円未満,https://nflabs.jp/company/,,,,,,送信成功,2026/07/16,,
株式会社グラム,Webアプリ・サービス運営,"Webマーケコンサル,人材派遣",東京都,東京都渋谷区代々木１丁目４６番１号,3: 20人以上~50人未満,"1: 5,000万円以上~3億円未満",2: 3億円以上~10億円未満,https://gramn.com/,https://gramn.com/contact/index.html,,info@gramn.com,,,送信成功,2026/07/16,,
株式会社エフェクチュアル,クラウド系/SaaS/ASPサービス,"ITコンサル,その他広告・制作",東京都,東京都港区南青山３丁目４－７第７ＳＹビル５階,3: 20人以上~50人未満,2: 3億円以上~10億円未満,2: 3億円以上~10億円未満,https://effectual.co.jp/,https://effectual.co.jp/wordpress/contact/,03-6447-2175,info@effectual.co.jp,,,送信成功,2026/07/16,,
ＢｌｕｅＢａｎｋ株式会社,クラウド系/SaaS/ASPサービス,"ITコンサル,Webアプリ・サービス運営",東京都,東京都品川区西五反田７丁目１番１号,3: 20人以上~50人未満,2: 3億円以上~10億円未満,2: 3億円以上~10億円未満,https://bluebank.app/about/,https://scheeme.com/loan-contact/,03-4446-6717,,,,送信成功,2026/07/16,,
ＦＯＵＲ・ＳＥ株式会社,Webアプリ・サービス運営,"その他電気設備工事,その他機械,太陽光発電,警備,太陽光パネル,電力・発電製造,焼肉・ステーキ,飲食コンサル,その他土木工事",熊本県,熊本県山鹿市鹿本町下高橋１５４,3: 20人以上~50人未満,"0: 5,000万円未満",2: 3億円以上~10億円未満,http://four-se.com/company.html,http://four-se.com/%E3%81%8A%E5%95%8F%E3%81%84%E5%90%88%E3%82%8F%E3%81%9B/,0968-42-9001,taniguchi@four-se.com,,,送信不可,,別サイトに遷移してしまう・サイトが開けない,
株式会社ＥＰＡＲＫペットライフ,Webアプリ・サービス運営,,東京都,東京都港区芝浦４丁目１６番２５号,3: 20人以上~50人未満,"1: 5,000万円以上~3億円未満",2: 3億円以上~10億円未満,https://www.e-petlife.co.jp/,,03-3518-4277,info@e-petlife.co.jp,,,送信不可,, お問い合わせフォーム無し,
株式会社コズレ,Webアプリ・サービス運営,"Web制作,Webマーケコンサル,その他広告・制作",東京都,東京都千代田区神田錦町２丁目２番１号ＷｅＷｏｒｋ,3: 20人以上~50人未満,,2: 3億円以上~10億円未満,https://cozre.co.jp/company/info/,https://cozre.co.jp/solution/form/,,,,,送信成功,2026/07/16,,
株式会社プロフィット,Webアプリ・サービス運営,,神奈川県,神奈川県川崎市中原区今井南町２０番５号,3: 20人以上~50人未満,,2: 3億円以上~10億円未満,https://profiter.jp/company/,,044-299-8269,,,,送信成功,2026/07/16,,
Ｄｒｏｐｂｏｘ　Ｊａｐａｎ株式会社,クラウド系/SaaS/ASPサービス,,東京都,東京都千代田区丸の内２丁目７番２号,3: 20人以上~50人未満,,2: 3億円以上~10億円未満,https://navi.dropbox.jp/about-dropbox-japan,http://www.dropbox.com/contact,,press@dropbox.com,,,送信不可,, お問い合わせフォーム無し,
株式会社ＣｙｂｅｒＯｗｌ,Webアプリ・サービス運営,,東京都,東京都渋谷区宇田川町４０番１号,3: 20人以上~50人未満,"1: 5,000万円以上~3億円未満",2: 3億円以上~10億円未満,https://www.cyberowl.co.jp/corporate,,03-5459-0215,terakoyaplus_support@cyberowl.co.jp,,,送信不可,, お問い合わせフォーム無し,
株式会社ＩＴＣ,Webアプリ・サービス運営,,東京都,東京都千代田区内神田１丁目１４番８号,3: 20人以上~50人未満,,2: 3億円以上~10億円未満,https://www.itccl.jp/introduction/,,,,,,送信不可,,別サイトに遷移してしまう・サイトが開けない,
シグマインキュベーション株式会社,Webアプリ・サービス運営,,北海道,北海道札幌市中央区北一条東１丁目６番５号,3: 20人以上~50人未満,"0: 5,000万円未満",2: 3億円以上~10億円未満,http://sigma-inq.co.jp/index.html,,011-887-6350,sigma-info@sigma-inq.co.jp,,,送信不可,,メールに遷移・Googleフォーム,
株式会社ｓｏｅａｓｙ,Webアプリ・サービス運営,,東京都,東京都千代田区神田須田町２丁目３番１２号１２ＫＡＮＤＡ５０６,3: 20人以上~50人未満,"0: 5,000万円未満",2: 3億円以上~10億円未満,https://www.soeasy.co.jp,https://www.soeasy.co.jp/contact,03-6809-3559,,,,送信不可,,必須項目の入力ができない（情報不足など）,
エナジープールジャパン株式会社,Webアプリ・サービス運営,,東京都,東京都港区芝大門１丁目３番４号,3: 20人以上~50人未満,"0: 5,000万円未満",2: 3億円以上~10億円未満,https://www.energy-pool.eu/jp/,http://www.energy-pool.eu/jp/contact/,03-6432-0273,contact.jp@energy-pool.jp,,,送信不可,,送信ボタンを押すことができない・エラー,
ＧＭＯエンペイ株式会社,Webアプリ・サービス運営,,東京都,東京都渋谷区道玄坂１丁目２番３号,3: 20人以上~50人未満,"1: 5,000万円以上~3億円未満",2: 3億円以上~10億円未満,https://www.enpay.co.jp/company,,,,,,送信成功,2026/07/16,,
オリジナルライフ株式会社,Webアプリ・サービス運営,"その他サービス,スマホアプリ,ブライダル,デジタル系コンテンツ,Webアプリ・サービス運営",東京都,東京都港区赤坂１丁目１４－１４ＷＡＷ赤坂第３５興和ビル５１０,3: 20人以上~50人未満,"1: 5,000万円以上~3億円未満",2: 3億円以上~10億円未満,http://www.original-life.co.jp,,,contact@original-life.co.jp,,,送信成功,2026/07/16,,
株式会社ｇｒｉｔｓ,Webアプリ・サービス運営,,大阪府,大阪府大阪市西区新町１丁目３－１２,3: 20人以上~50人未満,"0: 5,000万円未満",2: 3億円以上~10億円未満,https://grits.co.jp,https://grits.co.jp/contact/,06-4393-8493,,,,送信成功,2026/07/16,,
株式会社紀乃屋,Webアプリ・サービス運営,"日用品,日用品・化粧品商社,eコマース,水産,Web制作,食品専門商社,その他専門商社,その他マスコミ・出版,その他食品,小売店舗・商業施設,農産物,総合広告代理店",和歌山県,和歌山県日高郡みなべ町西岩代１６０６番地７,3: 20人以上~50人未満,,3: 10億円以上~50億円未満,https://kinoya.jp/,,0739-34-2320,,,,送信成功,2026/07/16,,
株式会社メンタルヘルステクノロジーズ,Webアプリ・サービス運営,"Web制作,Webマーケコンサル,受託開発,その他医療・福祉",東京都,東京都港区赤坂３丁目１６－１１東海赤坂ビル４階,3: 20人以上~50人未満,2: 3億円以上~10億円未満,2: 3億円以上~10億円未満,https://www.mh-tec.co.jp/,http://www.miew.co.jp/contact/,03-6277-6595,info@miew.co.jp,,,送信成功,2026/07/16,,
ｌｉｖｅｐａｓｓ株式会社,Webアプリ・サービス運営,"クラウド系/SaaS/ASPサービス,ITコンサル",東京都,東京都港区六本木１丁目４番５号,3: 20人以上~50人未満,"1: 5,000万円以上~3億円未満",2: 3億円以上~10億円未満,https://www.livepass.jp/,https://www.livepass.jp/contact,,,,,送信成功,2026/07/16,,
ＱＬデンタルメーカー株式会社,医療機器,"その他製造,医療コンサル",神奈川県,神奈川県川崎市多摩区登戸２７１０－１,3: 20人以上~50人未満,"0: 5,000万円未満",0: 1億円未満,https://www.qldm.co.jp/,https://www.qldm.co.jp/contact/,044-930-5220,,,,送信成功,2026/07/16,,
ＢｉｚｔｅＸ株式会社,クラウド系/SaaS/ASPサービス,その他IT,東京都,東京都港区虎ノ門４丁目３－１城山トラストタワー２１Ｆ,3: 20人以上~50人未満,,3: 10億円以上~50億円未満,https://www.biztex.co.jp/company/,https://www.biztex.co.jp/contact/,,info@biztex.co.jp,,,送信不可,,営業禁止の記載あり,
フューブライト・コミュニケーションズ株式会社,Webアプリ・サービス運営,"受託開発,その他通信",東京都,東京都中央区銀座１丁目２０番１号,3: 20人以上~50人未満,"0: 5,000万円未満",2: 3億円以上~10億円未満,https://fubright.co.jp/,https://fubright.co.jp/contact_others,03-6869-2500,info@fubright.co.jp,,,送信成功,2026/07/16,,
株式会社デザイア,Webアプリ・サービス運営,"セミナー,経営コンサル,ITコンサル",東京都,東京都渋谷区渋谷１丁目１２番７号,3: 20人以上~50人未満,"1: 5,000万円以上~3億円未満",2: 3億円以上~10億円未満,https://desire-its.co.jp,http://www.desire-its.co.jp/form.php,03-6805-0563,sales@desire-its.co.jp,,,送信成功,2026/07/16,,
ＳＥＮＳＹ株式会社,Webアプリ・サービス運営,"AI,その他コンサル,受託開発,販促コンサル",東京都,東京都渋谷区千駄ヶ谷５丁目２７番５号リンクスクエア新宿１６階,3: 20人以上~50人未満,3: 10億円以上~50億円未満,2: 3億円以上~10億円未満,https://sensy.ai/company/,https://sensy.ai/contact/,,info@sensy.com,,,送信成功,2026/07/16,,
メディ・ジャパン株式会社,医療機器,,東京都,東京都中央区日本橋兜町５番１号,3: 20人以上~50人未満,,2: 3億円以上~10億円未満,https://www.medi-japan.co.jp/,https://www.medi-japan.co.jp/contact-form/,03-6631-1930,,,,送信不可,, お問い合わせフォーム無し,
株式会社ノーチラス・テクノロジーズ,Webアプリ・サービス運営,セミナー,東京都,東京都港区元赤坂１丁目５番１２号住友不動産元赤坂ビル７階,3: 20人以上~50人未満,"0: 5,000万円未満",2: 3億円以上~10億円未満,https://www.nautilus-technologies.com/company/,https://www.nautilus-technologies.com/contact/,03-6712-0636,contact@nautilus-technologies.com,,,送信不可,,送信ボタンを押すことができない・エラー,
株式会社ローカルイノベーション,Webアプリ・サービス運営,"クラウド系/SaaS/ASPサービス,その他人材,職業紹介所,求人媒体運営・求人情報誌出版,IT系教育",東京都,東京都千代田区神田神保町２丁目１２－３－６Ｆ,3: 20人以上~50人未満,,2: 3億円以上~10億円未満,https://local-innovation.com/,https://local-innovation.com/contact,03-6380-9681,,,,送信成功,2026/07/17,,
株式会社ＧＯＡＴ,Webアプリ・サービス運営,受託開発,千葉県,千葉県松戸市松戸１２２８－１松戸ステーションビル５Ｆ,3: 20人以上~50人未満,,2: 3億円以上~10億円未満,https://goat-inc.co.jp/company/#profile,https://goat-inc.co.jp/contact/,,,,,送信成功,2026/07/17,,
ｖｉｖｉｔ株式会社,Webアプリ・サービス運営,"その他マスコミ・出版,その他広告・制作",東京都,東京都江東区木場２丁目８番３号第一びる西館,3: 20人以上~50人未満,"0: 5,000万円未満",2: 3億円以上~10億円未満,https://vivit.co.jp,https://vivit.co.jp/contact,,info@vivit.co.jp,,,送信成功,2026/07/17,,
ＲＯＳＣＡ株式会社,クラウド系/SaaS/ASPサービス,"その他IT,人材派遣",東京都,東京都千代田区東神田１丁目１０－７ＢＩＺＣＯＲＥ東神田１０階,3: 20人以上~50人未満,"0: 5,000万円未満",2: 3億円以上~10億円未満,https://rosca.jp/,https://docs.google.com/forms/d/e/1FAIpQLSd2GE3_Z41SxrvEpD-NrurqcsDDxwe2TY57EXpXBOr88qr3Zg/viewform,03-6384-1596,,,,送信成功,2026/07/17,,
チャットプラス株式会社,Webアプリ・サービス運営,,東京都,東京都千代田区丸の内２丁目７番２号,3: 20人以上~50人未満,"0: 5,000万円未満",2: 3億円以上~10億円未満,https://chatplus.jp/,https://chatplus.jp/cp_contact/,050-8882-5558,support@chatplus.jp,,,送信成功,2026/07/17,,
ＢＴＣボックス株式会社,クラウド系/SaaS/ASPサービス,,東京都,東京都中央区日本橋茅場町２丁目８番１号,3: 20人以上~50人未満,3: 10億円以上~50億円未満,2: 3億円以上~10億円未満,https://www.btcbox.co.jp/,,03-5579-9730,info@btcbox.co.jp,,,送信不可,,送信ボタンを押すことができない・エラー,
株式会社ウーオ,Webアプリ・サービス運営,"水産,水産物専門商社",広島県,広島県広島市中区大手町２丁目１番６号,3: 20人以上~50人未満,"1: 5,000万円以上~3億円未満",3: 10億円以上~50億円未満,http://uuuo.co.jp,http://uuuo.co.jp/contact/,082-258-4820,info@uuuo.co.jp,,,送信成功,2026/07/17,,
レコーデッド・フューチャー・ジャパン株式会社,Webアプリ・サービス運営,,東京都,東京都千代田区丸の内２丁目７番２号ＪＰタワー１４階,3: 20人以上~50人未満,,2: 3億円以上~10億円未満,https://www.recordedfuture.com/jp/,https://www.recordedfuture.com/jp/contact?utm_campaign=&utm_term=%E3%83%AC%E3%82%B3%E3%83%BC%E3%83%87%E3%83%83%E3%83%89%E3%83%BB%E3%83%95%E3%83%A5%E3%83%BC%E3%83%81%E3%83%A3%E3%83%BC&utm_source=google&utm_medium=cpc&utm_content=179862565349&hsa_ver=3&hsa_acc=7443287029&hsa_mt=e&hsa_src=g&hsa_cam=22431503672&hsa_grp=179862565349&hsa_tgt=kwd-2428808086556&hsa_kw=%E3%83%AC%E3%82%B3%E3%83%BC%E3%83%87%E3%83%83%E3%83%89%E3%83%BB%E3%83%95%E3%83%A5%E3%83%BC%E3%83%81%E3%83%A3%E3%83%BC&hsa_ad=755053177803&hsa_net=adwords&hstk_creative=755053177803&hstk_campaign=22431503672&hstk_network=googleAds&gad_source=1&gad_campaignid=22431503672&gbraid=0AAAAA--XmraP8STbyeJ9BGbrsQditulVC&gclid=Cj0KCQjwguLSBhDLARIsAH-yPrGdz6lBmOZubTdbFTLeMJ159t8cByoWEgBwuzEOAqC1UNpL4wTo8v0aAhkBEALw_wcB,,,,,送信成功,2026/07/17,,
株式会社ＳｏｃｉａｌＤｏｇ,クラウド系/SaaS/ASPサービス,"その他広告・制作,Webアプリ・サービス運営",東京都,東京都新宿区新宿１丁目３６番２号新宿第七葉山ビル３階,3: 20人以上~50人未満,"0: 5,000万円未満",2: 3億円以上~10億円未満,https://socialdog.jp/,https://socialdog.jp/contact/,,,,,送信成功,2026/07/17,,
株式会社フューチャーコネクション,Webアプリ・サービス運営,,東京都,東京都千代田区岩本町３丁目３番３号,3: 20人以上~50人未満,"0: 5,000万円未満",2: 3億円以上~10億円未満,https://future-connection.co.jp/about/,,,,,,送信不可,, お問い合わせフォーム無し,
マーソ株式会社,Webアプリ・サービス運営,"その他医療・福祉,デザイン,Webアプリ・サービス運営",東京都,東京都港区六本木６丁目１０番１号六本木ヒルズ森タワー３３階,3: 20人以上~50人未満,"1: 5,000万円以上~3億円未満",2: 3億円以上~10億円未満,https://www.mrso.co.jp/company/,https://www.mrso.jp/corp_inquiry/contact/,03-6435-6692,info@mrso.jp,,,送信成功,2026/07/17,,
ソネオス株式会社,Webアプリ・サービス運営,"Web制作,ITインフラストラクチャー",東京都,東京都中央区八丁堀４丁目１１番７号,3: 20人以上~50人未満,"0: 5,000万円未満",2: 3億円以上~10億円未満,https://soneos.co.jp/,http://soneos.co.jp/toiawase/,03-3553-4133,,,,送信成功,2026/07/17,,
株式会社サイフューズ,Webアプリ・サービス運営,"バッグ・装飾品,その他IT,製薬,医療機器",東京都,東京都港区三田３丁目５番２７号,3: 20人以上~50人未満,3: 10億円以上~50億円未満,1: 1億円以上~3億円未満,https://www.cyfusebio.com/,https://www.cyfusebio.com/contact/,03-4455-7872,,,,送信成功,2026/07/17,,
株式会社アルファＴＫＧ,Webアプリ・サービス運営,,東京都,東京都中央区日本橋本町４丁目１番１３号,3: 20人以上~50人未満,"1: 5,000万円以上~3億円未満",2: 3億円以上~10億円未満,https://a-tkg.com/company-profile,https://a-tkg.com/contact/,03-3527-9026,,,,送信不可,, お問い合わせフォーム無し,
株式会社イーテア,クラウド系/SaaS/ASPサービス,,東京都,東京都千代田区霞が関３丁目２番１号,3: 20人以上~50人未満,,2: 3億円以上~10億円未満,http://www.iter.co.jp/,http://www.iter.co.jp/contact_jpn.html,03-6804-6805,,,,送信成功,2026/07/17,,
株式会社インプリム,Webアプリ・サービス運営,,東京都,東京都中野区中野２丁目３０番５号,3: 20人以上~50人未満,"0: 5,000万円未満",2: 3億円以上~10億円未満,https://implem.co.jp/,https://implem.co.jp/contact,,,,,送信成功,2026/07/17,,
株式会社ＩＳパートナーズ,Webアプリ・サービス運営,コンテンツ制作,東京都,東京都港区赤坂１丁目１２番３２号,3: 20人以上~50人未満,"0: 5,000万円未満",3: 10億円以上~50億円未満,https://is-partners.istyle.co.jp/company/,https://group.istyle.co.jp/is-partners/contact/,,,,,送信成功,2026/07/17,,
アリババクラウド・ジャパンサービス株式会社,Webアプリ・サービス運営,,東京都,東京都中央区京橋２丁目２番１号京橋エドグラン２７階,3: 20人以上~50人未満,,2: 3億円以上~10億円未満,https://www.alibabacloud.com/ja/iat/homepage-b?_p_lc=1,https://www.alibabacloud.com/ja/contact-sales?_p_lc=1&spm=a3c0i.46353864.9172170760.2.8aa02224xxAzxo,,,,,送信不可,, お問い合わせフォーム無し,
株式会社ＬｉｎＱ,Webアプリ・サービス運営,,東京都,東京都渋谷区道玄坂１丁目１９番９号,3: 20人以上~50人未満,,1: 1億円以上~3億円未満,https://www.linq.co.jp/,,,,,,送信不可,, お問い合わせフォーム無し,
株式会社ｌｉｆｅ　ｉｓ,Webアプリ・サービス運営,デザイン,愛知県,愛知県名古屋市中区栄３丁目１７番２５号,3: 20人以上~50人未満,"0: 5,000万円未満",1: 1億円以上~3億円未満,https://lifeis-web.co.jp/,http://lifeis-web.co.jp/contact/,052-253-8230,,,,送信成功,2026/07/17,,
株式会社イレブンソフト,Webアプリ・サービス運営,,北海道,北海道札幌市中央区南一条東３丁目１０番地１北海道日伊文化会館新館,3: 20人以上~50人未満,"0: 5,000万円未満",2: 3億円以上~10億円未満,http://11-soft.com/company/,,011-577-6750,,,,送信不可,, お問い合わせフォーム無し,
株式会社フリーエッグ丸亀,Webアプリ・サービス運営,,香川県,香川県丸亀市川西町南甲８１０番地,3: 20人以上~50人未満,,2: 3億円以上~10億円未満,https://fried-egg.net/,,,,,,送信成功,2026/07/17,,
ウリドキ株式会社,Webアプリ・サービス運営,その他広告・制作,東京都,東京都新宿区新宿１丁目６番３号,3: 20人以上~50人未満,"1: 5,000万円以上~3億円未満",1: 1億円以上~3億円未満,https://uridoki.co.jp/,https://uridoki.net/contacts/new/,050-3181-6247,,,,送信成功,2026/07/17,,
株式会社ＨＪＣ,Webアプリ・サービス運営,,東京都,東京都新宿区大久保２丁目１－８,3: 20人以上~50人未満,"0: 5,000万円未満",2: 3億円以上~10億円未満,https://www.hj-c.co.jp/company/,https://www.hj-c.co.jp/contact,03-5287-2945,hjc@hj-c.co.jp,,,送信成功,2026/07/17,,
株式会社システムソフト・ベータ,ゲーム開発,,福岡県,福岡県福岡市博多区中洲５丁目１番２２号,3: 20人以上~50人未満,"0: 5,000万円未満",2: 3億円以上~10億円未満,https://ss-beta.co.jp/,,,,,,送信不可,, お問い合わせフォーム無し,
株式会社マルタカ,医療機器,,東京都,東京都文京区千駄木３丁目４３番３号,3: 20人以上~50人未満,,2: 3億円以上~10億円未満,https://www.marutaka.co.jp/index.php/company_n/,https://www.marutaka.co.jp/index.php/contact/,03-6204-2840,,,,送信成功,2026/07/17,,
フラッグシップ株式会社,Webアプリ・サービス運営,eコマース,東京都,東京都千代田区麹町５丁目３番２３号ＷｅＷｏｒｋ日テレ四谷ビル,3: 20人以上~50人未満,"0: 5,000万円未満",2: 3億円以上~10億円未満,https://flagship.cc/pages/about,https://flagship.cc/contact,03-4405-4929,office@flagship.cc,,,送信成功,2026/07/17,,
ティフォン株式会社,ゲーム開発,"Webアプリ・サービス運営,その他エンタメ・娯楽",東京都,東京都品川区西品川１丁目１番１号,3: 20人以上~50人未満,,2: 3億円以上~10億円未満,http://www.tyffon.com/ja/,http://www.tyffon.com/contact,03-6435-3245,inquiry@tyffon.com,,,送信成功,2026/07/17,,
株式会社ミリアド,クラウド系/SaaS/ASPサービス,その他IT,東京都,東京都渋谷区道玄坂１丁目２番３号渋谷フクラス１７Ｆ,3: 20人以上~50人未満,"0: 5,000万円未満",2: 3億円以上~10億円未満,https://www.miliad.co.jp/,https://www.miliad.co.jp/contact.html,,,,,送信成功,2026/07/17,,
チューンコアジャパン株式会社,Webアプリ・サービス運営,マルチメディア・楽器,東京都,東京都渋谷区恵比寿南１丁目２４番２号,3: 20人以上~50人未満,"0: 5,000万円未満",3: 10億円以上~50億円未満,https://www.tunecore.co.jp/company,https://support.tunecore.co.jp/hc/ja/requests/new,03-6824-9354,contact@tunecore.co.jp,,,送信不可,,メールに遷移・Googleフォーム,
株式会社ＢＡＰ　Ｓｏｌｕｔｉｏｎ　Ｊａｐａｎ,Webアプリ・サービス運営,"Webアプリ・サービス運営,ソーシャルゲーム・スマホゲーム,受託開発",東京都,東京都中央区日本橋茅場町３丁目１０番２号ＳＫＫビル８階,3: 20人以上~50人未満,"0: 5,000万円未満",2: 3億円以上~10億円未満,https://bap-software.net/,https://bap-software.net/contact/,03-6280-4268,,,,送信不可,,必須項目の入力ができない（情報不足など）,
マンションリサーチ株式会社,Webアプリ・サービス運営,"セミナー,不動産コンサル",東京都,東京都千代田区神田美土代町５番地２第２日成ビル５階,3: 20人以上~50人未満,"1: 5,000万円以上~3億円未満",3: 10億円以上~50億円未満,http://mansionresearch.co.jp,https://mansionresearch.co.jp/contact/,03-5577-2041,info@t23m-navi.jp,,,送信成功,2026/07/17,,
株式会社シマント,Webアプリ・サービス運営,ITコンサル,東京都,東京都中央区日本橋３丁目３番２号,3: 20人以上~50人未満,"1: 5,000万円以上~3億円未満",2: 3億円以上~10億円未満,http://simount.com,https://simount.com/contact/,,info@simount.com,,,送信成功,2026/07/17,,
ワンスタッド株式会社,クラウド系/SaaS/ASPサービス,"その他IT,ITコンサル",東京都,東京都港区南青山３丁目８番３８号,3: 20人以上~50人未満,,2: 3億円以上~10億円未満,https://onestad.co/,https://onestad.co/#contact,,,,,送信不可,,メールに遷移・Googleフォーム,
ＡＬＩＴＥＣＳ株式会社,Webアプリ・サービス運営,ソフトウェア販売,埼玉県,埼玉県さいたま市中央区大戸１丁目１番５－５０８号,3: 20人以上~50人未満,"0: 5,000万円未満",2: 3億円以上~10億円未満,https://alitecs.jp/,https://alitecs.jp/contact/,048-862-0221,info@alitecs.co.jp,,,送信成功,2026/07/17,,
ミルーム株式会社,Webアプリ・サービス運営,"その他マスコミ・出版,出版",東京都,東京都港区白金台５丁目１８番９号,3: 20人以上~50人未満,,2: 3億円以上~10億円未満,https://micoly.co.jp/,https://micoly.co.jp/#contact,03-6261-7217,,,,送信不可,, お問い合わせフォーム無し,
株式会社インスパイアクロス,Webアプリ・サービス運営,,東京都,東京都新宿区新宿１丁目９番１号,3: 20人以上~50人未満,"0: 5,000万円未満",1: 1億円以上~3億円未満,https://ins-x.co.jp/,https://ins-x.co.jp/contact/,03-6457-7283,,,,送信成功,2026/07/17,,
天進技術株式会社,Webアプリ・サービス運営,,神奈川県,神奈川県横浜市西区みなとみらい３丁目７番１号オーシャンゲートみなとみらい１３階,3: 20人以上~50人未満,,2: 3億円以上~10億円未満,https://www.oppo.com/jp/about-us/oppojrc/,https://support.oppo.com/jp/self-service/#/articleDetail/?aid=2044315,,,,,送信不可,, お問い合わせフォーム無し,
ＦＥＥＬ株式会社,医療機器,,群馬県,群馬県高崎市北原町２４番１,3: 20人以上~50人未満,,2: 3億円以上~10億円未満,https://www.m-feel.co.jp/,https://www.m-feel.co.jp/contact.html,027-381-8362,,,,送信成功,2026/07/17,,
株式会社ＳＩＬＴＲＥＡＭ,Webアプリ・サービス運営,"経営コンサル,ITインフラストラクチャー",愛知県,愛知県名古屋市中村区椿町１７番１６号,3: 20人以上~50人未満,"0: 5,000万円未満",2: 3億円以上~10億円未満,https://siltream.com/outline,,052-433-1380,adoption@siltream.com,,,送信不可,, お問い合わせフォーム無し,
株式会社トラス,Webアプリ・サービス運営,"建設・土木設計,建物設備・工場設備",東京都,東京都千代田区丸の内１丁目６番５号,3: 20人以上~50人未満,"0: 5,000万円未満",2: 3億円以上~10億円未満,https://corp.truss.co.jp/,http://home.truss.company/contact/,,,,,送信成功,2026/07/17,,
株式会社ユニフィールド,Webアプリ・サービス運営,,東京都,東京都渋谷区神宮前６丁目１９番１６号Ｕ－ｎａｔｕｒａ５０２号室,3: 20人以上~50人未満,"0: 5,000万円未満",2: 3億円以上~10億円未満,http://www.uni-field.co.jp/company/index.html,https://uni-field.co.jp/contact/index.html,03-6712-6407,,,,送信不可,,送信ボタンを押すことができない・エラー,
プラスセブン株式会社,Webアプリ・サービス運営,アミューズメント機器,東京都,東京都品川区西品川１丁目１番１号住友不動産大崎ガーデンタワー,3: 20人以上~50人未満,"0: 5,000万円未満",3: 10億円以上~50億円未満,https://plus-seven.co.jp/about-us.html,https://plus-seven.co.jp/inquiry.html,03-5928-5166,,,,送信成功,2026/07/17,,
株式会社ダイナテック,Webアプリ・サービス運営,"商業施設・店舗・公共施設建設,店舗デザイン,人材派遣,ITコンサル,商業施設企画・設計,居酒屋・飲み屋",東京都,東京都中央区日本橋兜町１９－１ＩＳＯビル３階１号室,3: 20人以上~50人未満,"0: 5,000万円未満",2: 3億円以上~10億円未満,http://dyna-tec.co.jp,https://dyna-tec.co.jp/contact/,03-6661-9842,,,,送信成功,2026/07/17,,
株式会社Ｅｖｅｒｆｏｒｔｈ,クラウド系/SaaS/ASPサービス,Webアプリ・サービス運営,東京都,東京都渋谷区神山町２５番２号松濤グランドヒルズ１Ｆ,3: 20人以上~50人未満,"1: 5,000万円以上~3億円未満",2: 3億円以上~10億円未満,https://everforth.co.jp/company/,https://everforth.co.jp/contact/,,contact@everforth.co.jp,,,送信成功,2026/07/17,,
株式会社マーケライズ,クラウド系/SaaS/ASPサービス,"その他IT,ITコンサル",東京都,東京都新宿区西新宿１丁目２２番１５号ＶＯＲＴ西新宿Ⅲ９Ｆ,3: 20人以上~50人未満,,2: 3億円以上~10億円未満,https://www.markerise.com/company/,https://www.markerise.com/support/,03-6258-5485,,,,送信不可,, お問い合わせフォーム無し,
ハートフロー・ジャパン合同会社,Webアプリ・サービス運営,"その他IT,医療機器,デジタル系コンテンツ,その他医療・福祉,その他リース",東京都,東京都港区虎ノ門４丁目３番１号城山トラストタワー３１階,3: 20人以上~50人未満,"0: 5,000万円未満",2: 3億円以上~10億円未満,https://www.heartflow.com/,https://www.heartflow.com/about/contact/,03-3539-3730,,,,送信成功,2026/07/17,,
株式会社フューチャースタンダード,Webアプリ・サービス運営,"その他IT,ITコンサル,防犯機器",東京都,東京都台東区台東４丁目８番７号,3: 20人以上~50人未満,"0: 5,000万円未満",2: 3億円以上~10億円未満,https://www.futurestandard.co.jp/,https://www.futurestandard.co.jp/contact/pr,03-6801-5531,info@futurestandard.co.jp,,,送信成功,2026/07/17,,
株式会社ワールド,Webアプリ・サービス運営,,東京都,東京都品川区西五反田７丁目２２－１７ＴＯＣビル１１階４号室,3: 20人以上~50人未満,,2: 3億円以上~10億円未満,https://www.wow-world.co.jp/cp/info.html,,,,,,送信不可,, お問い合わせフォーム無し,
ＡｌｐａｃａＪａｐａｎ株式会社,クラウド系/SaaS/ASPサービス,"Webアプリ・サービス運営,証券",東京都,東京都千代田区内神田３丁目４番７号戸羽ビル２階,3: 20人以上~50人未満,2: 3億円以上~10億円未満,2: 3億円以上~10億円未満,https://alpaca.markets/ja-jp/about,,,info@alpaca.ai,,,送信不可,, お問い合わせフォーム無し,
Ｋｏｔｏｚｎａ株式会社,Webアプリ・サービス運営,"スマホアプリ,翻訳・通訳",東京都,東京都港区赤坂２丁目５－８ヒューリックＪＰ赤坂ビル３階,3: 20人以上~50人未満,"1: 5,000万円以上~3億円未満",2: 3億円以上~10億円未満,https://www.kotozna.com/ja,,03-6434-0123,info@kotozna.com,,,送信不可,,メールに遷移・Googleフォーム,
ＬＩＤＤＥＬＬ株式会社,Webアプリ・サービス運営,"セミナー,Webマーケコンサル",東京都,東京都港区赤坂９丁目７番１号ミッドタウン・タワー１２Ｆ,3: 20人以上~50人未満,"1: 5,000万円以上~3億円未満",2: 3億円以上~10億円未満,https://liddell.tokyo/,https://liddell.tokyo/contact/,03-6432-9806,info@emerald-post.com,,,送信成功,2026/07/16,,
株式会社ｈａｕｔｅｃｏｕｔｕｒｅ,ゲーム開発,"デザイン,Webマーケコンサル,ゲーム・アニメデザイン,販促コンサル",東京都,東京都港区高輪４丁目２３番６号,3: 20人以上~50人未満,"1: 5,000万円以上~3億円未満",2: 3億円以上~10億円未満,https://hautecouture.jp/,https://hautecouture.jp/contact,03-6455-7560,info@hautecouture.jp,,,送信成功,2026/07/16,,
株式会社イデアライブ,Webアプリ・サービス運営,,大阪府,大阪府大阪市天王寺区上本町５丁目２－１１上六新興産ビル６０２,3: 20人以上~50人未満,"0: 5,000万円未満",2: 3億円以上~10億円未満,https://idealive.jp/,http://idealive.jp/#c05,06-4392-7313,,,,送信不可,,URL・記号を含むことができない,
ＢＥＡＵＴＥＣＨ株式会社,Webアプリ・サービス運営,,東京都,東京都中央区築地６丁目１－９門跡木村ビル２Ｆ,3: 20人以上~50人未満,,2: 3億円以上~10億円未満,https://www.beau-tech.jp/recruit/officeForm,,,,,,送信不可,,必須項目の入力ができない（情報不足など）,
モルゲンロット株式会社,クラウド系/SaaS/ASPサービス,"その他IT,その他通信",東京都,東京都千代田区麹町４丁目４番地３ピネックス麹町６階,3: 20人以上~50人未満,,2: 3億円以上~10億円未満,https://jp.morgenrot.net/,,,,,,送信成功,2026/07/16,,
株式会社マーベリック,Webアプリ・サービス運営,デザイン,東京都,東京都江東区青海２丁目７番４号,3: 20人以上~50人未満,"0: 5,000万円未満",2: 3億円以上~10億円未満,https://www.m-lic.co.jp/,,03-6457-1085,info@m-lic.co.jp,,,送信不可,, お問い合わせフォーム無し,
Ｄ－ｂａｓ株式会社,ゲーム開発,"アミューズメント機器,デザイン,動画制作・CG制作,経営コンサル,CM制作・映像制作,ゲーム・アニメデザイン,ソーシャルゲーム・スマホゲーム",神奈川県,神奈川県横浜市港北区新横浜２丁目４番地１５,3: 20人以上~50人未満,,2: 3億円以上~10億円未満,http://www.d-bas.co.jp/index.html,,045-534-9747,,,,送信不可,, お問い合わせフォーム無し,
ジークス株式会社,Webアプリ・サービス運営,,東京都,東京都渋谷区渋谷１丁目１２番２号,3: 20人以上~50人未満,,2: 3億円以上~10億円未満,https://www.gecs.tech/,,,,,,送信成功,2026/07/16,,
クリンクラウド株式会社,Webアプリ・サービス運営,,東京都,東京都中央区日本橋２丁目１４番１号,3: 20人以上~50人未満,"1: 5,000万円以上~3億円未満",2: 3億円以上~10億円未満,https://clin-cloud.com/company/,https://clin-cloud.com/contact,03-6822-4219,,,,送信成功,2026/07/16,,
株式会社ＵＺＥＮ,Webアプリ・サービス運営,"アウトドア用品,販促コンサル,ジム・フィットネス",東京都,東京都港区三田２丁目７番１２号徳文堂ビル４階,3: 20人以上~50人未満,"0: 5,000万円未満",2: 3億円以上~10億円未満,https://www.g1commerce.jp/,,03-4577-9211,info_japan@uzen.net,,,送信成功,2026/07/16,,
アセントロボティクス株式会社,Webアプリ・サービス運営,"産業用ロボット,その他製造",東京都,東京都渋谷区広尾１丁目１０番５号,3: 20人以上~50人未満,,2: 3億円以上~10億円未満,https://www.ascent.ai/jp/,,03-6721-9948,hello@ascent.ai,,,送信成功,2026/07/16,,
株式会社補助金ポータル,Webアプリ・サービス運営,,東京都,東京都渋谷区東３丁目１５－７,3: 20人以上~50人未満,"0: 5,000万円未満",2: 3億円以上~10億円未満,https://hojyokin-portal.co.jp/company/company_profile/,https://hojyokin-portal.jp/contact,03-6822-5976,,,,送信成功,2026/07/16,,
ヒューマンズ株式会社,Webアプリ・サービス運営,,神奈川県,神奈川県海老名市中央３丁目２番２０号,3: 20人以上~50人未満,"0: 5,000万円未満",2: 3億円以上~10億円未満,https://www.humans-corp.jp/,,046-205-1030,,,,送信成功,2026/07/16,,
株式会社ダンドリワーク,Webアプリ・サービス運営,その他IT,滋賀県,滋賀県草津市南草津２丁目１番地７,3: 20人以上~50人未満,2: 3億円以上~10億円未満,2: 3億円以上~10億円未満,https://dandori-work.co.jp/company/,http://www.dandoli-works.com/contact/,077-598-6997,contact@dandori-work.com,,,送信成功,2026/07/16,,
株式会社ワンダーシェアーソフトウェア,Webアプリ・サービス運営,ソフトウェア販売,東京都,東京都港区芝４丁目１番２８号ＰＭＯ田町Ⅲ５階,3: 20人以上~50人未満,"0: 5,000万円未満",2: 3億円以上~10億円未満,https://www.wondershare.jp/,https://www.wondershare.jp/contact-us.html,03-3526-3217,info@wondershare.com,,,送信不可,, お問い合わせフォーム無し,
株式会社ピリカ,クラウド系/SaaS/ASPサービス,"Webアプリ・サービス運営,その他コンサル",東京都,東京都千代田区九段北１丁目４番７号,3: 20人以上~50人未満,,2: 3億円以上~10億円未満,https://corp.pirika.org/company/,,,info@pirika.org,,,送信成功,2026/07/16,,
株式会社ジェン・デザイン,ゲーム開発,,東京都,東京都江東区青海２丁目７番４号,3: 20人以上~50人未満,,2: 3億円以上~10億円未満,https://www.gendesign.co.jp/,,,contact@gendesign.co.jp,,,送信不可,, お問い合わせフォーム無し,
株式会社アジャストワン,クラウド系/SaaS/ASPサービス,"通信教育,紙媒体印刷,学校,PC・スマホ機器販売・修理,その他通信,クレジット・決済代行,語学学習",東京都,東京都千代田区飯田橋３丁目１１番１３号,3: 20人以上~50人未満,"0: 5,000万円未満",3: 10億円以上~50億円未満,https://adjust1.co.jp/company/,http://adjust1.co.jp/inquiry,03-5211-3388,info@adjust1.co.jp,,,送信成功,2026/07/16,,
株式会社Ｖａｌｕｅ,Webアプリ・サービス運営,,埼玉県,埼玉県所沢市東新井町７４３番地の３,3: 20人以上~50人未満,,2: 3億円以上~10億円未満,https://value-it.co.jp/,,,,,,送信不可,, お問い合わせフォーム無し,
株式会社ｈ２ワークス,Webアプリ・サービス運営,ITコンサル,東京都,東京都千代田区神田佐久間町４丁目１４番地,3: 20人以上~50人未満,"0: 5,000万円未満",2: 3億円以上~10億円未満,https://www.h2-works.co.jp/,,,,,,送信成功,2026/07/16,,
ミカサエックスレイ株式会社,医療機器,,神奈川県,神奈川県横浜市南区白妙町２丁目７番地２,3: 20人以上~50人未満,"0: 5,000万円未満",2: 3億円以上~10億円未満,https://www.mikasax-ray.com/about/,,,,,,送信不可,, お問い合わせフォーム無し,
ＰＳソリューションズ株式会社,Webアプリ・サービス運営,"Webアプリ・サービス運営,クラウド系/SaaS/ASPサービス",東京都,東京都港区海岸１丁目７番１号,3: 20人以上~50人未満,"1: 5,000万円以上~3億円未満",2: 3億円以上~10億円未満,https://www.pssol.co.jp/company/,https://www.pssol.co.jp/contact/,03-6772-8522,,,,送信成功,2026/07/16,,
株式会社グーフ,Webアプリ・サービス運営,,東京都,東京都目黒区自由が丘２丁目１６番１１号,3: 20人以上~50人未満,"1: 5,000万円以上~3億円未満",2: 3億円以上~10億円未満,https://www.goof.buzz/,https://goof.buzz/contact/,03-5759-5179,support@goof.buzz,,,送信成功,2026/07/16,,
ハイロンエーアイ株式会社,Webアプリ・サービス運営,,京都府,京都府京都市中京区室町通御池上る御池之町３２４番地１,3: 20人以上~50人未満,"0: 5,000万円未満",3: 10億円以上~50億円未満,https://www.sensetime.jp,https://www.sensetime.jp/contact_recruit/,075-741-6291,contact@sensetime.jp,,,送信成功,2026/07/16,,
釜石まちづくり株式会社,Webアプリ・サービス運営,"不動産管理,イベント",岩手県,岩手県釜石市大町１丁目１番１０号,3: 20人以上~50人未満,"1: 5,000万円以上~3億円未満",2: 3億円以上~10億円未満,http://kamaishi.co.jp/,https://en-trance.jp/inq,0193-22-3607,,,,送信成功,2026/07/16,,
株式会社グリッサンド,Webアプリ・サービス運営,"スマホアプリ,Web制作,デザイン",大阪府,大阪府大阪市北区梅田１丁目１番３号大阪駅前第３ビル７階,3: 20人以上~50人未満,"0: 5,000万円未満",2: 3億円以上~10億円未満,http://www.glissando.co.jp/about/,,06-6346-2223,glissando@glissando.co.jp,,,送信不可,, お問い合わせフォーム無し,
Ｓｃａｌｅｂａｓｅ株式会社,Webアプリ・サービス運営,,東京都,東京都港区新橋２丁目１２番１号ランディック第３新橋ビル９階,3: 20人以上~50人未満,,2: 3億円以上~10億円未満,https://thealp.co.jp,,,contact@thealp.co.jp,,,送信成功,2026/07/16,,
Ｍｅｔａ　Ｐｌａｔｆｏｒｍｓ　Ｔｅｃｈｎｏｌｏｇｉｅｓ　Ｊａｐａｎ合同会社,Webアプリ・サービス運営,,東京都,東京都港区虎ノ門１丁目１７番１号虎ノ門ヒルズビジネスタワー,3: 20人以上~50人未満,,2: 3億円以上~10億円未満,,,,,,,送信不可,, お問い合わせフォーム無し,
シスネット株式会社,Webアプリ・サービス運営,,大阪府,大阪府大阪市北区太融寺町２番１８号,3: 20人以上~50人未満,"0: 5,000万円未満",2: 3億円以上~10億円未満,https://sysnet.co.jp/,,,,,,送信成功,2026/07/16,,
株式会社ウェルモ,Webアプリ・サービス運営,"その他医療・福祉,児童保育",福岡県,福岡県福岡市中央区大名２丁目６番１１号,3: 20人以上~50人未満,2: 3億円以上~10億円未満,2: 3億円以上~10億円未満,https://welmo.co.jp/company/,http://welmo.co.jp/contact/,092-477-7011,info_milmo@welmo.co.jp,,,送信不可,,営業禁止の記載あり,
ラシン株式会社,Webアプリ・サービス運営,,福岡県,福岡県福岡市中央区警固２丁目１６番２６号アークエムズワン６Ｆ,3: 20人以上~50人未満,,2: 3億円以上~10億円未満,https://rashin.jp/,https://rashin.jp/contact/,092-285-6488,info@rashin.jp,,,送信不可,, お問い合わせフォーム無し,
株式会社ユー・タチ,Webアプリ・サービス運営,,東京都,東京都台東区浅草橋２丁目２９番１１号マルケービル９階,3: 20人以上~50人未満,"0: 5,000万円未満",1: 1億円以上~3億円未満,https://www.u-touch.co.jp/,,03-4362-0813,,,,送信成功,2026/07/16,,
株式会社Ｇホールディングス,ゲーム開発,映画・アニメーション,東京都,東京都新宿区西新宿３丁目８番３号,3: 20人以上~50人未満,,1: 1億円以上~3億円未満,,,,,,,送信成功,2026/07/16,,
オリエース株式会社,Webアプリ・サービス運営,"通信教育,その他コンサル",東京都,東京都台東区東上野６丁目１番１号高長ビル２Ｆ,3: 20人以上~50人未満,"0: 5,000万円未満",1: 1億円以上~3億円未満,https://www.orias.co.jp/,,050-1003-6699,,,,送信不可,, お問い合わせフォーム無し,
株式会社エイチームウェルネス,Webアプリ・サービス運営,,愛知県,愛知県名古屋市中村区名駅３丁目２８番１２号,3: 20人以上~50人未満,,2: 3億円以上~10億円未満,https://wellness.a-tm.co.jp/about/outline/,https://www.a-tm.co.jp/contact/,052-747-5590,,,,送信成功,2026/07/16,,
株式会社フィノバレー,クラウド系/SaaS/ASPサービス,,東京都,東京都世田谷区太子堂２丁目１７番５号佐藤ビル３階,3: 20人以上~50人未満,"1: 5,000万円以上~3億円未満",2: 3億円以上~10億円未満,https://finnovalley.jp/,,,,,,送信成功,2026/07/16,,
ビノン株式会社,Webアプリ・サービス運営,,新潟県,新潟県新発田市五十公野４９１１番地１,3: 20人以上~50人未満,,2: 3億円以上~10億円未満,https://www.vinont.info/,,0254-28-8631,refopad@vinont.com,,,送信成功,2026/07/16,,
株式会社キロル,Webアプリ・サービス運営,"その他IT,受託開発",北海道,北海道札幌市中央区大通西６丁目１０番地大通公園ビル５Ｆ,3: 20人以上~50人未満,"0: 5,000万円未満",2: 3億円以上~10億円未満,https://kiroru-inc.jp/company/,http://kiroru-inc.jp/contact/,,,,,送信成功,2026/07/16,,
株式会社ぐるなびサポートアソシエ,Webアプリ・サービス運営,,東京都,東京都千代田区有楽町１丁目１番２号,3: 20人以上~50人未満,"0: 5,000万円未満",2: 3億円以上~10億円未満,https://corporate.gnavi.co.jp/recruit/gsa/info/,https://ssl.gnavi.co.jp/company/contact/?page=asc,,,,,送信成功,2026/07/16,,
株式会社イエソド,Webアプリ・サービス運営,,東京都,東京都港区港南２丁目１５－１品川インターシティＡ棟２２階ＳＰＲＯＵＮＤ内,3: 20人以上~50人未満,"1: 5,000万円以上~3億円未満",2: 3億円以上~10億円未満,https://yesod.co/company,,,,,,送信成功,2026/07/16,,
ソナス株式会社,Webアプリ・サービス運営,その他機械,東京都,東京都文京区本郷５丁目２４番２号,3: 20人以上~50人未満,"1: 5,000万円以上~3億円未満",2: 3億円以上~10億円未満,https://www.sonas.co.jp/company,,,info@sonas.co.jp,,,送信成功,2026/07/16,,
株式会社クレアーレ,Webアプリ・サービス運営,"企業研修,eコマース",東京都,東京都渋谷区恵比寿西２丁目８番５号,3: 20人以上~50人未満,"0: 5,000万円未満",2: 3億円以上~10億円未満,http://www.creare-net.co.jp,,03-6416-1345,,,,送信不可,, お問い合わせフォーム無し,
株式会社ユビタス,クラウド系/SaaS/ASPサービス,Webアプリ・サービス運営,東京都,東京都新宿区西新宿６丁目８番１号,3: 20人以上~50人未満,,2: 3億円以上~10億円未満,https://ubitus.net/ja/,,03-6435-3295,contact@ubitus.net,,,送信不可,, お問い合わせフォーム無し,
株式会社フュージョンズ,Webアプリ・サービス運営,セミナー,東京都,東京都港区赤坂８丁目５番８号ＴＥＲＲＡＣＥＨＩＬＬＡＯＹＡＭＡ２階,3: 20人以上~50人未満,"0: 5,000万円未満",2: 3億円以上~10億円未満,https://www.fusions.co.jp/company/,http://www.fusions.co.jp/inq/inquire/,03-6804-6247,contact@fusions.co.jp,,,送信成功,2026/07/17,,
株式会社ＫＵＲＡＮＤＯ,クラウド系/SaaS/ASPサービス,,東京都,東京都品川区西品川１丁目１番１号大崎ガーデンタワー９Ｆトンネル東京,3: 20人以上~50人未満,,2: 3億円以上~10億円未満,https://kurando.io/about/,,,support@kurando.io,,,送信成功,2026/0717,,
株式会社Ｈ＆Ｃｏｍｐａｎｙ,Webアプリ・サービス運営,"人材紹介,Web制作",東京都,東京都港区南青山２丁目１１番１６号,3: 20人以上~50人未満,"0: 5,000万円未満",2: 3億円以上~10億円未満,https://sekou-kyujin.com/company/,https://www.h-company.co.jp/contact/,,info@h-company.co.jp,,,送信不可,,別サイトに遷移してしまう・サイトが開けない,
株式会社Ｆｏｏｏｔ,Webアプリ・サービス運営,,福岡県,福岡県福岡市博多区住吉２丁目１６番３６号ａｎｄｒｏｏｔｓＦＯＲＥＳＴＳＱＵＡＲＥ,3: 20人以上~50人未満,,2: 3億円以上~10億円未満,,,,,,,送信不可,,URL・記号を含むことができない,
株式会社イソメディカルアドバンス,医療機器,"eコマース,介護用品,デジタル系コンテンツ",東京都,東京都千代田区神田神保町３丁目２番地８,3: 20人以上~50人未満,,2: 3億円以上~10億円未満,https://www.isomed.co.jp/advance/about_us.html,,,,,,送信不可,, お問い合わせフォーム無し,
株式会社ＩＮＳＰＩＯＮ,ゲーム開発,"受託開発,ソーシャルゲーム・スマホゲーム,その他コンサル",東京都,東京都千代田区九段南４丁目７番２４号トゥーラント８８ビル２０２,3: 20人以上~50人未満,"0: 5,000万円未満",2: 3億円以上~10億円未満,https://inspion.co.jp,,03-3234-7115,,,,送信成功,,,
ウォンツ株式会社,Webアプリ・サービス運営,"Webマーケコンサル,人材派遣,ITインフラストラクチャー,デザイン",東京都,東京都品川区大崎１丁目２０番８号,3: 20人以上~50人未満,"0: 5,000万円未満",2: 3億円以上~10億円未満,https://www.want2.co.jp/office.php,http://www.want2.co.jp/contact.php,03-6277-4619,,,,送信成功,2026/07/17,,
株式会社グローバルベース,Webアプリ・サービス運営,,愛知県,愛知県名古屋市中区栄２丁目４‐３,3: 20人以上~50人未満,,1: 1億円以上~3億円未満,https://g-b.biz/,,,,,,送信成功,,,
Ａｕｔｏｍａｇｉ株式会社,Webアプリ・サービス運営,受託開発,東京都,東京都新宿区西新宿３丁目２０番２号,3: 20人以上~50人未満,"1: 5,000万円以上~3億円未満",2: 3億円以上~10億円未満,https://www.automagi.jp/,https://www.automagi.jp/contact/,,contact@automagi.jp,,,送信成功,2026/07/17,,
セルスペクト株式会社,医療機器,"製薬,Webアプリ・サービス運営",岩手県,岩手県盛岡市北飯岡２丁目４番２３号,3: 20人以上~50人未満,3: 10億円以上~50億円未満,2: 3億円以上~10億円未満,https://www.cellspect.com/,https://www.cellspect.com/contact,019-681-6710,info@cellspect.com,,,送信不可,, お問い合わせフォーム無し,
株式会社ＭｉｒａｉｅＣｏｍｐａｎｙ,Webアプリ・サービス運営,,石川県,石川県金沢市広岡２丁目１２番２４号ＨｉｒｏｏｋａＴｅｒｒａｃｅ４階４０６号室,3: 20人以上~50人未満,"0: 5,000万円未満",2: 3億円以上~10億円未満,https://miraie-c.jp/company/about/,,,,,,送信不可,, お問い合わせフォーム無し,
株式会社ＯＭＪ,Webアプリ・サービス運営,"ソフトウェア販売,海外旅行・海外留学,人材派遣",北海道,北海道札幌市中央区北二条東１丁目２－１０,3: 20人以上~50人未満,"0: 5,000万円未満",2: 3億円以上~10億円未満,https://om-j.co.jp/,http://om-j.co.jp/contact/,011-520-5338,,,,送信成功,2026/07/17,,
株式会社ＤＥＨＡ　ＳＯＬＵＴＩＯＮＳ,Webアプリ・サービス運営,"Web制作,Webアプリ・サービス運営,研究・調査・リサーチ",東京都,東京都中央区新川１丁目２７番８号新川大原ビル２階,3: 20人以上~50人未満,,1: 1億円以上~3億円未満,https://deha.co.jp/company,https://deha.co.jp/contact,,,,,送信成功,2026/07/17,,
株式会社ネクサスソフトウェア,Webアプリ・サービス運営,"Web制作,PC・スマホ機器販売・修理",茨城県,茨城県ひたちなか市勝田中央１０番７号,3: 20人以上~50人未満,,2: 3億円以上~10億円未満,https://www.nexus-soft.co.jp/,http://www.nexus-soft.co.jp/contents/inquiry.html,029-229-1041,,,,送信不可,, お問い合わせフォーム無し,
株式会社クロスリンク,Webアプリ・サービス運営,求人媒体運営・求人情報誌出版,東京都,東京都港区新橋２丁目１６番１号ニュー新橋ビル９０３,3: 20人以上~50人未満,"0: 5,000万円未満",2: 3億円以上~10億円未満,https://crossrink.co.jp/,https://crossrink.co.jp/contact/,03-6263-0920,info@crossrink.co.jp,,,送信不可,, お問い合わせフォーム無し,
フィールドシステムズ株式会社,Webアプリ・サービス運営,人材派遣,福岡県,福岡県福岡市博多区博多駅南１丁目７番２２号,3: 20人以上~50人未満,"0: 5,000万円未満",1: 1億円以上~3億円未満,https://www.fieldsystems.co.jp/,,092-433-0363,,,,送信成功,2026/07/17,,
株式会社ハニカムラボ,Webアプリ・サービス運営,"コンテンツ制作,その他IT,デザイン",東京都,東京都渋谷区代々木１丁目１５番７号,3: 20人以上~50人未満,"0: 5,000万円未満",3: 10億円以上~50億円未満,https://rekaizen.com/company/honeycomb-lab,https://www.honeycomb-lab.co.jp/contact/,,contact@honeycomb-lab.co.jp,,,送信成功,2026/07/17,,
株式会社陣屋コネクト,Webアプリ・サービス運営,"ITコンサル,ITインフラストラクチャー",神奈川県,神奈川県秦野市鶴巻北２丁目８番２４号,3: 20人以上~50人未満,"1: 5,000万円以上~3億円未満",2: 3億円以上~10億円未満,https://corp.jinya-connect.com/databox/data.php/about/code,https://www.jinya-connect.com/staticpages/index.php/contact_sales_ja,0463-77-1303,,,,送信不可,, お問い合わせフォーム無し,
さくら総研株式会社,Webアプリ・サービス運営,"医療機器,ITインフラストラクチャー,Web制作",福岡県,福岡県福岡市博多区住吉５丁目５番１２号博多ヒューバンクビル５０１号,3: 20人以上~50人未満,"0: 5,000万円未満",2: 3億円以上~10億円未満,https://sakurasouken.com/,http://sakurasouken.com/contact,092-260-7861,info_sakura@sakurasouken.com,,,送信成功,2026/07/17,,
株式会社ＯｐｅｎＦａｓｈｉｏｎ,Webアプリ・サービス運営,日用雑貨レンタルサービス,東京都,東京都港区北青山３丁目５番１０号,3: 20人以上~50人未満,"0: 5,000万円未満",2: 3億円以上~10億円未満,https://jp.open-fashion.com/pages/company,https://omnisinc.co/contact,,info@omnisinc.co,,,送信成功,2026/07/17,,
忍者ツールズ株式会社,クラウド系/SaaS/ASPサービス,その他広告・制作,東京都,東京都世田谷区代田６丁目６番１号,3: 20人以上~50人未満,"0: 5,000万円未満",2: 3億円以上~10億円未満,https://corp.ninja.co.jp/,https://www.ninja.co.jp/inquiry/,,,,,送信不可,, お問い合わせフォーム無し,
ＬｉＭＥ株式会社,Webアプリ・サービス運営,,東京都,東京都港区南青山３丁目３番６号,3: 20人以上~50人未満,2: 3億円以上~10億円未満,2: 3億円以上~10億円未満,https://limehair.jp/corp/,https://limehair.jp/form-implement-salon,090-4940-8933,info@limehair.co,,,送信不可,,必須項目の入力ができない（情報不足など）,
株式会社ＷＡＫＵＷＡＫＵ,Webアプリ・サービス運営,デザイン,東京都,東京都品川区西五反田２丁目２３番１号,3: 20人以上~50人未満,"0: 5,000万円未満",1: 1億円以上~3億円未満,https://wkwk.co.jp/info/,https://wkwk.co.jp/form1/,03-4405-9230,contact@wkwk.co.jp,,,送信成功,2026/07/17,,
株式会社リリアム大塚,医療機器,計測機器・センサー,神奈川県,神奈川県相模原市中央区中央１丁目１番１号,3: 20人以上~50人未満,"1: 5,000万円以上~3億円未満",2: 3億円以上~10億円未満,https://www.lilium.otsuka/,,042-704-3822,,,,送信不可,,必須項目の入力ができない（情報不足など）,
スカイファーム株式会社,Webアプリ・サービス運営,中食,神奈川県,神奈川県横浜市西区みなとみらい２丁目２番１号,3: 20人以上~50人未満,,2: 3億円以上~10億円未満,http://sky-farm.jp,https://forms.gle/m1dof9K9BayeHupU7,,info@sky-farm.jp,,,送信成功,2026/07/17,,
株式会社ソエル,Webアプリ・サービス運営,"ソフトウェア販売,Web制作,受託開発,eコマース",岐阜県,岐阜県大垣市今宿６丁目５２番地１８,3: 20人以上~50人未満,"0: 5,000万円未満",2: 3億円以上~10億円未満,https://sowel.co.jp/,https://sowel.co.jp/contact/,0584-71-8081,,,,送信成功,2026/07/17,,
サイトカイン株式会社,Webアプリ・サービス運営,"日用品・化粧品商社,Web制作,化粧品販売,Webマーケコンサル",東京都,東京都渋谷区渋谷１丁目２０番１号,3: 20人以上~50人未満,"0: 5,000万円未満",2: 3億円以上~10億円未満,https://www.cytokine.jp/#index,https://www.cytokine.jp/contact/,03-5772-1508,,,,送信成功,2026/07/17,,
株式会社ＨＡＮＡＷＡ,Webアプリ・サービス運営,"その他IT,デザイン",東京都,東京都荒川区西日暮里２丁目２５－１－８０７号ステーションガーデンタワー,3: 20人以上~50人未満,"0: 5,000万円未満",2: 3億円以上~10億円未満,https://s-hanawa.jp/about.html,,03-5604-9895,,,,送信不可,, お問い合わせフォーム無し,
アンバス株式会社,Webアプリ・サービス運営,eコマース,東京都,東京都渋谷区千駄ヶ谷５丁目２９番１１号,3: 20人以上~50人未満,"0: 5,000万円未満",2: 3億円以上~10億円未満,https://ambass.co.jp,,03-5357-7830,,,,送信成功,2026/07/17,,
寿メディカル株式会社,医療機器,"プラスチック製品・樹脂製品,その他製造",静岡県,静岡県磐田市高木１６７１番地１４,3: 20人以上~50人未満,,2: 3億円以上~10億円未満,,,0538-30-7381,,,,送信不可,, お問い合わせフォーム無し,
Ｓｐｒｉｎｋｌｒ　Ｊａｐａｎ株式会社,Webアプリ・サービス運営,ソフトウェア販売,東京都,東京都港区六本木７丁目１８番１８号住友不動産六本木通ビル,3: 20人以上~50人未満,,2: 3億円以上~10億円未満,https://www.sprinklr.com/jp/,https://www.sprinklr.com/ja/contact-us/,03-6434-0871,info@sprinklr.co.jp,,,送信不可,, お問い合わせフォーム無し,
株式会社ＺＩＲＩＴＺ,Webアプリ・サービス運営,,東京都,東京都千代田区大手町１丁目６番１号大手町ビル４階ＦＩＮＯＬＡＢ,3: 20人以上~50人未満,"1: 5,000万円以上~3億円未満",2: 3億円以上~10億円未満,https://ziritz.co.jp/company/,,,,,,送信成功,2026/07/17,,
株式会社ウィンディール,Webアプリ・サービス運営,"グッズ制作・グッズ販売,ゲーム開発",東京都,東京都千代田区外神田２丁目９番３号,3: 20人以上~50人未満,"0: 5,000万円未満",2: 3億円以上~10億円未満,https://windeal.jp/,,,info@windeal.jp,,,送信不可,, お問い合わせフォーム無し,
ＣＭＡ株式会社,クラウド系/SaaS/ASPサービス,,愛知県,愛知県名古屋市中区丸の内３丁目１６－１９丸の内ニューネットビル２Ｆ,3: 20人以上~50人未満,,2: 3億円以上~10億円未満,https://c-ma.net/company/,,052-955-5123,,,,送信成功,2026/07/17,,
株式会社オシエテ,Webアプリ・サービス運営,,東京都,東京都渋谷区代々木１丁目２５番５号ＢＩＺＳＭＡＲＴ代々木３３９,3: 20人以上~50人未満,"1: 5,000万円以上~3億円未満",2: 3億円以上~10億円未満,https://ociete.co.jp/company,,,info@ociete.jp,,,送信不可,,営業禁止の記載あり,
株式会社ＪＳｅｃｕｒｉｔｙ,情報セキュリティ,"ITコンサル,Webアプリ・サービス運営",東京都,東京都港区浜松町２丁目４番１号世界貿易センタービルディング南館１７階,3: 20人以上~50人未満,"1: 5,000万円以上~3億円未満",2: 3億円以上~10億円未満,https://jsecurity.co.jp/aboutus,https://www.jsecurity.co.jp/contact,03-6826-1915,info@jsecurity.co.jp,,,送信成功,2026/07/17,,
ｅｍｏｌｅ株式会社,Webアプリ・サービス運営,,東京都,東京都目黒区下目黒２丁目２３番１８号目黒山手通ビル３階,3: 20人以上~50人未満,"1: 5,000万円以上~3億円未満",1: 1億円以上~3億円未満,https://emole.co.jp/,,,info@emole.jp,,,送信成功,2026/07/17,,
株式会社レアラ,クラウド系/SaaS/ASPサービス,,東京都,東京都中央区八丁堀４丁目１４番４号,3: 20人以上~50人未満,"1: 5,000万円以上~3億円未満",2: 3億円以上~10億円未満,https://leala.ai/company/,,,,,,送信不可,, お問い合わせフォーム無し,
株式会社マジックハット,Webアプリ・サービス運営,ソフトウェア販売,東京都,東京都港区赤坂９丁目７番１号ミッドタウン・タワー１８階,3: 20人以上~50人未満,,2: 3億円以上~10億円未満,http://magichat.jp/,http://casper.magichat.jp/contact-us/,03-5953-7330,,,,送信成功,2026/07/17,,
ＣＤａｔａ　Ｓｏｆｔｗａｒｅ　Ｊａｐａｎ合同会社,Webアプリ・サービス運営,"ソフトウェア販売,Webマーケコンサル,受託開発,eコマース",宮城県,宮城県仙台市青葉区中央１丁目６番２７号,3: 20人以上~50人未満,"0: 5,000万円未満",2: 3億円以上~10億円未満,https://www.cdata.com,https://www.cdata.com/company/contact.aspx,050-5578-7390,sales@cdata.co.jp,,,送信不可,, お問い合わせフォーム無し,
デジタルシティ株式会社,ゲーム開発,"デザイン,人材派遣,ソーシャルゲーム・スマホゲーム",東京都,東京都港区赤坂４丁目９番１９号赤坂ＴＯタマビル５Ｆ,3: 20人以上~50人未満,"0: 5,000万円未満",2: 3億円以上~10億円未満,https://digital-city.co.jp/,http://digital-city.co.jp/contact/,03-3409-7780,info@digital-city.jp,,,送信成功,2026/07/17,,
株式会社東京デザインアーツ,Webアプリ・サービス運営,"その他サービス,人材派遣,その他人材,職業紹介所,その他広告・制作",東京都,東京都新宿区西新宿１丁目２５番１号,3: 20人以上~50人未満,"0: 5,000万円未満",2: 3億円以上~10億円未満,https://tdesign-a.com/,http://sk2.word-sharing.com/contact/index.php,03-6731-4066,,,,送信不可,, お問い合わせフォーム無し,
株式会社ＡＧＥ　ｔｅｃｈｎｏｌｏｇｉｅｓ,クラウド系/SaaS/ASPサービス,不動産賃貸・仲介,東京都,東京都新宿区西新宿７丁目３番４号アソルティ西新宿２Ｆ,3: 20人以上~50人未満,,2: 3億円以上~10億円未満,https://age-technologies.co.jp,https://age-technologies.co.jp/contact/,,,,,送信不可,, お問い合わせフォーム無し,
株式会社プレーンエッジ,ゲーム開発,"ソーシャルゲーム・スマホゲーム,ゲーム・アニメデザイン,CM制作・映像制作",大阪府,大阪府堺市堺区翁橋町１丁１番１号ミナルコビル６階,3: 20人以上~50人未満,,2: 3億円以上~10億円未満,https://plane-edge.com/,,072-247-8326,,,,送信成功,2026/07/17,,
株式会社ライトライト,Webアプリ・サービス運営,その他コンサル,宮崎県,宮崎県宮崎市橘通東４丁目７番２８号ＴＯＫＩＷＡ３０ビル２階,3: 20人以上~50人未満,"1: 5,000万円以上~3億円未満",2: 3億円以上~10億円未満,https://light-right.jp/,https://light-right.jp/contact/,,info@relay.town,,,送信成功,2026/07/17,,
株式会社Ｄ２ＣＸ,Webアプリ・サービス運営,"販促コンサル,人材紹介",東京都,東京都港区東新橋１丁目９番１号,3: 20人以上~50人未満,,2: 3億円以上~10億円未満,https://www.d2cx.co.jp/about/,https://www.d2cx.co.jp/contact/,,info@d2cx.co.jp,,,送信成功,2026/07/17,,
禹諾国際株式会社,ゲーム開発,ソーシャルゲーム・スマホゲーム,東京都,東京都千代田区神田東松下町２３番地１,3: 20人以上~50人未満,"1: 5,000万円以上~3億円未満",2: 3億円以上~10億円未満,https://yunuo.co.jp/,http://yunuo.co.jp/contact/,03-6661-2672,yg-support@yunuo.co.jp,,,送信成功,2026/07/17,,
ウォーゲーミングジャパン合同会社,ゲーム開発,ソーシャルゲーム・スマホゲーム,東京都,東京都千代田区麹町３丁目３番６号麹町フロントビル９階,3: 20人以上~50人未満,"1: 5,000万円以上~3億円未満",2: 3億円以上~10億円未満,https://wargaming.co.jp/,,03-5428-6792,sct_jp@wargaming.net,,,送信不可,, お問い合わせフォーム無し,
株式会社ｍｅｄｉＶＲ,医療機器,イベント,大阪府,大阪府豊中市寺内２丁目３番８号,3: 20人以上~50人未満,"1: 5,000万円以上~3億円未満",2: 3億円以上~10億円未満,https://www.medivr.jp/company/,https://www.medivr.jp/%E3%81%8A%E5%95%8F%E3%81%84%E5%90%88%E3%82%8F%E3%81%9B-contact-us/,03-6811-1299,info@medivr.jp,,,送信不可,, お問い合わせフォーム無し,
メダップ株式会社,クラウド系/SaaS/ASPサービス,その他医療・福祉,東京都,東京都港区赤坂１丁目１４番１４号ＷＡＷ赤坂第３５興和ビル５１１,3: 20人以上~50人未満,"1: 5,000万円以上~3億円未満",2: 3億円以上~10億円未満,https://medup.jp/about/,,,info@medup.jp,,,送信不可,, お問い合わせフォーム無し,
株式会社ＡＲＲＯＷＳ,Webアプリ・サービス運営,"経営コンサル,その他広告・制作",東京都,東京都港区西新橋１丁目１番１号日比谷フォートタワー,3: 20人以上~50人未満,,2: 3億円以上~10億円未満,https://arrowsinc.com/about-us,https://goo.gl/forms/RJzFnpn3OckLyFlE2,03-6303-3125,,,,送信不可,, お問い合わせフォーム無し,
株式会社アリススタイル,クラウド系/SaaS/ASPサービス,Webアプリ・サービス運営,東京都,東京都港区南青山２丁目５番７号バイオフィリアプレイス南青山４階,3: 20人以上~50人未満,,2: 3億円以上~10億円未満,https://www.corporate.alice.style/company/,,,info@alice.style,,,送信成功,2026/07/17,,
株式会社ＡＰＴＯ,Webアプリ・サービス運営,,東京都,東京都千代田区岩本町２丁目４番１号神田岩本町プラザビル５０４,3: 20人以上~50人未満,,2: 3億円以上~10億円未満,https://apto.co.jp/,,,info@apto.co.jp,,,送信成功,2026/07/17,,
株式会社銀河ホールディングス,Webアプリ・サービス運営,"ITインフラストラクチャー,PC・スマホ機器販売・修理",長野県,長野県長野市南千歳１丁目８番地１３,3: 20人以上~50人未満,"0: 5,000万円未満",2: 3億円以上~10億円未満,http://www.gingagrp.com/,http://www.gingagrp.com/contact/,026-262-1696,,,,送信不可,2026/07/17, お問い合わせフォーム無し,
株式会社ＧＯＡＬＤ,Webアプリ・サービス運営,,大阪府,大阪府大阪市中央区南船場２丁目３番６号,3: 20人以上~50人未満,,1: 1億円以上~3億円未満,https://goald-inc.com/about/,,,,,,送信成功,2026/07/16,,
エスオーエス株式会社,Webアプリ・サービス運営,"ソフトウェア販売,ITコンサル,受託開発",福岡県,福岡県北九州市小倉北区浅野３丁目８番１号,3: 20人以上~50人未満,"0: 5,000万円未満",2: 3億円以上~10億円未満,https://sossos.co.jp/about,http://sossos.co.jp/contact,093-383-8725,info@sossos.co.jp,,,送信成功,2026/07/16,,
株式会社ノースマート,Webアプリ・サービス運営,"グッズ制作・グッズ販売,雑貨商社,雑貨販売,デザイン,eコマース,日用品",北海道,北海道石狩市花畔二条１丁目２０７番地,3: 20人以上~50人未満,"0: 5,000万円未満",2: 3億円以上~10億円未満,https://www.northmart.jp/,https://charaft.com/contact/index.php,0133-62-9121,info@charaft.com,,,送信成功,2026/07/16,,
株式会社ｕｋｋａ,Webアプリ・サービス運営,,東京都,東京都渋谷区道玄坂１丁目１６－６二葉ビル２Ｆ,3: 20人以上~50人未満,2: 3億円以上~10億円未満,2: 3億円以上~10億円未満,https://corp.ukka.green/,,,hello@ukka.green,,,送信成功,2026/07/16,,
株式会社Ｑｔ,Webアプリ・サービス運営,,東京都,東京都渋谷区初台１丁目５１番地１号初台センタービル８０７,3: 20人以上~50人未満,"0: 5,000万円未満",2: 3億円以上~10億円未満,http://www.q-trust.co.jp/,http://www.q-trust.co.jp/contact.html,03-6276-7245,m-mahashi@q-trust.co.jp,,,送信成功,2026/07/16,,
株式会社Ｅｍｏｓｔｙｌｅ,Webアプリ・サービス運営,,東京都,東京都港区芝３丁目１５番１３号,3: 20人以上~50人未満,"1: 5,000万円以上~3億円未満",1: 1億円以上~3億円未満,https://emostyle.co.jp/,,,,,,送信成功,2026/07/16,,
株式会社ＧＭＷ,Webアプリ・サービス運営,,東京都,東京都品川区西五反田１丁目２６番２号五反田サンハイツビル２Ｆ,3: 20人以上~50人未満,"0: 5,000万円未満",2: 3億円以上~10億円未満,https://gmw-ltd.co.jp/about/,,,,,,送信成功,2026/07/16,,
オシロ株式会社,Webアプリ・サービス運営,,東京都,東京都渋谷区渋谷１丁目３番３号,3: 20人以上~50人未満,2: 3億円以上~10億円未満,1: 1億円以上~3億円未満,https://osiro.it/company,https://osiro.it/contacts/new,050-3479-1146,contact@osiro.it,,,送信成功,2026/07/16,,
株式会社プレカル,Webアプリ・サービス運営,,東京都,東京都渋谷区神宮前１丁目１０番９号オンデンフラット３０２号室,3: 20人以上~50人未満,"1: 5,000万円以上~3億円未満",1: 1億円以上~3億円未満,https://about.precal.jp/company,,,info@precal.jp,,,送信不可,,別サイトに遷移してしまう・サイトが開けない,エラー：ページが見つかりません
株式会社エー・ソリューションズ,クラウド系/SaaS/ASPサービス,"その他コンサル,経営コンサル",東京都,東京都新宿区富久町１３番１５号,3: 20人以上~50人未満,"0: 5,000万円未満",2: 3億円以上~10億円未満,https://a-sols.co.jp/,https://a-sols.co.jp/contact,03-6758-1203,sales@a-sols.co.jp,,,送信成功,2026/07/16,,
ゼロスペック株式会社,クラウド系/SaaS/ASPサービス,,北海道,北海道札幌市中央区北二条東１丁目２－２プラチナ札幌ビル８階,3: 20人以上~50人未満,"1: 5,000万円以上~3億円未満",2: 3億円以上~10億円未満,https://zero-spec.com/,,,info@zero-spec.com,,,送信成功,2026/07/16,,
株式会社タロスシステムズ,クラウド系/SaaS/ASPサービス,,千葉県,千葉県千葉市美浜区中瀬１丁目３番地幕張テクノガーデンビルＣＤ棟５階,3: 20人以上~50人未満,,2: 3億円以上~10億円未満,https://www.talos-sys.jp/,,,,,,送信成功,2026/07/16,,
株式会社Ｃｏｌｏｂｉｚ,クラウド系/SaaS/ASPサービス,"その他サービス,その他広告・制作",大阪府,大阪府大阪市西区南堀江３丁目９番１３号堀江家具ＷＥＳＴビル３Ｆ,3: 20人以上~50人未満,"0: 5,000万円未満",2: 3億円以上~10億円未満,https://colobiz.co.jp/,https://colobiz.co.jp/contact.php,06-6616-9655,,,,送信不可,, お問い合わせフォーム無し,
ワイピービズインプルーブ株式会社,Webアプリ・サービス運営,"Web制作,デジタル系コンテンツ,受託開発,販促コンサル",石川県,石川県金沢市御影町１９番１号,3: 20人以上~50人未満,"0: 5,000万円未満",2: 3億円以上~10億円未満,https://www.yp-bizimprove.jp/company/index.html,,,,,,送信成功,2026/07/16,,
ユナイトメディカル株式会社,医療機器,,東京都,東京都千代田区九段北４丁目３番８号,3: 20人以上~50人未満,"0: 5,000万円未満",2: 3億円以上~10億円未満,http://www.unitemedical.co.jp/company/,http://www.unitemedical.co.jp/contact/,03-6268-9196,,,,送信不可,, お問い合わせフォーム無し,
株式会社Ｇｕｒｏｂｉ　Ｊａｐａｎ,Webアプリ・サービス運営,,東京都,東京都府中市府中町１丁目２５番地の１２,3: 20人以上~50人未満,"0: 5,000万円未満",1: 1億円以上~3億円未満,https://www.gurobi.com/jp/company/,https://www.octobersky.jp/contact/,042-319-1885,info@octobersky.jp,,,送信不可,, お問い合わせフォーム無し,
麻雀王国株式会社,Webアプリ・サービス運営,"デザイン,経営コンサル",東京都,東京都新宿区市谷本村町２－３,3: 20人以上~50人未満,,2: 3億円以上~10億円未満,https://mj-king.biz/about/,https://www.mj-king.biz/contact/,03-6300-4068,info@mj-king.net,,,送信成功,2026/07/16,,
株式会社ＩＫＩＤＡＮＥ,Webアプリ・サービス運営,"Webマーケコンサル,景観地運営",東京都,東京都千代田区神田錦町３丁目２３番地１神田錦町安田ビル７階,3: 20人以上~50人未満,"0: 5,000万円未満",2: 3億円以上~10億円未満,https://ikidane.jp/company/,,0120-409-168,,,,送信成功,2026/07/16,,
株式会社ＣｈｉｌｌＳｔａｃｋ,情報セキュリティ,,東京都,東京都渋谷区千駄ヶ谷５丁目１８番２０号,3: 20人以上~50人未満,,2: 3億円以上~10億円未満,,,,,,,送信成功,2026/07/16,,
株式会社シェアウィズ,Webアプリ・サービス運営,"通信教育,教材,人材派遣",大阪府,大阪府大阪市中央区南久宝寺町３丁目２番７号,3: 20人以上~50人未満,"1: 5,000万円以上~3億円未満",2: 3億円以上~10億円未満,https://company.share-wis.com/,,06-6125-5834,support@share-wis.com,,,送信成功,2026/07/16,,
株式会社Ｎ２ｉ,Webアプリ・サービス運営,"その他IT,受託開発",愛知県,愛知県名古屋市中区丸の内２丁目１８番２２号三博ビル７Ｆ,3: 20人以上~50人未満,"1: 5,000万円以上~3億円未満",2: 3億円以上~10億円未満,https://n2i.jp/,https://n2i.jp/contact/,052-746-9238,info@n2i.jp,,,送信成功,2026/07/16,,
株式会社コアズイノベーション,Webアプリ・サービス運営,"アパレル販売,アパレルメーカー,Webアプリ・サービス運営,人材派遣",東京都,東京都中央区日本橋箱崎町１番５号ハニー箱崎ビル６階,3: 20人以上~50人未満,"0: 5,000万円未満",2: 3億円以上~10億円未満,https://coresinnovation.com/company/info/,http://www.coresinnovation.com/form.php,03-5623-5901,,,,送信成功,2026/07/16,,
ワクプラ株式会社,Webアプリ・サービス運営,その他サービス,東京都,東京都港区六本木７丁目７番７号Ｔｒｉ－ＳｅｖｅｎＲｏｐｐｏｎｇｉ８階,3: 20人以上~50人未満,"0: 5,000万円未満",2: 3億円以上~10億円未満,https://wakupl.co.jp/,,03-3423-2151,info@wakupl.co.jp,,,送信不可,,メールに遷移・Googleフォーム,
Ｏｐｌｕｓ株式会社,クラウド系/SaaS/ASPサービス,,東京都,東京都渋谷区代々木５丁目７－５ＰＯＲＴＡＬＰＯＩＮＴＹｏｙｏｇｉ－Ｋｏｅｎ６０１,3: 20人以上~50人未満,,2: 3億円以上~10億円未満,https://opluswork.com/company,https://opluswork.com/contact,,contactus@opluswork.com,,,送信成功,2026/07/16,,
株式会社エアクル,Webアプリ・サービス運営,Webアプリ・サービス運営,沖縄県,沖縄県中頭郡中城村字南上原１１１１番地１,3: 20人以上~50人未満,,2: 3億円以上~10億円未満,https://alpacalab.jp/,,,,,,送信不可,,別サイトに遷移してしまう・サイトが開けない,この接続ではプライバシーが保護されません
株式会社ｍａｎａｂｏ,Webアプリ・サービス運営,"通信教育,資格取得",東京都,東京都千代田区神田三崎町１丁目３番１２号,3: 20人以上~50人未満,"0: 5,000万円未満",1: 1億円以上~3億円未満,https://www.manabo.co.jp/,,03-6684-3070,info@manabo.com,,,送信不可,, お問い合わせフォーム無し,
アスラテック株式会社,Webアプリ・サービス運営,,東京都,東京都港区虎ノ門２丁目２番１号,3: 20人以上~50人未満,2: 3億円以上~10億円未満,2: 3億円以上~10億円未満,https://www.asratec.co.jp/outline/,https://www.asratec.co.jp/contact-business/,03-6859-1400,info01@asratec.co.jp,,,送信成功,2026/07/16,,
オータス株式会社,Webアプリ・サービス運営,,宮城県,宮城県仙台市青葉区本町２丁目３番１０号,3: 20人以上~50人未満,"0: 5,000万円未満",2: 3億円以上~10億円未満,https://otas-kk.co.jp/company/,,022-712-7570,,,,送信成功,2026/07/16,,
リッツＭＣ株式会社,Webアプリ・サービス運営,"人材派遣,その他人材,職業紹介所,求人媒体運営・求人情報誌出版,人材紹介",東京都,東京都港区白金１丁目２７番６号白金高輪ステーションビル６Ｆ,3: 20人以上~50人未満,"0: 5,000万円未満",3: 10億円以上~50億円未満,https://www.ritzmc.co.jp/company/about.html,https://www.ritzmc.co.jp/contact/,03-5545-8321,info2@ritzmc.co.jp,,,送信成功,2026/07/16,,
ＶＩＳＩＴＳ　Ｔｅｃｈｎｏｌｏｇｉｅｓ株式会社,クラウド系/SaaS/ASPサービス,"ITコンサル,人材派遣",東京都,東京都港区六本木６丁目１０番１号六本木ヒルズ森タワー１７階,3: 20人以上~50人未満,,2: 3億円以上~10億円未満,https://visits.world/,https://visits.world/contact/,,contact@design-thinking-test.com,,,送信成功,2026/07/16,,
株式会社ＥＭＩ,医療機器,"その他小売・販売,その他製造",東京都,東京都新宿区西新宿６丁目１２番７－２０２号,3: 20人以上~50人未満,"0: 5,000万円未満",2: 3億円以上~10億円未満,https://www.emi-co.com/company/,,03-6304-5757,customerfirst@emi-co.com,,,送信不可,,メールに遷移・Googleフォーム,
株式会社ユニバル,医療機器,"その他小売・販売,その他製造,医療機器商社",東京都,東京都練馬区東大泉３丁目３１番１１号,3: 20人以上~50人未満,"0: 5,000万円未満",3: 10億円以上~50億円未満,https://www.unival.jp/company/,http://www.unival.jp/contact.html,03-3923-4186,,,,送信不可,,送信ボタンを押すことができない・エラー,
株式会社メリオフトゥーロ,Webアプリ・サービス運営,,東京都,東京都練馬区関町南３丁目２８番２３号,3: 20人以上~50人未満,,1: 1億円以上~3億円未満,https://www.megliofuturo.co.jp,,,support@megliofuturo.co.jp,,,送信成功,2026/07/16,,
株式会社レイテストサイエンス,医療機器,,宮城県,宮城県仙台市若林区卸町２丁目１１番地３,3: 20人以上~50人未満,"1: 5,000万円以上~3億円未満",2: 3億円以上~10億円未満,https://www.latest-science.co.jp/,,,,,,送信成功,2026/07/16,,
ＭｅｔｒｏＲｅｓｉｄｅｎｃｅｓ　Ｊａｐａｎ株式会社,Webアプリ・サービス運営,"ホテル・旅館,不動産賃貸・仲介,不動産管理",東京都,東京都港区赤坂２丁目８－１４丸玉第３ビル３０１号室,3: 20人以上~50人未満,,2: 3億円以上~10億円未満,https://metroresidences.com/jp,,03-4405-5226,booking.jp@metroresidences.com,,,送信不可,, お問い合わせフォーム無し,
株式会社サイト・パブリス,Webアプリ・サービス運営,その他サービス,東京都,東京都千代田区九段南４丁目８番１９号,3: 20人以上~50人未満,"1: 5,000万円以上~3億円未満",2: 3億円以上~10億円未満,https://www.sitepublis.co.jp/about,https://www.sitepublis.net/contact.html,03-6812-7151,info@sitepublis.co.jp,,,送信成功,2026/07/16,,
ＥＰＬＡＮ株式会社,Webアプリ・サービス運営,,神奈川県,神奈川県横浜市港北区新横浜２丁目５番地１１,3: 20人以上~50人未満,"1: 5,000万円以上~3億円未満",2: 3億円以上~10億円未満,https://www.eplanjapan.jp/company/portrait/about-us/,,045-274-7904,info@eplanjapan.jp,,,送信不可,,営業禁止の記載あり,
株式会社コミュニティオ,Webアプリ・サービス運営,,東京都,東京都中央区京橋１丁目１番５号,3: 20人以上~50人未満,"1: 5,000万円以上~3億円未満",2: 3億円以上~10億円未満,https://communitio.jp/aboutus,,,,,,送信成功,2026/07/16,,
株式会社メディアス,Webアプリ・サービス運営,"ソフトウェア販売,その他IT",石川県,石川県金沢市鞍月５丁目１８１番地,3: 20人以上~50人未満,"0: 5,000万円未満",2: 3億円以上~10億円未満,https://www.medyus.co.jp/company/,http://www.medyus.co.jp/contact/,076-255-1827,,,,送信成功,2026/07/16,,
Ｋｕｄａｎ株式会社,Webアプリ・サービス運営,AI,東京都,東京都渋谷区神南１丁目２３番１４号,3: 20人以上~50人未満,"0: 5,000万円未満",3: 10億円以上~50億円未満,https://kudanir.com/about-company/,https://kudanir.com/ircontact/,03-6273-9760,hello@kudan.eu,,,送信成功,2026/07/16,,
株式会社カスタムライフ,Webアプリ・サービス運営,"起業コンサル,その他IT,その他広告・制作",東京都,東京都千代田区内神田２丁目１５番９号,3: 20人以上~50人未満,"0: 5,000万円未満",2: 3億円以上~10億円未満,https://customlife.co.jp/company.html,https://customlife-media.jp/contact,,support@customlife-media.jp,,,送信不可,,送信ボタンを押すことができない・エラー,
株式会社Ｃａｐｅｘ,Webアプリ・サービス運営,クラウド系/SaaS/ASPサービス,東京都,東京都港区赤坂９丁目６番４４号,3: 20人以上~50人未満,,2: 3億円以上~10億円未満,https://capex.ai,https://capex.ai//character-platform/,,,,,送信成功,2026/07/16,,
株式会社Ｗｒｕｓｔｙ,Webアプリ・サービス運営,,東京都,東京都渋谷区渋谷３丁目６番１５号ＳＯＬＩＸＳＨＩＢＵＹＡ６階,3: 20人以上~50人未満,,2: 3億円以上~10億円未満,https://wrusty.co/,,,,,,送信成功,2026/07/16,,
ＦＩＭＥ　ＪＡＰＡＮ株式会社,情報セキュリティ,"ITコンサル,防犯機器",東京都,東京都港区芝公園１丁目２番４号ＳＴビル６階,2: 10人以上~20人未満,"0: 5,000万円未満",2: 3億円以上~10億円未満,https://www.fime.com,https://www.fime.com/contact,03-6435-8020,,,,送信不可,, お問い合わせフォーム無し,
エメラダ株式会社,Webアプリ・サービス運営,"投資,ベンチャーキャピタル",東京都,東京都港区南青山７丁目１番５号＆ＣＡＬＭｍｉｎａｍｉａｏｙａｍａ,2: 10人以上~20人未満,"1: 5,000万円以上~3億円未満",3: 10億円以上~50億円未満,https://emerada.co.jp/about/,,03-6256-8266,,,,送信成功,2026/07/16,,
株式会社ＴＯＭＯＤＹ,Webアプリ・サービス運営,,東京都,東京都千代田区神田三崎町２丁目２番６号,2: 10人以上~20人未満,,1: 1億円以上~3億円未満,https://tomody.co.jp/company/company_overview/,,,,,,送信成功,2026/07/16,,
パロニム株式会社,Webアプリ・サービス運営,"その他IT,その他広告・制作,デジタル系コンテンツ",東京都,東京都中央区築地７丁目２番１号,2: 10人以上~20人未満,,2: 3億円以上~10億円未満,https://www.paronym.jp/,https://www.paronym.jp/contact/,03-6264-3017,contact@paronym.jp,,,送信不可,,必須項目の入力ができない（情報不足など）,
株式会社スピカ,Webアプリ・サービス運営,"クラウド系/SaaS/ASPサービス,その他サービス",東京都,東京都港区西新橋１丁目１５番５号,2: 10人以上~20人未満,,2: 3億円以上~10億円未満,https://www.spika.co.jp/company,https://www.spika.co.jp/contact,03-6416-0255,info@spika.co.jp,,,送信不可,,送信ボタンを押すことができない・エラー,送信ボタン押すと、飛ぶ
Ｓｐｒｅａｄｙ株式会社,Webアプリ・サービス運営,"その他サービス,人材派遣",東京都,東京都渋谷区恵比寿４丁目２０－３恵比寿ガーデンプレイスタワー１９Ｆ,2: 10人以上~20人未満,,2: 3億円以上~10億円未満,https://spready.co.jp/,,,,,,送信成功,2026/07/16,,
ギバーテイクオール株式会社,Webアプリ・サービス運営,,東京都,東京都港区麻布十番１丁目５番２６号,2: 10人以上~20人未満,"1: 5,000万円以上~3億円未満",2: 3億円以上~10億円未満,https://givertakeall.com/,,,contact@auka.jp,,,送信成功,2026/07/16,,
ベクスト株式会社,Webアプリ・サービス運営,"ソフトウェア販売,その他IT",東京都,東京都目黒区下目黒１丁目８－１アルコタワー,2: 10人以上~20人未満,"0: 5,000万円未満",2: 3億円以上~10億円未満,https://www.vext.co.jp/company/,https://www.vext.co.jp/contact/,03-4540-1030,vext_sales@vext.co.jp,,,送信不可,,送信ボタンを押すことができない・エラー,
株式会社アイロバ,クラウド系/SaaS/ASPサービス,"その他IT,ITコンサル,通信設備工事,Webアプリ・サービス運営,ITインフラストラクチャー,情報セキュリティ,eコマース,その他通信",東京都,東京都千代田区麹町３丁目１０番３号,2: 10人以上~20人未満,"0: 5,000万円未満",2: 3億円以上~10億円未満,https://www.irob.co.jp/aboutus/,https://www.irob.co.jp/contact/,03-6276-8020,info@irob.co.jp,,,送信成功,2026/07/16,,
株式会社ＰＥＣＯＲＩ,Webアプリ・サービス運営,人材紹介,東京都,東京都千代田区神田小川町３丁目２２第三大丸ビル二階,2: 10人以上~20人未満,,1: 1億円以上~3億円未満,http://pecori.co.jp,http://pecori.co.jp/contact/,03-6276-2940,,,,送信成功,2026/07/16,,
株式会社ＰＯＣＫＥＴ　ＲＤ,Webアプリ・サービス運営,ソーシャルゲーム・スマホゲーム,東京都,東京都港区赤坂４丁目８番１８号,2: 10人以上~20人未満,,2: 3億円以上~10億円未満,https://pocket-rd.com/,,,,,,送信成功,2026/07/16,,
株式会社Ｙａｋｕｄｏ,Webアプリ・サービス運営,,東京都,東京都渋谷区渋谷３丁目６－２０第５矢木ビル５Ｆ,2: 10人以上~20人未満,"0: 5,000万円未満",2: 3億円以上~10億円未満,https://yakudoh.com/,,,info@yakudoh.com,,,送信不可,,メールに遷移・Googleフォーム,
株式会社ユピテルプラス,Webアプリ・サービス運営,"広告制作,eコマース",静岡県,静岡県静岡市葵区長沼１００７番地の１,2: 10人以上~20人未満,,2: 3億円以上~10億円未満,https://yupiteru.plus/,https://yupiteru.plus/#contact,054-269-5511,info@yupiteru.plus,,,送信成功,2026/07/16,,
株式会社スクールウィズ,Webアプリ・サービス運営,"海外旅行・海外留学,翻訳・通訳,その他コンサル",東京都,東京都渋谷区恵比寿西１丁目３３番６号ＪＰｎｏｉｅ恵比寿西１Ｆ,2: 10人以上~20人未満,"1: 5,000万円以上~3億円未満",2: 3億円以上~10億円未満,https://corp.schoolwith.me/,https://corp.schoolwith.me/contact,03-6416-0980,contact@schoolwith.me,,,送信成功,2026/07/16,,
株式会社システック,Webアプリ・サービス運営,,鹿児島県,鹿児島県鹿児島市平之町１３番３２号,2: 10人以上~20人未満,"1: 5,000万円以上~3億円未満",2: 3億円以上~10億円未満,https://systec2000.com/about/overview/,,099-216-3330,info@systec2000.com,,,送信不可,,必須項目の入力ができない（情報不足など）,
イメージナビ株式会社,Webアプリ・サービス運営,"その他サービス,Web制作,eコマース",北海道,北海道札幌市北区北七条西１丁目１番地２,2: 10人以上~20人未満,"1: 5,000万円以上~3億円未満",2: 3億円以上~10億円未満,https://www.imagenavi.co.jp/company/,https://www.imagenavi.co.jp/contact/,011-707-7780,contact@imagenavi.co.jp,,,送信成功,2026/07/16,,
株式会社インフォステラ,クラウド系/SaaS/ASPサービス,,東京都,東京都新宿区西新宿１丁目２６番２号,2: 10人以上~20人未満,"1: 5,000万円以上~3億円未満",2: 3億円以上~10億円未満,https://www.infostellar.net/ja/,https://infostellar.net/contact,03-6416-9874,,,,送信不可,,別サイトに遷移してしまう・サイトが開けない,
株式会社ＩｏＴＢａｎｋ,Webアプリ・サービス運営,"クラウド系/SaaS/ASPサービス,その他IT",東京都,東京都新宿区北新宿２丁目２１－１新宿フロントタワー２８階,2: 10人以上~20人未満,2: 3億円以上~10億円未満,2: 3億円以上~10億円未満,https://iotbank.co.jp/about/,https://iotbank.co.jp/contact/,03-5989-1153,info@iotbank.co.jp,,,送信不可,,必須項目の入力ができない（情報不足など）,
株式会社ルーク,Webアプリ・サービス運営,,東京都,東京都新宿区高田馬場１丁目２９番１号,2: 10人以上~20人未満,"0: 5,000万円未満",2: 3億円以上~10億円未満,http://www.rokh.co.jp,,03-6892-2500,info@rokh.co.jp,,,送信成功,2026/07/16,,
株式会社Ｆ＆Ｌソリューション,Webアプリ・サービス運営,"スマホアプリ,ITコンサル",東京都,東京都千代田区神田須田町２丁目１７番地神田ＩＮビル５階,2: 10人以上~20人未満,"0: 5,000万円未満",2: 3億円以上~10億円未満,https://fl-sol.com/,http://fl-sol.com/pages/inquiry.html,03-5298-6560,,,,送信成功,2026/07/16,,
株式会社Ｊ＆Ｊ　Ｔａｘ　Ｆｒｅｅ,Webアプリ・サービス運営,,東京都,東京都千代田区永田町２丁目１４番２号山王グランドビル８階,2: 10人以上~20人未満,"1: 5,000万円以上~3億円未満",2: 3億円以上~10億円未満,https://j-taxfree.jp/,,03-3500-1692,,,,送信不可,,必須項目の入力ができない（情報不足など）,
株式会社マリッシュ,Webアプリ・サービス運営,その他サービス,東京都,東京都新宿区新宿５丁目６番１号,2: 10人以上~20人未満,,2: 3億円以上~10億円未満,https://corp.marrish.com/,,03-6734-5333,info@marrish.com,,,送信不可,,メールに遷移・Googleフォーム,
株式会社Ｒｅｔｏｏｌ,Webアプリ・サービス運営,,東京都,東京都千代田区平河町２丁目７番３号,2: 10人以上~20人未満,,1: 1億円以上~3億円未満,https://re-tool.co.jp/,,,,,,送信不可,,必須項目の入力ができない（情報不足など）,
アンドネクスト株式会社,Webアプリ・サービス運営,"デザイン,受託開発",東京都,東京都港区六本木７丁目７番７号８階,2: 10人以上~20人未満,,1: 1億円以上~3億円未満,https://and-next.co.jp/company/,,03-6629-3998,,,,送信成功,2026/07/16,,
ペイトナー株式会社,クラウド系/SaaS/ASPサービス,"その他金融関連サービス,Webアプリ・サービス運営",東京都,東京都港区虎ノ門５丁目９番１号,2: 10人以上~20人未満,2: 3億円以上~10億円未満,2: 3億円以上~10億円未満,https://corp.paytner.co.jp/,,,,,,送信成功,2026/07/16,,
株式会社コレクシア,Webアプリ・サービス運営,"販促コンサル,その他IT,経営コンサル,研究・調査・リサーチ",東京都,東京都中野区東中野４丁目３０番９号,2: 10人以上~20人未満,"0: 5,000万円未満",2: 3億円以上~10億円未満,https://collexia.co.jp/outline/,https://marketing-casestudy.com/meaning-contact/,03-5937-0137,access@collexia.co.jp,,,送信成功,2026/07/16,,
ストレイトライド株式会社,Webアプリ・サービス運営,"投資,資産運用コンサル,不動産売買・仲介",東京都,東京都新宿区新宿１丁目３４番１６号,2: 10人以上~20人未満,"1: 5,000万円以上~3億円未満",3: 10億円以上~50億円未満,https://straight.biz/about/profile.html,http://straight.biz/contact/,03-6380-6422,,,,送信成功,2026/07/16,,
リンクウィズ株式会社,Webアプリ・サービス運営,,静岡県,静岡県浜松市中央区篠ケ瀬町１０４４番地の２,2: 10人以上~20人未満,"1: 5,000万円以上~3億円未満",2: 3億円以上~10億円未満,https://linkwiz.co.jp/company/outline/,https://linkwiz.co.jp/document/whitepaper-download-form/,053-401-3450,contact@linkwiz.co.jp,,,送信成功,2026/07/16,,
株式会社レスラク,Webアプリ・サービス運営,,東京都,東京都渋谷区神宮前４丁目３番１５号,2: 10人以上~20人未満,,2: 3億円以上~10億円未満,https://www.resraku.jp/company.html,https://www.resraku.jp/contact.html,03-6721-0678,info@resraku.jp,,,送信成功,2026/07/16,,
コグラフ株式会社,Webアプリ・サービス運営,"クラウド系/SaaS/ASPサービス,ITコンサル",東京都,東京都品川区西五反田７丁目２２番１７号ＴＯＣビル１０階,2: 10人以上~20人未満,"0: 5,000万円未満",3: 10億円以上~50億円未満,https://www.co-graph.com/,http://co-graph.com/contact,,,,,送信不可,,送信ボタンを押すことができない・エラー,
株式会社オンリーストーリー,Webアプリ・サービス運営,"広告制作,その他広告・制作",東京都,東京都港区赤坂１丁目１４番１４号第３５興和ビル５１５,2: 10人以上~20人未満,"1: 5,000万円以上~3億円未満",2: 3億円以上~10億円未満,https://onlystory.co.jp/pages/company_new,https://onlystory.co.jp/contacts/new,03-6821-7872,info@onlystory.co.jp,,,送信成功,2026/07/16,,
株式会社ハローリンク,Webアプリ・サービス運営,求人媒体運営・求人情報誌出版,新潟県,新潟県柏崎市荒浜２丁目１２番４３号,2: 10人以上~20人未満,"0: 5,000万円未満",2: 3億円以上~10億円未満,https://www.hellolink.co.jp/company/,https://www.hellolink.co.jp/contact/,0257-35-5432,,,,送信成功,2026/07/16,,
株式会社ビーキャップ,クラウド系/SaaS/ASPサービス,,東京都,東京都港区虎ノ門４丁目３番１号,2: 10人以上~20人未満,,2: 3億円以上~10億円未満,https://www.beacapp.co.jp/,,,,,,送信不可,,別サイトに遷移してしまう・サイトが開けない,このサイトにアクセスできません
株式会社ＴＶＴ,ゲーム開発,,東京都,東京都渋谷区桜丘町２３番１７号シティコート桜丘４０８,2: 10人以上~20人未満,,2: 3億円以上~10億円未満,https://tvt.jp/company/,,,,,,送信成功,2026/07/16,,
リース株式会社,クラウド系/SaaS/ASPサービス,"Webアプリ・サービス運営,その他不動産",東京都,東京都新宿区西新宿７丁目９番１６号西新宿メトロビル６階,2: 10人以上~20人未満,"1: 5,000万円以上~3億円未満",2: 3億円以上~10億円未満,https://rease.co.jp/company/,,,,,,送信成功,2026/07/16,,
株式会社Ｎｅｘｔａｔ,Webアプリ・サービス運営,デザイン,京都府,京都府京都市下京区北町１８３烏丸六条ビル３Ｆ,2: 10人以上~20人未満,"0: 5,000万円未満",2: 3億円以上~10億円未満,https://nextat.co.jp/company,http://nextat.co.jp/contact/,075-744-6842,,,,送信不可,,別サイトに遷移してしまう・サイトが開けない,
クアドラソフトウェア株式会社,ゲーム開発,デザイン,大阪府,大阪府大阪市北区梅田２丁目６番２０号,2: 10人以上~20人未満,"0: 5,000万円未満",2: 3億円以上~10億円未満,http://qdsoft.co.jp/,http://qdsoft.co.jp/contact/,06-6344-7270,,,,送信成功,2026/07/16,,
メンロ・セキュリティ・ジャパン株式会社,Webアプリ・サービス運営,,東京都,東京都港区西新橋３丁目４番２号,2: 10人以上~20人未満,,1: 1億円以上~3億円未満,https://www.menlosecurity.com/ja-jp,,,,,,送信不可,, お問い合わせフォーム無し,
ＦＩＲＳＴＱＡ　ＳＹＳＴＥＭＳ株式会社,クラウド系/SaaS/ASPサービス,"Webアプリ・サービス運営,ITインフラストラクチャー",神奈川県,神奈川県横浜市中区山下町２３番地日土地山下町ビル２階,2: 10人以上~20人未満,,2: 3億円以上~10億円未満,http://firstqa.com,,045-226-4366,info@firstqa.com,,,送信不可,, お問い合わせフォーム無し,
株式会社ＪＵＳＣＯＭ,Webアプリ・サービス運営,"情報セキュリティ,機械設計,ITインフラストラクチャー,その他機械関連サービス",福岡県,福岡県北九州市小倉北区馬借１丁目９番８－２５０２号,2: 10人以上~20人未満,"0: 5,000万円未満",2: 3億円以上~10億円未満,http://www.juscom.jp,http://www.juscom.jp/conts/contact.php,093-513-6181,,,,送信不可,, お問い合わせフォーム無し,電話のみ
株式会社ｅｍｏｔｉｖＥ,Webアプリ・サービス運営,,東京都,東京都港区新橋２丁目１６番１号,2: 10人以上~20人未満,"1: 5,000万円以上~3億円未満",2: 3億円以上~10億円未満,https://www.emotive.jp/,https://www.emotive.jp/contact/,03-6459-0821,info@emotive.jp,,,送信成功,2026/07/16,,
株式会社Ｍａｎｊｕｕ,ゲーム開発,スマホアプリ,東京都,東京都千代田区神田練塀町３００番３階,2: 10人以上~20人未満,"0: 5,000万円未満",2: 3億円以上~10億円未満,https://www.manjuu.com/jp,,,,,,送信不可,,別サイトに遷移してしまう・サイトが開けない,この接続ではプライバシーが保護されません
株式会社ＳＰＡＲＫＲＡＦＴ,Webアプリ・サービス運営,"ゲーム・アニメデザイン,その他ゲーム",東京都,東京都台東区台東４丁目１８番７号シモジンビルディング３Ｆ,2: 10人以上~20人未満,"0: 5,000万円未満",3: 10億円以上~50億円未満,https://www.sparkraft.jp/,,03-5816-3156,info@sparkraft.jp,,,送信成功,2026/07/16,,
ＲＡＴＩＯ株式会社,Webアプリ・サービス運営,,沖縄県,沖縄県うるま市字州崎１４番地７,2: 10人以上~20人未満,,2: 3億円以上~10億円未満,http://ratio.jp/?page_id=43,,03-6451-0370,info@ratio.jp,,,送信成功,2026/07/16,,
フェニックス・ゲームプロダクション合同会社,ゲーム開発,,大阪府,大阪府大阪市福島区福島７丁目３番１８号第一住建福島駅前ビル３階,2: 10人以上~20人未満,,1: 1億円以上~3億円未満,https://www.phoenixgp.co.jp/,,,,,,送信成功,2026/07/16,,
株式会社ＡｐｐＢＡＳＥ,ゲーム開発,Webアプリ・サービス運営,大阪府,大阪府大阪市天王寺区味原町１３番９号,2: 10人以上~20人未満,"0: 5,000万円未満",2: 3億円以上~10億円未満,http://www.appbase.co.jp/#!page1,http://www.appbase.co.jp/#!page6,03-5669-0724,,,,送信成功,2026/07/16,,
株式会社ホワイトホールラボ,Webアプリ・サービス運営,,愛知県,愛知県名古屋市千種区今池５丁目１番５号名古屋センタープラザビル１１階,2: 10人以上~20人未満,"0: 5,000万円未満",2: 3億円以上~10億円未満,https://www.whiteholelab.jp/company/,,052-731-8080,,,,送信成功,2026/07/16,,
株式会社シムックスイニシアティブ,クラウド系/SaaS/ASPサービス,その他コンサル,東京都,東京都港区浜松町１丁目３０番５号浜松町スクエア１０階,2: 10人以上~20人未満,"0: 5,000万円未満",2: 3億円以上~10億円未満,https://www.cimx-initiative.com/,,03-6402-2650,,,,送信成功,2026/07/16,,
Ｍｏｍｅｎｔｕｍ株式会社,Webアプリ・サービス運営,"Webマーケコンサル,情報セキュリティ",東京都,東京都港区虎ノ門２丁目１０番１号,2: 10人以上~20人未満,"1: 5,000万円以上~3億円未満",2: 3億円以上~10億円未満,https://www.m0mentum.co.jp/company/,https://campaign.m0mentum.co.jp/contact,03-6365-1970,info@m0mentum.co.jp,,,送信成功,2026/07/16,,
株式会社ａｍｉｃａ,クラウド系/SaaS/ASPサービス,,東京都,東京都新宿区西新宿６丁目２番３号,2: 10人以上~20人未満,,2: 3億円以上~10億円未満,https://amica-co.jp,,,,,,送信不可,,メールに遷移・Googleフォーム,
ＮＴＴレゾナントテクノロジー株式会社,Webアプリ・サービス運営,"クラウド系/SaaS/ASPサービス,その他製造",東京都,東京都千代田区大手町１丁目５番１号,2: 10人以上~20人未満,2: 3億円以上~10億円未満,2: 3億円以上~10億円未満,https://www.nttr-tech.co.jp/index.html,,03-3525-8977,contact@nttr-tech.co.jp,,,送信不可,, お問い合わせフォーム無し,
株式会社ファーストディグリーソフトウェア,Webアプリ・サービス運営,"スマホアプリ,Webマーケコンサル,広告制作,経営コンサル,デザイン,CM制作・映像制作,Web制作,人材派遣,ソーシャルゲーム・スマホゲーム",東京都,東京都品川区東五反田３丁目１７番４号糟谷ビル２階,2: 10人以上~20人未満,"0: 5,000万円未満",2: 3億円以上~10億円未満,https://fdsjp.com/,http://fdsjp.com/contact/index.html,050-5050-2520,info@fdsjp.com,,,送信成功,2026/07/16,,
ＲＹＤＥ株式会社,Webアプリ・サービス運営,,東京都,東京都渋谷区代官山町２０番２３号,2: 10人以上~20人未満,"1: 5,000万円以上~3億円未満",1: 1億円以上~3億円未満,https://ryde-inc.jp/about,https://form.run/@ryde-pass-contact,,inquiry@ryde-inc.jp,,,送信不可,,必須項目の入力ができない（情報不足など）,
ＯＲＴＨＯＲＥＢＩＲＴＨ株式会社,医療機器,,神奈川県,神奈川県横浜市都筑区茅ケ崎東３丁目１７番４３号,2: 10人以上~20人未満,"1: 5,000万円以上~3億円未満",2: 3億円以上~10億円未満,https://orthorebirth.com/jp/about/company/,,045-532-3650,clbvf@orthorebirth.com,,,送信成功,2026/07/16,,
医療法人社団輝,Webアプリ・サービス運営,,千葉県,千葉県千葉市中央区長洲２丁目２０番１７号,2: 10人以上~20人未満,,2: 3億円以上~10億円未満,https://cordially.jp/,,,,,,送信不可,, お問い合わせフォーム無し,
スパイラルセンス株式会社,ゲーム開発,Webアプリ・サービス運営,東京都,東京都千代田区九段南２丁目５番１号,2: 10人以上~20人未満,"0: 5,000万円未満",2: 3億円以上~10億円未満,https://spiralsense.jp/,http://spiralsense.jp/inquiry/index.php,03-6434-9335,info@spiralsense.jp,,,送信不可,,別サイトに遷移してしまう・サイトが開けない,ご希望ページへアクセスする権限がありません。
ＮＥＲＤ株式会社,Webアプリ・サービス運営,,東京都,東京都墨田区向島１丁目５番９号ブリシア隅田公園５０３,2: 10人以上~20人未満,,2: 3億円以上~10億円未満,https://nerd.co.jp/,,,,,,送信成功,2026/07/16,,
株式会社バックテック,Webアプリ・サービス運営,,東京都,東京都港区芝浦３丁目１４番１８号キャナルスクエア芝浦６階,2: 10人以上~20人未満,,2: 3億円以上~10億円未満,https://backtech.co.jp/company/,http://www.backtech.co.jp/contact/,,info@backtech.co.jp,,,送信不可,,送信ボタンを押すことができない・エラー,メッセージの送信に失敗しました。後でまたお試しください。
株式会社Ｓｒｕｓｈ,クラウド系/SaaS/ASPサービス,その他IT,東京都,東京都品川区西五反田８丁目４番１３号五反田ＪＰビルディング２Ｆｃｏ－ｌａｂ五反田ｗｉｔｈＪＰＲＥ,2: 10人以上~20人未満,,2: 3億円以上~10億円未満,https://www.srush.co.jp/,https://www.srush.co.jp/contact/,,contact@srush.co.jp,,,送信成功,2026/07/16,,
Ｒｅｓｃａｌｅ　Ｊａｐａｎ株式会社,Webアプリ・サービス運営,ITコンサル,東京都,東京都千代田区大手町１丁目６番１号大手町ビル６階,2: 10人以上~20人未満,,1: 1億円以上~3億円未満,https://www.rescale.com/jp,https://rescale.com/ja/Rescale-Support/,03-6427-2800,,,,送信成功,2026/07/16,,
ディライトワークス株式会社,ゲーム開発,,東京都,東京都港区六本木６丁目１０番１号,2: 10人以上~20人未満,"0: 5,000万円未満",2: 3億円以上~10億円未満,https://delightworks.co.jp/company/,https://business.form-mailer.jp/fms/9ad657c782040,,,,,送信成功,2026/07/16,,
株式会社クリプラ,Webアプリ・サービス運営,"その他IT,その他医療・福祉",東京都,東京都新宿区西新宿３丁目２０番２号東京オペラシティタワー,2: 10人以上~20人未満,"1: 5,000万円以上~3億円未満",2: 3億円以上~10億円未満,https://clipla.jp/company/,https://clipla.jp/contact/,,privacy@clinical-platform.com,,,送信成功,2026/07/16,,
株式会社エミューズ,Webアプリ・サービス運営,"スマホアプリ,ITコンサル,Web制作,Webアプリ・サービス運営,ソーシャルゲーム・スマホゲーム",千葉県,千葉県市川市相之川１丁目２６番５号,2: 10人以上~20人未満,"0: 5,000万円未満",2: 3億円以上~10億円未満,https://www.emyus.co.jp/company/,http://www.emyus.co.jp/contact/,047-369-6021,biz@emyus.jp,,,送信成功,2026/07/16,,
株式会社はしばコーポレーション,Webアプリ・サービス運営,,長野県,長野県伊那市坂下３３１２番地１,2: 10人以上~20人未満,,2: 3億円以上~10億円未満,https://hashiba-corp.com/,https://hashiba-corp.com/contact/,,,,,送信成功,2026/07/16,,
ＴＲＡＰＯＬ株式会社,Webアプリ・サービス運営,海外旅行・海外留学,大阪府,大阪府大阪市北区中之島３丁目６番１６号,2: 10人以上~20人未満,"0: 5,000万円未満",2: 3億円以上~10億円未満,https://trapol.jp/company,https://trapol.jp/contact/,,info@trapol.co.jp,,,送信成功,2026/07/16,,
株式会社ビースポーク,Webアプリ・サービス運営,国内旅行,東京都,東京都渋谷区渋谷２丁目２１番１号渋谷ヒカリエ８階ＭＯＶ,2: 10人以上~20人未満,"1: 5,000万円以上~3億円未満",3: 10億円以上~50億円未満,https://www.be-spoke.io/about,http://bit.ly/2KMFgMy,,info@be-spoke.io,,,送信成功,2026/07/16,,
株式会社ｏｔｔａ,Webアプリ・サービス運営,Webアプリ・サービス運営,福岡県,福岡県福岡市中央区天神４丁目４番１１号天神ショッパーズ福岡８Ｆ,2: 10人以上~20人未満,"1: 5,000万円以上~3億円未満",1: 1億円以上~3億円未満,https://otta.co.jp/corporate/,https://otta.co.jp/introduction-contact/,092-791-3811,info@otta.me,,,送信成功,2026/07/16,,
株式会社カーリン,Webアプリ・サービス運営,,東京都,東京都渋谷区神宮前３丁目２７－１５,2: 10人以上~20人未満,"0: 5,000万円未満",1: 1億円以上~3億円未満,http://carlin.co.jp/,https://carlin.co.jp/,,,,,送信不可,, お問い合わせフォーム無し,
Ａｎｙｆｌｏｗ株式会社,Webアプリ・サービス運営,,東京都,東京都港区新橋２丁目２０番１５号新橋駅前ビル１号館６階,2: 10人以上~20人未満,,1: 1億円以上~3億円未満,https://anyflow.jp/corp/,https://anyflow.jp/sales-form,,,,,送信成功,2026/07/16,,
トンガルマン株式会社,Webアプリ・サービス運営,"コンテンツ制作,その他IT,その他マスコミ・出版",大阪府,大阪府大阪市北区梅田２丁目５番６号,2: 10人以上~20人未満,"0: 5,000万円未満",3: 10億円以上~50億円未満,https://tongullman.co.jp/index.php,https://tongullman.co.jp/contact/,06-6131-7266,info@tongullman.co.jp,,,送信成功,2026/07/16,,
株式会社ディースピリット,Webアプリ・サービス運営,"家・事業所向け設備,その他電気設備工事,ITインフラストラクチャー,Web制作,その他通信",愛媛県,愛媛県松山市来住町１４３０番地１,2: 10人以上~20人未満,,2: 3億円以上~10億円未満,https://dspirit.jp/company/,https://dspirit.jp/contact/,089-948-4100,,,,送信成功,2026/07/16,,
アライズイノベーション株式会社,Webアプリ・サービス運営,"クラウド系/SaaS/ASPサービス,ITコンサル",東京都,東京都中央区勝どき３丁目１３番１号フォアフロントタワーⅡ,2: 10人以上~20人未満,"1: 5,000万円以上~3億円未満",2: 3億円以上~10億円未満,https://ariseinnovation.co.jp/,https://www.ariseinnovation.co.jp/company/contact/,03-5534-9967,info@ariseinnovation.co.jp,,,送信成功,2026/07/16,,
株式会社イクスイ,Webアプリ・サービス運営,,東京都,東京都港区新橋５丁目２２番６号,2: 10人以上~20人未満,"0: 5,000万円未満",1: 1億円以上~3億円未満,https://www.ixui.co.jp/company.html,,03-5473-3933,,,,送信不可,, お問い合わせフォーム無し,
株式会社ＶＬＣセキュリティラボ,情報セキュリティ,,東京都,東京都港区虎ノ門４丁目１番４０号江戸見坂森ビル,2: 10人以上~20人未満,,2: 3億円以上~10億円未満,https://celab.co.jp/about-us/,https://vlcsecurity.com/contact/sales/,,,,,送信不可,,必須項目の入力ができない（情報不足など）,
ムーバクラウド株式会社,クラウド系/SaaS/ASPサービス,"その他IT,Webアプリ・サービス運営,ITインフラストラクチャー",東京都,東京都江東区有明１丁目４番２０号,2: 10人以上~20人未満,"0: 5,000万円未満",2: 3億円以上~10億円未満,https://www.movacloud.co.jp/,,03-6869-7889,movacloud-support@movacloud.co.jp,,,送信成功,2026/07/16,,
株式会社スタンダードファクトリー,Webアプリ・サービス運営,"ITインフラストラクチャー,デザイン",東京都,東京都渋谷区桜丘町２９番１２号,2: 10人以上~20人未満,"0: 5,000万円未満",2: 3億円以上~10億円未満,https://www.standardfactory.jp/company/,https://www.standardfactory.jp/inquiry/,03-3461-5255,,,,送信成功,2026/07/16,,
株式会社トラストシステムソリューションズ,Webアプリ・サービス運営,"人材派遣,人材紹介",大阪府,大阪府大阪市西区立売堀１丁目８番１号,2: 10人以上~20人未満,"0: 5,000万円未満",1: 1億円以上~3億円未満,http://t-ssol.jp/corp,https://t-ssol.jp/contact/,06-6556-6561,info@t-ssol.jp,,,送信不可,,URL・記号を含むことができない,
株式会社ＭＩＣＨＩＲＵ,Webアプリ・サービス運営,その他IT,東京都,東京都渋谷区恵比寿１丁目１５－９,2: 10人以上~20人未満,"0: 5,000万円未満",2: 3億円以上~10億円未満,https://michiru.co.jp/company/,https://michiru.co.jp/contact/,,info@michiru.co.jp,,,送信成功,2026/07/17,,
株式会社ＧｅＮＥＥ,Webアプリ・サービス運営,ITコンサル,東京都,東京都港区六本木１丁目４番５号アークヒルズサウスタワー,2: 10人以上~20人未満,"0: 5,000万円未満",1: 1億円以上~3億円未満,https://genee.jp,https://genee.jp/contact/,,,,,送信成功,2026/07/17,,
株式会社アコードセブン,ゲーム開発,"その他マスコミ・出版,動画制作・CG制作",京都府,京都府京都市下京区柿本町５７９,2: 10人以上~20人未満,"0: 5,000万円未満",2: 3億円以上~10億円未満,https://www.accordseven.co.jp/,https://www.accordseven.co.jp/contact/,075-744-0786,contact@accordseven.co.jp,,,送信成功,2026/07/17,,
株式会社デジタルアセットマーケッツ,クラウド系/SaaS/ASPサービス,,東京都,東京都千代田区一番町１８番地,2: 10人以上~20人未満,3: 10億円以上~50億円未満,2: 3億円以上~10億円未満,https://corp.digiasset.co.jp/,https://corp.digiasset.co.jp/contact,,,,,送信成功,2026/07/17,,
株式会社ナインブロック,Webアプリ・サービス運営,eコマース,大阪府,大阪府大阪市西区靱本町１丁目９番１８号,2: 10人以上~20人未満,"0: 5,000万円未満",2: 3億円以上~10億円未満,http://9-block.jp,https://9-block.jp/,06-6271-1070,,,,送信不可,, お問い合わせフォーム無し,
ミラクルラボ株式会社,医療機器,その他医療・福祉,大阪府,大阪府大阪市平野区長吉長原東１丁目７番９号,2: 10人以上~20人未満,,2: 3億円以上~10億円未満,https://miraclelabo.com/company/,https://miraclelabo.com/contact/,06-6701-4188,,,,送信成功,2026/07/17,,
株式会社ネクストキー,Webアプリ・サービス運営,"eコマース,ITインフラストラクチャー",東京都,東京都中央区入船２丁目８番８号,2: 10人以上~20人未満,"0: 5,000万円未満",2: 3億円以上~10億円未満,https://www.nextkey.co.jp/about,https://www.nextkey.co.jp/contacts,03-5542-5477,info@nextkey.co.jp,,,送信成功,2026/07/17,,
Ａｃｃｕｖｅｒ株式会社,Webアプリ・サービス運営,"計測機器・センサー,その他通信",東京都,東京都港区西新橋２丁目３５番２号ＹＰ虎ノ門９階,2: 10人以上~20人未満,,2: 3億円以上~10億円未満,https://accuver.jp/,https://accuver.jp/web-contact/,03-6430-2580,,,,送信成功,2026/07/17,,
ナオ株式会社,Webアプリ・サービス運営,"経営コンサル,デジタル系コンテンツ,レンタルスペース",東京都,東京都中野区中央５丁目４番２２号ＡＲＵＪＩビル７階,2: 10人以上~20人未満,"0: 5,000万円未満",2: 3億円以上~10億円未満,https://naoco.tv/company/,https://naoco.tv/contact,, ,,,送信成功,2026/07/17,,
株式会社フォーカス,Webアプリ・サービス運営,"産業用ロボット,製造業コンサル,その他コンサル",栃木県,栃木県宇都宮市松が峰１丁目３番１６号グラン宇都宮７０３,2: 10人以上~20人未満,"1: 5,000万円以上~3億円未満",2: 3億円以上~10億円未満,https://focus88.co.jp/company,https://focus88.co.jp/contact,,,,,送信成功,2026/07/17,,
株式会社ヘプタゴン,クラウド系/SaaS/ASPサービス,,青森県,青森県三沢市大字三沢字堀口１６４－３３６,2: 10人以上~20人未満,"0: 5,000万円未満",2: 3億円以上~10億円未満,https://heptagon.co.jp/company/overview/,https://heptagon.co.jp/contact/,,info@heptagon.co.jp,,,送信不可,,必須項目の入力ができない（情報不足など）,
エール株式会社,クラウド系/SaaS/ASPサービス,Webアプリ・サービス運営,東京都,東京都品川区東五反田１丁目１０番８号五反田Ｓ＆Ｌビル４階,2: 10人以上~20人未満,"1: 5,000万円以上~3億円未満",2: 3億円以上~10億円未満,https://www.yell4u.jp/company-profile,https://www.yell4u.jp/contact,03-6455-3837,,,,送信成功,2026/07/17,,
株式会社トイディア,ゲーム開発,Webアプリ・サービス運営,東京都,東京都千代田区外神田６丁目１５番９号,2: 10人以上~20人未満,"0: 5,000万円未満",1: 1億円以上~3億円未満,http://www.toydea.com/,https://www.toydea.com/contact/,,,,,送信成功,2026/07/17,,
株式会社グリーンアライアンス,情報セキュリティ,,岩手県,岩手県盛岡市本宮２丁目１６番１号小泉産業ビル２階,2: 10人以上~20人未満,"0: 5,000万円未満",2: 3億円以上~10億円未満,https://greenalliance-inc.com/,https://greenalliance-inc.com/contact/,,,,,送信成功,2026/07/17,,
株式会社リベルタス・アドバイザリー,Webアプリ・サービス運営,,福岡県,福岡県福岡市博多区博多駅前２丁目２０番１５号第７岡部ビル５階,2: 10人以上~20人未満,"0: 5,000万円未満",2: 3億円以上~10億円未満,https://www.libertas-advisory.co.jp/company/,https://www.libertas-advisory.co.jp/contact/,092-409-7581,,,,送信成功,2026/07/17,,
株式会社ウィルビー,Webアプリ・サービス運営,"その他人材,その他コンサル,求人媒体運営・求人情報誌出版",東京都,東京都台東区浅草５丁目６６－５,2: 10人以上~20人未満,"0: 5,000万円未満",2: 3億円以上~10億円未満,https://willb.co.jp/company/outline/,https://willb.co.jp/contact/,03-5849-4295,support@willb.co.jp,,,送信成功,2026/07/17,,
株式会社デジプレート,Webアプリ・サービス運営,"その他IT,デザイン,Webマーケコンサル",兵庫県,兵庫県西宮市産所町１５番１３号,2: 10人以上~20人未満,"0: 5,000万円未満",2: 3億円以上~10億円未満,https://www.digiplate.co.jp/,https://www.digiplate.co.jp/sub/contact.html,0798-38-2300,,,,送信成功,2026/07/17,,
ケーディークロート株式会社,医療機器,"電子部品,計測機器・センサー,その他製造,試験機",東京都,東京都大田区大森西２丁目１７番１８号,2: 10人以上~20人未満,"0: 5,000万円未満",2: 3億円以上~10億円未満,http://www.kd-9610.jp/,https://www.kd-9610.jp/inquiry/,03-3763-9610,,,,送信成功,2026/07/17,,
ウィズハッピーシステム株式会社,Webアプリ・サービス運営,"ITコンサル,その他通信",大阪府,大阪府大阪市中央区博労町１丁目９－８堺筋ＭＳ第２ビル８０２号室,2: 10人以上~20人未満,"0: 5,000万円未満",2: 3億円以上~10億円未満,http://www.w-hs.jp/summary.html,http://www.w-hs.jp/summary.html,06-6224-0693,info@w-hs.jp,,,送信不可,, お問い合わせフォーム無し,
株式会社京王歯研,医療機器,,群馬県,群馬県高崎市並榎町６３７番地８,2: 10人以上~20人未満,,2: 3億円以上~10億円未満,https://www.keiou-shiken.com/,https://www.keiou-shiken.com/contact.php,027-327-7474,,,,送信成功,2026/07/17,,
株式会社ＣＴＵ,Webアプリ・サービス運営,"ソフトウェア販売,スマホアプリ,受託開発",大阪府,大阪府大阪市生野区巽中３丁目１３番２２号,2: 10人以上~20人未満,"0: 5,000万円未満",2: 3億円以上~10億円未満,http://www.ctu.co.jp/index.html,https://www.ctu.co.jp/contact/,06-6534-5770,,,,送信成功,2026/07/17,,
株式会社クエイル,Webアプリ・サービス運営,"eコマース,Web制作",鹿児島県,鹿児島県鹿児島市上之園町２５番地４,2: 10人以上~20人未満,"0: 5,000万円未満",2: 3億円以上~10億円未満,https://quail.co.jp/,https://quail.co.jp/contact/,099-295-0284,info@quail.co.jp,,,送信不可,,必須項目の入力ができない（情報不足など）,
株式会社ＥｘａＳｃａｌｅｒ,Webアプリ・サービス運営,,新潟県,新潟県長岡市表町４丁目３番地９,2: 10人以上~20人未満,3: 10億円以上~50億円未満,1: 1億円以上~3億円未満,http://www.exascaler.co.jp,https://www.pezy.co.jp/contact/,03-5577-3835,info@exascaler.co.jp,,,送信成功,2026/07/17,,
ジェイソル・メディカル株式会社,医療機器,"医療機器商社,製薬,受託製造,業務請負,研究・調査・リサーチ",東京都,東京都新宿区下落合２丁目５番１６号,2: 10人以上~20人未満,,2: 3億円以上~10億円未満,https://www.j-sol-medical.co.jp/company/aboutus/,https://www.j-sol-medical.co.jp/contact/,03-6914-4804,,,,送信不可,,文字数制限,
株式会社システムフリージア,Webアプリ・サービス運営,,東京都,東京都千代田区神田佐久間町１丁目８番２号第一阿部ビル,2: 10人以上~20人未満,"0: 5,000万円未満",1: 1億円以上~3億円未満,https://www.sys-freesia.co.jp/company/outline/,https://www.sys-freesia.co.jp/contact/,,,,,送信成功,2026/07/17,,
株式会社ＯＦＡ,Webアプリ・サービス運営,"ITインフラストラクチャー,人材派遣",大阪府,大阪府大阪市淀川区西中島４丁目７番２号,2: 10人以上~20人未満,"0: 5,000万円未満",1: 1億円以上~3億円未満,https://www.ofa.co.jp/,https://www.ofa.co.jp/contact/,06-6101-1754,syseigyo@ofa.co.jp,,,送信成功,2026/07/17,,
会計監査確認センター合同会社,Webアプリ・サービス運営,,千葉県,千葉県千葉市美浜区中瀬２丁目６番地１,2: 10人以上~20人未満,,1: 1億円以上~3億円未満,https://auditconfirmation.co.jp/company.html,https://auditconfirmation.co.jp/contact.html,,,,,送信不可,,必須項目の入力ができない（情報不足など）,
株式会社ヴィレッジ,Webアプリ・サービス運営,,東京都,東京都渋谷区神宮前２丁目２５番４号,2: 10人以上~20人未満,,1: 1億円以上~3億円未満,https://villageinc.co.jp/about/,https://villageinc.co.jp/contact/,,,,,送信不可,,メールに遷移・Googleフォーム,
株式会社ＴＯＤＯＲＯＫＩ,Webアプリ・サービス運営,,東京都,東京都渋谷区東１丁目２５番２号丸橋ビル４階,2: 10人以上~20人未満,"1: 5,000万円以上~3億円未満",1: 1億円以上~3億円未満,https://tdrk-inc.co.jp/,https://tdrk-inc.co.jp/page#contact_tag,,info@tdrk-inc.co.jp,,,送信成功,2026/07/17,,
障害者ドットコム株式会社,Webアプリ・サービス運営,,大阪府,大阪府大阪市城東区鴫野西４丁目１番３３号,2: 10人以上~20人未満,,1: 1億円以上~3億円未満,https://a-style.holdings/group/shogaisha-com/,https://a-style.holdings/contact/,06-6940-7739,,,,送信成功,2026/07/17,,
Ａｎｇｅｌｕｓ　Ｊａｐａｎ株式会社,医療機器,,大阪府,大阪府茨木市下穂積４丁目１３番２０６号,2: 10人以上~20人未満,,2: 3億円以上~10億円未満,https://angelus-japan.co.jp/,https://angelus-japan.co.jp/contact/,072-657-7756,info@angelus-japan.co.jp,,,送信不可,, お問い合わせフォーム無し,
株式会社Ｃｌｅａｒ,Webアプリ・サービス運営,デジタル系コンテンツ,東京都,東京都渋谷区渋谷１丁目１番１６号,2: 10人以上~20人未満,"1: 5,000万円以上~3億円未満",2: 3億円以上~10億円未満,https://clear-inc.net/,https://clear-inc.net/contact,03-6455-3496,info@clear-inc.net,,,送信不可,,送信ボタンを押すことができない・エラー,
株式会社第二章,Webアプリ・サービス運営,,東京都,東京都渋谷区笹塚１丁目５５番７号,2: 10人以上~20人未満,,1: 1億円以上~3億円未満,https://www.dainisyo.com/company/companyoutline/,https://www.dainisyo.com/con_tact/,03-5352-7772,,,,送信成功,2026/07/17,,
ソレアードテクノロジ株式会社,Webアプリ・サービス運営,"受託開発,eコマース",大阪府,大阪府大阪市中央区南船場２丁目１０番１２号,2: 10人以上~20人未満,"0: 5,000万円未満",2: 3億円以上~10億円未満,https://www.soleado-t.co.jp/,https://www.soleado-t.co.jp/,06-6120-6211,webmaster@soleado-t.co.jp,,,送信不可,, お問い合わせフォーム無し,
ゲヒルン株式会社,情報セキュリティ,"クラウド系/SaaS/ASPサービス,その他サービス,ITコンサル,Web制作,Webアプリ・サービス運営",東京都,東京都千代田区九段北１丁目３番６号,2: 10人以上~20人未満,"0: 5,000万円未満",2: 3億円以上~10億円未満,https://www.gehirn.co.jp/company/,https://www.gehirn.co.jp/contact/,03-3263-2203,contact@gehirn.co.jp,,,送信成功,2026/07/17,,
株式会社ＲＥＡ,Webアプリ・サービス運営,,東京都,東京都中央区八丁堀２丁目１４番１号,2: 10人以上~20人未満,,1: 1億円以上~3億円未満,https://rea-fun.com/company/,https://rea-fun.com/contact/,03-6264-1669,,,,送信成功,2026/07/17,,
株式会社えんメディアネット,Webアプリ・サービス運営,,福岡県,福岡県福岡市博多区住吉３丁目１２番１号えん博多ビル,2: 10人以上~20人未満,,0: 1億円未満,https://en-mn.jp/,https://en-mn.jp/contact/,,,,,送信成功,2026/07/17,,
ＦＩＧ株式会社,Webアプリ・サービス運営,,大分県,大分県大分市東大道２丁目５番６０号,2: 10人以上~20人未満,3: 10億円以上~50億円未満,4: 50億円以上~300億円未満,https://www.figinc.jp/corporate/profile/,https://www.figinc.jp/contact/,097-576-8730,,,,送信成功,2026/07/17,,
日本信用情報サービス株式会社,クラウド系/SaaS/ASPサービス,,神奈川県,神奈川県横浜市中区山下町２番地,2: 10人以上~20人未満,"0: 5,000万円未満",2: 3億円以上~10億円未満,https://jcis.co.jp/,https://jcis.co.jp/contact/,,,,,送信成功,2026/07/21,,
ランク王株式会社,Webアプリ・サービス運営,,東京都,東京都渋谷区桜丘町２１番４号渋谷桜丘ビル３Ｆ,2: 10人以上~20人未満,"0: 5,000万円未満",2: 3億円以上~10億円未満,https://rank-king.co.jp/,https://rank-king.co.jp/contact,,,,,送信成功,2026/07/21,,
株式会社みんなシステムズ,Webアプリ・サービス運営,受託開発,長崎県,長崎県佐世保市松浦町５－１３グリーンビル２０５,2: 10人以上~20人未満,"0: 5,000万円未満",2: 3億円以上~10億円未満,https://minna-systems.co.jp/,https://minna-systems.co.jp/contacts/,,info@minna-systems.co.jp,,,送信成功,2026/07/21,,
株式会社ファンリピート,Webアプリ・サービス運営,,東京都,東京都千代田区神田須田町１丁目１２－３アルカディアビル９階,2: 10人以上~20人未満,"0: 5,000万円未満",1: 1億円以上~3億円未満,https://funrepeat.com/,https://funrepeat.com/contact,,contact@funrepeat.com,,,送信成功,2026/07/21,,
株式会社ジュエルケースネット,情報セキュリティ,"ITコンサル,ITインフラストラクチャー,Webアプリ・サービス運営,人材派遣",東京都,東京都品川区西五反田１丁目１１番１号,2: 10人以上~20人未満,,1: 1億円以上~3億円未満,http://www.jewel-case.net/jewel_hp/templates/pages/company_information.html,http://www.jewel-case.net/jewel_hp/templates/pages/contact.html,03-6803-6343,info@jewel-case.net,,,送信不可,, お問い合わせフォーム無し,
株式会社テクサー,Webアプリ・サービス運営,,東京都,東京都多摩市鶴牧１丁目１番地１４コージィーコート２Ｆ１,2: 10人以上~20人未満,"1: 5,000万円以上~3億円未満",1: 1億円以上~3億円未満,https://techsor.co.jp/profile,https://techsor.co.jp/contact,042-400-7582,info@techsor.co.jp,,,送信不可,,URL・記号を含むことができない,
株式会社アプロ総研,Webアプリ・サービス運営,"クラウド系/SaaS/ASPサービス,その他IT",大阪府,大阪府大阪市東成区中本３丁目１７番１０号,2: 10人以上~20人未満,"0: 5,000万円未満",2: 3億円以上~10億円未満,https://www.apro-soken.co.jp/corporate/,http://www.apro-soken.co.jp/inquiry/,,,,,送信成功,2026/07/21,,
ボールドライト株式会社,Webアプリ・サービス運営,その他IT,東京都,東京都港区六本木１丁目６番１号泉ガーデンタワー３７階,2: 10人以上~20人未満,"0: 5,000万円未満",1: 1億円以上~3億円未満,https://boldright.co.jp/about/,https://boldright.co.jp/contact/,,info@boldright.co.jp,,,送信成功,2026/07/21,,
Ｇｌｏｂａｌ　Ｗａｌｋｅｒｓ株式会社,Webアプリ・サービス運営,"コンテンツ制作,その他IT,イベント,ゲーム開発,デジタル系コンテンツ",東京都,東京都品川区西五反田２丁目２５番２号,2: 10人以上~20人未満,"1: 5,000万円以上~3億円未満",2: 3億円以上~10億円未満,https://www.globalwalkers.co.jp/company/,https://docs.google.com/forms/d/e/1FAIpQLSf0IpXGX3o5wdDOd0jEWooCcvEk3GQXYO_iZQ4ZCmfN44c9wg/viewform?usp=sf_link,03-6417-9101,contact@globalwalkers.co.jp,,,送信不可,, お問い合わせフォーム無し,
株式会社学びと成長しくみデザイン研究所,Webアプリ・サービス運営,,兵庫県,兵庫県神戸市兵庫区小松通３丁目３番１３号,2: 10人以上~20人未満,"0: 5,000万円未満",1: 1億円以上~3億円未満,https://manabi-labo.co.jp/company/,https://manabi-labo.co.jp/contact/,078-777-8537,,,,送信不可,,必須項目の入力ができない（情報不足など）,
株式会社ウェブチップス,Webアプリ・サービス運営,"クラウド系/SaaS/ASPサービス,企業研修,受託開発,ソフトウェア販売",徳島県,徳島県徳島市南末広町４番５３号,2: 10人以上~20人未満,"0: 5,000万円未満",1: 1億円以上~3億円未満,https://www.web-tips.co.jp/company/,http://www.web-tips.co.jp/inquiry/,088-678-6619,,,,送信成功,2026/07/21,,
株式会社ＭＡＴＣＨＡ,Webアプリ・サービス運営,"その他マスコミ・出版,デザイン",東京都,東京都中央区東日本橋２丁目２４番９号,2: 10人以上~20人未満,"0: 5,000万円未満",2: 3億円以上~10億円未満,https://company.matcha-jp.com/,https://company.matcha-jp.com/info,,general@matcha-jp.com,,,送信不可,,営業禁止の記載あり,
株式会社テーブルクロス,Webアプリ・サービス運営,,東京都,東京都渋谷区千駄ヶ谷５丁目２７番５号リンクスクエア新宿Ｗｅｗｏｒｋ,2: 10人以上~20人未満,"0: 5,000万円未満",1: 1億円以上~3億円未満,https://tablecross.com/ja/,https://tablecross.com/en/contact-us/,03-4455-4777,info@byfood.com,,,送信成功,2026/07/21,,
Ｂｅａｔｒｕｓｔ株式会社,クラウド系/SaaS/ASPサービス,,東京都,東京都港区赤坂１丁目１４番１４号第３５興和ビル３Ｆ３０６,2: 10人以上~20人未満,,2: 3億円以上~10億円未満,https://corp.beatrust.com/news/office-transfer,https://beatrust.com/contact/,,,,,送信不可,,必須項目の入力ができない（情報不足など）,
ｓｋｙＡＣＥ株式会社,Webアプリ・サービス運営,,東京都,東京都中央区日本橋小伝馬町１８－１,2: 10人以上~20人未満,"0: 5,000万円未満",1: 1億円以上~3億円未満,https://dx.skyace.co.jp/,,03-6264-9922,,,,送信不可,,営業禁止の記載あり,
Ｘ‐ＯＮＥ株式会社,Webアプリ・サービス運営,,東京都,東京都千代田区神田錦町３丁目２０番地,2: 10人以上~20人未満,"1: 5,000万円以上~3億円未満",1: 1億円以上~3億円未満,https://linksports.co.jp/,,,SIA-info@linksports.co.jp,,,送信不可,,別サイトに遷移してしまう・サイトが開けない,
株式会社フェニックス,Webアプリ・サービス運営,"その他サービス,人材派遣,受託開発",愛知県,愛知県名古屋市中区錦１丁目１７番２６号,2: 10人以上~20人未満,,1: 1億円以上~3億円未満,http://phx-net.co.jp/?p=172,http://phx-net.co.jp/?page_id=461,052-228-7658,,,,送信成功,2026/07/21,,
リクロマ株式会社,Webアプリ・サービス運営,,東京都,東京都渋谷区南平台町１番１０号,2: 10人以上~20人未満,,1: 1億円以上~3億円未満,https://rechroma.co.jp,https://rechroma.co.jp/inquiry/,,info@rechroma.co.jp,,,送信成功,2026/07/21,,
株式会社スリービー・ラボラトリーズ,医療機器,その他製造,東京都,東京都渋谷区幡ヶ谷１丁目２番２号京王幡ヶ谷ビル,2: 10人以上~20人未満,"0: 5,000万円未満",2: 3億円以上~10億円未満,https://3b-laboratories.com/,http://3b-lab.jp/contact,03-5309-2801,info@3b-lab.jp,,,送信成功,2026/07/21,,
ＪＥインターナショナル株式会社,Webアプリ・サービス運営,"その他IT,AI",岐阜県,岐阜県岐阜市加納城南通１丁目１９番地,2: 10人以上~20人未満,,2: 3億円以上~10億円未満,https://jeih.co.jp/company/,https://jeih.co.jp/contact/,058-216-1917,,,,送信成功,2026/07/21,,
ヒューフレディ・ジャパン合同会社,医療機器,"セミナー,企業研修",東京都,東京都千代田区外神田６丁目１３番１０号,2: 10人以上~20人未満,,2: 3億円以上~10億円未満,https://www.hu-friedy.co.jp/about,https://www.hu-friedy.co.jp/contact/feedback,03-4550-0660,hfjcares@hu-friedy.com,,,送信不可,, お問い合わせフォーム無し,
合同会社ライアットゲームズ,ゲーム開発,"ソーシャルゲーム・スマホゲーム,その他ゲーム,イベント",東京都,東京都港区六本木６丁目１０番１号六本木ヒルズ森タワー,2: 10人以上~20人未満,,3: 10億円以上~50億円未満,https://www.riotgames.com/ja/commercial-transactions,,03-4510-2348,supportjp@riotgames.com,,,送信不可,, お問い合わせフォーム無し,
株式会社ＤＩＲＩＧＩＯ,Webアプリ・サービス運営,その他サービス,東京都,東京都目黒区中目黒１丁目１番１７号,2: 10人以上~20人未満,,1: 1億円以上~3億円未満,http://dirigio.jp/index.html,https://docs.google.com/forms/d/e/1FAIpQLSfKxCDEk_XyA_W66z1Cg-ish3xDc6ztC6tU3IWHplORxeipyg/viewform,,,,,送信成功,2026/07/21,,
オンワ株式会社,医療機器,,埼玉県,埼玉県飯能市緑町３番地７,2: 10人以上~20人未満,,2: 3億円以上~10億円未満,http://onwa.co.jp/,https://www.hochoki-store.com/contact/,042-971-3567,,,,送信不可,, お問い合わせフォーム無し,
株式会社ブレイブテクノロジー,Webアプリ・サービス運営,受託開発,大阪府,大阪府大阪市北区堂山町１番５号,2: 10人以上~20人未満,"0: 5,000万円未満",1: 1億円以上~3億円未満,https://bravetechnology.co.jp/,https://bravetechnology.co.jp/contact/,050-3627-6888,contact@bravetechnology.co.jp,,,送信成功,2026/07/21,,
株式会社レジェンド,Webアプリ・サービス運営,"電子部品,その他製造",奈良県,奈良県生駒郡斑鳩町興留６丁目１５番６号,2: 10人以上~20人未満,,2: 3億円以上~10億円未満,https://www.legend-jp.com/index.html,https://www.legend-jp.com/index.html,0745-44-8050,info@legend-jp.com,,,送信成功,2026/07/21,,
株式会社メディカル・イズシー,Webアプリ・サービス運営,"医療機器,ITコンサル,医療コンサル",長崎県,長崎県佐世保市卸本町３番地,2: 10人以上~20人未満,"0: 5,000万円未満",2: 3億円以上~10億円未満,https://medicalisc.co.jp/,https://medicalisc.co.jp/contact,0956-33-7711,,,,送信不可,,営業禁止の記載あり,
株式会社スカイシステム,Webアプリ・サービス運営,,東京都,東京都中央区日本橋人形町３丁目１番１７号,2: 10人以上~20人未満,"0: 5,000万円未満",1: 1億円以上~3億円未満,https://www.sky-system.net/company/infomation.html,http://www.sky-system.net/contact/form.html,03-5847-3551,,,,送信成功,2026/07/21,,
株式会社ＤＥＥＣＨ,Webアプリ・サービス運営,"展示会・販促イベント,CM制作・映像制作,Web制作,広告制作,イベント,業務請負,経営コンサル,その他建設・工事",東京都,東京都千代田区内幸町２丁目１番６号日比谷パークフロント１９Ｆ,2: 10人以上~20人未満,"0: 5,000万円未満",2: 3億円以上~10億円未満,https://deech.co.jp/company/,https://deech.co.jp/contact/,03-3665-5070,info@deech.co.jp,,,送信不可,,文字数制限,
株式会社Ｇｎｚｏ,Webアプリ・サービス運営,,神奈川県,神奈川県横浜市青葉区美しが丘４丁目５４番地６,2: 10人以上~20人未満,"1: 5,000万円以上~3億円未満",1: 1億円以上~3億円未満,https://gnzo.com/aboutus.html,,045-909-1137,info@gnzo.com,,,送信不可,, お問い合わせフォーム無し,
株式会社ベストエンタープライズ,Webアプリ・サービス運営,"ITコンサル,eコマース,経営コンサル",埼玉県,埼玉県さいたま市南区南浦和２丁目３９－２第一大雄ビル７０２,2: 10人以上~20人未満,"0: 5,000万円未満",2: 3億円以上~10億円未満,http://b-ent.co.jp/index.html,,090-5807-5264,info@b-ent.co.jp,,,送信不可,, お問い合わせフォーム無し,
株式会社ブランコ・ジャパン,Webアプリ・サービス運営,情報セキュリティ,東京都,東京都港区南青山２丁目２３番８号外苑ビル５Ｆ,2: 10人以上~20人未満,"0: 5,000万円未満",2: 3億円以上~10億円未満,https://www.blancco.com/ja,https://blancco.com/ja/contact-us/,03-5772-7491,sales.japan@blancco.com,,,送信成功,2026/07/21,,
合同会社リトルプロパティ,Webアプリ・サービス運営,スマホアプリ,東京都,東京都荒川区西日暮里５丁目１番１９号,2: 10人以上~20人未満,"0: 5,000万円未満",2: 3億円以上~10億円未満,https://litopro.co.jp/,https://litopro.co.jp/contact/,,,,,送信成功,2026/07/21,,
ＤｉＣＥ　ＪＡＰＡＮ株式会社,Webアプリ・サービス運営,業務請負,大阪府,大阪府大阪市西区江戸堀１丁目２３番１９号グランビルド江戸堀７０６,2: 10人以上~20人未満,,1: 1億円以上~3億円未満,http://psy-cholo.com,https://dicejapan.co.jp/contact/,,,,,送信成功,2026/07/21,,
株式会社ウイング,Webアプリ・サービス運営,,愛知県,愛知県名古屋市中村区名駅南１丁目２４－２０,2: 10人以上~20人未満,,1: 1億円以上~3億円未満,http://www.wing-corp.co.jp/company/company_profile.html,http://www.wing-corp.co.jp/inquiry/index.html,052-684-9906,info@wing-corp.co.jp,,,送信不可,,メールに遷移・Googleフォーム,
株式会社クラスココンサルファーム,クラウド系/SaaS/ASPサービス,,石川県,石川県金沢市西念４丁目２４番２１号,2: 10人以上~20人未満,,2: 3億円以上~10億円未満,https://www.crasco.jp/company/outline/,,,,,,送信不可,, お問い合わせフォーム無し,
Ｗｅｅｋｌｙ＆Ｍｏｎｔｈｌｙ株式会社,クラウド系/SaaS/ASPサービス,不動産賃貸・仲介,北海道,北海道札幌市北区北六条西１丁目３番地８,2: 10人以上~20人未満,,2: 3億円以上~10億円未満,https://weeklyandmonthly.co.jp/company/outline/,https://weeklyandmonthly.co.jp/contact/,,info@weeklyandmonthly.com,,,送信不可,,営業禁止の記載あり,
株式会社ネストピ,ゲーム開発,,東京都,東京都台東区浅草橋１丁目１０番６号,2: 10人以上~20人未満,"0: 5,000万円未満",1: 1億円以上~3億円未満,https://www.nestopi.co.jp/company,https://www.nestopi.co.jp/contact,03-5829-8602,,,,送信成功,2026/07/21,,
株式会社ローンディール,Webアプリ・サービス運営,,東京都,東京都港区北青山３丁目６番２３号,2: 10人以上~20人未満,"0: 5,000万円未満",1: 1億円以上~3億円未満,https://loandeal.jp/,,03-6427-1121,contact@outsight.jp,,,送信不可,,必須項目の入力ができない（情報不足など）,
株式会社ロボネット・コミュニケーションズ,Webアプリ・サービス運営,"ソフトウェア販売,各種スクール・教室,受託開発,その他機械,IT系教育",鹿児島県,鹿児島県鹿屋市白崎町２番８号のだビル２０４号,2: 10人以上~20人未満,"0: 5,000万円未満",2: 3億円以上~10億円未満,https://robonet-c.jp/about.html,http://robonet-c.jp/script/mailform/dev/,0994-45-6107,,,,送信成功,2026/07/21,,
株式会社トビライズ,Webアプリ・サービス運営,"その他IT,Webアプリ・サービス運営,Webマーケコンサル,Web制作,出版",東京都,東京都新宿区新小川町１番１４号飯田橋リープレックスビズ５Ｆ,2: 10人以上~20人未満,"0: 5,000万円未満",2: 3億円以上~10億円未満,https://tobirais.co.jp/about,https://tobirais.co.jp/contact,03-6457-4439,,,,送信成功,2026/07/21,,
株式会社ＺｅＱ,クラウド系/SaaS/ASPサービス,,東京都,東京都中央区銀座７丁目１４番１６号太陽銀座ビル４Ｆ,2: 10人以上~20人未満,,2: 3億円以上~10億円未満,https://zeq.co.jp/,https://zeq.co.jp/contact?hsCtaTracking=fee55769-149d-4534-9dfc-2b15ed8717fd%7C3169d1de-d4c4-4391-9996-3641505c12ef,,contact@zeq.co.jp,,,送信成功,2026/07/21,,
株式会社カミナリゲームス,ゲーム開発,"受託開発,デジタル系コンテンツ",東京都,東京都台東区台東２丁目７番１号安藤ビル８Ｆ,2: 10人以上~20人未満,"0: 5,000万円未満",2: 3億円以上~10億円未満,https://kaminarigames.com/company/,,,info@kaminarigames.com,,,送信不可,, お問い合わせフォーム無し,
イベントレジスト株式会社,Webアプリ・サービス運営,イベント,東京都,東京都渋谷区千駄ヶ谷１丁目２１番地６号,2: 10人以上~20人未満,"0: 5,000万円未満",2: 3億円以上~10億円未満,https://eventregist.jp/company/,,03-6869-5592,contact@eventregist.com,,,送信不可,,必須項目の入力ができない（情報不足など）,
株式会社ＰｒｍａＣｅｅｄ,Webアプリ・サービス運営,Webマーケコンサル,東京都,東京都渋谷区神宮前２丁目１８番１９号,2: 10人以上~20人未満,"0: 5,000万円未満",2: 3億円以上~10億円未満,https://prmaceed.co.jp/,https://www.prmaceed.co.jp/contact/,03-5357-7501,contact@prmaceed.co.jp,,,送信成功,2026/07/17,,
株式会社トピカ,Webアプリ・サービス運営,,東京都,東京都千代田区有楽町２丁目２番１号,2: 10人以上~20人未満,,1: 1億円以上~3億円未満,https://topica.co.jp/company,,,info@topica.co.jp,,,送信不可,,必須項目の入力ができない（情報不足など）,
株式会社ＳＥＫＡＩＳＨＡ,クラウド系/SaaS/ASPサービス,,東京都,東京都渋谷区恵比寿１丁目１９番１９号,2: 10人以上~20人未満,,2: 3億円以上~10億円未満,https://sekaisha.co.jp,https://sekaisha.co.jp/contact/,,contact@jr-biz-academy.com,,,送信不可,, お問い合わせフォーム無し,
株式会社リスミィ,Webアプリ・サービス運営,,大阪府,大阪府大阪市淀川区西中島５丁目１４番２２号リクルート新大阪ビル３Ｆ,2: 10人以上~20人未満,,2: 3億円以上~10億円未満,https://corp.lismi.jp/,https://corp.lismi.jp/inquiry.html,,,,,送信成功,2026/07/17,,
株式会社サイア,Webアプリ・サービス運営,"ITコンサル,ITインフラストラクチャー",東京都,東京都港区新橋２丁目２０番１５号,2: 10人以上~20人未満,"0: 5,000万円未満",1: 1億円以上~3億円未満,https://www.sire.co.jp/,,03-5671-5250,info@sire.co.jp,,,送信不可,, お問い合わせフォーム無し,
株式会社ＬＴＶ－Ｘ,クラウド系/SaaS/ASPサービス,"その他IT,Webアプリ・サービス運営",東京都,東京都港区芝５丁目１３番１８号,2: 10人以上~20人未満,"1: 5,000万円以上~3億円未満",2: 3億円以上~10億円未満,https://ltv-x.jp/,https://coreforth.jp/contact/,03-6432-4915,support@ltv-x.jp,,,送信成功,2026/07/17,,
株式会社ＡＭＡＮＥ,クラウド系/SaaS/ASPサービス,その他IT,東京都,東京都港区芝大門１丁目２番１４号,2: 10人以上~20人未満,,2: 3億円以上~10億円未満,https://amane.ltd/about/,https://amane.ltd/inquiry-casestudy/,,info@amane.ltd,,,送信不可,,必須項目の入力ができない（情報不足など）,
株式会社一矢,Webアプリ・サービス運営,,東京都,東京都渋谷区恵比寿南２丁目１３‐９美芳ビル４階,2: 10人以上~20人未満,,1: 1億円以上~3億円未満,https://ichinoyallc.jp/,https://ichinoyallc.jp/contact/,,,,,送信成功,2026/07/17,,
株式会社ベクティス,クラウド系/SaaS/ASPサービス,その他IT,東京都,東京都渋谷区神宮前６丁目２８－９東武ビル６Ｆ,2: 10人以上~20人未満,"0: 5,000万円未満",2: 3億円以上~10億円未満,https://vectis.co.jp,https://vectis.co.jp/contact/,,,,,送信成功,2026/07/17,,
株式会社Ｓｐｉｒ,Webアプリ・サービス運営,クラウド系/SaaS/ASPサービス,東京都,東京都中央区日本橋人形町３丁目３－５天翔日本橋人形町ビル８０１,2: 10人以上~20人未満,,1: 1億円以上~3億円未満,https://www.spirinc.com/about,,,info@spirinc.com,,,送信不可,, お問い合わせフォーム無し,
カクトク株式会社,クラウド系/SaaS/ASPサービス,"Webアプリ・サービス運営,デジタル系コンテンツ,組織コンサル",大分県,大分県別府市田の湯町３番７号アライアンスタワーＺ４階,2: 10人以上~20人未満,,1: 1億円以上~3億円未満,https://kakutoku.jp/,https://lp.kakutoku.jp/toiawase,,info@kakutoku.co.jp,,,送信不可,, お問い合わせフォーム無し,
株式会社一撃,Webアプリ・サービス運営,"セミナー,デザイン",東京都,東京都中央区日本橋人形町２丁目２０番６号ＫＭビル２階－Ｂ号室,2: 10人以上~20人未満,"0: 5,000万円未満",2: 3億円以上~10億円未満,https://1geki.co.jp/company/,https://1geki.co.jp/contact/,03-5846-9364,,,,送信成功,2026/07/17,,
株式会社ＣＲＥＡＶＥ,Webアプリ・サービス運営,スマホアプリ,東京都,東京都千代田区平河町２丁目５番３号,2: 10人以上~20人未満,"0: 5,000万円未満",2: 3億円以上~10億円未満,https://creave.co.jp/company#overview,https://snapmart.jp/inquiries,050-6861-5101,info@creave.jp,,,送信不可,,必須項目の入力ができない（情報不足など）,
株式会社プラス精工,医療機器,"医療機器商社,プラスチック製品・樹脂製品,金型製造",栃木県,栃木県下野市下古山２２４５番地４,2: 10人以上~20人未満,"0: 5,000万円未満",2: 3億円以上~10億円未満,,,0285-38-8707,,,,送信不可,, お問い合わせフォーム無し,ℍP無し
株式会社ＪｏｂＲａｉｎｂｏｗ,Webアプリ・サービス運営,"経営コンサル,展示会・販促イベント,デザイン",東京都,東京都千代田区神田小川町１丁目８番３号,2: 10人以上~20人未満,"0: 5,000万円未満",2: 3億円以上~10億円未満,https://corp.jobrainbow.jp/company,https://jobrainbow.jp/corp/contact,,hello@jobrainbow.net,,,送信成功,2026/07/17,,
株式会社アクティビティジャパン,Webアプリ・サービス運営,,東京都,東京都新宿区四ツ谷一丁目２２番５号ＷＥＳＴＡＬＬ四谷ビル２階,2: 10人以上~20人未満,"1: 5,000万円以上~3億円未満",2: 3億円以上~10億円未満,http://activityjapan.co.jp,https://activityjapan.com/user/inquiry/index/06,03-6894-1515,support@activityjapan.com,,,送信不可,, お問い合わせフォーム無し,
株式会社ライフベア,Webアプリ・サービス運営,,東京都,東京都渋谷区桜丘町２３番１７号シティコート桜丘４０８,2: 10人以上~20人未満,"1: 5,000万円以上~3億円未満",1: 1億円以上~3億円未満,http://lifebear.com,,,info@lifebear.com,,,送信不可,, お問い合わせフォーム無し,
デヴィコア・メディカル・ジャパン株式会社,医療機器,,東京都,東京都新宿区高田馬場１丁目２９番９号東亜ＤＫＫ株式会社別館オフィスビル７階,2: 10人以上~20人未満,"1: 5,000万円以上~3億円未満",2: 3億円以上~10億円未満,http://devicormedicaljapan.jp/index.html,,03-6205-6951,,,,送信不可,, お問い合わせフォーム無し,
ユナイテッド・ヘルスコミュニケーション株式会社,Webアプリ・サービス運営,ITコンサル,東京都,東京都中央区東日本橋１丁目１番９号備広東日本橋ビルⅢ３Ｆ,2: 10人以上~20人未満,,1: 1億円以上~3億円未満,https://www.uhc.jp/index.html,https://wity.tokyo/contact/,03-6661-1154,contact@uhc.jp,,,送信成功,2026/07/17,,
Ｈｏｌｏｅｙｅｓ株式会社,医療機器,"セミナー,Webアプリ・サービス運営",東京都,東京都港区南青山２丁目１７番３号モーリンビル３０３,2: 10人以上~20人未満,,2: 3億円以上~10億円未満,https://holoeyes.jp/,https://forms.gle/ybntyoG3bi1HRhbk6,,info@holoeyes.jp,,,送信不可,,営業禁止の記載あり,
株式会社エッジコネクト,Webアプリ・サービス運営,"ITインフラストラクチャー,受託開発",東京都,東京都中央区築地７丁目１０番２号築地小川ビル３階,2: 10人以上~20人未満,,1: 1億円以上~3億円未満,https://edge-con.co.jp/,,03-4500-1006,,,,送信不可,,送信ボタンを押すことができない・エラー,
Ｚｅｎｍｏｖ株式会社,Webアプリ・サービス運営,その他IT,東京都,東京都目黒区下目黒１丁目８番１号アルコタワー７階,2: 10人以上~20人未満,,2: 3億円以上~10億円未満,https://www.zenmov.com,https://zenmov.com/contact/,,,,,送信成功,2026/07/17,,
ハイネスソリューションズ株式会社,Webアプリ・サービス運営,,東京都,東京都台東区浅草橋３丁目２０番１５号,2: 10人以上~20人未満,"0: 5,000万円未満",1: 1億円以上~3億円未満,https://kj-hns.co.jp/company/,https://www.kj-hns.com/contact/index.php,03-3861-7588,mshimada@kj-hns.com,,,送信成功,2026/07/17,,
ウィズデスク株式会社,Webアプリ・サービス運営,その他IT,東京都,東京都品川区西五反田１丁目２７番５号,2: 10人以上~20人未満,,2: 3億円以上~10億円未満,https://www.withdesk.com/company,,,,,,送信成功,2026/07/17,,
ホリデー株式会社,Webアプリ・サービス運営,,東京都,東京都渋谷区桜丘町１８番６号,2: 10人以上~20人未満,"1: 5,000万円以上~3億円未満",2: 3億円以上~10億円未満,https://to.haveagood.holiday/,https://haveagood.holiday/contact,,,,,送信不可,, お問い合わせフォーム無し,
株式会社アイ・ブレインサイエンス,医療機器,,大阪府,大阪府吹田市山田丘２番８号,2: 10人以上~20人未満,"1: 5,000万円以上~3億円未満",2: 3億円以上~10億円未満,https://www.ai-brainscience.co.jp/company-overview/,,06-4798-5777,info@ai-brainscience.co.jp,,,送信不可,, お問い合わせフォーム無し,
株式会社ＣＴＤ,Webアプリ・サービス運営,ITインフラストラクチャー,東京都,東京都中央区八丁堀２丁目８番１号,2: 10人以上~20人未満,"0: 5,000万円未満",1: 1億円以上~3億円未満,https://ctd-c.co.jp/,https://ctd-c.co.jp/contact_us/,03-6240-9925,,,,送信成功,2026/07/17,,
株式会社ヒトクセ,Webアプリ・サービス運営,"クラウド系/SaaS/ASPサービス,Webマーケコンサル,その他広告・制作,総合広告代理店",東京都,東京都新宿区西新宿６丁目１５番１号セントラルパークタワー・ラ・トゥール新宿７０１号室,2: 10人以上~20人未満,"1: 5,000万円以上~3億円未満",2: 3億円以上~10億円未満,https://hitokuse.com/corporate/,,03-6279-4421,mail@hitokuse.com,,,送信不可,, お問い合わせフォーム無し,
アエスト株式会社,Webアプリ・サービス運営,"スマホアプリ,デザイン,受託開発,Web制作,求人媒体運営・求人情報誌出版",東京都,東京都千代田区神田佐久間町３丁目２７－３ガーデンパークビル２階,2: 10人以上~20人未満,"0: 5,000万円未満",2: 3億円以上~10億円未満,https://ae-st.com,https://ae-st.com/,03-5809-3234,sales@ae-st.com,,,送信成功,2026/07/17,,
バクテクス株式会社,医療機器,,埼玉県,埼玉県鶴ヶ島市大字脚折１８５５番地２,2: 10人以上~20人未満,,2: 3億円以上~10億円未満,https://baqtex.com/company/,,,,,,送信成功,2026/07/17,,
株式会社テクノロジーズ,クラウド系/SaaS/ASPサービス,,東京都,東京都港区白金１丁目２７番６号,2: 10人以上~20人未満,2: 3億円以上~10億円未満,4: 50億円以上~300億円未満,https://technologies-group.co.jp/about-us/,,,,,,送信成功,2026/07/17,,
株式会社アドバン,Webアプリ・サービス運営,"ITインフラストラクチャー,Webマーケコンサル",東京都,東京都品川区西五反田１丁目２－１０ＣＩＲＣＬＥＳ五反田１１Ｆ,2: 10人以上~20人未満,"0: 5,000万円未満",1: 1億円以上~3億円未満,https://ad-van.co.jp/company/outline/,https://ad-van.co.jp/contact/,03-5475-2839,tanaka@ad-van.co.jp,,,送信成功,2026/07/17,,
株式会社ワールドフォースインターナショナル,Webアプリ・サービス運営,"焼肉・ステーキ,デザイン",東京都,東京都文京区後楽２丁目２０番１６号後楽２丁目ビル５階,2: 10人以上~20人未満,"1: 5,000万円以上~3億円未満",2: 3億円以上~10億円未満,https://www.wfi.co.jp/,http://wfi.co.jp/contact/,04-2945-2482,info@wfi.co.jp,,,送信成功,2026/07/17,,
株式会社エイミー,Webアプリ・サービス運営,,大阪府,大阪府大阪市城東区蒲生１丁目１２－１０京橋アドバンス２１－２Ｆ,2: 10人以上~20人未満,"0: 5,000万円未満",1: 1億円以上~3億円未満,http://www.amiei.co.jp/access/,http://www.amiei.co.jp/contact/,06-6809-2380,info@amiei.co.jp,,,送信不可,, お問い合わせフォーム無し,HPなし
アイパブリッシング株式会社,Webアプリ・サービス運営,"スマホアプリ,ソーシャルゲーム・スマホゲーム",石川県,石川県金沢市黒田１丁目２７６番地１,2: 10人以上~20人未満,,2: 3億円以上~10億円未満,https://www.ipublishing.jp/,https://www.ipublishing.jp/inquiry/,076-282-9426,info@ipublishing.jp,,,送信成功,2026/07/17,,
株式会社リリー,Webアプリ・サービス運営,"Web制作,デザイン,その他広告・制作,受託開発",鹿児島県,鹿児島県鹿児島市高麗町２７番１９号,2: 10人以上~20人未満,"0: 5,000万円未満",2: 3億円以上~10億円未満,https://www.lilli.co.jp/corporate,https://www.lilli.co.jp/contact,099-230-0848,info@lilli.co.jp,,,送信成功,2026/07/17,,
ＷｉｚＢｉｚ株式会社,Webアプリ・サービス運営,"その他サービス,広告制作,総合広告代理店",東京都,東京都港区芝５丁目１６番７号,2: 10人以上~20人未満,"0: 5,000万円未満",2: 3億円以上~10億円未満,https://wizbiz.jp/,https://wizbiz.jp/contact/,03-6809-3845,wb_cds@wizbiz.jp,,,送信成功,2026/07/17,,
株式会社光聖,Webアプリ・サービス運営,,埼玉県,埼玉県白岡市西１０丁目１６－９,2: 10人以上~20人未満,,1: 1億円以上~3億円未満,https://reien-saitama.com/,,,,,,送信不可,, お問い合わせフォーム無し,HPなし
株式会社Ｒｅｖｉｅｗ,Webアプリ・サービス運営,,大阪府,大阪府大阪市中央区瓦町４丁目４番７号,2: 10人以上~20人未満,,1: 1億円以上~3億円未満,https://re-view.jp/company/,https://re-view.jp/contact/,,,,,送信成功,2026/07/17,,
ストリクス株式会社,Webアプリ・サービス運営,"デジタル系コンテンツ,Web制作",東京都,東京都千代田区神田三崎町３丁目１番１６号,2: 10人以上~20人未満,"0: 5,000万円未満",2: 3億円以上~10億円未満,https://strix-inc.jp/company/,,03-6809-0034,info@strix-inc.jp,,,送信成功,2026/07/17,,
エルアンドエル・ビクターエンタテインメント株式会社,ゲーム開発,"芸能プロダクション・タレント,イベント,Webアプリ・サービス運営",東京都,東京都渋谷区東１丁目２番２０号,2: 10人以上~20人未満,"0: 5,000万円未満",2: 3億円以上~10億円未満,https://llvictor.com/,http://llvictor.com/contact/privacypolicy.html,03-6433-5422,info4@llvictor.com,,,送信成功,2026/07/17,,
株式会社Ｇｅｍｃｏｏｋ,Webアプリ・サービス運営,その他IT,大阪府,大阪府大阪市北区大淀南１丁目１１番１６号大都ビル５Ｆ,2: 10人以上~20人未満,"0: 5,000万円未満",2: 3億円以上~10億円未満,https://gemcook.com/company,,,,,,送信成功,2026/07/17,,
ＭＥＧＡＺＯＮＥ株式会社,クラウド系/SaaS/ASPサービス,ITコンサル,東京都,東京都港区赤坂３丁目１７番３号,2: 10人以上~20人未満,,2: 3億円以上~10億円未満,https://www.megazonejapan.jp/,https://www.megazonejapan.jp/jp/about/contact,,,,,送信不可,,必須項目の入力ができない（情報不足など）,
バーセタル株式会社,Webアプリ・サービス運営,"その他IT,Webマーケコンサル,ITインフラストラクチャー",東京都,東京都渋谷区神宮前６丁目１８番５号鷹羽ビル５階,2: 10人以上~20人未満,"0: 5,000万円未満",2: 3億円以上~10億円未満,http://versetal.com,http://versetal.com/contact.html,03-6419-7989,info@versetal.com,,,送信不可,, お問い合わせフォーム無し,
株式会社オーシャンアイズ,Webアプリ・サービス運営,,京都府,京都府京都市中京区占出山町３０８番地山忠ビル２６号室,2: 10人以上~20人未満,,1: 1億円以上~3億円未満,https://ocean-eyes.jp/about_us,https://oceaneyes.co.jp/contact,,info@oceaneyes.co.jp,,,送信成功,2026/07/17,,
株式会社快心クリーン,Webアプリ・サービス運営,,福島県,福島県いわき市桜ケ丘２丁目６０番地,2: 10人以上~20人未満,,1: 1億円以上~3億円未満,https://www.kaisinkurin.com/,,0246-43-6534,,,,送信成功,2026/07/17,,
Ｍｉｒｏｋｕ　Ｗｅｂｃａｓｈ　Ｉｎｔｅｒｎａｔｉｏｎａｌ株式会社,Webアプリ・サービス運営,"デザイン,その他金融関連サービス",東京都,東京都新宿区四谷４丁目３０番地１３クロスシー新宿御苑前ビル７階,2: 10人以上~20人未満,"1: 5,000万円以上~3億円未満",2: 3億円以上~10億円未満,https://www.369webcash.com/company,https://www.369webcash.com/contact,03-5846-9625,priv@369webcash.com,,,送信成功,2026/07/17,,
株式会社コンプケアデータソリューション,Webアプリ・サービス運営,,新潟県,新潟県三条市荒町２丁目１５番１６号,2: 10人以上~20人未満,"0: 5,000万円未満",1: 1億円以上~3億円未満,https://compcare-ds.co.jp/index.html,,,,,,送信不可,, お問い合わせフォーム無し,
株式会社Ｐａｙｋｅ,Webアプリ・サービス運営,"その他コンサル,販促コンサル",沖縄県,沖縄県那覇市真嘉比２丁目５番１６号,2: 10人以上~20人未満,"1: 5,000万円以上~3億円未満",2: 3億円以上~10億円未満,https://payke.co.jp/company,https://payke.co.jp/contact,098-943-7308,info@payke.co.jp,,,送信成功,2026/07/17,,
Ｄｉａｌｐａｄ　Ｊａｐａｎ株式会社,クラウド系/SaaS/ASPサービス,,東京都,東京都渋谷区渋谷２丁目９番８号,2: 10人以上~20人未満,,2: 3億円以上~10億円未満,https://www.dialpad.co.jp/,https://www.dialpad.co.jp/contact-center,050-1748-7700,japan@dialpad.com,,,送信不可,, お問い合わせフォーム無し,HPなし
ｅｃｂｏ株式会社,Webアプリ・サービス運営,スマホアプリ,東京都,東京都渋谷区道玄坂１丁目７番１号渋谷グローリアビル２階,2: 10人以上~20人未満,"0: 5,000万円未満",2: 3億円以上~10億円未満,https://ecbo.io/about/,https://ecbo.io/contact/,03-4405-8929,info@ecbo.io,,,送信成功,2026/07/17,,
株式会社ガロア,Webアプリ・サービス運営,"ITコンサル,求人媒体運営・求人情報誌出版",東京都,東京都港区六本木６丁目１０番１号,2: 10人以上~20人未満,"0: 5,000万円未満",1: 1億円以上~3億円未満,https://www.galoisjapan.com/company/,https://www.galoisjapan.com/contact/,03-6380-4808,privacy@galoisjapan.com,,,送信成功,2026/07/17,,
テクノ・エリート株式会社,Webアプリ・サービス運営,"コンテンツ制作,動画制作・CG制作,受託開発,ゲーム開発",千葉県,千葉県千葉市美浜区幕張西４丁目１番１４－４０６号,2: 10人以上~20人未満,"0: 5,000万円未満",3: 10億円以上~50億円未満,http://t-elite.com/,http://t-elite.com/contact.html,03-6264-8847,info@t-elite.com,,,送信成功,2026/07/17,,
株式会社クラウドクリエイティブスタジオ,ゲーム開発,ソフトウェア販売,京都府,京都府京都市下京区寺町通松原下る植松町７３３番地河原町ＮＮＮビル６Ｆ,2: 10人以上~20人未満,"0: 5,000万円未満",2: 3億円以上~10億円未満,http://cloud-creative-studios.com/company,http://cloud-creative-studios.com/contact,075-257-7743,info@cloud-creative-studios.com,,,送信成功,2026/07/17,,
株式会社ＡＥＧＩＳ　ＧＲＯＵＰ,Webアプリ・サービス運営,,東京都,東京都渋谷区円山町２０番１号新大宗道玄坂上ビル９階,2: 10人以上~20人未満,,1: 1億円以上~3億円未満,https://www.one-carat.com/,,,,,,送信不可,, お問い合わせフォーム無し,
メガトレンド情報技術株式会社,Webアプリ・サービス運営,"ソフトウェア販売,ITインフラストラクチャー",静岡県,静岡県沼津市御幸町２３番３５号ＭＴＩＴビル,2: 10人以上~20人未満,"0: 5,000万円未満",1: 1億円以上~3億円未満,https://www.mt-it.co.jp/,https://www.mt-it.co.jp/contact,055-946-5215,request@mt-it.co.jp,,,送信成功,2026/07/17,,
Ｇｅｎｏｍｅｄｉａ株式会社,クラウド系/SaaS/ASPサービス,その他サービス,東京都,東京都文京区本郷４丁目１番４号,2: 10人以上~20人未満,,2: 3億円以上~10億円未満,https://genomedia.jp/company,https://genomedia.jp/contact,,,,,送信成功,2026/07/17,,
コロンブス・メディア株式会社,Webアプリ・サービス運営,"経営コンサル,広告制作,デジタル系コンテンツ,イベント",東京都,東京都台東区東上野３丁目１５番１２号エムプレイス東上野４階,2: 10人以上~20人未満,"0: 5,000万円未満",2: 3億円以上~10億円未満,http://www.djxqnjp.com/index.php/companyprofile/,,03-6257-1896,,,,送信成功,2026/07/17,,
株式会社ソルブメディア,Webアプリ・サービス運営,,千葉県,千葉県千葉市中央区新田町５番１０号－５０２,2: 10人以上~20人未満,"0: 5,000万円未満",1: 1億円以上~3億円未満,https://solve-media.com/,,,,,,送信不可,, お問い合わせフォーム無し,
株式会社サパナ,Webアプリ・サービス運営,ITコンサル,東京都,東京都品川区南品川２丁目４－１品川ＹＭＤビル９階,2: 10人以上~20人未満,"0: 5,000万円未満",1: 1億円以上~3億円未満,https://www.sapana.co.jp/,https://willcloud.jp/form/,03-6433-1303,info@sapana.co.jp,,,送信不可,,必須項目の入力ができない（情報不足など）,
株式会社ｅｎｓｔｅｍ,Webアプリ・サービス運営,,東京都,東京都中央区日本橋浜町３丁目２３番１号ＡＣＮ日本橋リバーサイドビル３階,2: 10人以上~20人未満,"1: 5,000万円以上~3億円未満",1: 1億円以上~3億円未満,https://en-stem.co.jp/,https://forms.gle/e7cE5ek1CcwXvZKN6,,info@en-stem.co.jp,,,送信成功,2026/07/17,,
株式会社ＣａｓｔｉｎｇＯＮＥ,クラウド系/SaaS/ASPサービス,"その他IT,その他広告・制作",東京都,東京都千代田区平河町１丁目６番１５号,2: 10人以上~20人未満,"1: 5,000万円以上~3億円未満",2: 3億円以上~10億円未満,https://casting-one.jp/,https://casting-one.jp/contact/,,info@casting-one.jp,,,送信成功,2026/07/17,,
モリカトロン株式会社,Webアプリ・サービス運営,AI,東京都,東京都新宿区新宿１丁目９番２号ナリコマＨＤ新宿ビル７Ｆ,2: 10人以上~20人未満,,1: 1億円以上~3億円未満,https://morikatron.com/about/,https://morikatron.com/#contact,,info@morikatron.om,,,送信成功,2026/07/17,,
株式会社イイネクサス,Webアプリ・サービス運営,"ITコンサル,ゲーム開発,人材紹介,人材派遣",東京都,東京都千代田区麹町４丁目８番１号,2: 10人以上~20人未満,"1: 5,000万円以上~3億円未満",1: 1億円以上~3億円未満,http://www.iinexus.com/,https://www.iinexus.com/jp/contact,03-6206-8931,info@iinexus.com,,,送信成功,2026/07/17,,
株式会社しごととすまい,Webアプリ・サービス運営,,神奈川県,神奈川県横浜市南区井土ケ谷下町６－１リバーサイド１Ｆ,2: 10人以上~20人未満,,1: 1億円以上~3億円未満,https://shigosuma.com/,,,,,,送信不可,, お問い合わせフォーム無し,HPなし
トレーダム株式会社,Webアプリ・サービス運営,"クラウド系/SaaS/ASPサービス,ITコンサル,Webマーケコンサル",東京都,東京都千代田区大手町１丁目６番１号,2: 10人以上~20人未満,2: 3億円以上~10億円未満,1: 1億円以上~3億円未満,https://www.tradom.jp/company/corporate-information,http://gfit.co.jp/contact/,03-6869-6545,support@tradom.jp,,,送信不可,, お問い合わせフォーム無し,
株式会社ＤＥＰＡＲＴＵＲＥ,Webアプリ・サービス運営,,東京都,東京都新宿区西新宿１丁目３番３号品川ステーションビル新宿４１０号,2: 10人以上~20人未満,"0: 5,000万円未満",1: 1億円以上~3億円未満,https://dptr.jp/company/information/,http://dptr.jp/,,,,,送信成功,2026/07/17,,
ＡｐｐｓＦｌｙｅｒ　Ｊａｐａｎ株式会社,Webアプリ・サービス運営,,東京都,東京都渋谷区渋谷２丁目２４番１２号ＷｅＷｏｒｋ渋谷スクランブルスクエア,2: 10人以上~20人未満,,1: 1億円以上~3億円未満,https://www.appsflyer.com/jp/offices/tokyo,https://www.appsflyer.com/company/contact/,03-6262-1924,tokyo@appsflyer.com,,,送信不可,, お問い合わせフォーム無し,
株式会社スマイルアンドトゥース,医療機器,,東京都,東京都千代田区麹町４丁目４番地４ＡＣＮ麴町ビル１１Ｆ,2: 10人以上~20人未満,2: 3億円以上~10億円未満,2: 3億円以上~10億円未満,https://smileandtooth.co.jp/,https://smileandtooth.co.jp/contact,03-6258-1182,,,,送信成功,2026/07/17,,
ＳＥＬＦ株式会社,Webアプリ・サービス運営,"AI,その他IT",東京都,東京都新宿区四谷坂町１０－１０ＮＯＷ／ＨＥＲＥ新宿四谷２００２号室,2: 10人以上~20人未満,2: 3億円以上~10億円未満,2: 3億円以上~10億円未満,https://self.systems/company/,https://self.systems/contact/,,info@self.systems,,,送信成功,2026/07/17,,
株式会社ＥＭｏｓｈＵ,Webアプリ・サービス運営,"クラウド系/SaaS/ASPサービス,その他IT",東京都,東京都目黒区中目黒３丁目６番１号千陽アポロンビル８階,2: 10人以上~20人未満,,2: 3億円以上~10億円未満,https://emoshu.co.jp/,https://docs.google.com/forms/d/1SWfXLLQHQMKBTuTqdFVsZXBXU0_U9UBMa2OdBp-_Etg/viewform?edit_requested=true,,support@emoshu.co.jp,,,送信成功,2026/07/17,,
株式会社Ａｐｒｅｎｄｅｒ,クラウド系/SaaS/ASPサービス,"ITコンサル,受託開発",福岡県,福岡県福岡市中央区渡辺通２丁目６－１２,2: 10人以上~20人未満,,1: 1億円以上~3億円未満,https://aprender.jp/,,,,,,送信不可,, お問い合わせフォーム無し,
イーエスト株式会社,Webアプリ・サービス運営,人材派遣,大阪府,大阪府大阪市西区江戸堀１丁目４番２１号,2: 10人以上~20人未満,"0: 5,000万円未満",1: 1億円以上~3億円未満,https://www.e-est.co.jp/Home/About,,06-4256-6315,info@e-est.co.jp,,,送信不可,, お問い合わせフォーム無し,
メドメイン株式会社,Webアプリ・サービス運営,"ソフトウェア販売,医療機器,その他医療・福祉,クラウド系/SaaS/ASPサービス",福岡県,福岡県福岡市中央区赤坂２丁目４番５号,2: 10人以上~20人未満,"1: 5,000万円以上~3億円未満",2: 3億円以上~10億円未満,https://medmain.com/,https://medmain.com/contact,,info@cloud.medmain.jp,,,送信成功,2026/07/17,,
ＢｉｏｎｉｃＭ株式会社,医療機器,,東京都,東京都文京区本郷７丁目３－１東京大学アントレプレナープラザ２０３室,2: 10人以上~20人未満,,2: 3億円以上~10億円未満,https://bionicm.com/jp,https://www.bionicm.com/contact/,,,,,送信不可,,必須項目の入力ができない（情報不足など）,
Ｃｏｌｌａｂ　Ｊａｐａｎ株式会社,クラウド系/SaaS/ASPサービス,"その他サービス,その他IT",東京都,東京都港区虎ノ門１丁目１０番５号ＫＤＸ虎ノ門一丁目ビル１１階,2: 10人以上~20人未満,"0: 5,000万円未満",1: 1億円以上~3億円未満,http://collabjapan.com,http://collabjapan.com/login,,contact@collabjapan.com,,,送信成功,2026/07/17,,
プラス・フリー株式会社,Webアプリ・サービス運営,"ITインフラストラクチャー,業務請負,イベント",東京都,東京都足立区古千谷本町３丁目１０番２５号,2: 10人以上~20人未満,"0: 5,000万円未満",1: 1億円以上~3億円未満,https://www.plus-free.co.jp/,https://www.plus-free.co.jp/contact/,,,,,送信成功,2026/07/17,,
株式会社ＪＯＢ　ＰＡＹ,クラウド系/SaaS/ASPサービス,"その他IT,その他金融関連サービス",東京都,東京都渋谷区渋谷２丁目１４番１０号,2: 10人以上~20人未満,"1: 5,000万円以上~3億円未満",2: 3億円以上~10億円未満,https://www.jobpay.co.jp/company,https://www.cyurica.co.jp/contact,,,,,送信不可,, お問い合わせフォーム無し,HPなし
キーウェストコーポレーション株式会社,Webアプリ・サービス運営,"クラウド系/SaaS/ASPサービス,電気機器,販促コンサル,電力",兵庫県,兵庫県神戸市中央区加納町４丁目８番１５号,2: 10人以上~20人未満,"1: 5,000万円以上~3億円未満",3: 10億円以上~50億円未満,https://www.keywest-k.co.jp/about/company/,https://www.keywest-k.co.jp/inquiry,078-325-5488,,,,送信不可,,送信ボタンを押すことができない・エラー,
ファーストブレイン株式会社,Webアプリ・サービス運営,オフィス用品販売,愛知県,愛知県名古屋市中区栄３丁目１１－２３白川本町ビル７階,2: 10人以上~20人未満,,2: 3億円以上~10億円未満,https://f-br.co.jp/,http://f-br.co.jp/contact/index.html,052-249-8770,,,,送信成功,2026/07/21,,
株式会社Ｏｎｅｐｌａｔ,クラウド系/SaaS/ASPサービス,,北海道,北海道札幌市西区二十四軒一条１丁目３番５号,2: 10人以上~20人未満,3: 10億円以上~50億円未満,2: 3億円以上~10億円未満,https://www.oneplat.co.jp/company/,,,contact@oneplat.jp,,,送信成功,2026/07/21,,
株式会社あかつき,クラウド系/SaaS/ASPサービス,Webアプリ・サービス運営,静岡県,静岡県静岡市駿河区東新田１丁目９番８号,2: 10人以上~20人未満,,1: 1億円以上~3億円未満,https://www.akatsuki-shizuoka.com/,,03-6262-5137,,,,送信不可,, お問い合わせフォーム無し,
株式会社ヴィジョナリーバンガード,Webアプリ・サービス運営,"スマホアプリ,販促コンサル,ITインフラストラクチャー,デザイン",東京都,東京都渋谷区千駄ヶ谷３丁目５１番１０号,2: 10人以上~20人未満,"0: 5,000万円未満",2: 3億円以上~10億円未満,https://v-vanguard.co.jp/corporate/,https://v-vanguard.co.jp/contact.html,03-6384-5920,info@v-vanguard.co.jp,,,送信不可,,必須項目の入力ができない（情報不足など）,
ＹａｓｓＬａｂ株式会社,Webアプリ・サービス運営,"コンテンツ制作,出版",東京都,東京都新宿区高田馬場１丁目２８番１０号三慶ビル４ＦＣＡＳＥＳｈｉｎｊｕｋｕ,2: 10人以上~20人未満,"0: 5,000万円未満",3: 10億円以上~50億円未満,https://yasslab.jp/ja/,,,info@yasslab.jp,,,送信成功,2026/07/21,,
株式会社一元情報,Webアプリ・サービス運営,,東京都,東京都中央区晴海３丁目１０－１,2: 10人以上~20人未満,"0: 5,000万円未満",1: 1億円以上~3億円未満,https://bss-j.co.jp/,,03-5823-4069,niu@bss-j.co.jp,,,送信不可,,別サイトに遷移してしまう・サイトが開けない,
Ｓｐａｒｔｉｃｌｅ株式会社,Webアプリ・サービス運営,,東京都,東京都中央区日本橋小伝馬町６番１２号３階,2: 10人以上~20人未満,"1: 5,000万円以上~3億円未満",1: 1億円以上~3億円未満,https://www.sparticle.com/ja/company,,,,,,送信不可,,営業禁止の記載あり,
ライフワンズメディア株式会社,Webアプリ・サービス運営,求人媒体運営・求人情報誌出版,東京都,東京都目黒区青葉台３丁目１０番９号,2: 10人以上~20人未満,"0: 5,000万円未満",1: 1億円以上~3億円未満,https://lifeones-media.jp/,https://one.life-group.com/contact/,03-6712-7081,,,,送信成功,2026/07/21,,
株式会社スタートアッププラス,Webアプリ・サービス運営,"ソフトウェア販売,オフィス用品リース,ITインフラストラクチャー,Webアプリ・サービス運営",東京都,東京都港区赤坂６丁目４番１９号赤坂Ｔ．Ｓ．Ｃ．ビル５階,2: 10人以上~20人未満,"0: 5,000万円未満",2: 3億円以上~10億円未満,https://www.startup-plus.com,https://www.startup-plus.com/contact-us/,,info@startup-plus.com,,,送信不可,,必須項目の入力ができない（情報不足など）,
ルート株式会社,Webアプリ・サービス運営,"販促コンサル,イベント,飲食コンサル,Web制作,総合広告代理店",大阪府,大阪府大阪市北区堂島２丁目４番２７号ＪＲＷＤ堂島タワー１８階,2: 10人以上~20人未満,"0: 5,000万円未満",2: 3億円以上~10億円未満,https://root-and-activation.co.jp/company/,http://root-and-activation.co.jp/contact,06-6485-7022,,,,送信成功,2026/07/21,,
株式会社ラクソル,Webアプリ・サービス運営,"ITインフラストラクチャー,Webアプリ・サービス運営",京都府,京都府京都市中京区西ノ京東中合町８１番地,2: 10人以上~20人未満,"0: 5,000万円未満",1: 1億円以上~3億円未満,https://www.rakusol.com/company/,http://www.rakusol.com/contacts/,075-823-7010,info@rakusol.com,,,送信不可,,必須項目の入力ができない（情報不足など）,
株式会社Ｏｌｌｏ,Webアプリ・サービス運営,,東京都,東京都文京区本郷２丁目３８番１６号,2: 10人以上~20人未満,"1: 5,000万円以上~3億円未満",1: 1億円以上~3億円未満,https://ollo.jp/,,,,,,送信成功,2026/07/21,,
ＧｒｅｅｎＳｎａｐ株式会社,クラウド系/SaaS/ASPサービス,Webアプリ・サービス運営,東京都,東京都中央区日本橋浜町３丁目９番５号,2: 10人以上~20人未満,"1: 5,000万円以上~3億円未満",1: 1億円以上~3億円未満,https://greensnap.jp/company/about,https://greensnap.jp/inquiry,,info@greensnap.co.jp,,,送信成功,2026/07/21,,
ｇｏｏｄｄｏ株式会社,Webアプリ・サービス運営,,東京都,東京都新宿区西新宿８丁目１７番１号,2: 10人以上~20人未満,"0: 5,000万円未満",1: 1億円以上~3億円未満,https://gooddo.jp/,,03-6863-4701,support@gooddo.jp,,,送信成功,2026/07/21,,
ファーマックメディカル株式会社,医療機器,"金属加工,データ入力・事務作業代行,レーザー加工,試験機,金属部品,その他コンサル",長野県,長野県茅野市玉川８４９３番地１,2: 10人以上~20人未満,"0: 5,000万円未満",2: 3億円以上~10億円未満,https://farmax-med.com/,https://farmax-med.com/contact/,0266-78-6321,info@farmax-med.com,,,送信不可,,URL・記号を含むことができない,
華瀛国際旅行株式会社,Webアプリ・サービス運営,,大阪府,大阪府泉佐野市南中岡本２－３－５３－２号室,2: 10人以上~20人未満,,1: 1億円以上~3億円未満,https://kaeikokusai.com/,,,,,,送信成功,2026/07/21,,
株式会社ＭＩＣＳ,Webアプリ・サービス運営,"Webアプリ・サービス運営,ITインフラストラクチャー,受託開発",福岡県,福岡県福岡市中央区高砂１丁目１１番１号,2: 10人以上~20人未満,"0: 5,000万円未満",1: 1億円以上~3億円未満,https://www.mics-inc.jp/company.html,,092-753-6641,,,,送信不可,,必須項目の入力ができない（情報不足など）,
アクシズフロンティア株式会社,クラウド系/SaaS/ASPサービス,"Webアプリ・サービス運営,ITインフラストラクチャー",東京都,東京都港区北青山２丁目７番２６号,2: 10人以上~20人未満,"0: 5,000万円未満",1: 1億円以上~3億円未満,https://www.ax-frontier.jp,https://www.ax-frontier.jp/contact,03-6447-5547,info@ax-frontier.jp,,,送信成功,2026/07/21,,
Ｐａｉｎｔｎｏｔｅ株式会社,Webアプリ・サービス運営,"Web制作,デザイン",東京都,東京都品川区東五反田１丁目１１番９号五洋ビル６階,2: 10人以上~20人未満,,1: 1億円以上~3億円未満,https://josys.paintnote.co.jp/,,,,,,送信成功,2026/07/21,,
株式会社スキルコネクト,Webアプリ・サービス運営,"その他サービス,ITインフラストラクチャー,クラウド系/SaaS/ASPサービス,人材紹介,業務請負,人材派遣",東京都,東京都豊島区南池袋２丁目２７－８南水ビル９階,2: 10人以上~20人未満,"0: 5,000万円未満",1: 1億円以上~3億円未満,https://www.skill-c.co.jp/,https://www.skill-c.co.jp/contact/,03-6912-7397,info@skill-c.co.jp,,,送信成功,2026/07/17,,
フラクタル株式会社,Webアプリ・サービス運営,,千葉県,千葉県千葉市若葉区下田町１０８７番地１,2: 10人以上~20人未満,"0: 5,000万円未満",1: 1億円以上~3億円未満,https://fractal-inc.net/about.html,,,,,,送信不可,,営業禁止の記載あり,
Ｐａｔｅｎｔｆｉｅｌｄ株式会社,Webアプリ・サービス運営,,京都府,京都府京都市中京区六角通室町西入玉蔵町１２１番地美濃利ビル,2: 10人以上~20人未満,,1: 1億円以上~3億円未満,https://patentfield.com/,,,contact@patentfield.com,,,送信不可,, お問い合わせフォーム無し,
株式会社花笑み,Webアプリ・サービス運営,,山形県,山形県山形市あけぼの１丁目６番８号,2: 10人以上~20人未満,,1: 1億円以上~3億円未満,https://jos-senior.com/,,023-666-6633,,,,送信不可,, お問い合わせフォーム無し,
タブーラ・ジャパン株式会社,Webアプリ・サービス運営,,東京都,東京都千代田区大手町１丁目９番２号大手町フィナンシャルシティグランキューブ３階,2: 10人以上~20人未満,,1: 1億円以上~3億円未満,,,,,,,送信不可,,必須項目の入力ができない（情報不足など）,
株式会社オスリー,クラウド系/SaaS/ASPサービス,"その他マスコミ・出版,Webアプリ・サービス運営",東京都,東京都渋谷区渋谷１丁目８番５号,2: 10人以上~20人未満,,1: 1億円以上~3億円未満,https://www.paddy67.today/asct,,,,,,送信不可,, お問い合わせフォーム無し,
株式会社エイチ,Webアプリ・サービス運営,,東京都,東京都千代田区神田鍛冶町３丁目４番地ｏａｋ神田鍛冶町７Ｆ,2: 10人以上~20人未満,,1: 1億円以上~3億円未満,http://eichiii.com/,,050-5358-1066,,,,送信成功,2026/07/17,,
アルゴリンクス株式会社,クラウド系/SaaS/ASPサービス,Webアプリ・サービス運営,東京都,東京都新宿区四谷１丁目１７番,2: 10人以上~20人未満,"1: 5,000万円以上~3億円未満",1: 1億円以上~3億円未満,https://www.algolynx.com/,https://www.algolynx.com/cgi-bin/contact/index.cgi,03-4405-8790,company@algolynx.com,,,送信成功,2026/07/17,,
ＧＭＯアセットマネジメント株式会社,Webアプリ・サービス運営,"経営コンサル,その他通信,ゲーム開発,受託開発",東京都,東京都渋谷区桜丘町２６番１号,2: 10人以上~20人未満,"0: 5,000万円未満",3: 10億円以上~50億円未満,,,,,,,送信不可,, お問い合わせフォーム無し,
ＢＵＳＩＮＥＳＳ‐ＡＬＬＩＡＮＣＥ株式会社,クラウド系/SaaS/ASPサービス,"経営コンサル,その他機械",東京都,東京都文京区後楽２丁目３番２１号,2: 10人以上~20人未満,"0: 5,000万円未満",2: 3億円以上~10億円未満,,,,,,,送信不可,,必須項目の入力ができない（情報不足など）,
合同会社ブラシカスタジオ,Webアプリ・サービス運営,,北海道,北海道札幌市中央区北三条西２８丁目２－１サンビル３階,2: 10人以上~20人未満,,0: 1億円未満,,,,,,,送信不可,,必須項目の入力ができない（情報不足など）,
ヱビス株式会社,Webアプリ・サービス運営,販促コンサル,大阪府,大阪府大阪市西区西本町１丁目１３番３８号,2: 10人以上~20人未満,"0: 5,000万円未満",2: 3億円以上~10億円未満,https://ebisuinc.jp/,https://ebisuinc.jp/contact/,06-6537-7702,info@ebisuinc.jp,,,送信成功,2026/07/17,,
株式会社イーアイティ,情報セキュリティ,"クラウド系/SaaS/ASPサービス,Webアプリ・サービス運営,ITインフラストラクチャー",福岡県,福岡県福岡市博多区東比恵３丁目１番２号,2: 10人以上~20人未満,"0: 5,000万円未満",1: 1億円以上~3億円未満,https://eit.e-aera.jp/company/,https://eit.systems/contact/,092-471-0888,info@eit.systems,,,送信不可,,営業禁止の記載あり,
ボーダー株式会社,クラウド系/SaaS/ASPサービス,"宿泊予約,その他乗り物",東京都,東京都渋谷区恵比寿１丁目１８番５号,2: 10人以上~20人未満,2: 3億円以上~10億円未満,2: 3億円以上~10億円未満,https://border.co.jp/company/,https://border.co.jp/inquiry?form_type=brochure,03-5357-7236,sales@border.co.jp,,,送信成功,2026/07/17,,
株式会社バディ,医療機器,,東京都,東京都大田区西糀谷４丁目３０番８号,2: 10人以上~20人未満,,2: 3億円以上~10億円未満,,,03-6715-1225,,,,送信不可,,営業禁止の記載あり,
Ｗｒｉｋｅ　Ｊａｐａｎ株式会社,Webアプリ・サービス運営,ソフトウェア販売,東京都,東京都中央区日本橋３丁目９番１号日本橋三丁目スクエア１１階,2: 10人以上~20人未満,,1: 1億円以上~3億円未満,https://www.wrike.com/ja,https://www.wrike.com/ja/contactus/,050-3204-1279,,,,送信成功,2026/07/17,,
株式会社ビズフォース,Webアプリ・サービス運営,,東京都,東京都渋谷区渋谷２丁目１１－５,2: 10人以上~20人未満,"0: 5,000万円未満",3: 10億円以上~50億円未満,http://www.biz-force.co.jp,http://www.biz-force.co.jp/contact/,03-6427-7175,,,,送信成功,2006/07/17,,
株式会社アイティジョイン,Webアプリ・サービス運営,,大阪府,大阪府大阪市西区江戸堀１丁目２４番１５号タツト肥後橋ビル,2: 10人以上~20人未満,"0: 5,000万円未満",1: 1億円以上~3億円未満,http://www.itjoin.co.jp/company/,,06-6147-8617,,,,送信不可,, お問い合わせフォーム無し,
株式会社トライン,Webアプリ・サービス運営,"経営コンサル,eコマース,Webアプリ・サービス運営",大阪府,大阪府大阪市北区南森町１丁目１番２５号,2: 10人以上~20人未満,"0: 5,000万円未満",2: 3億円以上~10億円未満,https://www.trein.jp/,http://www.trein.jp/contact/index.html,06-6360-4175,info@trein.jp,,,送信不可,, お問い合わせフォーム無し,
株式会社プラスワン,Webアプリ・サービス運営,"その他IT,経営コンサル,ITコンサル,デジタル系コンテンツ,Webマーケコンサル,Web制作",京都府,京都府京都市中京区円福寺町３３８番地樋口・進和ビル６Ｆ,2: 10人以上~20人未満,"0: 5,000万円未満",1: 1億円以上~3億円未満,https://www.plus1-one.co.jp/,https://www.plus1-one.co.jp/contact/,075-251-2301,,,,送信不可,,営業禁止の記載あり,
株式会社Ｓｐｏｒｔｉｐ,Webアプリ・サービス運営,"その他マスコミ・出版,その他IT",東京都,東京都文京区本郷４丁目１番４号,2: 10人以上~20人未満,,2: 3億円以上~10億円未満,https://www.sportip.jp/,,,info@sportip.jp,,,送信不可,,必須項目の入力ができない（情報不足など）,
株式会社クート,Webアプリ・サービス運営,ITコンサル,東京都,東京都千代田区九段北１丁目８－４市橋ビル４Ｆ,2: 10人以上~20人未満,"0: 5,000万円未満",1: 1億円以上~3億円未満,http://coot.co.jp/profile.html,,03-6380-9516,info@coot.co.jp,,,送信不可,,メールに遷移・Googleフォーム,
株式会社ＷＩＮＮＥＲＳ,Webアプリ・サービス運営,求人媒体運営・求人情報誌出版,千葉県,千葉県松戸市上本郷８９０番地１－４Ｆ,2: 10人以上~20人未満,"0: 5,000万円未満",1: 1億円以上~3億円未満,https://winners.jp/company.html,https://winners.jp/contact.html,0120-315-809,mail@winners.jp,,,送信成功,2026/07/17,,
株式会社ジェイクラフト,医療機器,"日用品・化粧品商社,医療機器商社,その他機械,化粧品製造",大阪府,大阪府和泉市テクノステージ３丁目１番１１号,2: 10人以上~20人未満,"0: 5,000万円未満",2: 3億円以上~10億円未満,https://jcraft.co.jp/,http://jcraft.co.jp/#company,0725-53-0610,,,,送信不可,, お問い合わせフォーム無し,
株式会社さんびる防災社,Webアプリ・サービス運営,,島根県,島根県松江市矢田町２０９番地８,2: 10人以上~20人未満,,1: 1億円以上~3億円未満,https://tgnr.jp/,,,,,,送信不可,,営業禁止の記載あり,
株式会社トランビ,Webアプリ・サービス運営,,東京都,東京都港区新橋５丁目１４番４号新倉ビル６階,2: 10人以上~20人未満,"1: 5,000万円以上~3億円未満",1: 1億円以上~3億円未満,https://www.tranbi.com/,https://www.tranbi.com/contact/,,ps_support@tranbi.com,,,送信成功,2026/07/17,,
イーセットジャパン株式会社,情報セキュリティ,,東京都,東京都港区港南２丁目１６番４号,2: 10人以上~20人未満,,1: 1億円以上~3億円未満,,,,,,,送信不可,,必須項目の入力ができない（情報不足など）,
クロス・メディカルサービス株式会社,医療機器,,東京都,東京都墨田区両国４丁目２番８号,2: 10人以上~20人未満,"0: 5,000万円未満",2: 3億円以上~10億円未満,http://cross-ms.co.jp,,03-3633-6333,info@cross-ms.co.jp,,,送信不可,,メールに遷移・Googleフォーム,
ＦｌｉｐＮｉｎｅ株式会社,Webアプリ・サービス運営,,東京都,東京都中央区日本橋茅場町２丁目７番４号Ａｓｔｅｒ茅場町５階,2: 10人以上~20人未満,"0: 5,000万円未満",1: 1億円以上~3億円未満,https://flip-nine.jp/,https://flip-nine.jp/contact/,,info@flip-nine.jp,,,送信不可,,送信ボタンを押すことができない・エラー,
株式会社アッテル,Webアプリ・サービス運営,"クラウド系/SaaS/ASPサービス,その他IT,その他人材",東京都,東京都渋谷区恵比寿２丁目２８番１０号秀ビル３１５２,2: 10人以上~20人未満,,2: 3億円以上~10億円未満,https://attelu.jp/company,,,,,,送信不可,,営業禁止の記載あり,
株式会社レジェンダ,Webアプリ・サービス運営,"クラウド系/SaaS/ASPサービス,その他人材,ITインフラストラクチャー",東京都,東京都新宿区北新宿２丁目２１番１号,2: 10人以上~20人未満,"0: 5,000万円未満",1: 1億円以上~3億円未満,https://www.leggenda.co.jp/corporate/group.html,https://www.leggenda.co.jp/contact/,03-6894-7310,,,,送信不可,,営業禁止の記載あり,
ネクストウインド株式会社,Webアプリ・サービス運営,,埼玉県,埼玉県川口市飯塚２丁目２番１０－２５１０号,2: 10人以上~20人未満,,1: 1億円以上~3億円未満,https://www.jp-nextwind.com/,,,,,,送信成功,2026/07/17,,
アンドロボディオーナ株式会社,Webアプリ・サービス運営,,東京都,東京都港区六本木５丁目１６番５０号,2: 10人以上~20人未満,,1: 1億円以上~3億円未満,https://diordna.jp/,http://androbo.jp/contact/,03-6457-9706,,,,送信成功,2026/07/17,,
株式会社ユニ・トランド,Webアプリ・サービス運営,"計測機器・センサー,その他IT,研究・調査・リサーチ,その他製造",東京都,東京都港区港南２丁目１５番１号,2: 10人以上~20人未満,,2: 3億円以上~10億円未満,https://www.unitrand.co.jp/corporate/,http://www.unitrand.co.jp/contact,03-5479-5750,,,,送信成功,2026/07/17,,
Ｓｍａｒｔ　Ｓｏｌｕｔｉｏｎｓ株式会社,Webアプリ・サービス運営,"その他IT,情報セキュリティ,研究・調査・リサーチ",茨城県,茨城県つくば市千現１丁目１７－２８千現ビル２０１号室,2: 10人以上~20人未満,"0: 5,000万円未満",1: 1億円以上~3億円未満,https://smt-sol.jp,https://smt-sol.jp/contact/,029-896-6602,contact@smt-sol.jp,,,送信成功,2026/07/17,,
株式会社友電社,医療機器,,大阪府,大阪府池田市住吉２丁目１２－１４,2: 10人以上~20人未満,,2: 3億円以上~10億円未満,https://www.icwu-den.jp/,,,,,,送信不可,,送信ボタンを押すことができない・エラー,
百易ソフト東京株式会社,Webアプリ・サービス運営,ITコンサル,東京都,東京都千代田区九段南１丁目６番１７号千代田会館４階,2: 10人以上~20人未満,"1: 5,000万円以上~3億円未満",1: 1億円以上~3億円未満,https://presoft.jp/company.html,http://www.presoft.com.cn/contact.htm,03-6803-2801,info@presoft.com.cn,,,送信不可,, お問い合わせフォーム無し,
株式会社ウミガメ,Webアプリ・サービス運営,,東京都,東京都豊島区西池袋１丁目１８番６号,2: 10人以上~20人未満,"0: 5,000万円未満",1: 1億円以上~3億円未満,https://umigame-net.com/,http://www.umigame-net.com/contact.html,03-4477-2400,,,,送信成功,2026/07/17,,
株式会社マカルーデジタル,Webアプリ・サービス運営,ソフトウェア販売,東京都,東京都世田谷区代田６丁目１１番地１４号Ｇ１,2: 10人以上~20人未満,,1: 1億円以上~3億円未満,https://macareux.co.jp/company,https://concrete5.co.jp/contact,03-4513-8599,,,,送信成功,2026/07/17,,
メディカルエッジ株式会社,Webアプリ・サービス運営,"ソフトウェア販売,その他IT",東京都,東京都千代田区神田三崎町２丁目１５番４号,2: 10人以上~20人未満,,2: 3億円以上~10億円未満,http://medicaledge.jp/company-profile-2/,http://medicaledge.jp/contact/,03-6275-0530,system-info@medicaledge.jp,,,送信不可,,送信ボタンを押すことができない・エラー,
ターボソフト株式会社,Webアプリ・サービス運営,,東京都,東京都中央区八丁堀４丁目１０番８－７０３号,2: 10人以上~20人未満,"0: 5,000万円未満",1: 1億円以上~3億円未満,http://www.turbosoft.co.jp/,,,info@turbosoft.co.jp,,,送信成功,2026/07/17,,
Ｋ＆Ｋソフト株式会社,Webアプリ・サービス運営,ソフトウェア販売,東京都,東京都台東区浅草橋２丁目２１番９号３階,2: 10人以上~20人未満,"0: 5,000万円未満",2: 3億円以上~10億円未満,http://www.kksoft.co.jp/compInfo/companyInfo.html,http://www.kksoft.co.jp/concat/contact.html,03-5879-9648,info@kksoft.co.jp,,,送信不可,, お問い合わせフォーム無し,
株式会社ＰｏｒｔＸ,Webアプリ・サービス運営,,東京都,東京都新宿区新宿２丁目５番１２号ＦＯＲＥＣＡＳＴ新宿ＡＶＥＮＵＥ６階,2: 10人以上~20人未満,"1: 5,000万円以上~3億円未満",1: 1億円以上~3億円未満,https://portx.jp/,,,,,,送信不可,, お問い合わせフォーム無し,
株式会社シーディーアイ,Webアプリ・サービス運営,"セミナー,企業研修",東京都,東京都中央区京橋３丁目１番１号,2: 10人以上~20人未満,"1: 5,000万円以上~3億円未満",1: 1億円以上~3億円未満,https://www.cd-inc.co.jp/,https://www.cd-inc.co.jp/contact/,03-3516-2250,info@cd-inc.co.jp,,,送信不可,,営業禁止の記載あり,
株式会社ベルテクノ,Webアプリ・サービス運営,,東京都,東京都港区南青山２丁目２番１５号ｗｉｎ青山ビルＵＣＦ９１７,2: 10人以上~20人未満,,0: 1億円未満,http://www.bell-techno.com/,,,,,,送信不可,,別サイトに遷移してしまう・サイトが開けない,
ジェミー株式会社,Webアプリ・サービス運営,その他サービス,東京都,東京都港区北青山１丁目３番１号アールキューブ青山３階,2: 10人以上~20人未満,"0: 5,000万円未満",1: 1億円以上~3億円未満,https://gemmy.co.jp/company/,http://gemmy.co.jp/contact/,03-5799-6175,info@gemmy.co.jp,,,送信成功,2026/07/17,,
株式会社ｏｏｋａｍｉ,Webアプリ・サービス運営,"その他マスコミ・出版,Webマーケコンサル,その他ゲーム",東京都,東京都世田谷区羽根木１丁目２１－８,2: 10人以上~20人未満,"1: 5,000万円以上~3億円未満",2: 3億円以上~10億円未満,https://ookami.tokyo/company/info/,https://ookami.tokyo/contact/,03-5468-2353,,,,送信不可,,別サイトに遷移してしまう・サイトが開けない,ページが見つかりません
株式会社ＲＯＢＯＮ,Webアプリ・サービス運営,,東京都,東京都新宿区西新宿２丁目７番１号,2: 10人以上~20人未満,"1: 5,000万円以上~3億円未満",1: 1億円以上~3億円未満,https://www.robon.co.jp/company/index.html,https://www.robon.co.jp/contact/index.html,,,,,送信成功,2026/07/17,,
株式会社ｓｏｕｃｏ,Webアプリ・サービス運営,"その他サービス,その他運輸・物流",東京都,東京都港区港南１丁目９番３６号アレア品川ビル１３階,2: 10人以上~20人未満,"1: 5,000万円以上~3億円未満",1: 1億円以上~3億円未満,https://www.souco.space/,https://corporate.souco.space/contact_form/,03-4405-3614,info@souco.com,,,送信不可,, お問い合わせフォーム無し,
アイマトリックス株式会社,情報セキュリティ,"ソフトウェア販売,Webアプリ・サービス運営",神奈川県,神奈川県川崎市宮前区鷺沼３丁目２番地６,2: 10人以上~20人未満,"0: 5,000万円未満",1: 1億円以上~3億円未満,https://www.imatrix.co.jp/info/info.html,https://www.imatrix.co.jp/form/contact.html,044-272-6771,,,,送信不可,, お問い合わせフォーム無し,
株式会社ロケットエンジン,ゲーム開発,"動画制作・CG制作,デザイン,ゲーム・アニメデザイン,その他ゲーム,ソーシャルゲーム・スマホゲーム",埼玉県,埼玉県北足立郡伊奈町大字小室４０４０－６,2: 10人以上~20人未満,"0: 5,000万円未満",2: 3億円以上~10億円未満,http://rocket-engine.co.jp/index.html,http://rocket-engine.co.jp/contact.html,048-728-7772,,,,送信不可,, お問い合わせフォーム無し,
株式会社オルトロボ,クラウド系/SaaS/ASPサービス,"その他IT,ITコンサル",福岡県,福岡県福岡市中央区大名２丁目７－２７シティ１８天神ビル４－Ｆ,2: 10人以上~20人未満,"0: 5,000万円未満",2: 3億円以上~10億円未満,https://altrobo.co.jp/,,,,,,送信成功,2026/07/17,,
株式会社オロパス,Webアプリ・サービス運営,"ソフトウェア販売,その他IT,Webマーケコンサル",北海道,北海道札幌市中央区大通西６丁目２番地６大樹生命札幌大通ビル６Ｆ,2: 10人以上~20人未満,,2: 3億円以上~10億円未満,https://www.pascaljp.com/about.html,,011-206-6870,,,,送信成功,2026/07/17,,
Ｊ２Ｂ株式会社,Webアプリ・サービス運営,,東京都,東京都港区芝公園１丁目３－８苔香園ビル５階,2: 10人以上~20人未満,,1: 1億円以上~3億円未満,https://www.j2b-inc.com/,,,mysacca.contact@j2b-inc.com,,,送信不可,, お問い合わせフォーム無し,
パートナーサクセス株式会社,Webアプリ・サービス運営,,東京都,東京都港区虎ノ門４丁目１番１号神谷町トラストタワー２３階,2: 10人以上~20人未満,,1: 1億円以上~3億円未満,https://www.partnersuccess.co.jp/about,,,contact@partnersuccess.co.jp,,,送信不可,,必須項目の入力ができない（情報不足など）,
ｌｏｏｋｉｎｇ　ｕｐ株式会社,Webアプリ・サービス運営,,東京都,東京都渋谷区渋谷４丁目２番２４号,2: 10人以上~20人未満,,1: 1億円以上~3億円未満,https://lookingup.co.jp/m2h56sh3k5gjdhyuhthn874j/contact,,,info@lookingup.jp,,,送信成功,2026/07/17,,
株式会社セナネットワークス,クラウド系/SaaS/ASPサービス,"ITコンサル,Webアプリ・サービス運営,ITインフラストラクチャー,情報セキュリティ",大阪府,大阪府大阪市北区東天満１丁目１１番１３号,2: 10人以上~20人未満,"0: 5,000万円未満",1: 1億円以上~3億円未満,https://www.sena-networks.co.jp/,https://www.sena-networks.co.jp/#contact,050-3159-5795,contact@sena-networks.co.jp,,,送信成功,2026/07/17,,
Ｓｉｎｕｍｙ株式会社,Webアプリ・サービス運営,,大阪府,大阪府大阪市東淀川区東中島１丁目２０番１４号東口ステーションビル１００３号室,2: 10人以上~20人未満,"1: 5,000万円以上~3億円未満",1: 1億円以上~3億円未満,https://corp.sinumy.com/,https://corp.paylessgate.com/contact/,,,,,送信成功,2026/07/17,,
タイムマシーン株式会社,Webアプリ・サービス運営,"その他IT,その他製造",東京都,東京都中央区日本橋人形町１丁目５番５号芳町ビル２Ｆ,2: 10人以上~20人未満,"0: 5,000万円未満",2: 3億円以上~10億円未満,https://tmcn.jp/enterpriseinformation/,,03-6264-8603,info@tmcn.jp,,,送信不可,, お問い合わせフォーム無し,
株式会社ポリグロッツ,Webアプリ・サービス運営,,東京都,東京都新宿区西新宿６丁目１１番３号Ｄタワー西新宿１６階,2: 10人以上~20人未満,2: 3億円以上~10億円未満,1: 1億円以上~3億円未満,https://www.polyglots.net/company/,,03-4361-2364,,,,送信成功,2026/07/17,,
株式会社Ｈｅｘａｂａｓｅ,Webアプリ・サービス運営,その他IT,東京都,東京都千代田区神田須田町２丁目３番１２号７０１,2: 10人以上~20人未満,2: 3億円以上~10億円未満,3: 10億円以上~50億円未満,https://www.hexabase.com/our-company,https://www.hexabase.com/contact-us/,03-4405-9637,contact@hexabase.com,,,送信成功,2026/07/17,,
株式会社ジーウェーブ,Webアプリ・サービス運営,"ITインフラストラクチャー,人材派遣,業務請負,コールセンター",東京都,東京都中央区佃３丁目２番５号,2: 10人以上~20人未満,"0: 5,000万円未満",1: 1億円以上~3億円未満,https://ze-wave.com/,,03-5859-5588,info@ze-wave.com,,,送信不可,,メールに遷移・Googleフォーム,
株式会社ＴＥＮＴ,クラウド系/SaaS/ASPサービス,,東京都,東京都目黒区上目黒３丁目６番１８号ＡＳＴＲＡ中目黒７階,2: 10人以上~20人未満,"1: 5,000万円以上~3億円未満",1: 1億円以上~3億円未満,https://tent-inc.jp/,,,info@tent-inc.jp,,,送信不可,, お問い合わせフォーム無し,
株式会社ＣＲＡＹＯＮ,Webアプリ・サービス運営,,東京都,東京都品川区上大崎２丁目１３番３０号,2: 10人以上~20人未満,,1: 1億円以上~3億円未満,https://c-rayon.com/about/,,,support@c-rayon.com,,,送信不可,,必須項目の入力ができない（情報不足など）,
株式会社ＡＩＬＥＳ,Webアプリ・サービス運営,,東京都,東京都新宿区西新宿４丁目２９番６号ＷＩＳビル３－Ｂ,2: 10人以上~20人未満,"0: 5,000万円未満",1: 1億円以上~3億円未満,https://ailes-prod.com/,,,,,,送信成功,2026/07/17,,
株式会社Ｂ．,Webアプリ・サービス運営,,東京都,東京都台東区東上野１丁目１２－２ＴＨＥ－ＧＡＴＥ－ＵＥＮＯ４０１,2: 10人以上~20人未満,,1: 1億円以上~3億円未満,https://b-dot.jp/,,,,,,送信成功,2026/07/17,,
株式会社イートライス,Webアプリ・サービス運営,"ソフトウェア販売,人材派遣",山梨県,山梨県富士吉田市新西原１丁目１４番１１号,2: 10人以上~20人未満,"0: 5,000万円未満",1: 1億円以上~3億円未満,http://e-trys.com/,,0555-73-8880,,,,送信不可,, お問い合わせフォーム無し,
ミクステンド株式会社,Webアプリ・サービス運営,セミナー,東京都,東京都港区赤坂３丁目１７－３Ｈ１Ｏ赤坂,2: 10人以上~20人未満,,1: 1億円以上~3億円未満,https://mixtend.com/company/,https://mixtend.com/contact,,,,,送信不可,, お問い合わせフォーム無し,
ＳＯ　Ｔｅｃｈｎｏｌｏｇｉｅｓ株式会社,Webアプリ・サービス運営,"クラウド系/SaaS/ASPサービス,その他IT,Webマーケコンサル",東京都,東京都文京区後楽１丁目４番１４号,2: 10人以上~20人未満,"0: 5,000万円未満",1: 1億円以上~3億円未満,https://www.so-tech.co.jp/company,,050-3184-0965,,,,送信成功,2026/07/17,,
プラスビリーフ株式会社,Webアプリ・サービス運営,Webアプリ・サービス運営,東京都,東京都港区西新橋１丁目２番９号,2: 10人以上~20人未満,"0: 5,000万円未満",1: 1億円以上~3億円未満,https://plusbelief.co.jp/,https://plusbelief.co.jp/contact/,,,,,送信成功,2026/07/17,,
ネットスマイル株式会社,Webアプリ・サービス運営,"AI,産業用ロボット",東京都,東京都文京区湯島４丁目１番１１号,2: 10人以上~20人未満,"1: 5,000万円以上~3億円未満",1: 1億円以上~3億円未満,https://netsmile.jp/company/,https://netsmile.jp/form/,,info@netsmile.jp,,,送信成功,2026/07/17,,
ＤｅＳＣヘルスケア株式会社,Webアプリ・サービス運営,,東京都,東京都渋谷区渋谷２丁目２４番１２号,2: 10人以上~20人未満,"1: 5,000万円以上~3億円未満",1: 1億円以上~3億円未満,https://desc-hc.co.jp/,https://www.desc-hc.co.jp/contact,,,,,送信成功,2026/07/17,,
株式会社ゼロベースファクト,クラウド系/SaaS/ASPサービス,その他IT,東京都,東京都新宿区西新宿７丁目１０番１２号,2: 10人以上~20人未満,"0: 5,000万円未満",2: 3億円以上~10億円未満,https://www.zerobasefact.com/,http://www.zerobasefact.com/contact.html,03-6365-6133,,,,送信不可,,送信ボタンを押すことができない・エラー,
イーソルトリニティ株式会社,Webアプリ・サービス運営,,東京都,東京都中野区本町１丁目３２番２号,2: 10人以上~20人未満,"0: 5,000万円未満",1: 1億円以上~3億円未満,https://www.esol-trinity.co.jp/company/,http://www.esol-trinity.co.jp/contact/mailform/,03-5365-1037,inquiry@esol-trinity.co.jp,,,送信不可,,必須項目の入力ができない（情報不足など）,
ｍｙサポート株式会社,医療機器,,神奈川県,神奈川県相模原市南区松が枝町１６－４小山ビル４階,2: 10人以上~20人未満,,1: 1億円以上~3億円未満,http://mysupport2016.com/,,,,,,送信不可,, お問い合わせフォーム無し,
タロスカイ株式会社,Webアプリ・サービス運営,"ITコンサル,eコマース,ITインフラストラクチャー",東京都,東京都新宿区市谷砂土原町３丁目４－２,2: 10人以上~20人未満,"0: 5,000万円未満",2: 3億円以上~10億円未満,https://tarosky.co.jp/,https://tarosky.co.jp/contact,03-5839-2760,,,,送信不可,,営業禁止の記載あり,
株式会社ＭｙＳｔａｒ,Webアプリ・サービス運営,,静岡県,静岡県焼津市栄町１丁目４番１０号,2: 10人以上~20人未満,,1: 1億円以上~3億円未満,https://mystar.onl/,,,,,,送信不可,, お問い合わせフォーム無し,
株式会社クロスメディカル,医療機器,"医療機器商社,eコマース",京都府,京都府京都市伏見区南寝小屋町５７番地,2: 10人以上~20人未満,"0: 5,000万円未満",2: 3億円以上~10億円未満,https://www.xcardio.com/,https://www.xcardio.com/contact/rentalform/,075-612-3900,info@xcardio.com,,,送信成功,2026/07/17,,
ゴールドウェア株式会社,Webアプリ・サービス運営,,東京都,東京都豊島区高松１丁目２２－１,2: 10人以上~20人未満,,1: 1億円以上~3億円未満,http://www.goldware.jp/,,,,,,送信不可,,営業禁止の記載あり,
ハーモナイズ株式会社,医療機器,"プラスチック製品・樹脂製品,金属部品,金属加工",福島県,福島県本宮市青田字山田１番６,2: 10人以上~20人未満,"0: 5,000万円未満",2: 3億円以上~10億円未満,http://harmonized.biz/company/,http://harmonized.biz/contact/,0243-24-8773,info@harmonized.biz,,,送信不可,,必須項目の入力ができない（情報不足など）,
株式会社アスカム,Webアプリ・サービス運営,ソフトウェア販売,北海道,北海道札幌市中央区南二条西１２丁目３２４番地１１号,2: 10人以上~20人未満,"0: 5,000万円未満",1: 1億円以上~3億円未満,https://www.ascamnet.co.jp/,,011-211-1688,,,,送信成功,2026/07/17,,
ＶＩＧＯ　ＭＥＤＩＣＡＬ株式会社,医療機器,その他電気製品,東京都,東京都台東区柳橋１丁目２３－４,2: 10人以上~20人未満,"1: 5,000万円以上~3億円未満",2: 3億円以上~10億円未満,https://www.vigo-medical.com/,,03-6661-7030,info@vigo-medical.com,,,送信成功,2026/07/17,,
株式会社ＭａａＳ　Ｔｅｃｈ　Ｊａｐａｎ,クラウド系/SaaS/ASPサービス,"ITコンサル,Webアプリ・サービス運営",東京都,東京都港区虎ノ門２丁目２番１号,2: 10人以上~20人未満,,1: 1億円以上~3億円未満,https://www.maas.co.jp/,https://forms.office.com/Pages/ResponsePage.aspx?id=MtnIeK3tMEexbLLR4ScCQINuwlcbe-tIvEAZtVnJjuRURThIODFYWDNNS0lUMUo5Q0lWVFRZMVU5MS4u,,,,,送信不可,,メールに遷移・Googleフォーム,
株式会社Ａｒｇａｎｏ,Webアプリ・サービス運営,,東京都,東京都渋谷区渋谷３丁目２７番１１号祐真ビル新館８階,2: 10人以上~20人未満,,1: 1億円以上~3億円未満,https://argano.co.jp/company/,https://docs.google.com/forms/d/e/1FAIpQLSc0LyyX6tKuWjl1lUybcnUuOrcdOvYOh1hfYgfNh_IEwTJrPA/viewform?usp=sf_link,,,,,送信成功,2026/07/17,,
株式会社アドストリームジャパン,クラウド系/SaaS/ASPサービス,"ITコンサル,その他コンサル",東京都,東京都渋谷区恵比寿４丁目２０番３号恵比寿ガーデンプレイスタワー１８階,2: 10人以上~20人未満,"0: 5,000万円未満",1: 1億円以上~3億円未満,https://www.adstream.co.jp/about,https://www.adstream.co.jp/contact,03-3760-6273,,,,送信成功,2026/07/17,,
ゼッタリンクス株式会社,Webアプリ・サービス運営,,東京都,東京都荒川区西日暮里５丁目１４番４号,2: 10人以上~20人未満,"0: 5,000万円未満",1: 1億円以上~3億円未満,https://www.zettalinx.co.jp/company/about/,https://www.zettalinx.co.jp/contact/,03-5615-3761,,,,送信不可,,営業禁止の記載あり,
アドバンス柏株式会社,医療機器,その他製造,千葉県,千葉県柏市北柏３丁目１番地の２寺田ビル２階,2: 10人以上~20人未満,"0: 5,000万円未満",2: 3億円以上~10億円未満,https://www.advance-k.biz,https://www.advance-k.biz/%E3%81%8A%E5%95%8F%E5%90%88%E3%82%8F%E3%81%9B/,04-7107-2276,,,,送信不可,,別サイトに遷移してしまう・サイトが開けない,
株式会社Ｍｏｍｏ,Webアプリ・サービス運営,受託開発,兵庫県,兵庫県神戸市中央区海岸通３丁目１－１４大島ビル３３号室,2: 10人以上~20人未満,"1: 5,000万円以上~3億円未満",1: 1億円以上~3億円未満,https://momo-ltd.com/about/,https://momo-ltd.com/contact/,,info@momo-ltd.com,,,送信成功,2026/07/17,,
株式会社ｃｈａｉｎｔｏｐｅ,Webアプリ・サービス運営,,福岡県,福岡県飯塚市幸袋５３０番地２５,2: 10人以上~20人未満,"0: 5,000万円未満",1: 1億円以上~3億円未満,https://www.chaintope.com/,https://docs.google.com/forms/d/e/1FAIpQLSd1ly4aJuyep39nB39OlBj3J0GjCYqYqfZcHouKgf2v0ysAyA/viewform,,info@chaintope.com,,,送信成功,2026/07/17,,
株式会社スホ,クラウド系/SaaS/ASPサービス,"ソフトウェア販売,ITインフラストラクチャー",東京都,東京都新宿区住吉町１番２０号角張ビル５Ｆ,2: 10人以上~20人未満,,1: 1億円以上~3億円未満,https://www.suhojapan.com/company,,03-6868-6446,contact@suhojapan.com,,,送信成功,2026/07/17,,
株式会社ソーシャルキャピタル・プロダクション,Webアプリ・サービス運営,,東京都,東京都千代田区一番町２９番地２,2: 10人以上~20人未満,"0: 5,000万円未満",1: 1億円以上~3億円未満,https://sc-p.co.jp/company/,http://www.sc-p.co.jp/contact/,03-6380-9994,,,,送信成功,2026/07/17,,
Ｋｅｅｙｌｓ株式会社,クラウド系/SaaS/ASPサービス,その他IT,東京都,東京都港区新橋２丁目１６番１号,2: 10人以上~20人未満,"1: 5,000万円以上~3億円未満",2: 3億円以上~10億円未満,https://keeyls.com/about-keeyls/,https://keeyls.com/contact/,03-6451-1524,ks-inquiry@keeyls.com,,,送信不可,,送信ボタンを押すことができない・エラー,
株式会社Ａｚｉｔ,Webアプリ・サービス運営,スマホアプリ,東京都,東京都渋谷区恵比寿南３丁目９番１６号ガーデンヒル恵比寿南３階３０６号室,2: 10人以上~20人未満,"1: 5,000万円以上~3億円未満",1: 1億円以上~3億円未満,https://azit.co.jp/,https://azit.co.jp/contact,080-9441-4395,info@azit.co.jp,,,送信不可,, お問い合わせフォーム無し,
株式会社アイピア,Webアプリ・サービス運営,"AI,受託開発,デジタル系コンテンツ,Web制作,その他IT,ITコンサル",兵庫県,兵庫県神戸市中央区東町１２３番地１貿易ビル５０３,2: 10人以上~20人未満,"0: 5,000万円未満",1: 1億円以上~3億円未満,https://aippearnet.com/,,078-335-8975,,,,送信不可,, お問い合わせフォーム無し,
株式会社うらら,Webアプリ・サービス運営,Web制作,宮城県,宮城県仙台市青葉区落合５丁目１５－３８,2: 10人以上~20人未満,,0: 1億円未満,https://urara-inc.jp/,,,,,,送信成功,2026/07/17,,
株式会社ＳｃｏｐｅＮｅｘｔ,Webアプリ・サービス運営,"ITコンサル,その他ゲーム",東京都,東京都千代田区神田須田町１丁目７番５号神田ミハマビル８－Ａ,2: 10人以上~20人未満,"0: 5,000万円未満",2: 3億円以上~10億円未満,https://www.scopenext.co.jp/,https://www.scopenext.co.jp/contact,,contact@scopenext.jp,,,送信成功,2026/07/17,,
株式会社ＰＩＤ,クラウド系/SaaS/ASPサービス,"不動産賃貸・仲介,Webアプリ・サービス運営",東京都,東京都港区新橋３丁目１６番１２号,2: 10人以上~20人未満,"1: 5,000万円以上~3億円未満",2: 3億円以上~10億円未満,https://pid-corp.jp/company/,,,info-pr@pid-corp.jp,,,送信成功,2026/07/17,,
サイトンジャパン合同会社,医療機器,"セミナー,医療機器商社",東京都,東京都新宿区新宿５丁目１１番１号ホーメスト新宿ビル６階,2: 10人以上~20人未満,"0: 5,000万円未満",2: 3億円以上~10億円未満,https://sciton.jp/会社案内/,http://sciton.jp/contact/,03-5362-0262,info@sciton.com,,,送信成功,2026/07/17,,
株式会社ジェフティ,Webアプリ・サービス運営,PC・スマホ機器販売・修理,東京都,東京都中野区新井２丁目７番１３号,2: 10人以上~20人未満,"0: 5,000万円未満",1: 1億円以上~3億円未満,http://www.dhwty.co.jp,,,info@dhwty.co.jp,,,送信不可,,メールに遷移・Googleフォーム,
株式会社シーラベル,Webアプリ・サービス運営,,神奈川県,神奈川県横浜市神奈川区栄町５－１横浜クリエーションスクエア１４階,2: 10人以上~20人未満,,1: 1億円以上~3億円未満,https://clabel.co.jp/company,https://clabel.co.jp/contact,,info@clabel.co.jp,,,送信不可,,必須項目の入力ができない（情報不足など）,
ＰｈａｒｍａＸ株式会社,クラウド系/SaaS/ASPサービス,"Webアプリ・サービス運営,その他医療・福祉",東京都,東京都文京区本郷５丁目２５番１８号ハイテク本郷ビル１０２,2: 10人以上~20人未満,,1: 1億円以上~3億円未満,https://www.pharma-x.co.jp/,https://www.pharma-x.co.jp/,,contact@pharma-x.co.jp,,,送信不可,, お問い合わせフォーム無し,
株式会社Ｉｒａｎｏａｎ,Webアプリ・サービス運営,,埼玉県,埼玉県さいたま市大宮区桜木町２丁目３８０－１第１０松ビル６Ｆ,2: 10人以上~20人未満,,1: 1億円以上~3億円未満,https://www.wantedly.com/companies/company_8668545,,,,,,送信不可,,別サイトに遷移してしまう・サイトが開けない,
ウィメンズヘルス・ジャパン株式会社,医療機器,"セミナー,医療機器商社",東京都,東京都台東区浅草橋３丁目２０番１８号,2: 10人以上~20人未満,"1: 5,000万円以上~3億円未満",2: 3億円以上~10億円未満,http://womenshealthjapan.com/,http://www.womenshealthjapan.com/contact/index.html,03-6240-9611,info@womenshealthjapan.com,,,送信不可,,必須項目の入力ができない（情報不足など）,お問い合わせ種別該当なし
シーイヤー株式会社,Webアプリ・サービス運営,,東京都,東京都台東区台東２丁目１９番地６,2: 10人以上~20人未満,,1: 1億円以上~3億円未満,https://www.cear.co.jp/,https://cear.co.jp/contact/,,info-cear@cear.tokyo,,,送信成功,2026/07/17,,
ラストマイルワークス株式会社,Webアプリ・サービス運営,"クラウド系/SaaS/ASPサービス,ITコンサル",東京都,東京都中央区日本橋小舟町８番６号,2: 10人以上~20人未満,"0: 5,000万円未満",1: 1億円以上~3億円未満,https://lastmile-works.com/jp/,https://lastmile-works.com/contact/,,info@lastmile-works.com,,,送信不可,,営業禁止の記載あり,
Ｗｉｌｌｂｏｘ株式会社,クラウド系/SaaS/ASPサービス,"その他運輸・物流,その他コンサル",神奈川県,神奈川県横浜市西区みなとみらい３丁目７－１ＯＣＥＡＮＧＡＴＥＭＩＮＡＴＯＭＩＲＡＩ８階,2: 10人以上~20人未満,"1: 5,000万円以上~3億円未満",2: 3億円以上~10億円未満,https://willbox.jp/about,https://willbox.jp/contact,,,,,送信成功,2026/07/17,,
ネオメディカル株式会社,医療機器,"医療機器商社,医療コンサル",埼玉県,埼玉県三郷市三郷２丁目３－１１,2: 10人以上~20人未満,,2: 3億円以上~10億円未満,https://neomedical.co.jp/company/,http://neomedical.co.jp/contact/,048-960-0841,,,,送信成功,2026/07/17,,
イノベーティブ・デザイン合同会社,Webアプリ・サービス運営,ITコンサル,東京都,東京都品川区北品川１丁目１９番５号コーストライン品川ビル３階Ａ室,2: 10人以上~20人未満,,1: 1億円以上~3億円未満,https://innovative-design.jp/ja/,https://innovative-design.jp/ja/contact/,,,,,送信成功,2026/07/17,,
株式会社トランスソフト,Webアプリ・サービス運営,"ソフトウェア販売,ITコンサル,Web制作,企業研修",宮城県,宮城県仙台市青葉区一番町２丁目７番１２号,2: 10人以上~20人未満,,1: 1億円以上~3億円未満,http://www.transsoft.co.jp/company.html,https://sec.alpha-mail.jp/transsoft.co.jp/contact.html,022-302-4142,nakagawa@transsoft.co.jp,,,送信不可,,メールに遷移・Googleフォーム,
センシン株式会社,Webアプリ・サービス運営,,宮城県,宮城県仙台市泉区西田中字萱場中２９番地の１,2: 10人以上~20人未満,,1: 1億円以上~3億円未満,https://fudosantoshiguide.com/,https://fudosantoshiguide.com/contact/,022-725-5508,,,,送信成功,2026/07/17,,
タイムクラウド株式会社,Webアプリ・サービス運営,,東京都,東京都港区赤坂２丁目１０番２号吉川ビル２階,2: 10人以上~20人未満,,1: 1億円以上~3億円未満,https://timecrowd.net/sct,https://timecrowd.net/contacts/new,,info@timecrowd.net,,,送信成功,2026/07/17,,
株式会社ｏｖｅｒｆｌｏｗ,Webアプリ・サービス運営,"その他人材,Webマーケコンサル",東京都,東京都港区虎ノ門１丁目１番２１号,2: 10人以上~20人未満,,1: 1億円以上~3億円未満,https://overflow.co.jp/,https://overflow.co.jp/about#vision,,info@overflow.co.jp,,,送信不可,,送信ボタンを押すことができない・エラー,
株式会社ジョインハンズスポーツ,Webアプリ・サービス運営,"その他サービス,Webマーケコンサル",東京都,東京都渋谷区千駄ヶ谷３丁目３８番１０号Ａ・Ｉ・Ｋビル３階,2: 10人以上~20人未満,,1: 1億円以上~3億円未満,https://joinhands-s.jp/,http://joinhands-s.jp/#contact,03-6419-7917,info-siu@joinhands-s.jp,,,送信不可,,メールに遷移・Googleフォーム,
ＲＦルーカス株式会社,Webアプリ・サービス運営,ソフトウェア販売,東京都,東京都江東区青海２丁目７番４号,2: 10人以上~20人未満,"1: 5,000万円以上~3億円未満",1: 1億円以上~3億円未満,https://rflocus.com/company/,https://rflocus.com/contacts/,03-6383-3981,info@rflocus.com,,,送信成功,2026/07/17,,
エンゲート株式会社,Webアプリ・サービス運営,,東京都,東京都中央区銀座３丁目１１番３号ＬＥＡＧＵＥ銀座,2: 10人以上~20人未満,"1: 5,000万円以上~3億円未満",1: 1億円以上~3億円未満,https://engate.co.jp/,https://engate.co.jp/,03-6427-4938,info@engate.jp,,,送信成功,2026/07/17,,
株式会社タグバンガーズ,Webアプリ・サービス運営,"Web制作,Webマーケコンサル,ITコンサル,受託開発",神奈川県,神奈川県横浜市神奈川区栄町１７番地２,2: 10人以上~20人未満,"0: 5,000万円未満",1: 1億円以上~3億円未満,http://tagbangers.co.jp/,https://tagbangers.co.jp/contact,045-620-8533,hello@tagbangers.co.jp,,,送信成功,2026/07/17,,
株式会社京都システム技研,Webアプリ・サービス運営,,京都府,京都府京都市下京区烏丸通仏光寺下る大政所町６８０番地１,2: 10人以上~20人未満,"0: 5,000万円未満",1: 1億円以上~3億円未満,http://kyosys-jp.com/,http://kyosys-jp.com/contact,075-353-1035,info@kyosys-jp.com,,,送信成功,2026/07/17,,
株式会社ポセイドンＣＡＥ,クラウド系/SaaS/ASPサービス,,埼玉県,埼玉県桶川市末広２丁目５番１４号,2: 10人以上~20人未満,,1: 1億円以上~3億円未満,https://www.pcae.co.jp/ja/about-us/,https://www.pcae.co.jp/ja/contact-us/,048-709-1129,,,,送信不可,,送信ボタンを押すことができない・エラー,
株式会社ユナイテッドウィル,Webアプリ・サービス運営,"受託開発,人材派遣",東京都,東京都渋谷区恵比寿西１丁目７番７号,2: 10人以上~20人未満,"1: 5,000万円以上~3億円未満",1: 1億円以上~3億円未満,https://www.unitedwill.jp/,https://www.unitedwill.jp/inquiry/,03-6416-9973,contact@unitedwill.jp,,,送信成功,2026/07/17,,
株式会社Ｇｒｅｅｄ,Webアプリ・サービス運営,"金属加工,Webマーケコンサル",東京都,東京都渋谷区東１丁目３－１０いちご渋谷イーストビル４階,2: 10人以上~20人未満,"1: 5,000万円以上~3億円未満",1: 1億円以上~3億円未満,https://greedinc.co.jp/,https://greedinc.co.jp/contact/,03-6434-9229,info@greedinc.co.jp,,,送信不可,,必須項目の入力ができない（情報不足など）,役職
株式会社ＣＯＮＮＥＸＴ,Webアプリ・サービス運営,"その他IT,ITコンサル",東京都,東京都葛飾区東新小岩１丁目１２番３－１３０２号パークハウス新小岩アーバンス,2: 10人以上~20人未満,,1: 1億円以上~3億円未満,https://connext.co.jp/about/,https://connext.co.jp/contact/,03-3694-1412,,,,送信成功,2026/07/17,,
株式会社イノフィス,医療機器,産業用ロボット,東京都,東京都八王子市東町７番６号,2: 10人以上~20人未満,"1: 5,000万円以上~3億円未満",2: 3億円以上~10億円未満,https://innophys.jp/,https://innophys.jp/contact/,03-5225-1083,,,,送信成功,2026/07/17,,
株式会社ＫｉＺＵＫＡＩ,クラウド系/SaaS/ASPサービス,,東京都,東京都新宿区四谷三栄町９番６号四谷三栄町スクエア２階,2: 10人以上~20人未満,"1: 5,000万円以上~3億円未満",1: 1億円以上~3億円未満,https://kizukai.com/corporate,https://corp.kizukai.com/contact/,,info@kizukai.com,,,送信成功,2026/07/17,,
インフォシェア株式会社,Webアプリ・サービス運営,その他通信,東京都,東京都府中市宮西町２丁目１１番１号フィル・パーク府中３Ｆ,2: 10人以上~20人未満,"1: 5,000万円以上~3億円未満",2: 3億円以上~10億円未満,http://www.infoshare.co.jp/,https://infoshare.securesite.jp/contact.php,042-319-6123,info@infoshare.co.jp,,,送信成功,2026/07/17,,
株式会社ファンコーポレーション,ゲーム開発,"経営コンサル,グッズ制作・グッズ販売,ゲーム・アニメデザイン,雑貨販売,日用品",神奈川県,神奈川県川崎市高津区溝口２丁目１７番２７号エムスタ第４ビル,2: 10人以上~20人未満,"0: 5,000万円未満",2: 3億円以上~10億円未満,http://www.studiofake.co.jp/company/,https://www.funco.co.jp/contact,044-829-3400,work@studiofake.co.jp,,,送信成功,2026/07/17,,
株式会社トレス,Webアプリ・サービス運営,,長野県,長野県佐久市猿久保２１９番地６,2: 10人以上~20人未満,,1: 1億円以上~3億円未満,https://greeenlights.co.jp/,https://ssl.form-mailer.jp/fms/b6feadf6808092,,,,,送信成功,2026/07/17,,
株式会社ＴＲＩＮＵＳ,Webアプリ・サービス運営,"その他コンサル,飲食コンサル,販促コンサル,eコマース",東京都,東京都中央区日本橋２丁目１６番３号２階,2: 10人以上~20人未満,"1: 5,000万円以上~3億円未満",1: 1億円以上~3億円未満,https://trinus.co.jp/,https://trinus.co.jp/pages/contact,03-5244-5796,contact@sikito.com,,,送信成功,2026/07/17,,
株式会社イーアイアイ,Webアプリ・サービス運営,その他機械,東京都,東京都千代田区神田小川町２丁目３番１３号,2: 10人以上~20人未満,"0: 5,000万円未満",1: 1億円以上~3億円未満,https://eii-net.co.jp/,https://eii-net.co.jp/contact/index.html,03-3518-9797,,,,送信成功,2026/07/17,,
ヴェルク株式会社,Webアプリ・サービス運営,,東京都,東京都千代田区神田佐久間町１丁目８－２第一阿部ビル９階,2: 10人以上~20人未満,"0: 5,000万円未満",1: 1億円以上~3億円未満,https://www.velc.co.jp/,https://www.velc.co.jp/contact/new,,,,,送信不可,,営業禁止の記載あり,
株式会社ＮｉＣＯ,情報セキュリティ,"その他サービス,受託開発,紙媒体印刷,コンテンツ制作,翻訳・通訳",東京都,東京都千代田区内神田３丁目２４－４,2: 10人以上~20人未満,"0: 5,000万円未満",2: 3億円以上~10億円未満,https://www.2co.co.jp/company.html,https://www.2co.co.jp/contact.html,03-5225-7590,your_concierge@2co.co.jp,,,送信成功,2026/07/17,,
シェンペクス・インターナショナル株式会社,医療機器,,群馬県,群馬県前橋市公田町５９０番地,2: 10人以上~20人未満,"0: 5,000万円未満",2: 3億円以上~10億円未満,https://www.shenpix.co.jp/company/,https://www.shenpix.co.jp/company/,027-265-7123,intr@shenpix.co.jp,,,送信不可,,メールに遷移・Googleフォーム,
株式会社Ｍｏｕｎｔａｉｎ　Ｇｏｒｉｌｌａ,Webアプリ・サービス運営,"その他通信,人材派遣",大阪府,大阪府大阪市西区立売堀２丁目１－９日建ビル６Ｆ,2: 10人以上~20人未満,"1: 5,000万円以上~3億円未満",1: 1億円以上~3億円未満,https://mountaingorilla.jp/company/outline/,https://mountaingorilla.jp/contact,06-6657-5365,info@mountain-gorilla.co.jp,,,送信成功,2026/07/17,,
ＭＹＧ　Ｂｕｉｌｄ株式会社,Webアプリ・サービス運営,,青森県,青森県八戸市大字長苗代字上中坪３５番地１,2: 10人以上~20人未満,2: 3億円以上~10億円未満,1: 1億円以上~3億円未満,http://www.miyago.co.jp/hd/company.html#top,https://www.miyago.co.jp/hd/contact/,0178-20-1701,,,,送信成功,2026/07/17,,
シンビオス株式会社,Webアプリ・サービス運営,"ITコンサル,受託開発",東京都,東京都千代田区飯田橋４丁目８番１３号,2: 10人以上~20人未満,"0: 5,000万円未満",1: 1億円以上~3億円未満,https://www.symb.co.jp/,https://www.symb.co.jp/contact/,03-6272-9415,,,,送信成功,2026/07/17,,
株式会社ハイクラウド,クラウド系/SaaS/ASPサービス,"その他マスコミ・出版,その他IT",東京都,東京都千代田区岩本町２丁目１３番６号,2: 10人以上~20人未満,"0: 5,000万円未満",2: 3億円以上~10億円未満,https://www.hi-cloud.co.jp/,https://www.hi-cloud.co.jp/,,,,,送信成功,2026/07/17,,
株式会社ＤＡＴＡＦＬＵＣＴ,Webアプリ・サービス運営,,東京都,東京都渋谷区桜丘町１番４号渋谷サクラステージＳＨＩＢＵＹＡサイドＳＨＩＢＵＹＡタワー７階,2: 10人以上~20人未満,,1: 1億円以上~3億円未満,https://datafluct.com/company/,https://datafluct.com/contact/,03-6822-5590,becoz-info@datafluct.com,,,送信不可,,営業禁止の記載あり,
株式会社チカク,Webアプリ・サービス運営,"クラウド系/SaaS/ASPサービス,その他機械",東京都,東京都渋谷区東２丁目１４番７号,2: 10人以上~20人未満,,1: 1億円以上~3億円未満,https://www.chikaku.co.jp/,https://www.chikaku.co.jp/contact,,,,,送信成功,2026/07/17,,
ネプラ株式会社,クラウド系/SaaS/ASPサービス,Webアプリ・サービス運営,東京都,東京都渋谷区渋谷３丁目５－１６渋谷三丁目スクエアビル２Ｆ,2: 10人以上~20人未満,"0: 5,000万円未満",1: 1億円以上~3億円未満,https://nepula.net,https://nepula.net/contact,050-3187-5550,info@nepula.net,,,送信成功,2026/07/17,,
ＥＤＯＣＯＤＥ株式会社,クラウド系/SaaS/ASPサービス,,東京都,東京都渋谷区恵比寿南１丁目２４番２号,2: 10人以上~20人未満,,2: 3億円以上~10億円未満,https://www.edocode.co.jp,,,,,,送信不可,, お問い合わせフォーム無し,
マクニカソリューションズ株式会社,Webアプリ・サービス運営,"ITコンサル,受託開発",神奈川県,神奈川県横浜市港北区新横浜１丁目５番地５,2: 10人以上~20人未満,"1: 5,000万円以上~3億円未満",1: 1億円以上~3億円未満,https://www.msc.macnica.net/contents/company.html,https://www.macnica.net/contact/,045-476-1972,,,,送信不可,,必須項目の入力ができない（情報不足など）,肩書、役職、担当業務
株式会社ゼロプラス,Webアプリ・サービス運営,"Webマーケコンサル,携帯・通信回線販売代理店,デザイン,Web制作",東京都,東京都品川区大崎５丁目４－３ＯＮＯビル４Ｆ,2: 10人以上~20人未満,"0: 5,000万円未満",1: 1億円以上~3億円未満,https://0-plus.jp/,https://0-plus.jp/contact/,03-6421-7842,tanaka@0-plus.jp,,,送信成功,2026/07/17,,
サナメディ株式会社,医療機器,,東京都,東京都中央区日本橋本町２丁目３番１１号,2: 10人以上~20人未満,3: 10億円以上~50億円未満,2: 3億円以上~10億円未満,https://www.sanamedi.jp/company,https://jomdd.com/inquiry,03-6262-3322,,,,送信不可,,メールに遷移・Googleフォーム,
株式会社テミスゲート,Webアプリ・サービス運営,,東京都,東京都千代田区麹町２丁目４－１０,2: 10人以上~20人未満,"0: 5,000万円未満",1: 1億円以上~3億円未満,https://themisgate.co.jp/corporate/,https://themisgate.co.jp/contact/,03-6256-8229,contact@themisgate.co.jp,,,送信成功,2026/07/17,,
株式会社エーテル,Webアプリ・サービス運営,,東京都,東京都渋谷区道玄坂１丁目１０番８号渋谷道玄坂東急ビル２Ｆ－Ｃ,2: 10人以上~20人未満,"0: 5,000万円未満",1: 1億円以上~3億円未満,https://aetel.jp/,https://qwc.jp/about.php#inquiry,,,,,送信成功,2026/07/17,,
メディウムテクノロジーズ株式会社,Webアプリ・サービス運営,,東京都,東京都新宿区新宿６丁目８番５号新宿山﨑ビル３０１,2: 10人以上~20人未満,"0: 5,000万円未満",1: 1億円以上~3億円未満,https://www.mediumtech.co.jp/,,03-6380-1995,,,,送信不可,, お問い合わせフォーム無し,
株式会社ブライブ,ゲーム開発,Webアプリ・サービス運営,東京都,東京都新宿区新宿１丁目１３番１号大橋御苑駅ビルディング別館５階,2: 10人以上~20人未満,"1: 5,000万円以上~3億円未満",1: 1億円以上~3億円未満,http://www.braeve.jp/,http://www.braeve.jp/#contact,,info@braeve.jp,,,送信不可,, お問い合わせフォーム無し,
Ｌｉｎｋｌｅｔ株式会社,Webアプリ・サービス運営,,東京都,東京都豊島区東池袋１丁目２５番８号,2: 10人以上~20人未満,"0: 5,000万円未満",1: 1億円以上~3億円未満,https://sfbc.co.jp/company/profile/,https://sfbc.co.jp/inquiry/,03-6894-6220,,,,送信成功,2026/07/17,,
ユニバーサルアドネットワーク株式会社,Webアプリ・サービス運営,"児童福祉,経営コンサル",東京都,東京都中央区日本橋馬喰町１丁目６番１５号,2: 10人以上~20人未満,"0: 5,000万円未満",1: 1億円以上~3億円未満,https://u-an.co.jp/,https://u-an.co.jp/#contact,03-6661-1799,,,,送信不可,,,
株式会社ベルーナツーリズム,Webアプリ・サービス運営,,埼玉県,埼玉県上尾市仲町１丁目７－１１第２アネックスビル,2: 10人以上~20人未満,"1: 5,000万円以上~3億円未満",1: 1億円以上~3億円未満,https://yumeyado.jp/company,https://www.yumeyado.jp/contact/,048-778-0022,,,,送信成功,2026/07/17,,
Ｙ－ＰＵ　ＥＮＴＥＲＴＡＩＮＭＥＮＴ株式会社,Webアプリ・サービス運営,"デザイン,展示会・販促イベント,Web制作,イベント",大阪府,大阪府大阪市福島区吉野２丁目２番７号,2: 10人以上~20人未満,,1: 1億円以上~3億円未満,https://y-pu.co.jp/,https://y-pu.co.jp/inquery,,,,,送信成功,2026/07/17,,
グラムス株式会社,Webアプリ・サービス運営,,大阪府,大阪府堺市北区黒土町２３３９番地１,2: 10人以上~20人未満,,1: 1億円以上~3億円未満,https://glamscorp.jp/company/profile/,https://glamscorp.jp/#contact,072-242-7480,info@glamscorp.jp,,,送信不可,,営業禁止の記載あり,
株式会社モアファースト,Webアプリ・サービス運営,,北海道,北海道札幌市中央区宮の森一条３丁目１番１８－６０８号,2: 10人以上~20人未満,,1: 1億円以上~3億円未満,,,,,,,送信不可,,別サイトに遷移してしまう・サイトが開けない,HPなし
株式会社ソノリテ,Webアプリ・サービス運営,"業務請負,事務処理代行",東京都,東京都江東区東陽３丁目８番５号,2: 10人以上~20人未満,,1: 1億円以上~3億円未満,https://sonorite.cc/about/,https://170c73bc.form.kintoneapp.com/public/0d06dcc35ba10e581ddda2974386529a3d0e8d1bef9254df111684fb2bad4354,03-6458-6114,,,,送信成功,2026/07/17,,
株式会社ＰＩＪＩＮ,Webアプリ・サービス運営,,東京都,東京都千代田区丸の内１丁目６番２号新丸の内センタービルディング２１階,2: 10人以上~20人未満,"1: 5,000万円以上~3億円未満",1: 1億円以上~3億円未満,https://jp.qrtranslator.com/about/,https://jp.qrtranslator.com/contact,03-4531-9690,,,,送信成功,2026/07/17,,
株式会社Ｉｎｓｉｔｙ,Webアプリ・サービス運営,,東京都,東京都中央区日本橋小網町１５番７－３０２号,2: 10人以上~20人未満,,1: 1億円以上~3億円未満,https://insity.jp/,https://insity.jp/contact/,,,,,送信成功,2026/07/17,,
ミドクラジャパン株式会社,Webアプリ・サービス運営,"ソフトウェア販売,ITインフラストラクチャー",東京都,東京都港区芝浦２丁目１５番６号,2: 10人以上~20人未満,"0: 5,000万円未満",1: 1億円以上~3億円未満,https://www.midokura.jp/会社概要/,https://www.midokura.com/contact/,03-6868-5557,gpucontact@midokura.com,,,送信不可,, お問い合わせフォーム無し,
株式会社リボルバー,クラウド系/SaaS/ASPサービス,"Webマーケコンサル,Webアプリ・サービス運営,Web制作",東京都,東京都港区新橋５丁目３３番１０号,2: 10人以上~20人未満,"1: 5,000万円以上~3億円未満",1: 1億円以上~3億円未満,https://revolver.co.jp/About_us,https://revolver.co.jp/contact-sales,050-3816-3798,sales@revolver.co.jp,,,送信成功,2026/07/17,,
ＬＩＳＵＴＯ株式会社,Webアプリ・サービス運営,,東京都,東京都港区六本木２丁目２番８号,2: 10人以上~20人未満,2: 3億円以上~10億円未満,1: 1億円以上~3億円未満,https://www.lisuto.co.jp/company/,,03-6277-7445,info@lisuto.com,,,送信不可,, お問い合わせフォーム無し,
株式会社リンクキット,Webアプリ・サービス運営,ソフトウェア販売,東京都,東京都新宿区歌舞伎町２丁目１番地２号ＨＡＮＲＯＫＵビル２Ｆ,2: 10人以上~20人未満,"0: 5,000万円未満",1: 1億円以上~3億円未満,https://linkkit.co.jp/company.htm,http://www.linkkit.co.jp/contact.php,03-3525-4275,,,,送信成功,2026/07/17,,
株式会社タップル,Webアプリ・サービス運営,"Webマーケコンサル,ITコンサル",東京都,東京都渋谷区宇田川町４０番１号,2: 10人以上~20人未満,"1: 5,000万円以上~3億円未満",1: 1億円以上~3億円未満,https://www.tapple.co.jp/company/,https://www.matchingagent.co.jp/contact/,03-6328-2692,support@tapple.co.jp,,,送信成功,2026/07/17,,
株式会社ＨＳＪ,Webアプリ・サービス運営,ITインフラストラクチャー,東京都,東京都港区新橋３丁目９番１０号天翔新橋ビル５階５０３号室,2: 10人以上~20人未満,"0: 5,000万円未満",1: 1億円以上~3億円未満,https://hsj-inc.co.jp/,,03-6432-0813,,,,送信不可,, お問い合わせフォーム無し,
株式会社アライアンスクラウド,クラウド系/SaaS/ASPサービス,,東京都,東京都目黒区青葉台３丁目１０番９号ＶＯＲＴ青葉台６階,2: 10人以上~20人未満,,1: 1億円以上~3億円未満,https://alliancecloud.co.jp/,https://alliancecloud.co.jp/#contact,,info@alliancecloud.co.jp,,,送信成功,2026/07/17,,
株式会社Ｋｏｃｃｏｒｏ,Webアプリ・サービス運営,,埼玉県,埼玉県所沢市東所沢和田３丁目１１－１久保田ビル２Ｆ,2: 10人以上~20人未満,,1: 1億円以上~3億円未満,https://koccoro.com/,https://koccoro.shop-pro.jp/customer/inquiries/new,,,,,送信成功,2026/07/17,,
株式会社リーバー,Webアプリ・サービス運営,スマホアプリ,茨城県,茨城県つくば市松代４丁目２番７号,2: 10人以上~20人未満,"0: 5,000万円未満",1: 1億円以上~3億円未満,https://www.leber.jp/about-us/,https://www.leber.jp/contact/other,029-896-6263,info@leber.jp,,,送信成功,2026/07/17,,
株式会社京翔,Webアプリ・サービス運営,,京都府,京都府京都市中京区新町通三条上る町頭町１１２番地,2: 10人以上~20人未満,"0: 5,000万円未満",1: 1億円以上~3億円未満,https://www.f-keisho.co.jp/company/overview/,http://www.f-keisho.co.jp//www.f-keisho.co.jp/contact/,075-353-2570,,,,送信不可,,必須項目の入力ができない（情報不足など）,お問い合わせ区分該当なし
株式会社ママスキー,Webアプリ・サービス運営,"その他コンサル,イベント",富山県,富山県富山市大島２丁目１９番地２９,2: 10人以上~20人未満,,1: 1億円以上~3億円未満,https://mamasky.jp/,https://mamasky.jp/contact,,,,,送信成功,2026/07/17,,
ジャパンインテグレーション株式会社,Webアプリ・サービス運営,ITコンサル,沖縄県,沖縄県宜野湾市大山６丁目８番１号,2: 10人以上~20人未満,,1: 1億円以上~3億円未満,https://www.japan-int.com/,https://www.japan-int.com/contact/,098-943-9674,,,,送信成功,2026/07/17,,
バーズ・ビュー株式会社,Webアプリ・サービス運営,クラウド系/SaaS/ASPサービス,東京都,東京都文京区本郷４丁目５番１０号,2: 10人以上~20人未満,"0: 5,000万円未満",1: 1億円以上~3億円未満,https://www.birdsview.jp/,http://www.birdsview.jp/contact,03-6801-5620,,,,送信成功,2026/07/17,,
株式会社円簿インターネットサービス,Webアプリ・サービス運営,受託開発,東京都,東京都豊島区東池袋３丁目１番１号サンシャイン６０、４５階,2: 10人以上~20人未満,"1: 5,000万円以上~3億円未満",1: 1億円以上~3億円未満,https://www.yenbo.jp/profile,https://www.yenbo.jp/contact_yenbo,,,,,送信成功,2026/07/17,,
ＩｎｓｔａＶＲ株式会社,Webアプリ・サービス運営,クラウド系/SaaS/ASPサービス,東京都,東京都豊島区東池袋１丁目２５番６号ＰＭＯ池袋１０階,2: 10人以上~20人未満,,1: 1億円以上~3億円未満,https://www.instavr.co.jp/,,03-4540-9615,,,,送信不可,, お問い合わせフォーム無し,
株式会社ケイ・アイ・エス,Webアプリ・サービス運営,eコマース,東京都,東京都台東区北上野１丁目８番６号,2: 10人以上~20人未満,"0: 5,000万円未満",2: 3億円以上~10億円未満,http://i-kis.co.jp/company/,,03-6231-6844,,,,送信不可,, お問い合わせフォーム無し,
株式会社シグニティ,Webアプリ・サービス運営,"ITコンサル,Webアプリ・サービス運営",愛知県,愛知県名古屋市中村区名駅３丁目２８番１２号,2: 10人以上~20人未満,"1: 5,000万円以上~3億円未満",1: 1億円以上~3億円未満,https://www.signity.jp/,https://webpush.jp/inquiry/,03-5839-2832,info@signity.jp,,,送信不可,, お問い合わせフォーム無し,営業、提案に該当するフォームなし
株式会社ＡＵＳ,情報セキュリティ,"その他IT,ITコンサル,防犯機器",東京都,東京都江東区平野２丁目１６番１２号,2: 10人以上~20人未満,"0: 5,000万円未満",2: 3億円以上~10億円未満,https://www.aus-inc.co.jp/company/company-profile/,https://advanced-unified-security.com/contact/,03-5875-8110,privacy@aus-inc.co.jp,,,送信不可,,必須項目の入力ができない（情報不足など）,お問い合わせ内容該当なし
株式会社ＦＲＯＮＥ,Webアプリ・サービス運営,ソフトウェア販売,東京都,東京都世田谷区下馬１丁目３３番１２号,2: 10人以上~20人未満,,1: 1億円以上~3億円未満,https://frone.jp/company,http://frone.jp/contact,03-6380-3236,,,,送信成功,2026/07/17,,
株式会社サムライソード,Webアプリ・サービス運営,"CM制作・映像制作,その他建設・工事",東京都,東京都豊島区東池袋３丁目１番３号サンシャインシティワールドインポートマートビル５階,2: 10人以上~20人未満,"0: 5,000万円未満",1: 1億円以上~3億円未満,https://samuraisword.co.jp/,https://samuraisword.co.jp/contact,,info@genic.photo,,,送信不可,,営業禁止の記載あり,
株式会社ペイルド,クラウド系/SaaS/ASPサービス,"銀行・金庫・組合,Webアプリ・サービス運営",東京都,東京都中央区日本橋兜町５番１号兜町第一平和ビルＢ１Ｆ,2: 10人以上~20人未満,2: 3億円以上~10億円未満,2: 3億円以上~10億円未満,https://www.paild.co.jp/about/company,https://www.paild.co.jp/contact,,,,,送信成功,2026/07/17,,
アイイーファイヴ株式会社,Webアプリ・サービス運営,,東京都,東京都千代田区神田神保町２丁目１０番２７号,2: 10人以上~20人未満,"0: 5,000万円未満",1: 1億円以上~3億円未満,https://ie5.jp/,https://ie5.jp/,03-6261-6223,,,,送信不可,, お問い合わせフォーム無し,
株式会社ＳＹＮＡＰＳ,Webアプリ・サービス運営,"その他IT,デジタル系コンテンツ",北海道,北海道札幌市中央区大通西１７丁目１－１４,2: 10人以上~20人未満,"0: 5,000万円未満",1: 1億円以上~3億円未満,https://www.synapseconsulting.jp/,https://www.synapseconsulting.jp/contact/,011-676-4565,info@synapseconsulting.jp,,,送信成功,2026/07/17,,
株式会社フィッシュパス,クラウド系/SaaS/ASPサービス,,福井県,福井県坂井市丸岡町熊堂第３号７番地１－１６,2: 10人以上~20人未満,,1: 1億円以上~3億円未満,https://fishpass.jp/company/about/,,,,,,送信成功,2026/07/17,,
株式会社デジタルコマース,Webアプリ・サービス運営,書籍・メディア販売,東京都,東京都港区芝５丁目３６番７号,2: 10人以上~20人未満,"0: 5,000万円未満",1: 1億円以上~3億円未満,http://digitalcommerce.co.jp/,https://digitalcommerce.co.jp/contact,,,,,送信不可,,必須項目の入力ができない（情報不足など）,問合せ種別該当なし
エフエーエスホールディングス株式会社,Webアプリ・サービス運営,受託開発,香川県,香川県仲多度郡まんのう町宮田１０１９番地１７,2: 10人以上~20人未満,,1: 1億円以上~3億円未満,https://fas-logistic.com/company/about,,0877-75-3780,,,,送信不可,, お問い合わせフォーム無し,
Ｓｔｉｂｏ　Ｓｙｓｔｅｍｓ株式会社,Webアプリ・サービス運営,受託開発,東京都,東京都中央区日本橋３丁目６番２号日本橋フロント１階,2: 10人以上~20人未満,,1: 1億円以上~3億円未満,https://www.stibosystems.com/ja,https://www.stibosystems.com/contact-us,03-6202-7188,info@stibosystems.jp,,,送信不可,,必須項目の入力ができない（情報不足など）,役職
Ｔａｌｋｎｏｔｅ株式会社,Webアプリ・サービス運営,ITコンサル,東京都,東京都千代田区九段南１丁目６番５号,2: 10人以上~20人未満,"1: 5,000万円以上~3億円未満",1: 1億円以上~3億円未満,https://talknote.com/company/,https://talknote.zendesk.com/hc/ja/requests/new,,info@talknote.com,,,送信成功,2026/07/17,,
コースベース株式会社,Webアプリ・サービス運営,"ソフトウェア販売,企業研修",東京都,東京都渋谷区神宮前３丁目４２番２号,2: 10人以上~20人未満,2: 3億円以上~10億円未満,0: 1億円未満,https://coursebase.co/,https://coursebase.co/contact/,,,,,送信成功,2026/07/17,,
グリッジ株式会社,Webアプリ・サービス運営,,東京都,東京都品川区上大崎３丁目２番１号,2: 10人以上~20人未満,"1: 5,000万円以上~3億円未満",1: 1億円以上~3億円未満,https://www.gridge-company.com/,https://www.gridge-company.com/about-jp,,info@gridge.com,,,送信成功,2026/07/17,,
株式会社Ｂｌｕｅ　Ｗｏｒｌｄ　Ｕｎｌｉｍｉｔｅｄ,Webアプリ・サービス運営,"ソフトウェア販売,IT系教育",東京都,東京都江東区東砂３丁目１８番６号コレット０７,2: 10人以上~20人未満,,1: 1億円以上~3億円未満,http://blue-world-unlimited.biz/,http://blue-world-unlimited.biz/#contact,03-6260-9630,,,,送信成功,2026/07/17,,
ＡｐｐＢａｎｋ株式会社,Webアプリ・サービス運営,"PC・スマホ機器販売・修理,eコマース",東京都,東京都新宿区新宿１丁目１９番１０号,2: 10人以上~20人未満,2: 3億円以上~10億円未満,3: 10億円以上~50億円未満,https://www.appbank.co.jp/,http://www.appbank.co.jp/contact/,03-6302-0561,info@appbank.net,,,送信成功,2026/07/17,,
株式会社ＭＪ,Webアプリ・サービス運営,CM制作・映像制作,大阪府,大阪府大阪市西区土佐堀２丁目１番６号２階,2: 10人以上~20人未満,"0: 5,000万円未満",1: 1億円以上~3億円未満,https://mj-inc.jp/corporate.html,https://mj-inc.jp/contact.html,06-6479-0508,,,,送信成功,2026/07/17,,
Ａｌｌｅｅｋｓ株式会社,クラウド系/SaaS/ASPサービス,その他IT,東京都,東京都新宿区西新宿４丁目１１番２１号ホルス西新宿２階,2: 10人以上~20人未満,"0: 5,000万円未満",1: 1億円以上~3億円未満,https://www.alleeks.com/privacy-policy,https://www.alleeks.com/contact,,,,,送信不可,,送信ボタンを押すことができない・エラー,
株式会社ＡＣＤ,Webアプリ・サービス運営,"財務コンサル,人材派遣",岩手県,岩手県盛岡市中央通１丁目６番３０号パレ日影門２０１号,2: 10人以上~20人未満,"0: 5,000万円未満",1: 1億円以上~3億円未満,http://acd.jp.net/,,019-613-2236,,,,送信不可,, お問い合わせフォーム無し,
クリニファー株式会社,Webアプリ・サービス運営,,大阪府,大阪府大阪市中央区大手前１丁目７番３１号ＯＭＭビル５階,2: 10人以上~20人未満,"0: 5,000万円未満",3: 10億円以上~50億円未満,https://cliniphar.com/company/,https://cliniphar.com/contact/,,,,,送信不可,,営業禁止の記載あり,
ｕｐｔｏ４株式会社,Webアプリ・サービス運営,,東京都,東京都中央区日本橋堀留町１丁目９番１０号,2: 10人以上~20人未満,,1: 1億円以上~3億円未満,https://about.upto4.com/company,,,,,,送信不可,, お問い合わせフォーム無し,
株式会社ローカルワークス,Webアプリ・サービス運営,"クレジット・決済代行,その他広告・制作,建設・土木設計",東京都,東京都品川区北品川５丁目５番１５号,2: 10人以上~20人未満,"1: 5,000万円以上~3億円未満",3: 10億円以上~50億円未満,https://localworks.co.jp/,https://localworks.co.jp/,03-6432-5757,info@reform-market.com,,,送信不可,,メールに遷移・Googleフォーム,
株式会社ポルト,情報セキュリティ,,東京都,東京都千代田区神田駿河台２丁目３番１１号,2: 10人以上~20人未満,,1: 1億円以上~3億円未満,https://www.poruto-inc.com/,https://www.poruto-inc.com/contact/,03-5244-4739,,,,送信成功,2026/07/17,,
株式会社ライフシフトラボ,Webアプリ・サービス運営,,東京都,東京都品川区西五反田７丁目２２番１７号ＴＯＣビル１０階,2: 10人以上~20人未満,"1: 5,000万円以上~3億円未満",1: 1億円以上~3億円未満,https://corp.lifeshiftlab.jp/,,,info@blueblaze.co.jp,,,送信不可,, お問い合わせフォーム無し,
株式会社コルザ,医療機器,"動物・ペット,計測機器・センサー,人材派遣,セミナー",茨城県,茨城県つくば市みどりの東１４番地１０Ｙ’ｓＧａｒａｇｅＣ号室,2: 10人以上~20人未満,,1: 1億円以上~3億円未満,http://www.colzadog.com/,https://www.colzadog.com/contact.html,,,,,送信不可,,営業禁止の記載あり,
株式会社オフショア,Webアプリ・サービス運営,"コンテンツ制作,Web制作",沖縄県,沖縄県宜野湾市大山２丁目９番２号前田商事ビル１－Ｃ,2: 10人以上~20人未満,,2: 3億円以上~10億円未満,https://offshore46.com/,,098-943-8916,info@offshore46.com,,,送信不可,, お問い合わせフォーム無し,
アビリティウイング株式会社,Webアプリ・サービス運営,,東京都,東京都港区三田３丁目３番８号,2: 10人以上~20人未満,,1: 1億円以上~3億円未満,,,03-6722-0478,,,,送信不可,,別サイトに遷移してしまう・サイトが開けない,
株式会社スペイシー,Webアプリ・サービス運営,"ITコンサル,Webアプリ・サービス運営",東京都,東京都港区新橋２丁目２０番１５号新橋駅前ビル１号館６０５,2: 10人以上~20人未満,"1: 5,000万円以上~3億円未満",1: 1億円以上~3億円未満,https://www.spacee.co.jp/,http://www.spacee.co.jp/about,03-6869-3659,info@spacee.co.jp,,,送信成功,2026/07/17,,
ｔｅｃｈｎｅｒｓ株式会社,Webアプリ・サービス運営,,東京都,東京都中野区中央５丁目３８番１３エスエス１０ビルＡ６０２,2: 10人以上~20人未満,,1: 1億円以上~3億円未満,https://techners.jp/company,https://techners.jp/contact,,,,,送信不可,,メールに遷移・Googleフォーム,
株式会社Ｓｏｚｉ,Webアプリ・サービス運営,,東京都,東京都千代田区外神田３丁目１３番２号ＬＩＦＯＲＫ・ＡＫＩＨＡＢＡＲＡⅡ・ＲＢ１Ａ,2: 10人以上~20人未満,,1: 1億円以上~3億円未満,https://sozi.co.jp/,https://docs.google.com/forms/d/e/1FAIpQLSfQZLWK3L3bIiwXfQoQYgNQGRMaxusKqR5Arhb_CvD7emlJ_A/viewform,,contact@ofuse.me,,,送信不可,, お問い合わせフォーム無し,
株式会社ＫＹイメージングテック,Webアプリ・サービス運営,,大阪府,大阪府吹田市豊津町１０番３４号井門江坂駅前ビル７Ｆ,2: 10人以上~20人未満,"0: 5,000万円未満",1: 1億円以上~3億円未満,https://www.kyimage.co.jp/,,,,,,送信不可,, お問い合わせフォーム無し,
ＣＯ－ＮＥＣＴ株式会社,クラウド系/SaaS/ASPサービス,"その他専門商社,その他運輸・物流",東京都,東京都千代田区神田錦町２丁目２番地１,2: 10人以上~20人未満,"0: 5,000万円未満",2: 3億円以上~10億円未満,https://conct.co.jp,https://conct.co.jp/contact,,info@conct.co.jp,,,送信成功,2026/07/17,,
ウェストイノベーション株式会社,Webアプリ・サービス運営,"人材派遣,Web制作",東京都,東京都豊島区東池袋２丁目２３番１号昭陽ビル１階,2: 10人以上~20人未満,"0: 5,000万円未満",1: 1億円以上~3億円未満,https://www.west-innovation.co.jp/index.html,https://www.west-innovation.co.jp/contact.html,03-6907-1742,,,,送信不可,, お問い合わせフォーム無し,
ガレージバンク株式会社,Webアプリ・サービス運営,,東京都,東京都港区虎ノ門２丁目２－１住友不動産虎ノ門タワー６Ｆ,2: 10人以上~20人未満,2: 3億円以上~10億円未満,1: 1億円以上~3億円未満,https://www.garagebank.co.jp/,,,,,,送信成功,2026/07/17,,
株式会社ＺＩＴＴＯ,Webアプリ・サービス運営,出版,東京都,東京都豊島区東池袋１丁目２５番９号,2: 10人以上~20人未満,"1: 5,000万円以上~3億円未満",0: 1億円未満,https://zitto.co.jp/,,03-6907-5551,contact_info@zitto.jp,,,送信不可,, お問い合わせフォーム無し,
株式会社メーヴェ,Webアプリ・サービス運営,,東京都,東京都渋谷区広尾１丁目２番１号,2: 10人以上~20人未満,,1: 1億円以上~3億円未満,,,,,,,送信不可,,URL・記号を含むことができない,
株式会社ジーム,Webアプリ・サービス運営,,東京都,東京都千代田区神田岩本町４番地９,2: 10人以上~20人未満,,1: 1億円以上~3億円未満,http://geem.co.jp/,http://geem.co.jp/contact.html,06-6264-0106,,,,送信不可,,URL・記号を含むことができない,
株式会社ａｃｔｉｖｏ,Webアプリ・サービス運営,その他サービス,京都府,京都府京都市左京区岡崎円勝寺町３８番地１,2: 10人以上~20人未満,,1: 1億円以上~3億円未満,https://corp.activo.jp/,https://corp.activo.jp/contact/,050-6864-1560,info@activo.jp,,,送信成功,2026/07/17,,
キュレーションズ株式会社,Webアプリ・サービス運営,,東京都,東京都渋谷区東１丁目８番４号ＩＮＯ．ＳＨＩＢＵＹＡ１階,2: 10人以上~20人未満,,1: 1億円以上~3億円未満,http://curations.jp/,https://curations.jp/contact/,03-6447-5985,info@curations.jp,,,送信成功,2026/07/17,,
株式会社ｋｉｗａｍｉ,Webアプリ・サービス運営,,東京都,東京都千代田区外神田２丁目３番６号成田ビル７階,2: 10人以上~20人未満,"0: 5,000万円未満",1: 1億円以上~3億円未満,https://xr-cast.com/company/,,,,,,送信成功,2026/07/17,,
株式会社ウォーターリンクス,Webアプリ・サービス運営,,兵庫県,兵庫県姫路市阿保甲８７８番地,2: 10人以上~20人未満,"0: 5,000万円未満",1: 1億円以上~3億円未満,https://www.infraplus.co.jp/water-links,,,,,,送信成功,2026/07/17,,
医療法人スマイルアート,Webアプリ・サービス運営,,岡山県,岡山県岡山市東区西大寺１００４番地２プリベールＭ１Ｆ,2: 10人以上~20人未満,,1: 1億円以上~3億円未満,https://haisha-yoyaku-blog.jp/,,,,,,送信成功,2026/07/17,,
ＩＴＤ　Ｌａｂ株式会社,Webアプリ・サービス運営,,神奈川県,神奈川県横浜市緑区長津田町５８１４番地５,2: 10人以上~20人未満,"1: 5,000万円以上~3億円未満",1: 1億円以上~3億円未満,https://itdlab.com/wordpress/,https://itdlab.com/wordpress/recruit_form/,045-532-5281,sales@itdlab.com,,,送信不可,,営業禁止の記載あり,
Ｖａｎｔｉｑ株式会社,Webアプリ・サービス運営,"その他IT,ITコンサル",東京都,東京都千代田区大手町１丁目９番２号大手町フィナンシャルシティグランキューブ３階,2: 10人以上~20人未満,,1: 1億円以上~3億円未満,https://vantiq.com/ja/about-vantiq/,,,info_japan@vantiq.com,,,送信成功,2026/07/17,,
ＭＩＣＥプラットフォーム株式会社,Webアプリ・サービス運営,その他コンサル,東京都,東京都港区海岸１丁目７番１号,2: 10人以上~20人未満,"1: 5,000万円以上~3億円未満",1: 1億円以上~3億円未満,https://www.mice-platform.com/corporate/company/,,,,,,送信成功,2026/07/17,,
ＯＮＥ　ＭＥＤＩＣＡＬ株式会社,クラウド系/SaaS/ASPサービス,,東京都,東京都港区麻布台１丁目３番１号麻布台ヒルズ森ＪＰタワー２７階,2: 10人以上~20人未満,,2: 3億円以上~10億円未満,https://one-medical.co.jp/,,,,,,送信成功,2026/07/17,,
ソーシャルカルチャーネットワーク株式会社,Webアプリ・サービス運営,"Webマーケコンサル,広告制作,販促コンサル",東京都,東京都中央区銀座１丁目１２番４号,2: 10人以上~20人未満,"0: 5,000万円未満",1: 1億円以上~3億円未満,http://www.manabow.net/scn,,03-6222-0627,info@manabow.net,,,送信成功,2026/07/17,,
株式会社Ｓｔｕｄｉｏ　Ｈｏｔａｒｕ,ゲーム開発,"デジタル系コンテンツ,CM制作・映像制作",神奈川県,神奈川県川崎市幸区柳町８１番地２０,2: 10人以上~20人未満,,2: 3億円以上~10億円未満,,,,,,,送信不可,,営業禁止の記載あり,
館山漁業協同組合,Webアプリ・サービス運営,,千葉県,千葉県館山市船形１４５２番地,2: 10人以上~20人未満,,1: 1億円以上~3億円未満,https://yuime.jp/,,,,,,送信不可,,営業禁止の記載あり,
株式会社デンタルスタジオビッグバン,医療機器,,栃木県,栃木県宇都宮市立伏町８９３番地３５９,2: 10人以上~20人未満,,2: 3億円以上~10億円未満,https://ds-bigbang.co.jp/,,028-672-2369,,,,送信不可,,別サイトに遷移してしまう・サイトが開けない,
株式会社テクノトゥルース,Webアプリ・サービス運営,"ソフトウェア販売,PC・スマホ機器販売・修理,ITコンサル,受託開発",大阪府,大阪府大阪市淀川区西中島５丁目７番１９号,2: 10人以上~20人未満,"0: 5,000万円未満",1: 1億円以上~3億円未満,https://www.technotruth.co.jp/,http://www.technotruth.co.jp/contact/,06-4862-4252,,,,送信成功,2026/07/17,,
株式会社リハビテック,医療機器,"その他医療・福祉,医療機器商社",京都府,京都府京都市北区大北山原谷乾町２２番地の１６,2: 10人以上~20人未満,"0: 5,000万円未満",2: 3億円以上~10億円未満,https://rehabitech.co.jp/,http://www.rehabitech.co.jp/contact,075-464-0034,,,,送信成功,2026/07/17,,
株式会社グリーンカード,Webアプリ・サービス運営,,福岡県,福岡県福岡市中央区天神２丁目１１－１福岡ＰＡＲＣＯ新館５Ｆ,2: 10人以上~20人未満,,1: 1億円以上~3億円未満,https://www.green-card.co.jp/company/,https://www.green-card.co.jp/contact/,092-791-2272,info@green-card.co.jp,,,送信成功,2026/07/17,,
株式会社エムファーム,Webアプリ・サービス運営,雑貨商社,宮崎県,宮崎県宮崎市橘通西１丁目２番１７号宮崎橘通ビル２Ｆ,2: 10人以上~20人未満,,2: 3億円以上~10億円未満,https://www.mfarm.net/about,https://www.mfarm-indigo.com/contact,0985-29-2021,,,,送信成功,2026/07/17,,
株式会社ゲームアディクト,Webアプリ・サービス運営,その他小売・販売,東京都,東京都千代田区九段南４丁目６番４号,1: 5人以上~10人未満,"0: 5,000万円未満",2: 3億円以上~10億円未満,https://www.gameaddict.co.jp/,,03-6256-8419,,,,送信成功,2026/07/17,,
ＦｉｎＧｏ株式会社,クラウド系/SaaS/ASPサービス,,東京都,東京都千代田区内幸町１丁目２番２号,1: 5人以上~10人未満,"0: 5,000万円未満",1: 1億円以上~3億円未満,https://www.fingo.co.jp/,https://www.fingo.co.jp/contact/,03-6457-9407,info@fingo.co.jp,,,送信成功,2026/07/17,,
株式会社ＬｉｖｅＳｍａｒｔ,Webアプリ・サービス運営,,東京都,東京都港区西新橋２丁目２１番２号,1: 5人以上~10人未満,,1: 1億円以上~3億円未満,https://www.livesmart.co.jp/about,,,,,,送信成功,2026/07/17,,
Ｂｏｄｙｇｒａｍ　Ｊａｐａｎ株式会社,Webアプリ・サービス運営,,東京都,東京都渋谷区渋谷２丁目２４番１２号渋谷スクランブルスクエア３９階,1: 5人以上~10人未満,,1: 1億円以上~3億円未満,https://bodygram.com/jp/,,,contact@bodygram.com,,,送信成功,2026/07/17,,
ファンファーレ株式会社,クラウド系/SaaS/ASPサービス,,東京都,東京都千代田区二番町９－３ＴＨＥＢＡＳＥ麹町Ｅ－３１２,1: 5人以上~10人未満,,1: 1億円以上~3億円未満,https://fanfare-kk.com/,https://fanfare-kk.com/contact/,,admin@fanfare-kk.com,,,送信成功,2026/07/17,,
株式会社ラリーズ,Webアプリ・サービス運営,"国内旅行,グッズ制作・グッズ販売,イベント,スポーツ用品販売",東京都,東京都文京区春日１丁目５－３春日タウンホーム１階Ｃ号室,1: 5人以上~10人未満,"1: 5,000万円以上~3億円未満",2: 3億円以上~10億円未満,https://www.rallys.co.jp/about,https://pingponginc.jp/contact/,,,,,送信不可,,別サイトに遷移してしまう・サイトが開けない,
株式会社アリストル,Webアプリ・サービス運営,"クラウド系/SaaS/ASPサービス,その他医療・福祉",東京都,東京都渋谷区道玄坂１丁目１２－１,1: 5人以上~10人未満,,1: 1億円以上~3億円未満,http://www.beatfit.jp,https://www.beatfit.jp/contact,,info@beatfit.jp,,,送信不可,,別サイトに遷移してしまう・サイトが開けない,
ＴＴＵ株式会社,Webアプリ・サービス運営,"Webマーケコンサル,eコマース,その他コンサル,景観地運営,販促コンサル,Web制作,経営コンサル",福岡県,福岡県福岡市博多区博多駅東２丁目５番２８号,1: 5人以上~10人未満,"0: 5,000万円未満",2: 3億円以上~10億円未満,https://ttu.co.jp/company,http://ttu.co.jp/contact/,,inbound_info@ttu.co.jp,,,送信成功,2026/07/17,,
山形オート株式会社,Webアプリ・サービス運営,,山形県,山形県鶴岡市宝田３丁目９番８号,1: 5人以上~10人未満,,1: 1億円以上~3億円未満,https://carhack.jp/,,0235-24-7708,,,,送信不可,, お問い合わせフォーム無し,
カムイ・イノベーション株式会社,Webアプリ・サービス運営,,北海道,北海道札幌市中央区大通西１９丁目２番地１,1: 5人以上~10人未満,"1: 5,000万円以上~3億円未満",1: 1億円以上~3億円未満,https://www.kamuy-innovation.co.jp/,http://www.kamuy-innovation.co.jp/contact/,011-522-8115,fujimaki@kamuy-innovation.co.jp,,,送信成功,2026/07/17,,
株式会社Ｍｏｆｆ,Webアプリ・サービス運営,"その他小売・販売,その他医療・福祉,Webアプリ・サービス運営",東京都,東京都港区三田１丁目３－４０天翔オフィス麻布十番１０１,1: 5人以上~10人未満,"1: 5,000万円以上~3億円未満",1: 1億円以上~3億円未満,https://jp.moff.mobi/company/,https://jp.moff.mobi/contact/,,,,,送信成功,2026/07/17,,
株式会社ＰＥＮＴＡＳ,医療機器,その他IT,神奈川県,神奈川県川崎市川崎区殿町３丁目２５番１６号ＣＹＢＥＲＮＩＣＳＭＥＤＩＣＡＬＩＮＮＯＶＡＴＩＯＮＢＡＳＥ‐Ａ３２６,1: 5人以上~10人未満,"1: 5,000万円以上~3億円未満",2: 3億円以上~10億円未満,https://pentas-medical.jp/company-profile/,,03-6418-3010,,,,送信不可,, お問い合わせフォーム無し,
ａｉｐａｓｓ株式会社,Webアプリ・サービス運営,クラウド系/SaaS/ASPサービス,東京都,東京都渋谷区千駄ヶ谷４丁目２７番５号４Ｆ,1: 5人以上~10人未満,,1: 1億円以上~3億円未満,https://aipass.jp/company/,,,,,,送信成功,2026/07/17,,
株式会社ｃｏ－ｍｅｅｔｉｎｇ,Webアプリ・サービス運営,その他IT,東京都,東京都新宿区袋町５番地１ＦＡＲＯ神楽坂２０８,1: 5人以上~10人未満,"0: 5,000万円未満",1: 1億円以上~3億円未満,https://www.co-meeting.co.jp/,https://www.co-meeting.co.jp/contact/,03-6759-8373,,,,送信不可,, お問い合わせフォーム無し,
合同会社アクレレックジャパン,Webアプリ・サービス運営,,東京都,東京都品川区北品川１丁目１３－７長栄ビル４階,1: 5人以上~10人未満,,1: 1億円以上~3億円未満,https://acrelec.com/ja/visit-us/,,,,,,送信不可,, お問い合わせフォーム無し,
株式会社Ａｇｏｏｒａ,Webアプリ・サービス運営,,東京都,東京都杉並区高円寺南４丁目７番１－３０２号,1: 5人以上~10人未満,"0: 5,000万円未満",1: 1億円以上~3億円未満,https://agoora.co.jp/,https://docs.google.com/forms/d/e/1FAIpQLSePoWoXLEYcH5mtdrZRKNyHW28r54duPagn5Z547Iy4B7ZuMw/viewform,03-5929-7575,,,,送信成功,2026/07/17,,
システックＩＴソリューション株式会社,Webアプリ・サービス運営,その他教育業界,岡山県,岡山県津山市沼６番地８,1: 5人以上~10人未満,"0: 5,000万円未満",1: 1億円以上~3億円未満,https://www.systech-its.co.jp/company.html,http://www.systech-its.co.jp/contact.html,0868-25-2131,info@systech-its.co.jp,,,送信不可,,メールに遷移・Googleフォーム,
株式会社モビイクス,Webアプリ・サービス運営,,沖縄県,沖縄県那覇市字安里３８１番地１,1: 5人以上~10人未満,"1: 5,000万円以上~3億円未満",1: 1億円以上~3億円未満,https://mobyx.jp/about/,https://r-digico.co.jp/contact,098-943-0313,info@r-digico.co.jp,,,送信成功,2026/07/17,,
ミライウェブ株式会社,Webアプリ・サービス運営,"Web制作,デザイン",東京都,東京都渋谷区道玄坂１丁目１０番８号,1: 5人以上~10人未満,,1: 1億円以上~3億円未満,https://www.miraiweb.co.jp/company/,,,,,,送信不可,, お問い合わせフォーム無し,
Ｊｐｉジャパン株式会社,医療機器,医療機器商社,東京都,東京都葛飾区東堀切３丁目１１番２号ＪｐｉＧビル,1: 5人以上~10人未満,"0: 5,000万円未満",2: 3億円以上~10億円未満,http://www.jpij-med.co.jp/main/?load_popup=1,,03-5804-6388,,,,送信成功,2026/07/17,,
株式会社ビューン,Webアプリ・サービス運営,"その他IT,書籍・メディア販売",東京都,東京都千代田区神田錦町３丁目１３番地,1: 5人以上~10人未満,"0: 5,000万円未満",1: 1億円以上~3億円未満,https://www.viewn.co.jp/info/company,https://www.viewn.co.jp/inquiry,0800-919-0157,info@viewn.co.jp,,,送信成功,2026/07/17,,
株式会社飛躍,Webアプリ・サービス運営,,東京都,東京都大田区北嶺町６番２号,1: 5人以上~10人未満,,1: 1億円以上~3億円未満,https://hiyaku-inc.com/,,,,,,送信成功,2026/07/17,,
株式会社アイメッド,Webアプリ・サービス運営,,東京都,東京都中野区中央５丁目８番１号,1: 5人以上~10人未満,,1: 1億円以上~3億円未満,https://ai-med.co.jp/,,,,,,送信不可,, お問い合わせフォーム無し,
株式会社コミュニケーション・プロジェクト,Webアプリ・サービス運営,ソフトウェア販売,東京都,東京都渋谷区恵比寿３丁目３番３号,1: 5人以上~10人未満,"0: 5,000万円未満",1: 1億円以上~3億円未満,https://www.cpjnet.co.jp/company/,http://www.cpjnet.co.jp/contact,03-6277-1075,,,,送信成功,2026/07/17,,
株式会社オンラインスクール,Webアプリ・サービス運営,"通信教育,Web制作,デザイン,Webアプリ・サービス運営",東京都,東京都千代田区神田三崎町３丁目２番１８号,1: 5人以上~10人未満,"1: 5,000万円以上~3億円未満",1: 1億円以上~3億円未満,https://corp.onsuku.jp/,https://corp.onsuku.jp/inquiry/,03-6261-2036,,,,送信成功,2026/07/17,,
株式会社ＢＯＯＳＴＲＹ,Webアプリ・サービス運営,,東京都,東京都千代田区岩本町３丁目９番２号,1: 5人以上~10人未満,3: 10億円以上~50億円未満,1: 1億円以上~3億円未満,https://boostry.co.jp/,,,,,,送信不可,, お問い合わせフォーム無し,
株式会社ビジー・ビー,クラウド系/SaaS/ASPサービス,"Webアプリ・サービス運営,販促コンサル,その他コンサル",東京都,東京都港区元赤坂１丁目７番１０号,1: 5人以上~10人未満,,1: 1億円以上~3億円未満,https://busybee.co.jp/company/,,,,,,送信不可,,メールに遷移・Googleフォーム,
株式会社ポート,Webアプリ・サービス運営,,東京都,東京都港区芝浦１丁目１３－１０第３東運ビル８階,1: 5人以上~10人未満,"0: 5,000万円未満",1: 1億円以上~3億円未満,https://portlife.co.jp/company/,https://portlife.co.jp/contact/,03-6268-8640,info@portlife.co.jp,,,送信成功,2026/07/17,,
Ｕｎｉ－Ｖｏｉｃｅ事業企画株式会社,Webアプリ・サービス運営,,東京都,東京都新宿区新小川町１番１４号飯田橋リープレックス・ビズ７Ｆ,1: 5人以上~10人未満,"0: 5,000万円未満",1: 1億円以上~3億円未満,http://uni-voice.co.jp,https://www.uni-voice.co.jp/contactnew/,03-6450-3180,,,,送信不可,,別サイトに遷移してしまう・サイトが開けない,
株式会社ベンチャーリパブリック,Webアプリ・サービス運営,,東京都,東京都港区愛宕２丁目５番１号,1: 5人以上~10人未満,"0: 5,000万円未満",1: 1億円以上~3億円未満,https://www.vrg.jp/,https://www.vrg.jp/#contact,03-6419-2901,,,,送信成功,2026/07/17,,
株式会社Ａｒｍｏｒｉｓ,情報セキュリティ,,東京都,東京都台東区台東１丁目５番１号,1: 5人以上~10人未満,"0: 5,000万円未満",1: 1億円以上~3億円未満,https://www.armoris.jp/,,,,,,送信成功,2026/07/17,,
株式会社メディアグロース,Webアプリ・サービス運営,,東京都,東京都新宿区西新宿６丁目１６－６タツミビル１１０２,1: 5人以上~10人未満,,1: 1億円以上~3億円未満,https://media-growth.co.jp/company/,,,,,,送信不可,, お問い合わせフォーム無し,
ものレボ株式会社,クラウド系/SaaS/ASPサービス,"その他IT,その他機械",京都府,京都府京都市中京区三坊西洞院町５７２,1: 5人以上~10人未満,2: 3億円以上~10億円未満,1: 1億円以上~3億円未満,https://corp.monorevo.jp/company/,https://monorevo.jp/contact/,,info@monorevo.jp,,,送信成功,2026/07/17,,
株式会社Ｎ,Webアプリ・サービス運営,ソフトウェア販売,熊本県,熊本県熊本市東区長嶺南７丁目１７番１５号,1: 5人以上~10人未満,"0: 5,000万円未満",1: 1億円以上~3億円未満,http://www.new-next.jp,,096-285-8440,info@new-next.jp,,,送信不可,, お問い合わせフォーム無し,
株式会社ＦＩＳＴＢＵＭＰ,クラウド系/SaaS/ASPサービス,,岡山県,岡山県岡山市中区桜橋４丁目１番１６号タカショービル２階,1: 5人以上~10人未満,,1: 1億円以上~3億円未満,https://fistbump.co.jp/company/,https://fistbump.co.jp/contacts/,,info@fistbump.co.jp,,,送信成功,2026/07/18,,
ｎｏｃｏ株式会社,Webアプリ・サービス運営,"クラウド系/SaaS/ASPサービス,その他マスコミ・出版",東京都,東京都中央区日本橋小舟町８番１３号,1: 5人以上~10人未満,"1: 5,000万円以上~3億円未満",1: 1億円以上~3億円未満,https://nocoinc.co.jp/aboutus/,https://nocoinc.co.jp/contact/,,,,,送信成功,2026/07/21,,
株式会社ｒｈ　ｌａｂｏ,Webアプリ・サービス運営,,東京都,東京都中央区新川１丁目２１番２号,1: 5人以上~10人未満,,1: 1億円以上~3億円未満,https://www.residence-kit.co.jp/,https://docs.google.com/forms/d/e/1FAIpQLSeaJJ6cwNtxt4I_8zKFKgFqKw0ppJwjJqzGBSr4ml0r2-cYjA/viewform,,,,,送信成功,2026/07/21,,
ｅｍｏｌ株式会社,Webアプリ・サービス運営,,東京都,東京都豊島区東池袋３丁目２１番１８号第一笠原ビル３０３号,1: 5人以上~10人未満,,1: 1億円以上~3億円未満,https://emol.jp/,https://emol.jp/contact,,support@emol.jp,,,送信成功,2026/07/21,,
アブログ合同会社,Webアプリ・サービス運営,海外旅行・海外留学,東京都,東京都品川区西五反田１丁目２６番２号,1: 5人以上~10人未満,,1: 1億円以上~3億円未満,https://ablogg.jp/,https://ablogg.jp/contact/,090-4627-8233,info@ablogg.jp,,,送信成功,2026/07/21,,
株式会社ティラドコネクト,Webアプリ・サービス運営,その他IT,東京都,東京都渋谷区代々木３丁目２５番３号,1: 5人以上~10人未満,,1: 1億円以上~3億円未満,https://www.trad.co.jp/databox/data.php/sub_co04_ja/code,https://www.trad-connect.co.jp/databox/data.php/contact05_ja/code,03-3373-1101,,,,送信不可,,送信ボタンを押すことができない・エラー,いまいち送れたかどうかわからない
Ａｌｃｈｅ株式会社,Webアプリ・サービス運営,,東京都,東京都渋谷区笹塚１丁目５９番６号メティス笹塚ビルディング７階,1: 5人以上~10人未満,"0: 5,000万円未満",1: 1億円以上~3億円未満,https://alche.studio/#aboutus,https://alche.notion.site/2488a66d791180af8037c174b9cee8ab,,contact@alche.studio,,,送信成功,2026/07/21,,
スジテク合同会社,Webアプリ・サービス運営,,東京都,東京都千代田区外神田６丁目３－８ＡＣＮ秋葉原ビル４階,1: 5人以上~10人未満,,1: 1億円以上~3億円未満,https://www.mask.io/,https://www.mask.io/contact,,,,,送信成功,2026/07/21,,
株式会社Ｐｒｏｊｅｃｔ,医療機器,その他製造,東京都,東京都葛飾区西新小岩４丁目２５番１８号,1: 5人以上~10人未満,,2: 3億円以上~10億円未満,https://www.dl-project.co.jp/,https://www.dl-project.co.jp/flow.html,03-5875-6873,,,,送信成功,2026/07/21,,
株式会社タワシテック,Webアプリ・サービス運営,,新潟県,新潟県長岡市大荒戸町６６番地６,1: 5人以上~10人未満,"0: 5,000万円未満",1: 1億円以上~3億円未満,https://www.tawashitec.com/about.html,https://tawashitec.com/contact.html,,,,,送信成功,2026/07/21,,
山陽ファースト株式会社,Webアプリ・サービス運営,"その他IT,Web制作",大阪府,大阪府大阪市中央区東平２丁目５番７号上六ビル,1: 5人以上~10人未満,"0: 5,000万円未満",1: 1億円以上~3億円未満,https://sanyo-fast.com/,https://sanyo-fast.com/contact/,06-6768-8708,contact@sanyo-fast.com,,,送信不可,,送信ボタンを押すことができない・エラー,メッセージの送信に失敗しました。後でまたお試しください。
株式会社デンタルラボ・アジール,医療機器,,大阪府,大阪府守口市西郷通１丁目４番１０号,1: 5人以上~10人未満,"0: 5,000万円未満",1: 1億円以上~3億円未満,https://www.asyl.jp/,https://www.asyl.jp/contact/,06-6967-8802,,,,送信成功,2026/07/21,,
株式会社システムエイト,Webアプリ・サービス運営,,愛知県,愛知県名古屋市中区錦２丁目５番３１号,1: 5人以上~10人未満,,1: 1億円以上~3億円未満,https://iryotechno.com/,,052-212-8813,,,,送信不可,, お問い合わせフォーム無し,
株式会社ｆｏｒｉｉｏ,Webアプリ・サービス運営,"その他広告・制作,人材派遣",東京都,東京都新宿区新宿５丁目１５番１４号,1: 5人以上~10人未満,"1: 5,000万円以上~3億円未満",1: 1億円以上~3億円未満,https://www.foriio.com/company,,,,,,送信不可,, お問い合わせフォーム無し,
Ａｍｂｉｉ株式会社,Webアプリ・サービス運営,,茨城県,茨城県つくば市吾妻２丁目５番地１つくばスタートアップパーク１Ｆ,1: 5人以上~10人未満,,1: 1億円以上~3億円未満,https://www.ambii.com/,https://docs.google.com/forms/d/e/1FAIpQLSf-Ottx7jJyBSD8MQRH1NwPOcZEL7bsM8We-uTzwe311DIaQg/viewform,,,,,送信成功,2026/07/21,,
医療法人Ｍｉｒａｉ,Webアプリ・サービス運営,,群馬県,群馬県前橋市朝倉町８９３番地２,1: 5人以上~10人未満,,1: 1億円以上~3億円未満,https://m-life.jp/,,,,,,送信不可,, お問い合わせフォーム無し,
株式会社ＤＣ７,Webアプリ・サービス運営,,大阪府,大阪府大阪市平野区平野上町１丁目９番６号,1: 5人以上~10人未満,,1: 1億円以上~3億円未満,https://dc7.co.jp/,https://dc7.co.jp/contact/,06-6792-7555,,,,送信成功,2023/07/21,,
株式会社イオタ,Webアプリ・サービス運営,"受託開発,Web制作,ITコンサル,PC・スマホ機器販売・修理,ITインフラストラクチャー",愛知県,愛知県名古屋市中村区岩塚町１丁目２１番地,1: 5人以上~10人未満,"0: 5,000万円未満",1: 1億円以上~3億円未満,https://www.jota-i.co.jp/,http://www.jota-i.co.jp/mailform/index.html,052-526-4622,,,,送信成功,2023/07/21,,
株式会社エム・アイ・アール,Webアプリ・サービス運営,"その他コンサル,研究・調査・リサーチ",愛知県,愛知県名古屋市中区丸の内３丁目５番１０号名古屋丸の内ビル３階,1: 5人以上~10人未満,,1: 1億円以上~3億円未満,https://mir-industry.co.jp/,https://mir-industry.co.jp/contact.cshtml,052-211-9553,,,,送信成功,2023/07/21,,
アウラクリエイティブ株式会社,Webアプリ・サービス運営,,宮城県,宮城県仙台市泉区市名坂字原田１５５．２Ｆ,1: 5人以上~10人未満,"0: 5,000万円未満",1: 1億円以上~3億円未満,https://auracreative.jp/about/,https://auracreative.jp/inquiry/,022-724-7807,,,,送信成功,2023/07/21,,
株式会社ネットリソースマネジメント,Webアプリ・サービス運営,"その他IT,ITコンサル,機械修理",東京都,東京都千代田区神田三崎町２丁目１８番５号,1: 5人以上~10人未満,"1: 5,000万円以上~3億円未満",1: 1億円以上~3億円未満,https://www.nrminc.co.jp/company/,https://www.nrminc.co.jp/contact/,,,,,送信不可,,送信ボタンを押すことができない・エラー,メッセージの送信に失敗しました。後でまたお試しください。
ＵＴＳ株式会社,Webアプリ・サービス運営,,東京都,東京都中央区入船２丁目９番３号,1: 5人以上~10人未満,,0: 1億円未満,http://www.uts-co.jp/,,http://www.uts-co.jp/,,,,送信不可,,メールに遷移・Googleフォーム,Outlook
株式会社アジャイルＨＲ,Webアプリ・サービス運営,組織コンサル,東京都,東京都港区南青山５丁目４番６号,1: 5人以上~10人未満,2: 3億円以上~10億円未満,1: 1億円以上~3億円未満,https://agilehr.co.jp/,https://agilehr.co.jp/#top-contact,03-6452-6115,info@agilehr.co.jp,,,送信成功,2026/07/21,,
ゴールドバッハ株式会社,クラウド系/SaaS/ASPサービス,"家事代行,Webアプリ・サービス運営,eコマース",東京都,東京都台東区上野２丁目１４番３０号,1: 5人以上~10人未満,"0: 5,000万円未満",1: 1億円以上~3億円未満,http://yiwutaorui.com/company/,http://yiwutaorui.com/contact,03-5826-8258,,,,送信成功,2026/07/21,,
Ｍａｔｃｈｅｒ株式会社,クラウド系/SaaS/ASPサービス,"Webアプリ・サービス運営,人材派遣",東京都,東京都港区赤坂１丁目３番３号,1: 5人以上~10人未満,"1: 5,000万円以上~3億円未満",1: 1億円以上~3億円未満,https://corp.matcher.jp/,,03-5544-9075,contact@matcher.jp,,,送信成功,2026/07/21,,
ＯＴＡＫＡ株式会社,Webアプリ・サービス運営,"受託開発,Web制作,翻訳・通訳,出版,セミナー,IT系教育,ITインフラストラクチャー",東京都,東京都台東区三ノ輪１丁目２１番４号文昌堂ビル７０２号,1: 5人以上~10人未満,"0: 5,000万円未満",1: 1億円以上~3億円未満,http://www.otaka21.com/index.html,http://www.otaka21.com/partner.html,03-5808-9642,info@otaka21.co.jp,,,送信成功,2026/07/21,,
ＴＣ３株式会社,クラウド系/SaaS/ASPサービス,"その他IT,ITコンサル",東京都,東京都豊島区東池袋４丁目５番１号エアライズタワー４００６号,1: 5人以上~10人未満,,1: 1億円以上~3億円未満,https://www.tc3.co.jp/about/company/,https://info.tc3.co.jp/contact,,info@tc3.co.jp,,,送信成功,2026/07/21,,
株式会社ルックス,Webアプリ・サービス運営,"ITコンサル,不動産管理,Webアプリ・サービス運営,eコマース,農産物",大分県,大分県竹田市大字飛田川１８９９番２,1: 5人以上~10人未満,"0: 5,000万円未満",2: 3億円以上~10億円未満,https://www.looks-office.co.jp/looks/info.html,https://www.looks-office.co.jp/looks/contact.html,050-3385-5738,,,,送信成功,2026/07/21,,
株式会社ＬＡＢＯＲ　ＹＯＳＨＩＮＯ,医療機器,,青森県,青森県弘前市大字堅田３丁目６番地７,1: 5人以上~10人未満,,2: 3億円以上~10億円未満,https://www.laboryoshino.com/,,,,,,送信不可,, お問い合わせフォーム無し,
ＡｃｒｏｓｓＯｖｅｒ合同会社,Webアプリ・サービス運営,,東京都,東京都千代田区九段南１丁目５番６号りそな九段ビル５ＦＫＳフロア,1: 5人以上~10人未満,,1: 1億円以上~3億円未満,https://across-over.com/,https://across-over.com/contact/,03-6403-0204,,,,送信成功,2026/07/21,,
株式会社細胞応用技術研究所,医療機器,,東京都,東京都目黒区平町１丁目２３番１４号,1: 5人以上~10人未満,"0: 5,000万円未満",2: 3億円以上~10億円未満,https://www.l-cat.co.jp/,,044-979-1622,info@l-cat.co.jp,,,送信成功,2026/07/21,,
株式会社ＰＲＩＤＩＳＴ,Webアプリ・サービス運営,,神奈川県,神奈川県平塚市宝町１１番１号平塚フジビル,1: 5人以上~10人未満,"0: 5,000万円未満",1: 1億円以上~3億円未満,https://www.pridist.com/,https://www.pridist.com/contact.html,0463-23-7830,info@luckysoft.jp,,,送信成功,2026/07/21,,
ＨＹＰグループ株式会社,Webアプリ・サービス運営,,兵庫県,兵庫県尼崎市扇町２０番地４階Ａ－１ロジポート尼崎,1: 5人以上~10人未満,,1: 1億円以上~3億円未満,https://358logi.com/#home,https://358logi.com/#contact,06-4950-8361,,,,送信不可,,必須項目の入力ができない（情報不足など）,
株式会社しーま,Webアプリ・サービス運営,"デジタル系コンテンツ,Web制作,Webマーケコンサル,販促コンサル",鹿児島県,鹿児島県奄美市名瀬末広町４番１号Ｃａｓａ　Ｐｉｎｏ　１０３号,1: 5人以上~10人未満,"0: 5,000万円未満",1: 1億円以上~3億円未満,https://www.shi-mas.jp/,http://amamin.jp/inquiry.php,0997-69-4681,,,,送信成功,2026/07/21,,
株式会社ＺＥＲＯ,医療機器,建築構造設計,高知県,高知県高知市一宮４７７５番地７３,1: 5人以上~10人未満,,1: 1億円以上~3億円未満,http://zero-dl.jp/comp.htm,http://zero-dl.jp/inqu.htm,088-855-4180,info@zero-dl.jp,,,送信不可,,送信ボタンを押すことができない・エラー,内部サーバーエラー サーバーで内部エラーまたは設定ミスが発生したため、リクエストを完了できませんでした。
株式会社リアンコネクション,Webアプリ・サービス運営,,東京都,東京都新宿区新宿１丁目３４番地１５号６Ｆ,1: 5人以上~10人未満,,1: 1億円以上~3億円未満,https://lien-c.co.jp/company.html,https://lien-c.co.jp/contact.html,,,,,送信成功,2026/07/21,,
株式会社ザオリク,Webアプリ・サービス運営,,東京都,東京都千代田区九段南１丁目５番６号りそな九段ビル５ＦＫＳフロア,1: 5人以上~10人未満,"0: 5,000万円未満",1: 1億円以上~3億円未満,https://zaoric.com/lp/entry/,,,,,,送信不可,,必須項目の入力ができない（情報不足など）,
株式会社ＩＣＳ,ゲーム開発,"出版,デザイン,受託開発,Webアプリ・サービス運営",東京都,東京都港区西麻布１丁目１５番４号,1: 5人以上~10人未満,,1: 1億円以上~3億円未満,http://ics-web.jp,http://ics-web.jp/contact,03-6433-9122,contact@ics-web.jp,,,送信不可,,営業禁止の記載あり,弊社は一律で営業や人材派遣、販売、業務提携、パートナーの相談をお断りしています。
Ｌａｂ＆Ｄｅｓｉｇｎ株式会社,Webアプリ・サービス運営,"コンテンツ制作,スマホアクセサリー,eコマース,その他医療・福祉,Webアプリ・サービス運営,Web制作",東京都,東京都目黒区祐天寺２丁目１３番４号,1: 5人以上~10人未満,"0: 5,000万円未満",2: 3億円以上~10億円未満,https://www.labdesign.co.jp/,https://www.labdesign.co.jp/contact/,03-6452-2583,,,,送信成功,2026/07/21,,
全農ＥＣソリューションズ株式会社,Webアプリ・サービス運営,,東京都,東京都渋谷区渋谷２丁目１５番１号,1: 5人以上~10人未満,,1: 1億円以上~3億円未満,https://www.zennoh-ec.co.jp/#top,,,,,,送信不可,, お問い合わせフォーム無し,
株式会社インフォプラス,Webアプリ・サービス運営,"Web制作,Webマーケコンサル,受託開発,eコマース",東京都,東京都新宿区新宿１丁目６番８号,1: 5人以上~10人未満,"0: 5,000万円未満",1: 1億円以上~3億円未満,https://infoplus.co.jp/company,https://infoplus.co.jp/contact,03-5542-1781,ga@infoplus.co.jp,,,送信成功,2026/07/21,,
株式会社ＪＯＩＮＴ,Webアプリ・サービス運営,,東京都,東京都豊島区西池袋１丁目２１番２号３Ｆ,1: 5人以上~10人未満,,1: 1億円以上~3億円未満,https://joint10.com/,https://joint10.com/contact/,,,,,送信成功,2026/07/17,,
ＩＴＩ株式会社,クラウド系/SaaS/ASPサービス,"その他IT,Webアプリ・サービス運営",東京都,東京都品川区西五反田１丁目２６番２号五反田サンハイツ９１１,1: 5人以上~10人未満,"0: 5,000万円未満",1: 1億円以上~3億円未満,https://www.itisiti.com/about-us/,https://www.itisiti.com/contact-us/,03-6453-7359,,,,送信成功,2026/07/17,,
株式会社Ｌｅｎｔｒａｎｃｅ,Webアプリ・サービス運営,,東京都,東京都千代田区大手町１丁目６番１号,1: 5人以上~10人未満,,1: 1億円以上~3億円未満,https://www.lentrance.com/,,,,,,送信不可,, お問い合わせフォーム無し,営業、提案に該当するフォームなし
株式会社ペイメントゲート,Webアプリ・サービス運営,,東京都,東京都新宿区西新宿８丁目８番１３－１００５号,1: 5人以上~10人未満,,1: 1億円以上~3億円未満,https://payment-gate.com/,http://payment-gate.com/contact.php,03-5348-8175,info@payment-gate.com,,,送信不可,,送信ボタンを押すことができない・エラー,
株式会社ＡＩ　Ｓａｍｕｒａｉ,Webアプリ・サービス運営,"AI,その他コンサル",東京都,東京都千代田区大手町１丁目６番１号大手町ビル４階,1: 5人以上~10人未満,"1: 5,000万円以上~3億円未満",1: 1億円以上~3億円未満,https://aisamurai.co.jp/company/,https://aisamurai.co.jp/contact/,03-6386-4247,info@aisamurai.co,,,送信成功,2026/07/17,,
ジョイズ株式会社,Webアプリ・サービス運営,"企業研修,語学学習",東京都,東京都港区三田２丁目１４番５号,1: 5人以上~10人未満,2: 3億円以上~10億円未満,1: 1億円以上~3億円未満,https://www.joyz.co.jp/,,,,,,送信不可,, お問い合わせフォーム無し,
オーリック・システムズ・ジャパン株式会社,Webアプリ・サービス運営,その他機械専門商社,東京都,東京都千代田区平河町１丁目６番４号,1: 5人以上~10人未満,,2: 3億円以上~10億円未満,https://www.auriq.co.jp/company/,https://www.auriq.co.jp/contact/,03-3560-8083,,,,送信成功,2026/07/17,,
株式会社ＯｂｏｔＡＩ,Webアプリ・サービス運営,,神奈川県,神奈川県川崎市幸区中幸町３丁目３１番２号ＤＡＩＫＹＯ・ＫＥＮＫＩ・ＫＡＷＡＳＡＫＩ・ＢＬＤＧ．８Ｆ,1: 5人以上~10人未満,"0: 5,000万円未満",1: 1億円以上~3億円未満,https://obot-ai.com/,https://obot-ai.com/contact/,044-589-9221,info@obot-ai.com,,,送信成功,2026/07/17,,
株式会社ＭＥＴＨＯＤ,Webアプリ・サービス運営,"その他IT,広告制作,デザイン,Web制作",東京都,東京都港区北青山１丁目３番１号アールキューブ青山３階,1: 5人以上~10人未満,"1: 5,000万円以上~3億円未満",1: 1億円以上~3億円未満,https://methodsite.jp/company,,03-5771-7111,,,,送信不可,,別サイトに遷移してしまう・サイトが開けない,
株式会社サイシード,Webアプリ・サービス運営,"その他人材,職業紹介所,その他広告・制作,求人媒体運営・求人情報誌出版",東京都,東京都中央区日本橋兜町６番５号,1: 5人以上~10人未満,"1: 5,000万円以上~3億円未満",2: 3億円以上~10億円未満,https://sciseed.jp/,http://sciseed.jp/contact.html,03-6863-8671,contact@sciseed.jp,,,送信成功,2026/07/17,,
株式会社Ｓａｌｌｙ,Webアプリ・サービス運営,,東京都,東京都渋谷区渋谷２丁目３番８号倉島渋谷ビル６０２,1: 5人以上~10人未満,,1: 1億円以上~3億円未満,http://sally-inc.jp,https://sally-inc.jp/contact,,info@sally-inc.jp,,,送信成功,2026/07/17,,
株式会社スプレッドオフィス,Webアプリ・サービス運営,,東京都,東京都台東区台東１丁目６番４号タカラビル６Ｆ,1: 5人以上~10人未満,,1: 1億円以上~3億円未満,https://www.spreadoffice.com/profile/,https://www.spreadoffice.com/contact,0035-833-1264,pr@spreadoffice.com,,,送信成功,2026/07/17,,
マックスコネクト株式会社,クラウド系/SaaS/ASPサービス,"その他IT,その他金融関連サービス",東京都,東京都千代田区神田錦町２丁目２番地１,1: 5人以上~10人未満,"0: 5,000万円未満",1: 1億円以上~3億円未満,https://maxconnect.co.jp/about/,https://maxconnect.co.jp/contact/,03-6826-3610,support@maxconnect.co.jp,,,送信成功,2026/07/17,,
ジャパンベビーバス株式会社,Webアプリ・サービス運営,,東京都,東京都中央区日本橋人形町２丁目２５－１５ＭＳ日本橋ビル１０階,1: 5人以上~10人未満,,1: 1億円以上~3億円未満,https://www.babybus.co.jp/,https://www.babybus.co.jp/contact/,03-6231-1487,,,,送信成功,2026/07/17,,
株式会社大野興業,医療機器,,東京都,東京都中央区銀座１丁目２０番１７号,1: 5人以上~10人未満,"0: 5,000万円未満",3: 10億円以上~50億円未満,http://ono-and.com/company/,,03-3561-0125,info@ono-and.com,,,送信不可,,送信ボタンを押すことができない・エラー,
株式会社ポム,Webアプリ・サービス運営,,東京都,東京都渋谷区渋谷３丁目１－１０ＩＲＩＥ・ＦＩＲＳＴ・ＰＬＡＺＡ１階,1: 5人以上~10人未満,"0: 5,000万円未満",1: 1億円以上~3億円未満,https://pom-inc.co.jp/,http://ono-and.com/contact/,,contact@liver-search.com,,,送信不可,, お問い合わせフォーム無し,
ｉＣｈａｉｎ株式会社,Webアプリ・サービス運営,"ソフトウェア販売,保険,ITインフラストラクチャー",東京都,東京都千代田区霞が関１丁目４番１号,1: 5人以上~10人未満,"0: 5,000万円未満",2: 3億円以上~10億円未満,https://www.ichain.co.jp/,https://forms.ichain.co.jp/,,ichain-inquiry@ichain.co.jp,,,送信成功,2026/07/17,,
ＮｅｘｕｓＬｉｎｋ株式会社,Webアプリ・サービス運営,"Web制作,その他コンサル,セミナー,イベント,業務請負",東京都,東京都港区虎ノ門１丁目１５番１０号名和ビル４階,1: 5人以上~10人未満,,1: 1億円以上~3億円未満,https://n-l.co.jp/,https://n-l.co.jp/contact/,,,,,送信不可,,営業禁止の記載あり,
テクノベース株式会社,Webアプリ・サービス運営,"その他通信,その他人材",大阪府,大阪府大阪市中央区東高麗橋４番３号,1: 5人以上~10人未満,"0: 5,000万円未満",1: 1億円以上~3億円未満,https://www.technobase.co.jp/,https://www.technobase.co.jp/company/#contact,06-6940-4008,info@technobase.co.jp,,,送信不可,, お問い合わせフォーム無し,
株式会社コードサイド,情報セキュリティ,受託開発,大阪府,大阪府大阪市中央区安土町１丁目７番１３号トヤマビル,1: 5人以上~10人未満,"0: 5,000万円未満",1: 1億円以上~3億円未満,http://code-side.co.jp/about.html,,,,,,送信不可,, お問い合わせフォーム無し,
中村総研デンタルケア株式会社,医療機器,その他製造,滋賀県,滋賀県東近江市市辺町２３９６番地,1: 5人以上~10人未満,"0: 5,000万円未満",2: 3億円以上~10億円未満,https://ndentalcare.co.jp/,,0748-25-1757,info@ndentalcare.co.jp,,,送信不可,, お問い合わせフォーム無し,
株式会社インプット,Webアプリ・サービス運営,,愛媛県,愛媛県松山市竹原町１丁目４番地５,1: 5人以上~10人未満,"0: 5,000万円未満",1: 1億円以上~3億円未満,https://www.input.co.jp/,https://www.input.co.jp/contact.html,089-915-0241,,,,送信不可,,メールに遷移・Googleフォーム,
セルン株式会社,クラウド系/SaaS/ASPサービス,"その他マスコミ・出版,出版",東京都,東京都渋谷区神宮前６丁目３５－３コープオリンピア７３１,1: 5人以上~10人未満,,1: 1億円以上~3億円未満,https://seln.com,https://share.hsforms.com/10y0e-xnsSaK6-wTHBe-BYg2ej4h,03-6450-6637,,,,送信成功,2026/07/17,,
エクストリーム－Ｄ株式会社,Webアプリ・サービス運営,クラウド系/SaaS/ASPサービス,東京都,東京都品川区北品川５丁目５番１５号大崎ブライトコア４階ＳＨＩＰ,1: 5人以上~10人未満,2: 3億円以上~10億円未満,0: 1億円未満,https://xtreme-d.net/company/,https://xtreme-d.net/contact/,03-5715-4120,info@xtreme-d.net,,,送信成功,2026/07/17,,
医療法人社団七慶会,Webアプリ・サービス運営,,群馬県,群馬県館林市本町２丁目１０番３号,1: 5人以上~10人未満,,1: 1億円以上~3億円未満,https://m-life.jp/,,,,,,送信不可,, お問い合わせフォーム無し,URL不一致
ＪＭＲ株式会社,医療機器,"医療コンサル,医療機器商社",新潟県,新潟県新潟市西蒲区大原３０６１番地,1: 5人以上~10人未満,"0: 5,000万円未満",2: 3億円以上~10億円未満,https://jmr-lab.co.jp/company-profile/,https://jmr-lab.co.jp/contact/,0256-77-8808,info@jmr-lab.com,,,送信成功,2026/07/17,,
トラストフォーエバーセキュリティ株式会社,情報セキュリティ,,大阪府,大阪府大阪市東住吉区杭全６丁目１番１１号,1: 5人以上~10人未満,"0: 5,000万円未満",1: 1億円以上~3億円未満,https://tf-security.co.jp/company/,https://tf-security.co.jp/contact/,,,,,送信成功,2026/07/17,,
株式会社レヴィ,Webアプリ・サービス運営,,東京都,東京都文京区本郷４丁目１番３号,1: 5人以上~10人未満,,1: 1億円以上~3億円未満,https://levii.co.jp/,https://levii.co.jp/contact/,,,,,送信成功,2026/07/17,,
株式会社ＭＯＲＬＤ,Webアプリ・サービス運営,,東京都,東京都渋谷区恵比寿１丁目１５－９シルク恵比寿４０３,1: 5人以上~10人未満,,1: 1億円以上~3億円未満,https://morld.co.jp/,https://morld.co.jp/contact-us/#02,,,,,送信成功,2026/07/17,,
Ｌｉｔｔｌｅ　Ｒｏｏｍｓ株式会社,Webアプリ・サービス運営,,東京都,東京都渋谷区恵比寿南３丁目４番１４号,1: 5人以上~10人未満,,1: 1億円以上~3億円未満,https://and-inc.co.jp,https://littlerooms.co.jp/#contact,,,,,送信成功,2026/07/17,,
株式会社ＹＯＵＰＡＣＥ,Webアプリ・サービス運営,クラウド系/SaaS/ASPサービス,東京都,東京都渋谷区千駄ヶ谷５丁目２７番５号リンクスクエア新宿１６Ｆ,1: 5人以上~10人未満,"1: 5,000万円以上~3億円未満",1: 1億円以上~3億円未満,https://youpace.co.jp/company/,https://youpace.co.jp/contact/,,,,,送信成功,2026/07/17,,
株式会社ディテイルクラウドクリエイティブ,Webアプリ・サービス運営,"クラウド系/SaaS/ASPサービス,その他IT,Webマーケコンサル",東京都,東京都北区赤羽１丁目３０番１号高栄ビル４階,1: 5人以上~10人未満,,1: 1億円以上~3億円未満,https://detail-cc.com/company/,https://detail-cc.com/contact/,03-6454-4082,info@detail-cc.com,,,送信成功,2026/07/17,,
株式会社ＲＥＢＯＲＮ,Webアプリ・サービス運営,"Web制作,スマホアプリ,受託開発,ITインフラストラクチャー",埼玉県,埼玉県さいたま市北区櫛引町２丁目２５１番地４,1: 5人以上~10人未満,"0: 5,000万円未満",1: 1億円以上~3億円未満,https://r-e-born.jp/corporate.php,https://r-e-born.jp/contact.php,03-6383-3026,,,,送信不可,,送信ボタンを押すことができない・エラー,
株式会社プロキュア・ジャパン,Webアプリ・サービス運営,"セミナー,その他医療・福祉,Webアプリ・サービス運営",茨城県,茨城県結城市大字結城１０５１６番地１,1: 5人以上~10人未満,,1: 1億円以上~3億円未満,http://procure-japan.com,https://procure-japan.com/,0296-47-3599,info@procure-japan.com,,,送信成功,2026/07/17,,
ＥＣ‐Ｃｏｎｓｕｌｔｉｎｇ　Ｊａｐａｎ株式会社,Webアプリ・サービス運営,,大阪府,大阪府豊中市新千里東町１丁目４番１号,1: 5人以上~10人未満,"0: 5,000万円未満",1: 1億円以上~3億円未満,https://ec-consultingjapan.co.jp/,https://ec-consultingjapan.co.jp/contact/,,,,,送信不可,, お問い合わせフォーム無し,営業、提案に該当するフォームなし
株式会社いごこちいいよ,Webアプリ・サービス運営,求人媒体運営・求人情報誌出版,神奈川県,神奈川県横浜市西区みなとみらい２丁目２番１号横浜ランドマークタワー２０階,1: 5人以上~10人未満,,0: 1億円未満,https://nkc.cloud,https://nkc.cloud/%E3%81%8A%E5%95%8F%E3%81%84%E5%90%88%E3%82%8F%E3%81%9B/,050-1187-7569,,,,送信不可,,別サイトに遷移してしまう・サイトが開けない,
デジタル・シンク株式会社,Webアプリ・サービス運営,"ソフトウェア販売,スマホアプリ,受託開発",北海道,北海道帯広市東二条南６丁目２０番地,1: 5人以上~10人未満,,1: 1億円以上~3億円未満,http://digital-think.jp/,http://digital-think.jp/html/contact.html,022-797-2351,,,,送信不可,,メールに遷移・Googleフォーム,
株式会社ａｎｄ　Ｏｎｅ,Webアプリ・サービス運営,"オフィス用品販売,その他通信",東京都,東京都渋谷区渋谷１丁目１７番８号,1: 5人以上~10人未満,"1: 5,000万円以上~3億円未満",1: 1億円以上~3億円未満,https://www.andone.co.jp/,https://www.andone.co.jp/contact/,03-5774-1660,and1-contact@andone.co.jp,,,送信成功,2026/07/17,,
株式会社コンサルティングフライ,Webアプリ・サービス運営,"人材派遣,Webアプリ・サービス運営",東京都,東京都港区新橋５丁目５番１号,1: 5人以上~10人未満,"0: 5,000万円未満",1: 1億円以上~3億円未満,http://www.confly.co.jp/,http://www.confly.co.jp/contact/,03-6809-2408,hr@confly.co.jp,,,送信不可,, お問い合わせフォーム無し,
株式会社ＡＲＲＯＷ’ｓ,クラウド系/SaaS/ASPサービス,Webアプリ・サービス運営,東京都,東京都江東区青海２丁目７番４号ｔｈｅＳＯＨＯ９０１号,1: 5人以上~10人未満,"0: 5,000万円未満",1: 1億円以上~3億円未満,http://arrows-inc.asia,https://arrows-inc.asia/,03-6261-6802,info@arrows-inc.asia,,,送信成功,2026/07/17,,
株式会社クリモ,Webアプリ・サービス運営,,東京都,東京都港区浜松町２丁目２番１５号,1: 5人以上~10人未満,,1: 1億円以上~3億円未満,https://cremo.tokyo/,,,,,,送信不可,,別サイトに遷移してしまう・サイトが開けない,安全なサイトではない
株式会社ａ　ｇｅｎｅｒａｌ　ｓｔｕｄｉｏ,Webアプリ・サービス運営,,東京都,東京都渋谷区道玄坂１丁目１０番８号渋谷道玄坂東急ビル２Ｆ－Ｃ,1: 5人以上~10人未満,,1: 1億円以上~3億円未満,https://ageneralstudio.com/,https://ageneralstudio.com/contact/,,,,,送信成功,2026/07/17,,
株式会社Ｐａｙｍｅｎｔ　Ｔｅｃｈｎｏｌｏｇｙ,Webアプリ・サービス運営,,東京都,東京都文京区本郷５丁目２４番２号,1: 5人以上~10人未満,2: 3億円以上~10億円未満,1: 1億円以上~3億円未満,https://pay-tech.co.jp/company/outline/,https://www.paytech.jp/site/contact/,03-5803-9922,info@paytech.jp,,,送信成功,2026/07/17,,
株式会社レガロファクトリー,Webアプリ・サービス運営,その他IT,東京都,東京都板橋区富士見町４－２５シティプラザ富士見町１０３号室,1: 5人以上~10人未満,"0: 5,000万円未満",1: 1億円以上~3億円未満,http://regalofactory.jp/concept/,http://regalofactory.jp/reserve/,03-6451-1012,,,,送信成功,2026/07/17,,
株式会社ＡｏｙａｍａＬａｂ,Webアプリ・サービス運営,,東京都,東京都港区北青山２丁目７番１３号プラセオ青山ビル３Ｆ,1: 5人以上~10人未満,"1: 5,000万円以上~3億円未満",1: 1億円以上~3億円未満,https://aoyamalab.co.jp/,https://aoyamalab.co.jp/#section_9,,info@aoyamalab.co.jp,,,送信成功,2026/07/17,,
株式会社エナジーパートナー,クラウド系/SaaS/ASPサービス,その他通信,東京都,東京都新宿区新宿６丁目２９番６号,1: 5人以上~10人未満,"0: 5,000万円未満",2: 3億円以上~10億円未満,https://eng-partner.com/outline.html,https://eng-partner.com/eng-contact1.html,03-5291-1941,info@eng-partner.com,,,送信不可,, お問い合わせフォーム無し,営業、提案に該当するフォームなし
株式会社ファシオ,Webアプリ・サービス運営,"その他IT,Webマーケコンサル,ITコンサル",東京都,東京都新宿区新宿５丁目１５番１４号,1: 5人以上~10人未満,"0: 5,000万円未満",1: 1億円以上~3億円未満,https://www.vita-facio.jp/01company_about.html,http://www.vita-facio.jp/04contact.php,03-6304-0550,bcs-info@vita-facio.jp,,,送信成功,2026/07/17,,
株式会社クライスネットワークス,Webアプリ・サービス運営,"ソフトウェア販売,受託開発,クラウド系/SaaS/ASPサービス,その他IT,ITインフラストラクチャー",東京都,東京都港区芝大門１丁目３番９号,1: 5人以上~10人未満,"0: 5,000万円未満",1: 1億円以上~3億円未満,https://kreis-nets.co.jp/,https://kreis-nets.co.jp/contact,03-6452-8633,eigyo@kreis-nets.co.jp,,,送信成功,2026/07/17,,
株式会社ＡＱライフ,Webアプリ・サービス運営,"PC・スマホ機器販売・修理,電気機器,照明器具,パン,Web制作,eコマース,その他専門商社",神奈川県,神奈川県横浜市中区本町４丁目４０番地,1: 5人以上~10人未満,"0: 5,000万円未満",1: 1億円以上~3億円未満,https://aqlife.co.jp/,https://aqlife.co.jp/contact,045-394-7030,,,,送信不可,,営業禁止の記載あり,
イコールチャンス株式会社,Webアプリ・サービス運営,,東京都,東京都中央区月島１丁目１５番１０－１３１２号,1: 5人以上~10人未満,,0: 1億円未満,https://equalchance-jp.com/,,,,,,送信不可,,別サイトに遷移してしまう・サイトが開けない,
日本テクトシステムズ株式会社,医療機器,,東京都,東京都渋谷区渋谷２丁目２４番１２号,1: 5人以上~10人未満,"1: 5,000万円以上~3億円未満",2: 3億円以上~10億円未満,https://systems.nippontect.co.jp/about-us,https://systems.nippontect.co.jp/contact,,info@nippontect.co.jp,,,送信不可,,送信ボタンを押すことができない・エラー,
株式会社ｃａｎｕｕ,Webアプリ・サービス運営,,東京都,東京都中央区新富１丁目１５－１４相互新富ビルディング２０２,1: 5人以上~10人未満,,1: 1億円以上~3億円未満,https://canuu.jp/about,https://canuu.jp/contact,,,,,送信成功,2026/07/17,,
株式会社Ｃａｔａｌｌａｘｙ,クラウド系/SaaS/ASPサービス,,東京都,東京都中央区銀座１丁目１２番４号,1: 5人以上~10人未満,"0: 5,000万円未満",1: 1億円以上~3億円未満,https://catallaxy.me/,https://docs.google.com/forms/d/e/1FAIpQLSc-WFUzkIH1Qjc1YeQIstbjJ2gvQ-8M4P6wZ26hAvs0UFfRIA/viewform,03-4405-6976,info@catallaxy.me,,,送信不可,,メールに遷移・Googleフォーム,
Ｈｏｕｚｚ　Ｊａｐａｎ株式会社,Webアプリ・サービス運営,Webマーケコンサル,東京都,東京都新宿区西新宿３丁目３番１３号西新宿水間ビル６Ｆ,1: 5人以上~10人未満,,1: 1億円以上~3億円未満,https://www.houzz.jp,https://help.houzz.com/s/contactsupport?language=ja,03-6809-0050,jp_pr@houzz.com,,,送信不可,, お問い合わせフォーム無し,営業、提案に該当するフォームなし
ｔｅｃｔｕｒｅ株式会社,Webアプリ・サービス運営,,東京都,東京都渋谷区千駄ヶ谷５丁目２７番地５号１６階,1: 5人以上~10人未満,"1: 5,000万円以上~3億円未満",1: 1億円以上~3億円未満,https://about.tecture.jp/,https://share.hsforms.com/1bcOtj7AdSseCGlwm2WX-Ggce6bs,,contact@tecture.jp,,,送信成功,2026/07/17,,
株式会社ＰＲＯＪＥＣＴ　ＵＫ,クラウド系/SaaS/ASPサービス,その他広告・制作,東京都,東京都港区浜松町２丁目２－１５浜松町ダイヤビル２Ｆ,1: 5人以上~10人未満,,1: 1億円以上~3億円未満,https://projectuk.jp/,,,,,,送信不可,, お問い合わせフォーム無し,
株式会社Ａ,Webアプリ・サービス運営,,東京都,東京都港区赤坂２丁目２２－１８福吉町アネックスビル４０１,1: 5人以上~10人未満,,1: 1億円以上~3億円未満,https://www.ainc.co.jp/,https://forms.gle/XffzuzWzFmXSaFRu9,03-6759-8118,,,,送信不可,, お問い合わせフォーム無し,
株式会社Ｊｉｋｓａｋ　Ｂｉｏｅｎｇｉｎｅｅｒｉｎｇ,医療機器,,神奈川県,神奈川県川崎市川崎区殿町３丁目２５番１６号Ａ３２２室,1: 5人以上~10人未満,"1: 5,000万円以上~3億円未満",2: 3億円以上~10億円未満,https://www.jiksak.co.jp/japanese/about,https://www.jiksak.co.jp/contact,,info@jiksak.co.jp,,,送信不可,,必須項目の入力ができない（情報不足など）,全て英語表記
株式会社ニッポン手仕事図鑑,Webアプリ・サービス運営,,東京都,東京都中央区日本橋人形町２丁目１４番１０号,1: 5人以上~10人未満,,1: 1億円以上~3億円未満,https://nippon-teshigoto.jp/about,https://nippon-teshigoto.jp/support-center,,info@nippon-teshigoto.jp,,,送信成功,2026/07/17,,
ライタス株式会社,Webアプリ・サービス運営,,東京都,東京都八王子市別所２丁目１８番地３－４０３号,1: 5人以上~10人未満,,1: 1億円以上~3億円未満,,,,,,,送信不可,,別サイトに遷移してしまう・サイトが開けない,HPなし
アガペシステム株式会社,Webアプリ・サービス運営,"医療機器,医療コンサル",東京都,東京都杉並区荻窪５丁目２７番８号,1: 5人以上~10人未満,"0: 5,000万円未満",1: 1億円以上~3億円未満,https://agape.co.jp,https://agape.co.jp/?page_id=16,0120-395-564,info@agape.co.jp,,,送信不可,, お問い合わせフォーム無し,営業、提案に該当するフォームなし
株式会社ｔｅａｍＳ,Webアプリ・サービス運営,書籍・メディア販売,東京都,東京都中央区八丁堀３丁目１８番６号,1: 5人以上~10人未満,,1: 1億円以上~3億円未満,https://teams.tokyo/,https://teams.tokyo/contact/,03-6275-2282,,,,送信成功,2026/07/17,,
株式会社プラン＆アイ,Webアプリ・サービス運営,,東京都,東京都千代田区外神田２丁目２番１７号,1: 5人以上~10人未満,,1: 1億円以上~3億円未満,https://www.planandi.com/,https://www.planandi.com/,03-6260-7699,,,,送信成功,2026/07/17,,
アイユー株式会社,Webアプリ・サービス運営,"Webマーケコンサル,ITコンサル,販促コンサル,広告運用コンサル,Web制作",東京都,東京都北区神谷２丁目１８番１３号,1: 5人以上~10人未満,"0: 5,000万円未満",1: 1億円以上~3億円未満,https://www.mmbs.jp/company.html,http://www.mmbs.jp/inquiry.html,03-6903-8308,info@mmbs.jp,,,送信不可,,送信ボタンを押すことができない・エラー,
株式会社オーバードライブ,Webアプリ・サービス運営,"玩具,eコマース",東京都,東京都新宿区四谷本塩町１－３ザ・ブライニービル四谷３０１号室,1: 5人以上~10人未満,"0: 5,000万円未満",2: 3億円以上~10億円未満,https://corp.hoobby.net/,https://corp.hoobby.net/,03-3868-3558,,,,送信成功,2026/07/17,,
株式会社スパイスマート,Webアプリ・サービス運営,"研究・調査・リサーチ,その他IT,販促コンサル,Webマーケコンサル",東京都,東京都渋谷区広尾１丁目１１番２号ＢＬＯＣＫＳＥＢＩＳＵ９０９,1: 5人以上~10人未満,"1: 5,000万円以上~3億円未満",1: 1億円以上~3億円未満,http://corp.spicemart.jp/company/,http://corp.spicemart.jp/contact/,,contact@spicemart.jp,,,送信成功,2026/07/17,,
Ｃｌｏｏｐｅｎ株式会社,クラウド系/SaaS/ASPサービス,"その他通信,Webアプリ・サービス運営,ITインフラストラクチャー,通信設備工事,その他機械専門商社",東京都,東京都千代田区紀尾井町３番１２号紀尾井町ビル３０４,1: 5人以上~10人未満,"1: 5,000万円以上~3億円未満",2: 3億円以上~10億円未満,https://cloopen.co.jp/company/,https://cloopen.co.jp/contact/,03-4588-0088,info@cloopen.com,,,送信不可,,送信ボタンを押すことができない・エラー,
株式会社２－ＧＥＡＲ,Webアプリ・サービス運営,,東京都,東京都中野区野方５丁目１０番１号コーラル・コートＣ棟２,1: 5人以上~10人未満,,1: 1億円以上~3億円未満,https://2-gear.net/,https://2-gear.net/otoiawase/,,,,,送信成功,2026/07/17,,
株式会社Ｇｏｚａｌ,クラウド系/SaaS/ASPサービス,Webアプリ・サービス運営,東京都,東京都目黒区三田２丁目３番２号,1: 5人以上~10人未満,,1: 1億円以上~3億円未満,https://gozal.co.jp/about,https://gozal.co.jp/contact,03-6260-9990,,,,送信成功,2026/07/17,,
Ｃメーカー株式会社,Webアプリ・サービス運営,"印刷機械,その他通信,ITインフラストラクチャー,オフィス用品販売",東京都,東京都豊島区池袋２丁目６１番８号,1: 5人以上~10人未満,"0: 5,000万円未満",1: 1億円以上~3億円未満,http://c-maker.com/,http://c-maker.com/contact.html,03-6812-1975,kanri@c-maker.com,,,送信不可,,営業禁止の記載あり,
株式会社ＬＩＢＥＯ,Webアプリ・サービス運営,,大阪府,大阪府大阪市西区新町１丁目２４番１１号新町Ｆ１ビル５０２,1: 5人以上~10人未満,,1: 1億円以上~3億円未満,https://libeo.co.jp/,https://libeo.co.jp/contact/,,,,,送信成功,2026/07/17,,
株式会社ＳＴＯＲＹ＆Ｃｏ．,Webアプリ・サービス運営,総合広告代理店,東京都,東京都千代田区丸の内１丁目１番３号,1: 5人以上~10人未満,"0: 5,000万円未満",1: 1億円以上~3億円未満,https://storyandco.co/company,http://storyandco.co/contact/,,support@storyandco.co,,,送信成功,2026/07/17,,
ＭＯＳＡ株式会社,Webアプリ・サービス運営,,東京都,東京都港区赤坂３丁目１７番３号１１０７,1: 5人以上~10人未満,"0: 5,000万円未満",1: 1億円以上~3億円未満,https://mosa.co.jp/mosa-top/aboutus/aboutus-outline/,https://mosa.co.jp/mosa-top/aboutus/contact/,03-6402-9249,,,,送信成功,2026/07/17,,
株式会社ピアトゥー,Webアプリ・サービス運営,,東京都,東京都千代田区丸の内１丁目８番３号丸の内トラストタワー本館２０階,1: 5人以上~10人未満,"0: 5,000万円未満",1: 1億円以上~3億円未満,https://peerto.jp/company/,https://contact.staynavi.direct/facility.html,,,,,送信不可,,必須項目の入力ができない（情報不足など）,
株式会社ウィズパッション,Webアプリ・サービス運営,"Webマーケコンサル,その他広告・制作,ITコンサル",神奈川県,神奈川県横浜市中区住吉町５丁目６５番地２,1: 5人以上~10人未満,,1: 1億円以上~3億円未満,https://www.withpassion.co.jp,https://www.withpassion.co.jp/#infomenu,045-228-8286,info@withpassion.co.jp,,,送信不可,,送信ボタンを押すことができない・エラー,
ソートウェア株式会社,Webアプリ・サービス運営,"デジタル系コンテンツ,財務コンサル,製造業コンサル,企業研修",愛知県,愛知県名古屋市千種区内山３丁目１８番１０号,1: 5人以上~10人未満,,1: 1億円以上~3億円未満,https://www.tw-kk.net/,https://tw-kk.net/company/contact/index.html,052-439-6758,,,,送信成功,2026/07/21,,
アルファシンク株式会社,Webアプリ・サービス運営,"人材派遣,Webアプリ・サービス運営",福岡県,福岡県福岡市中央区警固２丁目２番２３号,1: 5人以上~10人未満,"0: 5,000万円未満",0: 1億円未満,https://alpha-think.co.jp/会社概要/,http://alpha-think.co.jp/%E3%81%8A%E5%95%8F%E3%81%84%E5%90%88%E3%81%9B/,092-434-1840,,,,送信不可,,送信ボタンを押すことができない・エラー,
株式会社パナセア,Webアプリ・サービス運営,"ヘルスケア用品,清掃用器具・用品,Webマーケコンサル,日用品",沖縄県,沖縄県那覇市泉崎１丁目７番地１０号,1: 5人以上~10人未満,,1: 1億円以上~3億円未満,https://panaceaokinawa.com/,https://panaceaokinawa.com/contact/,098-943-0101,info@panaceaokinawa.com,,,送信成功,2026/07/21,,
株式会社シンク,Webアプリ・サービス運営,,東京都,東京都渋谷区東２丁目１番４号須藤第二ビル３階,1: 5人以上~10人未満,"0: 5,000万円未満",1: 1億円以上~3億円未満,https://think-ahead.jp/company.html,https://think-ahead.jp/inquiry/,03-6803-8305,,,,送信不可,,必須項目の入力ができない（情報不足など）,
株式会社ミガリオ,Webアプリ・サービス運営,ソフトウェア販売,東京都,東京都中央区日本橋箱崎町２０番３号,1: 5人以上~10人未満,"0: 5,000万円未満",0: 1億円未満,https://www.migalio.com/,https://www.migalio.com/contact-form/,03-6264-9258,security@migalio.com,,,送信不可,,営業禁止の記載あり,
株式会社ととっぷ,Webアプリ・サービス運営,"その他医療・福祉,医療コンサル",東京都,東京都千代田区麹町５丁目５番１号葵シャトー３階,1: 5人以上~10人未満,,1: 1億円以上~3億円未満,https://totop.co.jp/company/,https://totop.co.jp/contact/,,,,,送信成功,2026/07/21,,
チェク・ジャパン株式会社,情報セキュリティ,,東京都,東京都千代田区丸の内１丁目５番１号新丸の内ビルディング１０階,1: 5人以上~10人未満,,1: 1億円以上~3億円未満,https://cheq.ai/ja/about-us/,,,japan@cheq.ai,,,送信不可,,必須項目の入力ができない（情報不足など）,
ｈｉｑｅｒｓ株式会社,Webアプリ・サービス運営,"Webマーケコンサル,その他広告・制作",東京都,東京都千代田区岩本町２丁目１番１６号森川ビル６階,1: 5人以上~10人未満,"0: 5,000万円未満",1: 1億円以上~3億円未満,https://hiqers.jp/company/,https://hiqers.jp/contact/,03-6260-7970,support@hiqers.jp,,,送信成功,2026/07/21,,
株式会社Ｃｉｒｃｕｌａｔｅ　Ｌｉｎｅ,Webアプリ・サービス運営,クラウド系/SaaS/ASPサービス,東京都,東京都渋谷区恵比寿西１丁目３３番１４号,1: 5人以上~10人未満,"0: 5,000万円未満",2: 3億円以上~10億円未満,https://www.circulateline.jp/,https://www.circulateline.jp/contact/,03-6277-5268,,,,送信不可,,営業禁止の記載あり,
株式会社ビークルー,Webアプリ・サービス運営,"ソフトウェア販売,その他機械",東京都,東京都目黒区中目黒２丁目８番２２号,1: 5人以上~10人未満,"0: 5,000万円未満",1: 1億円以上~3億円未満,https://beacrew.jp/company/,https://beacrew.jp/contact,03-5720-7447,,,,送信成功,2026/07/21,,
株式会社２ｎｄ－Ｂｒｉｄｇｅ,Webアプリ・サービス運営,,東京都,東京都墨田区両国４丁目３０番１６号ストーク両国３０１,1: 5人以上~10人未満,,1: 1億円以上~3億円未満,http://2nd-bridge.co.jp/,,03-6659-9172,info@2nd-bridge.co.jp,,,送信不可,,メールに遷移・Googleフォーム,
株式会社ティーエーシーホールディングス,Webアプリ・サービス運営,,大阪府,大阪府大阪市淀川区宮原３丁目４番３０号,1: 5人以上~10人未満,"1: 5,000万円以上~3億円未満",1: 1億円以上~3億円未満,https://www.tachd.co.jp/,https://www.tachd.co.jp/inquiry.php,06-6398-6639,info@tachd.co.jp,,,送信成功,2026/07/21,,
リードクリエーション株式会社,Webアプリ・サービス運営,,京都府,京都府京都市左京区下鴨宮崎町１１９番地１,1: 5人以上~10人未満,,1: 1億円以上~3億円未満,https://leadcreation.co.jp/,,,,,,送信不可,,メールに遷移・Googleフォーム,
スタジオアンビルト株式会社,クラウド系/SaaS/ASPサービス,,愛知県,愛知県名古屋市昭和区鶴舞１丁目２番３２号,1: 5人以上~10人未満,"1: 5,000万円以上~3億円未満",1: 1億円以上~3億円未満,https://www.studiounbuilt.com/pages/about,,,support@studiounbuilt.com,,,送信成功,2026/07/21,,
ＦＯＣＵＳ株式会社,Webアプリ・サービス運営,その他建設・工事,東京都,東京都港区赤坂９丁目６番２８号,1: 5人以上~10人未満,"1: 5,000万円以上~3億円未満",1: 1億円以上~3億円未満,https://focus-ad.jp/company,,,info_sns@focus-ad.jp,,,送信成功,2026/07/21,,
株式会社ウィジー,Webアプリ・サービス運営,"お土産・ギフト,デザイン",東京都,東京都中央区日本橋大伝馬町１２番９号,1: 5人以上~10人未満,"0: 5,000万円未満",1: 1億円以上~3億円未満,http://www.whizzy.co.jp,http://www.whizzy.co.jp/,03-5623-3022,,,,送信成功,2026/07/21,,
アクイアジャパン合同会社,Webアプリ・サービス運営,,東京都,東京都千代田区永田町２丁目１１番１号,1: 5人以上~10人未満,,1: 1億円以上~3億円未満,https://www.acquia.com/jp,https://www.acquia.com/products/drupal-cloud/cloud-platform/enterprise-search,,,,,送信不可,,必須項目の入力ができない（情報不足など）,
株式会社ｍｅｄパス,情報セキュリティ,"Webアプリ・サービス運営,その他医療・福祉",東京都,東京都中央区日本橋箱崎町２４番１号日本橋箱崎ビル５階,1: 5人以上~10人未満,"1: 5,000万円以上~3億円未満",1: 1億円以上~3億円未満,https://medpass.co.jp/company/,https://medpass.jp/inquiry.html,03-6809-4545,inquiry@medpass.co.jp,,,送信成功,2026/07/21,,
スタンドバイ株式会社,Webアプリ・サービス運営,スマホアプリ,東京都,東京都中央区東日本橋２丁目１番１５号,1: 5人以上~10人未満,,1: 1億円以上~3億円未満,https://standby-corp.jp/about/forcorporation/,,050-3754-2219,info@standby-corp.jp,,,送信成功,2026/07/21,,
ＦａｃｅＰｅｅｒ株式会社,Webアプリ・サービス運営,,東京都,東京都港区赤坂８丁目５番４０号,1: 5人以上~10人未満,"1: 5,000万円以上~3億円未満",1: 1億円以上~3億円未満,https://www.facepeer.jp/company,https://www.face-peer.com/contacts/new,,,,,送信成功,2026/07/21,,
株式会社ＷＡＯＣＯＮ,Webアプリ・サービス運営,,東京都,東京都渋谷区桜丘町１８－４二宮ビル１Ｆ－６６,1: 5人以上~10人未満,,1: 1億円以上~3億円未満,Vhttp://waocon.com/,,03-4405-3988,,,,送信不可,,送信ボタンを押すことができない・エラー,
グローリーネット株式会社,クラウド系/SaaS/ASPサービス,ITインフラストラクチャー,大阪府,大阪府大阪市北区豊崎２丁目７番９号,1: 5人以上~10人未満,"0: 5,000万円未満",1: 1億円以上~3億円未満,https://glory.ne.jp/company.php,http://glory.ne.jp/contact.php,06-6110-5219,,,,送信不可,,営業禁止の記載あり,
株式会社デスクワークス,ゲーム開発,,大阪府,大阪府大阪市東淀川区西淡路１丁目１５－３－３Ｆ,1: 5人以上~10人未満,"0: 5,000万円未満",1: 1億円以上~3億円未満,https://deskworks.jp/ja/company/,,,webinfo@deskworks.jp,,,送信不可,,メールに遷移・Googleフォーム,
株式会社ＶＥＴＳ　ＴＥＣＨ,Webアプリ・サービス運営,,神奈川県,神奈川県横浜市港北区綱島東４丁目２番５号パルホワイト綱島２１１号,1: 5人以上~10人未満,,0: 1億円未満,https://vets-tech.jp/,,,info@vets-tech.jp,,,送信成功,2026/07/21,,
株式会社Ｃｏｎｅ,Webアプリ・サービス運営,業務請負,大阪府,大阪府大阪市北区長柄東３丁目３－２０ロイスグラン長柄Ｃ棟,1: 5人以上~10人未満,,1: 1億円以上~3億円未満,https://coneinc.jp/company/,,,,,,送信成功,2026/07/21,,
株式会社ＣＫＢ,医療機器,,愛知県,愛知県名古屋市千種区新西２丁目１４番１０号,1: 5人以上~10人未満,,1: 1億円以上~3億円未満,https://www.ckb-inc.com/,,,,,,送信成功,2026/07/17,,
株式会社ｏｎｃｅ．,Webアプリ・サービス運営,,福岡県,福岡県北九州市八幡西区折尾４丁目６番１６号折尾Ｙ＆Ｓビルディング３Ｆ,1: 5人以上~10人未満,,1: 1億円以上~3億円未満,https://once-net.co.jp/,,093-883-8772,info@once-net.co.jp,,,送信不可,,メールに遷移・Googleフォーム,
ニューロ・オン株式会社,Webアプリ・サービス運営,,東京都,東京都中央区銀座１丁目１６番７号銀座大栄ビル５階,1: 5人以上~10人未満,"0: 5,000万円未満",1: 1億円以上~3億円未満,https://neuro-on.co.jp/,http://neuro-on.co.jp/#inquiry,080-8499-0087,info@neuro-on.co.jp,,,送信成功,2026/07/17,,
キッズメディカル株式会社,医療機器,医療機器商社,東京都,東京都文京区本郷２丁目２７番１２号,1: 5人以上~10人未満,,2: 3億円以上~10億円未満,https://kids-medical.com/company/,http://kids-medical.com/contact/,03-5615-8822,1922kids-inquiry@kids-medical.com,,,送信不可,, お問い合わせフォーム無し,
株式会社アリベル,Webアプリ・サービス運営,,東京都,東京都台東区浅草橋３丁目３３－６田中ビル５０２,1: 5人以上~10人未満,,1: 1億円以上~3億円未満,http://www.aliber.co.jp/introduction/index.html,,,,,,送信不可,, お問い合わせフォーム無し,お探しのページが見つかりません。
株式会社Ｃｏｎｔｅｎｔｓｅｒｖ,Webアプリ・サービス運営,,東京都,東京都港区虎ノ門４丁目３番１号城山トラストタワー２１Ｆ,1: 5人以上~10人未満,,1: 1億円以上~3億円未満,https://www.contentserv.com/ja/,,,,,,送信不可,, お問い合わせフォーム無し,移転しました！ContentservはCentric Softwareの一員となりました。
株式会社ＣＢＡ,クラウド系/SaaS/ASPサービス,,東京都,東京都千代田区九段南１丁目６番５号,1: 5人以上~10人未満,,1: 1億円以上~3億円未満,https://www.cba-japan.co.jp,,050-1741-7836,info@cba-japan.co.jp,,,送信成功,2026/07/17,,
Ｃｌｏｃｏ株式会社,クラウド系/SaaS/ASPサービス,"PC・スマホ機器販売・修理,ITコンサル,Webアプリ・サービス運営",東京都,東京都新宿区榎町３３－１ザ・スクエアー８階,1: 5人以上~10人未満,"1: 5,000万円以上~3億円未満",1: 1億円以上~3億円未満,https://www.clocoinc.com/company,,03-4477-2500,,,,送信不可,, お問い合わせフォーム無し,
株式会社Ｘ　ＳＩＧＨＴ,Webアプリ・サービス運営,,東京都,東京都新宿区大久保２丁目６－１６平安ビル８Ｂ,1: 5人以上~10人未満,,1: 1億円以上~3億円未満,https://www.xsight.co.jp/,,,,,,送信成功,2026/07/17,,
株式会社エスアイヤ,Webアプリ・サービス運営,"セミナー,翻訳・通訳",東京都,東京都渋谷区代々木２丁目２０番１９－２０２号,1: 5人以上~10人未満,"0: 5,000万円未満",1: 1億円以上~3億円未満,https://sier.co.jp/company/,http://www.sier.co.jp/inquiry/,03-6300-4356,info@sier.co.jp,,,送信不可,, お問い合わせフォーム無し,
株式会社ｂｌｕｅ,Webアプリ・サービス運営,"各種スクール・教室,デザイン,受託開発,IT系教育",東京都,東京都港区六本木３丁目１６－１２六本木ＫＳビル５Ｆ,1: 5人以上~10人未満,"1: 5,000万円以上~3億円未満",2: 3億円以上~10億円未満,http://blue-corporation.jp/,http://blue-corporation.jp/contact.php,03-6268-8188,info@blue-corporation.jp,,,送信成功,2026/07/17,,
ＩｚｕｍｏＢＡＳＥ株式会社,Webアプリ・サービス運営,ITインフラストラクチャー,東京都,東京都新宿区西新宿７丁目２０番１号,1: 5人以上~10人未満,"0: 5,000万円未満",0: 1億円未満,https://www.izumobase.com/ja/,https://www.izumobase.com/contact,,contact@izumobase.com,,,送信不可,,送信ボタンを押すことができない・エラー,
ディーエッジジャパン株式会社,Webアプリ・サービス運営,Webマーケコンサル,東京都,東京都渋谷区神南１丁目５番６号,1: 5人以上~10人未満,,1: 1億円以上~3億円未満,https://www.d-edge.com,,03-5456-5484,,,,送信成功,2026/07/17,,
株式会社ＳＡＲＡＨ,Webアプリ・サービス運営,,埼玉県,埼玉県東松山市元宿１丁目２９－１７,1: 5人以上~10人未満,2: 3億円以上~10億円未満,1: 1億円以上~3億円未満,https://corporate.sarah30.com/,https://sarah30.com/contacts/new,03-6455-4003,info@sarah30.com,,,送信成功,2026/07/17,,
株式会社ＳｔｅｒａＶｉｓｉｏｎ,Webアプリ・サービス運営,計測機器・センサー,茨城県,茨城県つくば市千現２丁目１番地６,1: 5人以上~10人未満,"1: 5,000万円以上~3億円未満",1: 1億円以上~3億円未満,https://steravision.com/,http://steravision.com/contact/,029-879-5601,info@steravision.com,,,送信不可,,メールに遷移・Googleフォーム,
株式会社ＬＢＢ,Webアプリ・サービス運営,"クラウド系/SaaS/ASPサービス,その他IT",大阪府,大阪府大阪市中央区上本町西１丁目１番５号,1: 5人以上~10人未満,"0: 5,000万円未満",1: 1億円以上~3億円未満,https://lbb.co.jp/company/,https://lbb.co.jp/contact/,,,,,送信不可,, お問い合わせフォーム無し,
株式会社エルティヴィー,Webアプリ・サービス運営,"教材,Webアプリ・サービス運営",京都府,京都府京都市中京区烏丸通錦小路上る手洗水町６５９番地烏丸中央ビル４階,1: 5人以上~10人未満,"1: 5,000万円以上~3億円未満",1: 1億円以上~3億円未満,https://www.ltv-holos.jp/outline/,https://www.ltv-holos.jp/contact/index.php,03-6234-6392,,,,送信不可,,必須項目の入力ができない（情報不足など）,
株式会社ファルコ,Webアプリ・サービス運営,その他IT,福岡県,福岡県福岡市中央区今泉１丁目１２番８号,1: 5人以上~10人未満,"0: 5,000万円未満",1: 1億円以上~3億円未満,https://fal-co.co.jp/about/,https://fal-co.co.jp//contact/,092-718-1410,databin-support@fal-co.co.jp,,,送信成功,2026/07/17,,
マーキットワン株式会社,クラウド系/SaaS/ASPサービス,"その他IT,その他広告・制作,セミナー,Webアプリ・サービス運営,企業研修,Webマーケコンサル,業務請負",東京都,東京都千代田区九段北１丁目１５－２,1: 5人以上~10人未満,"0: 5,000万円未満",1: 1億円以上~3億円未満,https://markitone.co.jp/company/profile/,https://markitone.co.jp//markitone.co.jp/contact/,03-4500-9080,contact@markitone.com,,,送信不可,,営業禁止の記載あり,
キューベックス・メディカル株式会社,医療機器,,東京都,東京都文京区湯島２丁目１６番７号,1: 5人以上~10人未満,"1: 5,000万円以上~3億円未満",1: 1億円以上~3億円未満,https://cubex-medical.co.jp/,,03-6801-8381,,,,送信成功,2026/07/17,,
株式会社ＣｙＣｒａｆｔ　Ｊａｐａｎ,情報セキュリティ,,東京都,東京都千代田区丸の内２丁目２番１号岸本ビル７階ｘＬＩＮＫ丸の内パレスフロント,1: 5人以上~10人未満,,0: 1億円未満,https://www.cycraft.com/ja/about-cycraft,,,contact-jp@cycraft.com,,,送信不可,, お問い合わせフォーム無し,
株式会社ブリスコラ,クラウド系/SaaS/ASPサービス,"PC・スマホ機器販売・修理,ITコンサル,Webアプリ・サービス運営",東京都,東京都港区赤坂２丁目２０番５号デニス赤坂,1: 5人以上~10人未満,"1: 5,000万円以上~3億円未満",1: 1億円以上~3億円未満,https://www.briscola.co.jp/profile/outline/,http://www.briscola.co.jp/contact/form.php,03-6441-2614,info-mail@briscola.co.jp,,,送信不可,, お問い合わせフォーム無し,
株式会社コーリジャパン,Webアプリ・サービス運営,語学学習,東京都,東京都港区虎ノ門４丁目１番２８号虎ノ門タワーズオフィス１９階,1: 5人以上~10人未満,"1: 5,000万円以上~3億円未満",1: 1億円以上~3億円未満,https://cooori.com/company/,https://www.cooori.com/contact,03-6277-8573,,,,送信不可,, お問い合わせフォーム無し,
株式会社ＯＭＧコーポレーション,医療機器,"イベント,医療コンサル",東京都,東京都港区新橋４丁目２７番１号セントラルビル７階,1: 5人以上~10人未満,,1: 1億円以上~3億円未満,,,03-6264-5188,,,,送信不可,, お問い合わせフォーム無し,
株式会社ａｍｏｉｂｅ,Webアプリ・サービス運営,"その他サービス,イベント",東京都,東京都渋谷区渋谷２丁目１２番４号,1: 5人以上~10人未満,"0: 5,000万円未満",0: 1億円未満,http://dotlife.co.jp/,https://an-life.jp/inquiry/,080-6547-7374,info@dotlife.co.jp,,,送信不可,,必須項目の入力ができない（情報不足など）,
株式会社キューブエッジ,Webアプリ・サービス運営,,東京都,東京都品川区中延１丁目４番１７号,1: 5人以上~10人未満,"0: 5,000万円未満",1: 1億円以上~3億円未満,https://www.cubeedge.com/,http://www.cubeedge.com/contact/,,,,,送信不可,,別サイトに遷移してしまう・サイトが開けない,この接続ではプライバシーが保護されません
アドバンスジャパン株式会社,医療機器,その他製造,埼玉県,埼玉県川口市大字東本郷１１８番地の１,1: 5人以上~10人未満,"1: 5,000万円以上~3億円未満",1: 1億円以上~3億円未満,https://f-adj.co.jp/,http://f-adj.co.jp/contact/,048-234-8291,,,,送信成功,2026/07/18,,
株式会社エコネット,Webアプリ・サービス運営,,大阪府,大阪府大阪市浪速区難波中２丁目１０－７０なんばパークスタワー１９Ｆ,1: 5人以上~10人未満,"0: 5,000万円未満",1: 1億円以上~3億円未満,http://www.ps-econet.jp/company/index.html,http://www.ps-econet.jp/contact/index02.php,050-5370-5519,,,,送信成功,2026/07/18,,
タンゴ株式会社,Webアプリ・サービス運営,"スマホアプリ,化粧品製造,その他コンサル",大阪府,大阪府大阪市浪速区元町１丁目３番１１号,1: 5人以上~10人未満,,0: 1億円未満,http://tangguo.co.jp/,https://www.tangguo.co.jp/contact,06-6630-8096,,,,送信不可,,,
エディエステクノロジー株式会社,Webアプリ・サービス運営,,東京都,東京都中央区新川１丁目３番２１号,1: 5人以上~10人未満,"0: 5,000万円未満",1: 1億円以上~3億円未満,https://ads-techno.co.jp/,https://www.ads-techno.co.jp/cont/,03-6868-7062,,,,送信成功,2026/07/21,,
株式会社ＧＩＮＫＡＮ,Webアプリ・サービス運営,,東京都,東京都中央区銀座３丁目１１番３号ＬＥＡＧＵＥ銀座７階,1: 5人以上~10人未満,,1: 1億円以上~3億円未満,https://ginkan.jp/,http://ginkan.jp/contact.html,,info@ginkan.jp,,,送信成功,2026/07/21,,
ＳｏｃｉａｌＧｏｏｄ株式会社,Webアプリ・サービス運営,"クラウド系/SaaS/ASPサービス,その他金融関連サービス",東京都,東京都千代田区丸の内１丁目８－２,1: 5人以上~10人未満,"0: 5,000万円未満",1: 1億円以上~3億円未満,https://socialgood.inc,,,,,,送信不可,, お問い合わせフォーム無し,
株式会社アドレス,Webアプリ・サービス運営,クラウド系/SaaS/ASPサービス,東京都,東京都千代田区平河町２丁目５番３号,1: 5人以上~10人未満,"1: 5,000万円以上~3億円未満",2: 3億円以上~10億円未満,https://address.love/company,https://form.run/@press-ADDress,03-6869-9009,contact@address.love,,,送信不可,, お問い合わせフォーム無し,
Ｇａｔｅｂｏｘ株式会社,Webアプリ・サービス運営,"その他IT,産業用ロボット,イベント",東京都,東京都千代田区外神田１丁目９番６号松ノ木ビル４階,1: 5人以上~10人未満,"1: 5,000万円以上~3億円未満",1: 1億円以上~3億円未満,https://www.gatebox.ai/about,,03-6260-9372,,,,送信不可,, お問い合わせフォーム無し,
株式会社アデランスメディカルリサーチ,医療機器,"医療機器商社,医薬品販売,医療コンサル,製薬",東京都,東京都新宿区新宿３丁目１番９号,1: 5人以上~10人未満,"1: 5,000万円以上~3億円未満",2: 3億円以上~10億円未満,https://www.admedical.co.jp/company/,,03-3353-3155,,,,送信成功,2026/07/21,,
ｉＭｅｌ株式会社,ゲーム開発,デジタル系コンテンツ,東京都,東京都江戸川区北篠崎１丁目１番１４号,1: 5人以上~10人未満,"0: 5,000万円未満",1: 1億円以上~3億円未満,https://imel.co.jp/about/,https://imel.co.jp/contact/,,,,,送信成功,2026/07/21,,
株式会社Ｃａｒａｔ,Webアプリ・サービス運営,,東京都,東京都渋谷区渋谷２丁目１２番４号,1: 5人以上~10人未満,,1: 1億円以上~3億円未満,https://caratinc.jp,,,info@caratinc.jp,,,送信成功,2026/07/21,,
ならでわ株式会社,Webアプリ・サービス運営,"スマホアプリ,デザイン,PC・スマホ機器販売・修理,セミナー",栃木県,栃木県宇都宮市伝馬町１番６号若山ビル５Ｆ,1: 5人以上~10人未満,"1: 5,000万円以上~3億円未満",1: 1億円以上~3億円未満,https://naradewa.co.jp/about#profile,https://naradewa.co.jp/contact,028-688-8905,info@naradewa.co.jp,,,送信成功,2026/07/21,,
株式会社プリズム,Webアプリ・サービス運営,ソフトウェア販売,愛知県,愛知県安城市篠目町１丁目１１番地１５,1: 5人以上~10人未満,"0: 5,000万円未満",1: 1億円以上~3億円未満,https://www.prism-arts.co.jp/pdf/202509.pdf,https://www.prism-arts.co.jp/contact/mailform/,0566-74-4441,fujimoto@prism-arts.co.jp,,,送信不可,, お問い合わせフォーム無し,
株式会社コミュニケーションサポート,Webアプリ・サービス運営,"PC・スマホ機器販売・修理,ソフトウェア販売,ITインフラストラクチャー,CM制作・映像制作,テレビ番組製作",岐阜県,岐阜県下呂市小川１２２６番地３,1: 5人以上~10人未満,"0: 5,000万円未満",1: 1億円以上~3億円未満,http://www.communic.jp/,https://communic.jp/form/index.html,0576-23-1226,,,,送信不可,, お問い合わせフォーム無し,
エフエックススポットストリームアジア合同会社,Webアプリ・サービス運営,,東京都,東京都港区虎ノ門１丁目１０－５ＫＤＸ虎ノ門一丁目ビル,1: 5人以上~10人未満,,1: 1億円以上~3億円未満,,,,,,,送信不可,,URL・記号を含むことができない,
株式会社ＳｙｎａＢｉｚ,Webアプリ・サービス運営,,東京都,東京都品川区北品川５丁目１番１８号,1: 5人以上~10人未満,"0: 5,000万円未満",1: 1億円以上~3億円未満,https://synabiz.co.jp/,http://synabiz.co.jp/inquiry/,03-6416-0931,info@synabiz.com,,,送信不可,, お問い合わせフォーム無し,
株式会社テイラーワークス,クラウド系/SaaS/ASPサービス,"その他IT,ITコンサル",東京都,東京都渋谷区渋谷２丁目２４番１２号渋谷スクランブルスクエア３９階,1: 5人以上~10人未満,,1: 1億円以上~3億円未満,https://tailorworks.co.jp/company,https://tailorworks.com/inquiry/,,,,,送信成功,2026/07/21,,
株式会社まくびーインターナショナル,Webアプリ・サービス運営,"イベント,美容サロン",東京都,東京都目黒区東山１丁目６番１号,1: 5人以上~10人未満,"1: 5,000万円以上~3億円未満",0: 1億円未満,https://macbee.com/,https://macbee.com/contact/,03-6868-8358,,,,送信成功,2026/07/21,,
プレシャスシステム株式会社,Webアプリ・サービス運営,"組織コンサル,職業紹介所,受託開発,ITインフラストラクチャー",東京都,東京都千代田区内神田１丁目１５番２号神田オーシャンビル４０３,1: 5人以上~10人未満,"0: 5,000万円未満",1: 1億円以上~3億円未満,http://www.precious-sys.co.jp/company,http://www.precious-sys.co.jp/contact/,050-3381-6723,info@precious-sys.co.jp,,,送信不可,, お問い合わせフォーム無し,
株式会社メディウム,Webアプリ・サービス運営,"Webマーケコンサル,デザイン",大阪府,大阪府大阪市西区靱本町１丁目４番８号本町中島ビル４Ｆ,1: 5人以上~10人未満,"0: 5,000万円未満",1: 1億円以上~3億円未満,https://mediumx.co.jp/,http://www.mediumx.co.jp/contact/,06-6447-2700,infomessage@mediumx.co.jp,,,送信成功,2026/07/21,,
株式会社ｅ－Ｗａｙ,Webアプリ・サービス運営,,愛知県,愛知県名古屋市名東区高針荒田１１０１番地,1: 5人以上~10人未満,,1: 1億円以上~3億円未満,,,,,,,送信不可,, お問い合わせフォーム無し,
Ａｓｓｉｓｔ．株式会社,クラウド系/SaaS/ASPサービス,"経営コンサル,フォークリフト,CM制作・映像制作",福岡県,福岡県福岡市博多区博多駅前２丁目１７番２５号博多クリエートビル３階,1: 5人以上~10人未満,"0: 5,000万円未満",1: 1億円以上~3億円未満,https://www.assist-jf.co.jp/company.html,http://www.assist-jf.co.jp/form/form.html,092-558-2655,,,,送信成功,2026/07/21,,
株式会社ディーオ,Webアプリ・サービス運営,"受託開発,ITインフラストラクチャー",東京都,東京都江東区森下１丁目６番１４号レックス森下２０１号室,1: 5人以上~10人未満,"0: 5,000万円未満",1: 1億円以上~3億円未満,https://dio.tokyo/,,03-6659-4933,,,,送信不可,, お問い合わせフォーム無し,
株式会社Ｅｐａｃｅ,Webアプリ・サービス運営,,東京都,東京都品川区西品川１丁目１－１住友不動産大崎ガーデンタワー９階,1: 5人以上~10人未満,,1: 1億円以上~3億円未満,,,,,,,送信不可,, お問い合わせフォーム無し,
株式会社Ｇａｂ,Webアプリ・サービス運営,,東京都,東京都渋谷区渋谷３丁目５番地１６号渋谷三丁目スクエアビル２Ｆ,1: 5人以上~10人未満,,1: 1億円以上~3億円未満,https://www.gab.tokyo/,,,info@gab.tokyo,,,送信不可,, お問い合わせフォーム無し,
Ｃａｒｓｔａｙ株式会社,Webアプリ・サービス運営,"出版,その他外食",神奈川県,神奈川県横浜市旭区中希望が丘１０２番地ジョイビル３０１号室,1: 5人以上~10人未満,"1: 5,000万円以上~3億円未満",1: 1億円以上~3億円未満,https://carstay.jp/ja/,https://carstay.jp/ja/contact/,,info@carstay.jp,,,送信不可,, お問い合わせフォーム無し,
感性ＡＩ株式会社,Webアプリ・サービス運営,,東京都,東京都調布市調布ケ丘１丁目５番地１国立大学法人電気通信大学内,1: 5人以上~10人未満,,1: 1億円以上~3億円未満,https://www.kansei-ai.com/company,https://www.kansei-ai.com/contact,,,,,送信成功,2026/07/21,,
株式会社Ａｌｆｒｅｅ,Webアプリ・サービス運営,"コンテンツ制作,Web制作,受託開発",東京都,東京都渋谷区渋谷１丁目３‐１８,1: 5人以上~10人未満,,2: 3億円以上~10億円未満,https://alfree.net,https://alfree.net/contact/,03-6455-1090,info@alfree.net,,,送信成功,2026/07/21,,
ＤＭＭローン診断株式会社,Webアプリ・サービス運営,"デジタル系コンテンツ,その他金融関連サービス",東京都,東京都港区新橋６丁目１３番１２号ＶＯＲＴ新橋Ⅱ９階,1: 5人以上~10人未満,"1: 5,000万円以上~3億円未満",1: 1億円以上~3億円未満,https://1day.home-loan.jp/,https://whatzmoney.co.jp/contact/,03-6712-2791,info@whatzmoney.com,,,送信不可,, お問い合わせフォーム無し,
テクロ株式会社,Webアプリ・サービス運営,海外旅行・海外留学,東京都,東京都渋谷区神宮前１丁目５‐８神宮前タワービルディング１２階,1: 5人以上~10人未満,,2: 3億円以上~10億円未満,https://techro.co.jp/company/,,,,,,送信成功,2026/07/21,,
株式会社Ｒｉｐａｒｉａ,Webアプリ・サービス運営,受託開発,新潟県,新潟県新潟市中央区米山２丁目６番７号,1: 5人以上~10人未満,,0: 1億円未満,https://riparia.jp/,,,info@riparia.jp,,,送信成功,2026/07/21,,
株式会社プロテクトワン,医療機器,,兵庫県,兵庫県神戸市垂水区仲田１丁目１－１１－１Ｆ,1: 5人以上~10人未満,,1: 1億円以上~3億円未満,,,0120-261-215,,,,送信不可,, お問い合わせフォーム無し,
株式会社ベネモ,Webアプリ・サービス運営,"スマホアプリ,受託開発,デジタル系コンテンツ",愛知県,愛知県名古屋市中村区名駅５丁目２番１７号,1: 5人以上~10人未満,"0: 5,000万円未満",1: 1億円以上~3億円未満,https://www.benemo.jp/,https://www.benemo.jp/#contact,052-526-0001,,,,送信成功,2026/07/21,,
株式会社カワニシバークメド,Webアプリ・サービス運営,医療コンサル,岡山県,岡山県岡山市北区駅元町１番６号,1: 5人以上~10人未満,,1: 1億円以上~3億円未満,null,,086-250-5940,,,,送信成功,2026/07/21,,
株式会社レキサン,Webアプリ・サービス運営,人材紹介,沖縄県,沖縄県那覇市泉崎１丁目２０番１号カフーナ旭橋Ａ街区３階,1: 5人以上~10人未満,"0: 5,000万円未満",1: 1億円以上~3億円未満,https://lequison.com/,,098-975-9617,,,,送信不可,, お問い合わせフォーム無し,
ＡＭ科学株式会社,医療機器,"計測機器・センサー,受託開発,ITコンサル,医療コンサル,その他製造,Webアプリ・サービス運営",沖縄県,沖縄県浦添市宮城６丁目１番２０号－１０３号室,1: 5人以上~10人未満,"0: 5,000万円未満",1: 1億円以上~3億円未満,,https://amkagaku.co.jp/contact/,092-410-4197,,,,送信不可,,別サイトに遷移してしまう・サイトが開けない,
株式会社万里一空,クラウド系/SaaS/ASPサービス,,香川県,香川県高松市瓦町２丁目２番８号３階,1: 5人以上~10人未満,,1: 1億円以上~3億円未満,https://banri19.com/company,,,,,,送信不可,, お問い合わせフォーム無し,
株式会社トークン,Webアプリ・サービス運営,,東京都,東京都中央区銀座７丁目１５番５号,1: 5人以上~10人未満,,1: 1億円以上~3億円未満,,,,,,,送信不可,, お問い合わせフォーム無し,
株式会社ＢＢＱ,ゲーム開発,,東京都,東京都港区東麻布３丁目５番１１号カーサスプレンディッド麻布十番駅前４０１,1: 5人以上~10人未満,"0: 5,000万円未満",1: 1億円以上~3億円未満,http://www.blackbandit.co.jp,,03-5291-1321,,,,送信不可,, お問い合わせフォーム無し,
ＵＮＩＴ　ＢＡＳＥ株式会社,Webアプリ・サービス運営,,東京都,東京都新宿区新宿１丁目３４－３第２４スカイビル６０２,1: 5人以上~10人未満,"0: 5,000万円未満",1: 1億円以上~3億円未満,https://unit-base.co.jp/,,,,,,送信成功,2026/07/21,,
株式会社ｔｅｇｙ,Webアプリ・サービス運営,"総合広告代理店,デジタル系コンテンツ,Web制作,CM制作・映像制作",東京都,東京都渋谷区代々木２丁目２１番１１号ベルテ代々木Ⅱ０５室,1: 5人以上~10人未満,,1: 1億円以上~3億円未満,,,,,,,送信不可,, お問い合わせフォーム無し,
株式会社アミテス,Webアプリ・サービス運営,"デザイン,Webマーケコンサル,eコマース,広告制作,Web制作,デジタル系コンテンツ",東京都,東京都福生市牛浜９２番地１,1: 5人以上~10人未満,"0: 5,000万円未満",2: 3億円以上~10億円未満,https://amites.co.jp/company.html,https://amites.co.jp/contact.html,042-513-0345,,,,送信不可,, お問い合わせフォーム無し,
株式会社Ｈｕｂｅｒ．,Webアプリ・サービス運営,"その他サービス,販促コンサル,デザイン",神奈川県,神奈川県鎌倉市大船１丁目１２番１０号湘南第５ビル４Ｆ,1: 5人以上~10人未満,"0: 5,000万円未満",2: 3億円以上~10億円未満,http://huber.co.jp,,0467-81-4300,,,,送信成功,2026/07/21,,
株式会社プランシステム,クラウド系/SaaS/ASPサービス,"コピー機・OA機器,その他通信,ITインフラストラクチャー,通信設備工事,その他機械専門商社",静岡県,静岡県沼津市宮前町６番地の１,1: 5人以上~10人未満,"0: 5,000万円未満",1: 1億円以上~3億円未満,https://plan.ne.jp/,,055-925-3333,info@plan.ne.jp,,,送信不可,, お問い合わせフォーム無し,
株式会社ジージックス,Webアプリ・サービス運営,ITインフラストラクチャー,大阪府,大阪府大阪市中央区北浜３丁目１番６号,1: 5人以上~10人未満,"0: 5,000万円未満",1: 1億円以上~3億円未満,https://www.xyzzyx.co.jp/,,06-6210-2450,info@xyzzyx.co.jp,,,送信不可,, お問い合わせフォーム無し,
株式会社ユニシー,Webアプリ・サービス運営,"Web制作,その他IT,その他電気設備工事,受託開発",岡山県,岡山県岡山市北区今村６５０番地１１１,1: 5人以上~10人未満,"0: 5,000万円未満",1: 1億円以上~3億円未満,https://www.unici.co.jp/company.html,http://unici.co.jp/contact.html,086-242-2233,,,,送信成功,2026/07/21,,
株式会社柏屋,Webアプリ・サービス運営,,福島県,福島県本宮市本宮字仲町２９番地,1: 5人以上~10人未満,,1: 1億円以上~3億円未満,http://www.jalan.net/,,0243-34-2129,,,,送信不可,, お問い合わせフォーム無し,
株式会社オオイデザイン,医療機器,,福島県,福島県相馬市中村字川沼７３番地,1: 5人以上~10人未満,,1: 1億円以上~3億円未満,null,,,,,,送信不可,, お問い合わせフォーム無し,
株式会社ＢＹＰＵＳＨ,クラウド系/SaaS/ASPサービス,,北海道,北海道札幌市北区北二十三条西５丁目２番３９号Ｎ２３ビル７Ｆ,1: 5人以上~10人未満,,1: 1億円以上~3億円未満,http://by-push.com/,,011-299-1227,,,,送信成功,2026/07/21,,
株式会社幸製作所,Webアプリ・サービス運営,,北海道,北海道札幌市白石区川下２１６５番地２,1: 5人以上~10人未満,,0: 1億円未満,https://koh-seisakujo.com/,,011-867-0004,,,,送信成功,2026/07/21,,
株式会社Ｐｅｒｐｅｔｕａｌｓ．ｃｏｍ,クラウド系/SaaS/ASPサービス,Webアプリ・サービス運営,東京都,東京都台東区上野５丁目７番１１号,1: 5人以上~10人未満,"1: 5,000万円以上~3億円未満",2: 3億円以上~10億円未満,https://e-arly.works/ja,https://e-arly.works/contact,,contact@e-arly.works,,,送信成功,2026/07/21,,
プライム株式会社,Webアプリ・サービス運営,"ソフトウェア販売,八百屋・鮮魚店,ITコンサル,セミナー,その他製造,情報セキュリティ,eコマース,農産物食品商社",神奈川県,神奈川県横浜市中区羽衣町２丁目７番２号ザ・パークハビオＳＯＨＯ横浜関内１００４,1: 5人以上~10人未満,"0: 5,000万円未満",1: 1億円以上~3億円未満,https://www.prm-japan.com/company/profile/,http://www.prm-japan.com/contents/inquiry/,03-6671-4349,,,,送信不可,, お問い合わせフォーム無し,
株式会社ＰＥＴＯＫＯＴＯ,Webアプリ・サービス運営,その他サービス,東京都,東京都渋谷区桜丘町２３番３号篠田ビル３階,1: 5人以上~10人未満,"0: 5,000万円未満",1: 1億円以上~3億円未満,https://corp.petokoto.com/,,,,,,送信不可,,メールに遷移・Googleフォーム,
株式会社そると,Webアプリ・サービス運営,"職業紹介所,人材紹介",東京都,東京都品川区上大崎３丁目２番１号,1: 5人以上~10人未満,"0: 5,000万円未満",1: 1億円以上~3億円未満,https://www.saltinc.co.jp/,http://www.saltinc.co.jp/contact/,03-5791-1641,info@saltinc.co.jp,,,送信成功,2026/07/21,,
株式会社ファーストスクリーニング,医療機器,,東京都,東京都渋谷区代々木１丁目３０番１４号,1: 5人以上~10人未満,,1: 1億円以上~3億円未満,http://www.first-screening.com/company.html,,,,,,送信不可,, お問い合わせフォーム無し,
株式会社ムービングスクワッド,Webアプリ・サービス運営,"デザイン,Webマーケコンサル",東京都,東京都目黒区祐天寺２丁目９番１２号,1: 5人以上~10人未満,,1: 1億円以上~3億円未満,http://www.movsquad.com/,http://www.movsquad.com/contact.html,,info@movsquad.com,,,送信不可,, お問い合わせフォーム無し,
株式会社Ｍｉｎｔ　Ｔｏｗｎ,ゲーム開発,"コンテンツ制作,その他IT,その他マスコミ・出版",東京都,東京都千代田区神田錦町２丁目２番地１ＫＡＮＤＡＳＱＵＡＲＥ,1: 5人以上~10人未満,,3: 10億円以上~50億円未満,https://minttown.jp/,,,,,,送信不可,, お問い合わせフォーム無し,
株式会社ジゴワッツ,Webアプリ・サービス運営,"太陽光パネル,受託開発,カフェ,コーヒー・茶,太陽光発電",東京都,東京都中央区日本橋馬喰町２丁目３番３号,1: 5人以上~10人未満,"1: 5,000万円以上~3億円未満",2: 3億円以上~10億円未満,https://jigowatts.jp/about_us.php,https://jigowatts.jp/contact.php,03-4582-2015,info@jigowatts.jp,,,送信不可,, お問い合わせフォーム無し,
株式会社クラウドアシストサービス,Webアプリ・サービス運営,"受託開発,デジタル系コンテンツ",東京都,東京都文京区後楽２丁目３番８号５０２,1: 5人以上~10人未満,,1: 1億円以上~3億円未満,https://cloudassist.co.jp/corporate/outline.html,,047-315-4332,info@cloudassist.co.jp,,,送信不可,, お問い合わせフォーム無し,
ツアーズ株式会社,Webアプリ・サービス運営,,大阪府,大阪府大阪市淀川区西中島７丁目１－３,1: 5人以上~10人未満,"0: 5,000万円未満",1: 1億円以上~3億円未満,https://tours.co.jp/company/,,06-6301-7290,info@tours.co.jp,,,送信成功,2026/07/21,,
株式会社ＮＥＸＴ,Webアプリ・サービス運営,"ソフトウェア販売,防犯機器,蓄電池,太陽光発電,その他通信,ITインフラストラクチャー,通信設備工事,その他電気設備工事",大阪府,大阪府東大阪市新家中町７番２号,1: 5人以上~10人未満,"0: 5,000万円未満",2: 3億円以上~10億円未満,http://japan-nextinnovation.com/company.html,http://japan-nextinnovation.com/contact.php,06-6618-2555,,,,送信成功,2026/07/21,,
Ｔｏｍｏｓｈｉ　Ｂｉｔｏ株式会社,Webアプリ・サービス運営,,福岡県,福岡県福岡市中央区天神３丁目１番１号,1: 5人以上~10人未満,,1: 1億円以上~3億円未満,https://rice-media.net/,,,,,,送信不可,, お問い合わせフォーム無し,
株式会社オーダーメイドジャパン,クラウド系/SaaS/ASPサービス,"その他広告・制作,人材派遣",福島県,福島県福島市本町２番地１０Ｆｕｋｕｓｈｉｍａ‐ＢＡＳＥ内,1: 5人以上~10人未満,"0: 5,000万円未満",1: 1億円以上~3億円未満,https://ordermade.jp/,https://ordermade.jp/contact/,024-529-7737,service@ordermade.jp,,,送信不可,, お問い合わせフォーム無し,
カウリー株式会社,Webアプリ・サービス運営,,東京都,東京都中央区銀座３丁目１１－１９エスティメゾン銀座７０７,1: 5人以上~10人未満,,1: 1億円以上~3億円未満,,,,,,,送信不可,, お問い合わせフォーム無し,
ＤｅｍａｎｄＭａｒｋｅｔｓ株式会社,クラウド系/SaaS/ASPサービス,,東京都,東京都港区海岸１丁目２－２０汐留ビルディング３Ｆ,1: 5人以上~10人未満,,1: 1億円以上~3億円未満,https://www.demandsphere.jp/company/,,,,,,送信不可,, お問い合わせフォーム無し,
株式会社ハコスコ,Webアプリ・サービス運営,コンテンツ制作,東京都,東京都新宿区市谷加賀町１丁目１番１号,1: 5人以上~10人未満,"1: 5,000万円以上~3億円未満",2: 3億円以上~10億円未満,https://hacosco.com/company/,https://hacosco.com/contact,,,,,送信不可,, お問い合わせフォーム無し,
株式会社Ｚｅｎｐｏｒｔ,Webアプリ・サービス運営,,東京都,東京都千代田区丸の内１丁目９番２号,1: 5人以上~10人未満,"1: 5,000万円以上~3億円未満",1: 1億円以上~3億円未満,https://zenport.io/,,03-6811-5815,,,,送信成功,2026/07/21,,
株式会社ゼロゼロワン,Webアプリ・サービス運営,研究・調査・リサーチ,東京都,東京都北区中里１丁目２２番５－５０１号,1: 5人以上~10人未満,,1: 1億円以上~3億円未満,https://www.00one.jp/,,,,,,送信不可,, お問い合わせフォーム無し,
ＩＭＴエンジニアリング株式会社,Webアプリ・サービス運営,"八百屋・鮮魚店,養殖,企業研修,水産",静岡県,静岡県磐田市小中瀬７７６番地６,1: 5人以上~10人未満,"1: 5,000万円以上~3億円未満",1: 1億円以上~3億円未満,https://www.imteng.co.jp/会社概要,,03-4221-0017,s.nohara@imteng.co.jp,,,送信不可,, お問い合わせフォーム無し,
株式会社コラボカフェ,Webアプリ・サービス運営,,東京都,東京都渋谷区神南１丁目２３番１４号リージャス渋谷公園通りセンター,1: 5人以上~10人未満,,1: 1億円以上~3億円未満,https://collabo-cafe.com/,,,,,,送信不可,, お問い合わせフォーム無し,
株式会社リベア,Webアプリ・サービス運営,"ITコンサル,ITインフラストラクチャー,人材派遣",東京都,東京都渋谷区神宮前３丁目２０－１０すきがらビル３０１,1: 5人以上~10人未満,,0: 1億円未満,http://rebear.tokyo/index.html,,,,,,送信成功,2026/07/21,,
株式会社ゴールデンサニー,ゲーム開発,,神奈川県,神奈川県横浜市中区山下町２５２番地グランベル横浜ビル３階Ｄ,1: 5人以上~10人未満,,1: 1億円以上~3億円未満,https://www.golden-sunny.com/,,,,,,送信成功,2026/07/21,,
ためま株式会社,Webアプリ・サービス運営,Web制作,兵庫県,兵庫県神戸市中央区浪花町５６番地ＫｉＰ内,1: 5人以上~10人未満,"0: 5,000万円未満",1: 1億円以上~3億円未満,https://www.tamemap.net/,,,info@tamemap.net,,,送信成功,2026/07/21,,
株式会社スマートリンク北海道,Webアプリ・サービス運営,"ソフトウェア販売,その他食品,データ入力・事務作業代行,その他コンサル,食品店,ITインフラストラクチャー,研究・調査・リサーチ,受託開発",北海道,北海道岩見沢市有明町南１番地１２,1: 5人以上~10人未満,"0: 5,000万円未満",1: 1億円以上~3億円未満,https://www.smartlink-h.com/,https://v2.rentalserver.jp/smartlink-h.co.jp/inq-form.html,0126-33-4141,info@smartlink-h.co.jp,,,送信成功,2026/07/21,,
ストリートアカデミー株式会社,Webアプリ・サービス運営,"セミナー,各種スクール・教室,その他サービス,人材派遣",東京都,東京都渋谷区恵比寿西１丁目３３番６号,1: 5人以上~10人未満,"1: 5,000万円以上~3億円未満",1: 1億円以上~3億円未満,https://corp.street-academy.com/company,https://www.street-academy.com/contact_company/new,03-4405-8072,enterprise-information@street-academy.com,,,送信成功,2026/07/21,,
ＯＲＴメディカル株式会社,医療機器,その他製造,神奈川県,神奈川県横浜市港北区新横浜２丁目７番地１９竹生第２ビル９階,1: 5人以上~10人未満,"0: 5,000万円未満",1: 1億円以上~3億円未満,https://www.ort-medical.jp/company.html,,045-534-7015,ortmdsales@ort-md.co.jp,,,送信成功,2026/07/21,,
株式会社Ｅｎｌｙｔ,Webアプリ・サービス運営,その他IT,福岡県,福岡県福岡市博多区博多駅中央街１番１号アミュプラザ博多地下１階「Ｑ」,1: 5人以上~10人未満,,1: 1億円以上~3億円未満,https://enlyt.co.jp/,https://enlyt.co.jp/contact/,,,,,送信成功,2026/07/21,,
株式会社Ｇｉｆｕｋｕｒｕ,Webアプリ・サービス運営,,東京都,東京都中央区湊３丁目５－２,1: 5人以上~10人未満,,1: 1億円以上~3億円未満,https://www.gifukuru.co.jp/,,,,,,送信成功,2026/07/21,,
株式会社ジーシーエス,Webアプリ・サービス運営,"人材派遣,その他人材",千葉県,千葉県松戸市西馬橋幸町１３０番地スカイタウン松戸４０１号,1: 5人以上~10人未満,"0: 5,000万円未満",1: 1億円以上~3億円未満,http://www.gcsystem.co.jp/index.html,,047-718-7196,info@gcsystem.co.jp,,,送信不可,, お問い合わせフォーム無し,
ナガイＳＣＴ株式会社,Webアプリ・サービス運営,教材,新潟県,新潟県長岡市新産２丁目７番地７,1: 5人以上~10人未満,"0: 5,000万円未満",1: 1億円以上~3億円未満,http://nsct.jp/,,0258-46-0288,info@nsct.jp,,,送信成功,2026/07/21,,
ライトタッチテクノロジー株式会社,医療機器,"臨床検査・臨床試験,研究・調査・リサーチ,介護用品,Webアプリ・サービス運営",大阪府,大阪府大阪市中央区本町橋２番８号,1: 5人以上~10人未満,"0: 5,000万円未満",1: 1億円以上~3億円未満,https://www.light-tt.co.jp/company,,0774-71-3327,info@light-tt.co.jp,,,送信成功,2026/07/21,,
サポートプラス株式会社,情報セキュリティ,"ITコンサル,その他教育業界",愛知県,愛知県愛西市大野町未１５７７番地８,1: 5人以上~10人未満,"0: 5,000万円未満",0: 1億円未満,http://support-p.co.jp/,,0567-74-1398,,,,送信不可,, お問い合わせフォーム無し,
株式会社エンシェア,Webアプリ・サービス運営,,福岡県,福岡県福岡市南区塩原３丁目８番２８号ケイエスビル３－Ａ,1: 5人以上~10人未満,,1: 1億円以上~3億円未満,,,,,,,送信成功,2026/07/21,,
株式会社ＢＥＣＯＭＵ,Webアプリ・サービス運営,,北海道,北海道札幌市東区北十三条東７丁目３番５－４０３号,1: 5人以上~10人未満,,0: 1億円未満,,,,,,,送信不可,, お問い合わせフォーム無し,
株式会社Ｌｕｘｏｎｕｓ,医療機器,,東京都,東京都品川区北品川３丁目６番４３－５０２号,1: 5人以上~10人未満,,2: 3億円以上~10億円未満,,,,,,,送信成功,2026/07/21,,
２０７株式会社,Webアプリ・サービス運営,"クラウド系/SaaS/ASPサービス,その他運輸・物流",東京都,東京都品川区西五反田７丁目２２番１７号ＴＯＣビル,1: 5人以上~10人未満,"1: 5,000万円以上~3億円未満",1: 1億円以上~3億円未満,https://207-inc.com/,,,info@207-inc.com,,,送信成功,2026/07/21,,
株式会社Ｈｕｂ　Ｗｏｒｋｓ,Webアプリ・サービス運営,,東京都,東京都中央区八丁堀２丁目３番９号４階,1: 5人以上~10人未満,,0: 1億円未満,https://wehubworks.com/,https://wehubworks.com/contact/,,,,,送信成功,2026/07/21,,
株式会社ｉｎｆｉｔ,Webアプリ・サービス運営,,東京都,東京都港区新橋２丁目２番２号邦信ビル３Ｆ,1: 5人以上~10人未満,"0: 5,000万円未満",0: 1億円未満,https://in-fit.co.jp/,,,,,,送信成功,2026/07/21,,
株式会社Ｍｅｔｅｌｉｘ,Webアプリ・サービス運営,,東京都,東京都渋谷区渋谷１丁目７番２号,1: 5人以上~10人未満,,0: 1億円未満,,,,,,,送信成功,2026/07/21,,
株式会社プロミネント,医療機器,,神奈川県,神奈川県横浜市神奈川区青木町１番地１０,1: 5人以上~10人未満,,1: 1億円以上~3億円未満,http://www.prominent66.com/,,045-548-6609,,,,送信成功,2026/07/21,,
株式会社ＨａｓｈＨｕｂ,クラウド系/SaaS/ASPサービス,"その他IT,ITコンサル",東京都,東京都港区六本木１丁目６番１号,1: 5人以上~10人未満,"0: 5,000万円未満",1: 1億円以上~3億円未満,https://hashhub.tokyo/about,https://docs.google.com/forms/d/e/1FAIpQLScSju9NOeoIgQoJeEsxtNZke9UgYIREajdJ_pEdXpG9QZ662A/viewform,,info.hhr@hashhub.tokyo,,,送信成功,2026/07/21,,
株式会社日新地所,Webアプリ・サービス運営,,栃木県,栃木県宇都宮市二荒町４番１３号,1: 5人以上~10人未満,,1: 1億円以上~3億円未満,https://corp-japan.com/,,,,,,送信不可,,別サイトに遷移してしまう・サイトが開けない,
株式会社データマネジメント,Webアプリ・サービス運営,ITインフラストラクチャー,大阪府,大阪府大阪市西区江戸堀１丁目２５－２９江戸堀ＫＮビル８０２号,1: 5人以上~10人未満,"0: 5,000万円未満",0: 1億円未満,http://www.datamgmt.co.jp/,https://www.jyousi.com/contact,06-4256-7435,,,,送信成功,2026/07/21,,
ＺＡＺＡ株式会社,Webアプリ・サービス運営,,愛知県,愛知県名古屋市中村区名駅１丁目１番１号ＪＰタワー名古屋２１Ｆ,1: 5人以上~10人未満,,,https://zazainc.co.jp/,https://forms.gle/f7AyYtAzdCMnKFu37,050-5532-6683,info@zazainc.co.jp,,,送信成功,2026/07/21,,
株式会社グロウジール,Webアプリ・サービス運営,"eコマース,ITコンサル,経営コンサル,ITインフラストラクチャー,Web制作",東京都,東京都千代田区神田和泉町１－１１－８石垣ビル４階,1: 5人以上~10人未満,,1: 1億円以上~3億円未満,https://www.cross-zeal.com/company/growzealcompanyoutline,,03-5829-8073,,,,送信不可,,メールに遷移・Googleフォーム,
Ｇａｒｄｉａ株式会社,クラウド系/SaaS/ASPサービス,,東京都,東京都千代田区一番町２３番地３,1: 5人以上~10人未満,"1: 5,000万円以上~3億円未満",1: 1億円以上~3億円未満,https://gardia.jp/about/,https://gardia.jp/contact/,,,,,送信成功,2026/07/21,,
ＭＹＢＭ株式会社,Webアプリ・サービス運営,セミナー,東京都,東京都港区六本木４丁目３－１１六本木ユニハウス２２３,1: 5人以上~10人未満,"0: 5,000万円未満",1: 1億円以上~3億円未満,https://heat-islands.com/,,050-3803-8877,info@fujicrypto.com,,,送信不可,, お問い合わせフォーム無し,
株式会社ネクストクオリティー,Webアプリ・サービス運営,"人材紹介,ITインフラストラクチャー,イベント,人材派遣",東京都,東京都墨田区東向島５丁目８番１３号,1: 5人以上~10人未満,"0: 5,000万円未満",1: 1億円以上~3億円未満,http://next-quality.jp/,http://next-quality.jp/info.html,03-6657-0547,,,,送信不可,,必須項目の入力ができない（情報不足など）,
株式会社Ｃｒａｆｔｉｅ,Webアプリ・サービス運営,,東京都,東京都品川区西五反田１丁目２６番２号五反田サンハイツビル２Ｆ,1: 5人以上~10人未満,,1: 1億円以上~3億円未満,https://craftie.co.jp/,http://craftie.co.jp/contact,,,,,送信成功,2026/07/21,,
株式会社Ｃｉｅｎ,Webアプリ・サービス運営,,神奈川県,神奈川県横浜市青葉区あざみ野南４丁目１５番地４２,1: 5人以上~10人未満,,1: 1億円以上~3億円未満,https://tabiraku.net,,,,,,送信成功,2026/07/21,,
株式会社ａｎｙ　ｓｔｙｌｅ,Webアプリ・サービス運営,,東京都,東京都港区南青山３丁目１番３６号青山丸竹ビル６Ｆ,1: 5人以上~10人未満,,1: 1億円以上~3億円未満,https://anystyle.jp/,,,info@anystyle.jp,,,送信成功,2026/07/21,,
株式会社オフィス・ジェイ・プラッツ,Webアプリ・サービス運営,ソフトウェア販売,群馬県,群馬県高崎市栄町１７番地１２,1: 5人以上~10人未満,"0: 5,000万円未満",1: 1億円以上~3億円未満,https://www.office-j-platz.jp/,http://www.office-j-platz.jp/otoiawase.html,027-388-0611,info@office-j-platz.jp,,,送信不可,, お問い合わせフォーム無し,
株式会社エンターイン,Webアプリ・サービス運営,"太陽光パネル,受託開発,eコマース,人材紹介,その他電気設備工事,太陽光発電,ITインフラストラクチャー",大阪府,大阪府大阪市北区中津１丁目１７番１７号,1: 5人以上~10人未満,,1: 1億円以上~3億円未満,http://enter-in.jp/index.html,http://enter-in.jp/contact.html,06-6147-7660,ishibashi@enter-in.jp,,,送信不可,, お問い合わせフォーム無し,
株式会社プライムネット,Webアプリ・サービス運営,受託開発,愛知県,愛知県名古屋市中区丸の内３丁目１６番３１号フォーティーンヒルズ丸の内,1: 5人以上~10人未満,"0: 5,000万円未満",0: 1億円未満,https://www.pni.co.jp/,http://www.pni.co.jp/contact/,052-962-6818,info@pni.co.jp,,,送信不可,,メールに遷移・Googleフォーム,
株式会社ネット歯材社,医療機器,その他製造,愛知県,愛知県岡崎市箱柳町字東ノ元３７番地５,1: 5人以上~10人未満,"0: 5,000万円未満",1: 1億円以上~3億円未満,,,0564-23-3721,,,,送信成功,2026/07/21,,
株式会社ロジクラ,クラウド系/SaaS/ASPサービス,"その他IT,その他運輸・物流,Webアプリ・サービス運営",東京都,東京都千代田区内幸町２丁目１番６号日比谷パークフロント１９Ｆ,1: 5人以上~10人未満,"1: 5,000万円以上~3億円未満",1: 1億円以上~3億円未満,https://logikura.jp/,,03-6362-4084,info@logikura.jp,,,送信不可,,必須項目の入力ができない（情報不足など）,
株式会社ＣＡＶＩＮ,Webアプリ・サービス運営,,福岡県,福岡県福岡市中央区薬院２丁目１８番１４号,1: 5人以上~10人未満,,1: 1億円以上~3億円未満,https://cavin.ooo/,,,,,,送信成功,2026/07/21,,
株式会社ｈｏｍｕｌａ,Webアプリ・サービス運営,その他広告・制作,東京都,東京都港区赤坂１丁目１４番１４号ＷＡＷ赤坂第３５興和ビル４０４,1: 5人以上~10人未満,,0: 1億円未満,https://www.homula.jp/,,,info@homula.jp,,,送信不可,, お問い合わせフォーム無し,
株式会社オープンソース・ワークショップ,クラウド系/SaaS/ASPサービス,"Web制作,受託開発,IT系教育,Webアプリ・サービス運営",東京都,東京都江東区東雲１丁目９番４１－３３０１号,1: 5人以上~10人未満,"0: 5,000万円未満",0: 1億円未満,https://opensource-workshop.jp,https://opensource-workshop.jp/contact/connect-cms,03-5534-8088,info@opensource-workshop.co.jp,,,送信不可,,営業禁止の記載あり,
株式会社ログノート,クラウド系/SaaS/ASPサービス,ITコンサル,東京都,東京都中央区日本橋兜町９番５号兜町平和ダイヤビル,1: 5人以上~10人未満,"1: 5,000万円以上~3億円未満",1: 1億円以上~3億円未満,https://www.log-note.jp/corporate/,http://www.log-note.jp/inquiry/,03-6821-0040,info@log-note.jp,,,送信成功,2026/07/21,,
株式会社プロフィナンス,Webアプリ・サービス運営,,東京都,東京都港区浜松町１丁目２７番１－７０４号,1: 5人以上~10人未満,"0: 5,000万円未満",1: 1億円以上~3億円未満,https://www.profinanss.com/,,,,,,送信不可,, お問い合わせフォーム無し,
株式会社エルブズ,Webアプリ・サービス運営,AI,東京都,東京都渋谷区渋谷２丁目９番８号,1: 5人以上~10人未満,"1: 5,000万円以上~3億円未満",1: 1億円以上~3億円未満,https://elvez.co.jp/company/,https://elvez.jp/contact/,03-6805-1955,info@elvez.co.jp,,,送信成功,2026/07/21,,
株式会社クラウドマーケット,クラウド系/SaaS/ASPサービス,Webアプリ・サービス運営,東京都,東京都渋谷区恵比寿西１丁目３４－２３代官山トキビル２０３,1: 5人以上~10人未満,"0: 5,000万円未満",1: 1億円以上~3億円未満,https://cmkt.co.jp/about,,03-6433-5788,info@cmkt.co.jp,,,送信不可,,必須項目の入力ができない（情報不足など）,
株式会社ｄｒｅａｍｓｔｏｃｋ,Webアプリ・サービス運営,スマホアプリ,東京都,東京都港区六本木６丁目１０番１号,1: 5人以上~10人未満,"0: 5,000万円未満",1: 1億円以上~3億円未満,https://dreamstock.co.jp/,,,contact@dreamstock.co.jp,,,送信不可,, お問い合わせフォーム無し,
株式会社ＴＥＡＭＯ,Webアプリ・サービス運営,,埼玉県,埼玉県さいたま市中央区鈴谷２丁目６３６番地－４０１号,1: 5人以上~10人未満,"0: 5,000万円未満",3: 10億円以上~50億円未満,http://teamo.co.jp/company/index.html,,,,,,送信不可,, お問い合わせフォーム無し,
合同会社プレイウィーバー,ゲーム開発,"Webアプリ・サービス運営,デジタル系コンテンツ",東京都,東京都台東区浅草橋３丁目３２番６号,1: 5人以上~10人未満,,1: 1億円以上~3億円未満,http://www.playweaver.com,http://www.playweaver.com/contact.html,050-5884-6505,info@playweaver.com,,,送信成功,2026/07/21,,
株式会社日本クラウディア,Webアプリ・サービス運営,"販促コンサル,eコマース,ITインフラストラクチャー",東京都,東京都千代田区九段南２丁目２番８号,1: 5人以上~10人未満,"0: 5,000万円未満",1: 1億円以上~3億円未満,http://www.cloudia.co.jp/,https://cloudia.co.jp/contact/,03-6272-9323,privacy@cloudia.co.jp,,,送信不可,,営業禁止の記載あり,
Ｄａｔａｓｉｔｅ　Ｊａｐａｎ合同会社,クラウド系/SaaS/ASPサービス,"その他IT,その他コンサル",東京都,東京都中央区日本橋３丁目９番１号日本橋三丁目スクエア１１階,1: 5人以上~10人未満,,1: 1億円以上~3億円未満,https://www.merrillcorp.com/jp/ja/contact/locations/asia-pacific.html,https://www.merrillcorp.com/us/en/contact/sales.html,03-4400-1174,,,,送信不可,, お問い合わせフォーム無し,
ＣＧＭ　Ｉｎｎｏｖａｔｉｏｎ株式会社,Webアプリ・サービス運営,"研究・調査・リサーチ,化学品・医療品商社,Webアプリ・サービス運営",東京都,東京都江東区亀戸３丁目２４番７号ＣＧＭビル４階,1: 5人以上~10人未満,"1: 5,000万円以上~3億円未満",2: 3億円以上~10億円未満,https://www.cgmgroup.jp/company-profile-info.html,,03-6811-2345,,,,送信不可,,必須項目の入力ができない（情報不足など）,
横浜トランスネット株式会社,Webアプリ・サービス運営,,神奈川県,神奈川県横浜市西区北幸２丁目１０－４２,1: 5人以上~10人未満,,1: 1億円以上~3億円未満,,,045-620-0781,,,,送信成功,2026/07/21,,
株式会社ジーニアルテクノロジー,クラウド系/SaaS/ASPサービス,その他IT,神奈川県,神奈川県茅ヶ崎市新栄町３番２号,1: 5人以上~10人未満,"0: 5,000万円未満",1: 1億円以上~3億円未満,https://corp.genialtech.io/ja/overview/,https://www.genialtech.io/contact/,,,,,送信不可,,別サイトに遷移してしまう・サイトが開けない,
ＶＩＣＥ　ＭＥＤＩＡ　ＪＡＰＡＮ株式会社,Webアプリ・サービス運営,コンテンツ制作,東京都,東京都港区北青山３丁目６番７号青山パラシオタワー１１階,1: 5人以上~10人未満,"0: 5,000万円未満",2: 3億円以上~10億円未満,https://jp.vice.com,,03-3475-6050,,,,送信不可,, お問い合わせフォーム無し,
クラウド・クロッシング株式会社,Webアプリ・サービス運営,クラウド系/SaaS/ASPサービス,東京都,東京都渋谷区神宮前３丁目６番５号ヴィラッジオ神宮前Ｅ号室,1: 5人以上~10人未満,,1: 1億円以上~3億円未満,,,03-5843-1656,,,,送信不可,, お問い合わせフォーム無し,
株式会社ＣＩＴＲＯＮシステムズ,Webアプリ・サービス運営,,東京都,東京都新宿区高田馬場３丁目１２－５セブンビル３Ｓ号室,1: 5人以上~10人未満,"0: 5,000万円未満",1: 1億円以上~3億円未満,https://www.citron-systems.co.jp/,,03-6457-3637,,,,送信成功,2026/07/21,,
株式会社ＳＧネット,Webアプリ・サービス運営,,大分県,大分県大分市大字玉沢７５５番地の１楽天モバイルショップ,1: 5人以上~10人未満,"0: 5,000万円未満",1: 1億円以上~3億円未満,http://sg-net1.jp/,,,,,,送信不可,, お問い合わせフォーム無し,
株式会社インテレクト,Webアプリ・サービス運営,ITインフラストラクチャー,東京都,東京都中央区日本橋馬喰町１丁目３番６号馬喰町三京ビル２階,1: 5人以上~10人未満,"0: 5,000万円未満",0: 1億円未満,https://www.intellect-inc.com/,https://www.intellect-inc.com/,03-5623-4840,,,,送信不可,, お問い合わせフォーム無し,
株式会社Ｃｕｓｔｏｄｉｅｍ,クラウド系/SaaS/ASPサービス,,東京都,東京都港区赤坂９丁目７番１号ミッドタウン・タワー３７Ｆ,1: 5人以上~10人未満,3: 10億円以上~50億円未満,1: 1億円以上~3億円未満,https://www.custodiem.com/,https://support.custodiem.com/hc/ja/requests/new,03-6261-6333,,,,送信不可,,必須項目の入力ができない（情報不足など）,おそらく登録が必要
株式会社ＳｈａｒｅＦａｉｒ,Webアプリ・サービス運営,,東京都,東京都港区六本木３丁目４番３３号マルマン六本木ビル３Ｆ,1: 5人以上~10人未満,,1: 1億円以上~3億円未満,https://www.sharefair.com/,https://www.sharefair.com/ja/contact,,,,,送信成功,2026/07/23,,
ＤＸ合同会社,Webアプリ・サービス運営,,東京都,東京都中央区日本橋１丁目１８番１４号クローバー日本橋５階,1: 5人以上~10人未満,"0: 5,000万円未満",1: 1億円以上~3億円未満,https://dx1.co.jp/%E4%BC%9A%E7%A4%BE%E6%A6%82%E8%A6%81/,https://dx1.co.jp/%e3%81%8a%e5%95%8f%e3%81%84%e5%90%88%e3%82%8f%e3%81%9b/,03-4455-4654,,,,送信不可,, お問い合わせフォーム無し,
株式会社ローゼック,Webアプリ・サービス運営,ソフトウェア販売,東京都,東京都品川区西五反田８丁目１番２号,1: 5人以上~10人未満,"0: 5,000万円未満",0: 1億円未満,https://rozec.co.jp/company/,http://rozec.co.jp/contact/,03-6822-5150,,,,送信成功,2026/07/23,,
株式会社ソレクティブ,Webアプリ・サービス運営,,東京都,東京都渋谷区広尾１丁目１１番２号ＢＬＯＣＫＳＥＢＩＳＵ,1: 5人以上~10人未満,,1: 1億円以上~3億円未満,https://sollective.co.jp,,,info@sollective.jp,,,送信不可,, お問い合わせフォーム無し,
株式会社ヒューマル,Webアプリ・サービス運営,,東京都,東京都千代田区麹町３丁目７－８麹町山口ビル５０１,1: 5人以上~10人未満,,0: 1億円未満,https://humal.co.jp/,https://humal.co.jp/contact,,,,,送信成功,2026/07/23,,
Ｐｏｒｔ株式会社,クラウド系/SaaS/ASPサービス,"その他IT,Webアプリ・サービス運営",東京都,東京都渋谷区桜丘町４－１４ＶＯＲＴ渋谷桜丘ビル５Ｆ,1: 5人以上~10人未満,"0: 5,000万円未満",1: 1億円以上~3億円未満,https://theport.inc/,,,,,,送信成功,2026/07/23,,
株式会社セブリック,Webアプリ・サービス運営,"Webマーケコンサル,eコマース,ITインフラストラクチャー",東京都,東京都新宿区新宿３丁目４－８フレンテ新宿三丁目１２ＳＨＩＮＪＵＫＵ３ＣＨＯＭＥ４階４１２,1: 5人以上~10人未満,"0: 5,000万円未満",1: 1億円以上~3億円未満,https://seblic.jp/profile,https://seblic.jp/contact,03-6380-6646,,,,送信不可,,送信ボタンを押すことができない・エラー,お問い合わの送信に失敗しました。間をおいてもう一度お試し下さい。←2回目送信ボタンを押したら
株式会社ラディウス・ファイブ,Webアプリ・サービス運営,"映画・アニメーション,ゲーム・アニメデザイン,CM制作・映像制作",東京都,東京都新宿区高田馬場１丁目２９－１,1: 5人以上~10人未満,,1: 1億円以上~3億円未満,https://radius5.co.jp/,https://radius5.co.jp/contact/,,info@radius5.co.jp,,,送信成功,2026/07/23,,
オーバートーン株式会社,Webアプリ・サービス運営,"電子部品,半導体",神奈川県,神奈川県横浜市港北区新横浜３丁目１９番地１１加瀬ビル８８・１０Ｆ,1: 5人以上~10人未満,"1: 5,000万円以上~3億円未満",1: 1億円以上~3億円未満,https://www.overtone.co.jp/,https://www.overtone.co.jp/contact/,045-624-9515,info@overtone.co.jp,,,送信不可,,必須項目の入力ができない（情報不足など）,入力内容に問題があります。確認して再度お試しください。→f7を押しても全角カタカナにならない（名前入力の時に）
株式会社ソラニワ,Webアプリ・サービス運営,Web制作,北海道,北海道札幌市中央区南一条西５丁目３番４号,1: 5人以上~10人未満,,0: 1億円未満,https://www.soraniwa.co.jp/,,011-233-1071,inquiry@soraniwa.co.jp,,,送信不可,, お問い合わせフォーム無し,
株式会社ペイクル,Webアプリ・サービス運営,"受託開発,その他機械",福岡県,福岡県福岡市中央区天神１丁目１０番２０号天神ビジネスセンター１５階,1: 5人以上~10人未満,2: 3億円以上~10億円未満,0: 1億円未満,https://www.paycle.com/overview/,https://www.paycle.com/contact/,03-6661-2922,,,,送信成功,2026/07/23,,
株式会社デンタルファクトリー,医療機器,,東京都,東京都文京区本郷２丁目８番１号,1: 5人以上~10人未満,,1: 1億円以上~3億円未満,https://www.dentalfactory.info/,https://www.dentalfactory.info/inquiry,03-3811-0203,,,,送信成功,2026/07/23,,
株式会社スマートホスピタル,Webアプリ・サービス運営,,東京都,東京都千代田区神田神保町１丁目２３番地,1: 5人以上~10人未満,"1: 5,000万円以上~3億円未満",1: 1億円以上~3億円未満,https://www.smarthp.co.jp/,https://www.smarthp.co.jp/contact,,info@smarthp.co.jp,,,送信不可,,営業禁止の記載あり,セールス目的の書き込みやお問い合わせは禁止します。
株式会社ＦＩＮＯＬＡＢ,Webアプリ・サービス運営,,東京都,東京都千代田区大手町１丁目６番１号,1: 5人以上~10人未満,,1: 1億円以上~3億円未満,https://finolab.tokyo/jp/aboutus/,https://finolab.tokyo/jp/contact/,,,,,送信成功,2026/07/23,,
株式会社ＡＧＲＩＫＯ,Webアプリ・サービス運営,"インテリア系デザイン,その他コンサル",東京都,東京都渋谷区神宮前４丁目９番３号,1: 5人以上~10人未満,,1: 1億円以上~3億円未満,https://www.agriko.net/about,https://www.agriko.net/contact,,info@art-technologies.co.jp,,,送信成功,2026/07/23,,
ウィルソア株式会社,Webアプリ・サービス運営,,東京都,東京都港区芝浦３丁目１４番５号,1: 5人以上~10人未満,"0: 5,000万円未満",1: 1億円以上~3億円未満,https://willsoar.jp/company/,,,,,,送信不可,, お問い合わせフォーム無し,
株式会社ＴｏｗａＳｔｅｌａ,Webアプリ・サービス運営,eコマース,東京都,東京都豊島区南大塚３丁目３６番７号,1: 5人以上~10人未満,"0: 5,000万円未満",1: 1億円以上~3億円未満,https://towastela.co.jp/about/company,https://towastela.co.jp/contact,,info@towastela.co.jp,,,送信成功,2026/07/23,,
株式会社ＰｒｏｊｅｃｔＭＣ,医療機器,,神奈川県,神奈川県横浜市港南区丸山台２丁目４１番６９号イーストアベニュー丸山台１０４,1: 5人以上~10人未満,,1: 1億円以上~3億円未満,https://projectmc.jp/,,,,,,送信成功,2026/07/23,,
株式会社大谷幸夢店,ゲーム開発,"ソフトウェア販売,デザイン,動画制作・CG制作,ゲーム・アニメデザイン,ソーシャルゲーム・スマホゲーム",大阪府,大阪府門真市新橋町２９番１３号,1: 5人以上~10人未満,"0: 5,000万円未満",1: 1億円以上~3億円未満,http://www.otanikoumuten.co.jp/index.html,http://www.otanikoumuten.co.jp/contact.html,06-4862-5913,info@otanikoumuten.co.jp,,,送信成功,2026/07/23,,
株式会社シー・エス・ピー,Webアプリ・サービス運営,"計測機器・センサー,産業用ロボット,電子部品,その他電気設備工事,その他機械,その他専門商社,Web制作,機械設計",愛知県,愛知県名古屋市中村区椿町２０番１５号,1: 5人以上~10人未満,"0: 5,000万円未満",1: 1億円以上~3億円未満,http://www.csp23.co.jp/index.html,http://www.csp23.co.jp/contact.html,052-459-5586,,,,送信不可,,送信ボタンを押すことができない・エラー,内部サーバーエラー
合同会社ひとむすび,Webアプリ・サービス運営,,広島県,広島県東広島市西条朝日町７－２７ヴィラ湯川３０９,1: 5人以上~10人未満,,0: 1億円未満,https://hhhitomusubi.net/,https://hhhitomusubi.net/contact/,,,,,送信成功,2026/07/23,,
合同会社ＫＯＳＫｅｅ,Webアプリ・サービス運営,"デザイン,翻訳・通訳,Webマーケコンサル,Web制作,業務請負,総合広告代理店",北海道,北海道札幌市手稲区星置三条６丁目１１番１３号,1: 5人以上~10人未満,"0: 5,000万円未満",1: 1億円以上~3億円未満,http://koskee.co.jp/,http://koskee.co.jp/contact,011-768-7190,info@koskee.co.jp,,,送信成功,2026/07/23,,
ブロックチェーンロック株式会社,Webアプリ・サービス運営,,東京都,東京都千代田区内幸町１丁目３番１号,1: 5人以上~10人未満,2: 3億円以上~10億円未満,1: 1億円以上~3億円未満,https://www.blockchainlock.com/about,https://www.blockchainlock.com/about,050-5213-0269,info@blockchainlock.io,,,送信不可,,必須項目の入力ができない（情報不足など）,
株式会社ＣｕＴｅｃｈ,Webアプリ・サービス運営,,東京都,東京都豊島区南池袋２丁目４９番７号,1: 5人以上~10人未満,"0: 5,000万円未満",1: 1億円以上~3億円未満,https://cutech-inc.jp/home-2/,https://cutech-inc.jp/%e3%81%8a%e5%95%8f%e3%81%84%e5%90%88%e3%82%8f%e3%81%9b/,,info@cymes.co.jp,,,送信成功,2026/07/23,,
ＺａＰＡＳＳ　ＪＡＰＡＮ株式会社,クラウド系/SaaS/ASPサービス,その他コンサル,東京都,東京都千代田区平河町２丁目５番３号,1: 5人以上~10人未満,,1: 1億円以上~3億円未満,https://zapass.co/,https://zapass.co/contact,,info.zapass@zapass.co,,,送信成功,2026/07/23,,
株式会社メンテモ,Webアプリ・サービス運営,,山梨県,山梨県甲府市荒川１丁目１１番１２号,1: 5人以上~10人未満,,0: 1億円未満,https://mentemo.com/inc,https://mentemo.com/contact,,,,,送信成功,2026/07/23,,
東京ライツサービス株式会社,Webアプリ・サービス運営,,東京都,東京都渋谷区代々木１丁目３０番１４号,1: 5人以上~10人未満,"0: 5,000万円未満",1: 1億円以上~3億円未満,https://www.rights.tokyo/,https://www.rights.tokyo/inquiry,,,,,送信成功,2026/07/23,,
株式会社ナナメウエ,Webアプリ・サービス運営,その他IT,東京都,東京都港区赤坂３丁目１７番３号,1: 5人以上~10人未満,"1: 5,000万円以上~3億円未満",2: 3億円以上~10億円未満,https://nanameue.jp/about,https://nanameue.jp/contact,03-6721-1076,info@nanameue.jp,,,送信不可,,送信ボタンを押すことができない・エラー,予期しないエラーが発生しました。
トラストバンク株式会社,クラウド系/SaaS/ASPサービス,,東京都,東京都目黒区上目黒２丁目１番１号,1: 5人以上~10人未満,"0: 5,000万円未満",0: 1億円未満,https://www.trust-bk.co.jp/,https://www.trust-bk.co.jp/contact/,,,,,送信成功,2026/07/21,,
株式会社フリースタイル,Webアプリ・サービス運営,,茨城県,茨城県水戸市宮町２丁目２番２８号富士ビル３－１Ｆ,1: 5人以上~10人未満,,1: 1億円以上~3億円未満,http://freestyle-mito.com/,,029-233-7273,,,,送信不可,, お問い合わせフォーム無し,
株式会社ＴＡＩＳＨＯ－ｆｉｃ,Webアプリ・サービス運営,"イベント,販促コンサル,Web制作,飲食コンサル",大阪府,大阪府大阪市中央区内本町１丁目２番１１号ウタカビル４０１号,1: 5人以上~10人未満,"0: 5,000万円未満",0: 1億円未満,https://taisho-fic.com/company/,https://taisho-fic.com/contact/,06-6809-2102,info@taisho-fic.com,,,送信成功,2026/07/21,,
株式会社タイムラボ,Webアプリ・サービス運営,,大阪府,大阪府大阪市北区梅田１丁目２番２号大阪駅前第２ビル１２－１２,1: 5人以上~10人未満,,0: 1億円未満,https://timelab.jp/about,https://timelab.jp/contact,,info@timelab.jp,,,送信成功,2026/07/21,,
株式会社ジルクエスト,医療機器,"その他サービス,CM制作・映像制作,建築構造設計,セミナー,その他製造,医療コンサル,企業研修",福岡県,福岡県福岡市中央区天神４丁目６番３０号知財ビル３Ｆ,1: 5人以上~10人未満,,1: 1億円以上~3億円未満,https://www.zirquest.com/introduction/,http://www.zirquest.com/contact/,092-752-5017,,,,送信不可,, お問い合わせフォーム無し,
株式会社空,Webアプリ・サービス運営,ソフトウェア販売,福岡県,福岡県福岡市博多区博多駅前４丁目１８番１９号３０１,1: 5人以上~10人未満,"0: 5,000万円未満",2: 3億円以上~10億円未満,https://www.kuu-system.com/,,092-477-2760,,,,送信不可,, お問い合わせフォーム無し,
株式会社アシストシステム開発,Webアプリ・サービス運営,,福岡県,福岡県古賀市今の庄１丁目９番５号,1: 5人以上~10人未満,,1: 1億円以上~3億円未満,https://assist-s-d.co.jp/,https://assist-s-d.co.jp/contact/,,,,,送信不可,,送信ボタンを押すことができない・エラー,
株式会社琉縁,Webアプリ・サービス運営,"Web制作,デザイン",沖縄県,沖縄県那覇市西１丁目２３番１７号グランシャトレ西町３０２,1: 5人以上~10人未満,,1: 1億円以上~3億円未満,https://okinawahibi.com/company,https://okinawahibi.com/contact,098-987-6580,,,,送信成功,2026/07/21,,
カダブラ株式会社,Webアプリ・サービス運営,,東京都,東京都中央区日本橋３丁目２番１４号,1: 5人以上~10人未満,"0: 5,000万円未満",0: 1億円未満,https://www.cadabra.jp/company/,https://www.cadabra.jp/contact/,,,,,,,別サイトに遷移してしまう・サイトが開けない,送信しています…という画面のままでした。
ファイアウィード株式会社,Webアプリ・サービス運営,"ITインフラストラクチャー,オフィス用品販売",東京都,東京都中央区築地７丁目２番１号ＴＨＥ－ＴＥＲＲＡＣＥ－ＴＳＵＫＩＪＩ,1: 5人以上~10人未満,"0: 5,000万円未満",1: 1億円以上~3億円未満,https://www.fireweed.jp/,https://www.fireweed.jp/?page_id=31,03-6315-5858,,,,送信成功,2026/07/21,,
Ｓ　ａｎｄ　ＢＴＳ　Ｇｌｏｂａｌ株式会社,Webアプリ・サービス運営,,東京都,東京都港区海岸１丁目７番１号,1: 5人以上~10人未満,,0: 1億円未満,https://www.sbtsglobal.io/ja/,https://www.sbtsglobal.io/ja/contact/,,,,,送信不可,,送信ボタンを押すことができない・エラー,いまいち送信できたかわからない
株式会社ペイミー,クラウド系/SaaS/ASPサービス,,東京都,東京都港区南青山３丁目３番３号,1: 5人以上~10人未満,,2: 3億円以上~10億円未満,https://corp.payme.tokyo/,https://payme.tokyo/contact/inquiry,,support@payme.tokyo,,,送信成功,2026/07/21,,
株式会社Ｉｎｔｅｒａｋｔ,Webアプリ・サービス運営,,東京都,東京都渋谷区恵比寿西１丁目１０番６号３０１,1: 5人以上~10人未満,,0: 1億円未満,https://interakt.jp/index.html,https://interakt.jp/reach_us,,,,,送信成功,2026/07/21,,
株式会社ジャオダック,Webアプリ・サービス運営,,東京都,東京都港区虎ノ門５丁目１２番１３号白井ビル５階,1: 5人以上~10人未満,,0: 1億円未満,https://jaodaq.co.jp/,https://jaodaq.co.jp/contact/,,jaodaq_contact@jaodaq.co.jp,,,送信成功,2026/07/21,,
ＯＰＮ株式会社,クラウド系/SaaS/ASPサービス,Webアプリ・サービス運営,東京都,東京都中央区京橋２丁目２番１号京橋エドグラン２６Ｆ,1: 5人以上~10人未満,,1: 1億円以上~3億円未満,https://www.opn.ooo/jp-ja/about-us/,https://omise.co/jp/contact-partner,,,,,送信成功,2026/07/21,,
株式会社ＳＵＮＹＳＩＤＥ,Webアプリ・サービス運営,,東京都,東京都新宿区新宿１丁目１７番１１号,1: 5人以上~10人未満,,0: 1億円未満,https://sunyside.co.jp/,https://docs.google.com/forms/d/e/1FAIpQLSc5_xr4WMc3VLM9HoI76YMeK-qONAJNa9yWFwZ1izLhYd7juA/viewform,,,,,送信不可,,営業禁止の記載あり,営業を目的としたお問い合わせはご遠慮ください。
株式会社コネクト,Webアプリ・サービス運営,"コンテンツ制作,経営コンサル,デザイン,Web制作",東京都,東京都中野区中野４丁目１０番２号中野セントラルパークサウス２階,1: 5人以上~10人未満,"0: 5,000万円未満",2: 3億円以上~10億円未満,,,03-5393-1160,,,,送信不可,,別サイトに遷移してしまう・サイトが開けない,HPがない
アルプスクラフト株式会社,医療機器,,大阪府,大阪府堺市東区白鷺町１丁９番１５号府立大前ビル４階,1: 5人以上~10人未満,,1: 1億円以上~3億円未満,http://www.alpscraft.sakura.ne.jp/index.html,https://alpscraft.sakura.ne.jp/mail/postmail.html,,,,,送信成功,2026/07/21,,
株式会社ピース,医療機器,,愛知県,愛知県春日井市東野町５丁目２０番地４,1: 5人以上~10人未満,,1: 1億円以上~3億円未満,https://yktech.co.jp/peace.pdf,,0568-41-8585,,,,送信不可,, お問い合わせフォーム無し,
株式会社ｉｚｕｔｓｕ,医療機器,,鳥取県,鳥取県鳥取市千代水４丁目１番地ベルセーヌビル２Ｆ,1: 5人以上~10人未満,,1: 1億円以上~3億円未満,,,0857-51-0223,,,,送信不可,,送信ボタンを押すことができない・エラー,
株式会社ひつじぐも,ゲーム開発,"コンテンツ制作,イベント",東京都,東京都武蔵野市西久保１丁目３番１０号,1: 5人以上~10人未満,"0: 5,000万円未満",2: 3億円以上~10億円未満,http://hitsujigumo.co.jp/,http://hituzigumo.com/recruit/contact,0422-27-7544,info@hitsujigumo.co.jp,,,送信成功,2026/07/21,,
デジインシステム株式会社,医療機器,,鹿児島県,鹿児島県鹿児島市鴨池１丁目９－８スカイラーク鴨池１Ｆ,1: 5人以上~10人未満,,1: 1億円以上~3億円未満,http://digiin.jp/,,099-296-8011,,,,送信不可,,メールに遷移・Googleフォーム,
株式会社テレスコープ,Webアプリ・サービス運営,"クラウド系/SaaS/ASPサービス,その他IT,経営コンサル,Webマーケコンサル",東京都,東京都港区新橋６丁目５番４号,1: 5人以上~10人未満,"0: 5,000万円未満",1: 1億円以上~3億円未満,https://telescope-inc.com/about/,https://telescope-inc.com/contact/,,contact@telescope-inc.com,,,送信不可,,送信ボタンを押すことができない・エラー,
株式会社ｈｙｏｉ,Webアプリ・サービス運営,,山形県,山形県酒田市新橋２丁目２６番地の２０,1: 5人以上~10人未満,,1: 1億円以上~3億円未満,https://hyoi20181221.wixsite.com/hyoi,,,,,,送信成功,2026/07/21,,
株式会社Ｙｕｍｅ　Ｃｌｏｕｄ　Ｊａｐａｎ,クラウド系/SaaS/ASPサービス,,山形県,山形県米沢市アルカディア１丁目８０８番４６山形大学有機材料システム事業創出センター内,1: 5人以上~10人未満,"1: 5,000万円以上~3億円未満",1: 1億円以上~3億円未満,https://www.yume-cloud.co.jp/,,,,,,送信成功,2026/07/21,,
カミエンス・テクノロジー株式会社,Webアプリ・サービス運営,"ソフトウェア販売,受託開発",東京都,東京都中央区日本橋小伝馬町１４番１１号,1: 5人以上~10人未満,"0: 5,000万円未満",0: 1億円未満,http://www.kamiens.com/index.html,http://www.kamiens.com/contact.html,03-6231-1023,info@kamiens.com,,,送信成功,2026/07/21,,
株式会社ＬＬＬ,Webアプリ・サービス運営,,東京都,東京都目黒区青葉台１丁目１４－４ＣＯＮＴＲＡＬｎａｋａｍｅｇｕｒｏＷＬ－１４,1: 5人以上~10人未満,,0: 1億円未満,https://lll-inc.co.jp/,,,info@cycle.support,,,送信成功,2026/07/21,,
株式会社テクノミックス,Webアプリ・サービス運営,ソフトウェア販売,東京都,東京都港区六本木７丁目１５番７号,1: 5人以上~10人未満,,1: 1億円以上~3億円未満,https://www.jp.teknowmics.com,http://jp.teknowmics.com/contact/,03-6439-1204,,,,送信成功,2026/07/21,,
株式会社リードエッジ,クラウド系/SaaS/ASPサービス,,東京都,東京都品川区西五反田７丁目２２番１７号ＴＯＣビル,1: 5人以上~10人未満,"0: 5,000万円未満",1: 1億円以上~3億円未満,https://leadedge-c.com/,https://docs.google.com/forms/d/e/1FAIpQLSfiboGNNzo1ZKJ7Me9SzDzCTUdtjZ8fCDJdX3QgTmNNGSvmpw/viewform,,info@leadedge-c.com,,,送信不可,,メールに遷移・Googleフォーム,
Ｃａｐｙ株式会社,情報セキュリティ,Webアプリ・サービス運営,東京都,東京都千代田区丸の内２丁目２番１号,1: 5人以上~10人未満,,0: 1億円未満,https://corp.capy.me/,https://www.capy.me/contact/,03-5413-7516,info@capy.jp,,,送信不可,,必須項目の入力ができない（情報不足など）,
株式会社ケアクル,Webアプリ・サービス運営,,東京都,東京都港区三田１丁目４番２８号,1: 5人以上~10人未満,,0: 1億円未満,https://corp.carecle.com/company/,https://corp.carecle.com/contact/,,info@carecle.com,,,送信成功,2026/07/21,,
株式会社ａｓｓｉｓｔ,Webアプリ・サービス運営,,東京都,東京都新宿区西新宿８丁目２番５号Ｄａｉｗａ新宿ウエストビル４階Ｃ,1: 5人以上~10人未満,,0: 1億円未満,https://ab-assist.co.jp/company/,,03-6222-8986,,,,送信成功,2026/07/21,,
株式会社インフィニティ,Webアプリ・サービス運営,"その他サービス,日用雑貨レンタルサービス",神奈川県,神奈川県横浜市鶴見区東寺尾東台８番２１－１号,1: 5人以上~10人未満,"0: 5,000万円未満",1: 1億円以上~3億円未満,http://www.plusinfinity.co.jp,,045-947-2071,,,,送信不可,,別サイトに遷移してしまう・サイトが開けない,
株式会社アイセック,クラウド系/SaaS/ASPサービス,"その他医療・福祉,その他コンサル",新潟県,新潟県新潟市中央区西堀通３番町７９０番地,1: 5人以上~10人未満,,1: 1億円以上~3億円未満,https://iseq.co.jp/,,025-378-8858,info@iseq.co.jp,,,送信成功,2026/07/21,,
株式会社ｕｎｌｉｍｉｔｅｄ,Webアプリ・サービス運営,"その他IT,事務処理代行,Webアプリ・サービス運営,Webマーケコンサル,Web制作,人材派遣",山口県,山口県下松市望町１丁目１１番５号,1: 5人以上~10人未満,,1: 1億円以上~3億円未満,https://unlmtd.co.jp,https://unlmtd.co.jp/inquiry/,0834-34-8530,,,,送信不可,, お問い合わせフォーム無し,
シェアードクリエイション株式会社,Webアプリ・サービス運営,その他サービス,大分県,大分県大分市金池南１丁目１０番２７号,1: 5人以上~10人未満,,1: 1億円以上~3億円未満,https://movie-support.jp/,,097-574-5252,,,,送信成功,2026/07/21,,
Ｙｏｕｎｏｄｅ株式会社,Webアプリ・サービス運営,,北海道,北海道札幌市中央区北三条東５丁目５番地,1: 5人以上~10人未満,,0: 1億円未満,,,,,,,送信成功,2026/07/21,,
東京ハッシュ株式会社,クラウド系/SaaS/ASPサービス,"ITコンサル,その他金融関連サービス",東京都,東京都千代田区丸の内２丁目３番２号,1: 5人以上~10人未満,2: 3億円以上~10億円未満,1: 1億円以上~3億円未満,https://www.tokyohash.co.jp/company/profile/,https://www.tokyohash.co.jp/contact/,,,,,送信不可,, お問い合わせフォーム無し,
株式会社ｆｉｎｅｃｔ,クラウド系/SaaS/ASPサービス,,東京都,東京都千代田区九段南４丁目８番３０号,1: 5人以上~10人未満,,1: 1億円以上~3億円未満,https://www.sigmaxyz.com/sxf/,,03-6777-2910,,,,送信不可,, お問い合わせフォーム無し,
ディープインサイト株式会社,Webアプリ・サービス運営,,東京都,東京都品川区東五反田５丁目２２番３７号,1: 5人以上~10人未満,,0: 1億円未満,https://deepinsight.co.jp/company/,https://deepinsight.co.jp/contact/,03-6869-7564,contact@deepinsight.co.jp,,,送信成功,2026/07/21,,
株式会社エイムプレイス,Webアプリ・サービス運営,"Webマーケコンサル,人材派遣,求人媒体運営・求人情報誌出版,人材紹介",東京都,東京都新宿区西新宿８丁目５番６号,1: 5人以上~10人未満,"0: 5,000万円未満",0: 1億円未満,http://aimplace.co.jp/,http://aimplace.co.jp/contact/,03-6457-8451,info@aimplace.co.jp,,,送信不可,,必須項目の入力ができない（情報不足など）,
株式会社ＫＯＯＬ　ＳＴＡＲＳ,Webアプリ・サービス運営,,東京都,東京都千代田区大手町１丁目６番１号大手町ビル１Ｆ－３ＦＳｐａｃｅｓ大手町,1: 5人以上~10人未満,,1: 1億円以上~3億円未満,https://kool-stars.co.jp/,,,,,,送信成功,2026/07/21,,
ＡＬＡＫＩ株式会社,Webアプリ・サービス運営,"Webマーケコンサル,塾・予備校,eコマース,デザイン",大阪府,大阪府大阪市北区梅田１丁目２番２号,1: 5人以上~10人未満,"0: 5,000万円未満",1: 1億円以上~3億円未満,https://alaki.co.jp/,https://alaki.co.jp/contact/,06-6110-5301,support@alaki.co.jp,,,送信成功,2026/07/21,,
ＰＧＶ株式会社,医療機器,"医薬品販売,Webアプリ・サービス運営,その他機械",東京都,東京都千代田区神田司町２丁目８番４号,1: 5人以上~10人未満,"1: 5,000万円以上~3億円未満",2: 3億円以上~10億円未満,https://www.pgv.co.jp/company,https://www.pgv.co.jp/contact,03-6262-7745,contact@pgv.co.jp,,,送信成功,2026/07/21,,
ハートラボ株式会社,Webアプリ・サービス運営,,兵庫県,兵庫県神戸市中央区港島南町６丁目３番７クリエイティブラボ神戸３階,1: 5人以上~10人未満,"1: 5,000万円以上~3億円未満",0: 1億円未満,https://heart-lab.co.jp/,,078-302-1414,,,,送信成功,2026/07/21,,
トスメディカル株式会社,Webアプリ・サービス運営,,兵庫県,兵庫県宝塚市栄町２丁目１０番１４号宝塚新興産ビル５階,1: 5人以上~10人未満,"0: 5,000万円未満",0: 1億円未満,https://toss-medical.co.jp/,,0797-69-6177,,,,送信不可,,営業禁止の記載あり,
株式会社ぴよログ,Webアプリ・サービス運営,受託開発,愛知県,愛知県半田市広小路町１５５番地の３,1: 5人以上~10人未満,"0: 5,000万円未満",0: 1億円未満,http://www.sakabou.co.jp/index.html,http://www.sakabou.co.jp/contact.html,0569-23-6410,,,,送信不可,,メールに遷移・Googleフォーム,
株式会社Ｃｈａｌｌｅｎｇｅｒ,医療機器,,愛知県,愛知県名古屋市中村区太閤５丁目８番２０号,1: 5人以上~10人未満,,1: 1億円以上~3億円未満,https://chall.jp/,,052-459-5377,info@chall.jp,,,送信成功,2026/07/21,,
株式会社ビューネットコーポレーション,Webアプリ・サービス運営,,東京都,東京都中央区日本橋蛎殻町１丁目３８番４号,1: 5人以上~10人未満,,0: 1億円未満,,,03-6264-9668,,,,送信不可,, お問い合わせフォーム無し,
Ｓｕｒｆｒｉｄｅ　Ｔｅｃｈｎｏｌｏｇｉｅｓ株式会社,Webアプリ・サービス運営,"イベント,Webアプリ・サービス運営",東京都,東京都台東区蔵前４丁目１４番１号ガラステーション蔵前１００１号室,1: 5人以上~10人未満,"0: 5,000万円未満",0: 1億円未満,https://surfride.jp/,,,,,,送信不可,,メールに遷移・Googleフォーム,
アドリアカイム株式会社,医療機器,医療コンサル,東京都,東京都八王子市明神町４丁目８番１３号ＨＡＣＨＩＯＪＩＲ－ＢＬＤ．,1: 5人以上~10人未満,"1: 5,000万円以上~3億円未満",1: 1億円以上~3億円未満,http://www.adriakaim.co.jp/companyinfo.html,,,,,,送信不可,,メールに遷移・Googleフォーム,
シルタス株式会社,Webアプリ・サービス運営,クラウド系/SaaS/ASPサービス,東京都,東京都港区赤坂４丁目８番１９号,1: 5人以上~10人未満,,1: 1億円以上~3億円未満,https://corp.sirutasu.com/company,,,,,,送信成功,2026/07/21,,
株式会社アスヲミル,クラウド系/SaaS/ASPサービス,"ITコンサル,Webアプリ・サービス運営,ITインフラストラクチャー",東京都,東京都品川区大崎４丁目１番２号ウィン第２五反田ビル８階,1: 5人以上~10人未満,"0: 5,000万円未満",1: 1億円以上~3億円未満,https://www.asuwomiru.co.jp/,https://www.asuwomiru.co.jp/contact/,03-6685-4796,,,,送信成功,2026/07/21,,
アクトレシピ株式会社,Webアプリ・サービス運営,"その他IT,ITコンサル",東京都,東京都港区赤坂９丁目７番１号,1: 5人以上~10人未満,"0: 5,000万円未満",1: 1億円以上~3億円未満,https://www.actrecipe.com/,,03-6327-7563,,,,送信不可,,必須項目の入力ができない（情報不足など）,
株式会社ＳＰｅａｋ,クラウド系/SaaS/ASPサービス,Webアプリ・サービス運営,東京都,東京都渋谷区本町２丁目３３番２号,1: 5人以上~10人未満,"1: 5,000万円以上~3億円未満",1: 1億円以上~3億円未満,https://speak-corp.com/about/jp,,,,,,送信成功,2026/07/21,,
ＳＴＵＤＩＯ　ＢＵＫＩ株式会社,Webアプリ・サービス運営,,東京都,東京都世田谷区駒沢公園１番１号,1: 5人以上~10人未満,,0: 1億円未満,https://hellobuki.com/jp/about,,,,,,送信不可,, お問い合わせフォーム無し,
ダルマ・キャピタル株式会社,Webアプリ・サービス運営,"ソフトウェア販売,受託開発,その他IT,資産運用コンサル,その他金融関連サービス",東京都,東京都中央区京橋１丁目７番１号,1: 5人以上~10人未満,,2: 3億円以上~10億円未満,http://www.dharmacapital.co.jp/,,03-6269-9677,admin@dharmacapital.co.jp,,,送信不可,, お問い合わせフォーム無し,
マンガン株式会社,Webアプリ・サービス運営,"クラウド系/SaaS/ASPサービス,ITコンサル",東京都,東京都新宿区西新宿７丁目５番１１号岡山ビル本館地下１階,1: 5人以上~10人未満,,0: 1億円未満,http://mangan.co.jp/,,,,,,送信成功,2026/07/21,,
ウェスト株式会社,Webアプリ・サービス運営,,神奈川県,神奈川県横浜市港北区新横浜１丁目１８番３号エトワールⅡ３０１号室,1: 5人以上~10人未満,,0: 1億円未満,,,,,,,送信成功,2026/07/21,,
株式会社トップ,Webアプリ・サービス運営,"その他IT,eコマース",東京都,東京都江東区有明３丁目７番１１号有明パークビル２０Ｆ,1: 5人以上~10人未満,,1: 1億円以上~3億円未満,http://topweb.co.jp,http://topweb.co.jp/contact/,03-6904-2765,,,,送信成功,2026/07/21,,
合同会社さむわん,クラウド系/SaaS/ASPサービス,,埼玉県,埼玉県川越市大字的場４３２番地１－１０２,1: 5人以上~10人未満,,1: 1億円以上~3億円未満,https://r.goope.jp/poodlesomeone,,,,,,送信不可,, お問い合わせフォーム無し,
株式会社ガイアリンク,Webアプリ・サービス運営,,長野県,長野県茅野市北山５５１３番地１９７,1: 5人以上~10人未満,,1: 1億円以上~3億円未満,https://www.gaia-link.net/company-about,,050-1807-3061,info@gaia-link.net,,,送信不可,,別サイトに遷移してしまう・サイトが開けない,
株式会社ケイ・アイ・エス,Webアプリ・サービス運営,ITコンサル,京都府,京都府京都市中京区烏丸通六角下る七観音町６２３番地第１１長谷ビル,1: 5人以上~10人未満,"0: 5,000万円未満",0: 1億円未満,http://www.kis-kyoto.co.jp/index.html/gaiyou.html,,075-256-8210,info@kis-kyoto.co.jp,,,送信不可,, お問い合わせフォーム無し,
晴れの国ネット株式会社,Webアプリ・サービス運営,,岡山県,岡山県都窪郡早島町早島４４３番地１,1: 5人以上~10人未満,,0: 1億円未満,http://www.harenet.ad.jp/,,,,,,送信不可,, お問い合わせフォーム無し,
株式会社ディーエディット,Webアプリ・サービス運営,"Web制作,ITインフラストラクチャー",熊本県,熊本県菊池郡菊陽町大字原水１１５７番地３ラ・ブリーズ菊陽２０４号,1: 5人以上~10人未満,"0: 5,000万円未満",0: 1億円未満,http://dedit.co.jp/,http://dedit.co.jp/contact/,096-321-6855,,,,送信成功,2026/07/21,,
株式会社システムソリューション,Webアプリ・サービス運営,"PC・スマホ機器販売・修理,受託開発,ITインフラストラクチャー",秋田県,秋田県秋田市外旭川字四百刈２２番地,1: 5人以上~10人未満,"0: 5,000万円未満",1: 1億円以上~3億円未満,https://www.sys-sol.jp/company/,http://www.sys-sol.jp/inquiry/,018-893-4451,info@sys-sol.jp,,,送信不可,,送信ボタンを押すことができない・エラー,
ｗｉｔｈ　Ｃａｒｅｅｒ株式会社,Webアプリ・サービス運営,"児童保育,保育・託児,人材紹介,人材派遣,その他人材,求人媒体運営・求人情報誌出版",東京都,東京都千代田区神田淡路町２丁目１０１ワテラスタワーレジデンス２７１３号,1: 5人以上~10人未満,"0: 5,000万円未満",0: 1億円未満,http://with-career.com/,http://with-career.com/contact/,03-5829-8035,,,,送信不可,, お問い合わせフォーム無し,
株式会社スマトリ,Webアプリ・サービス運営,Webアプリ・サービス運営,東京都,東京都千代田区外神田６丁目１４番７号ＶＯＲＴ末広町７階,1: 5人以上~10人未満,,0: 1億円未満,,,,,,,送信成功,2026/07/21,,
エムシージェイ株式会社,Webアプリ・サービス運営,総合広告代理店,東京都,東京都千代田区神田須田町２丁目２３番１号天翔秋葉原万世橋ビル６１０号室,1: 5人以上~10人未満,,1: 1億円以上~3億円未満,https://www.mcj.biz/,,03-6403-4710,,,,送信不可,,メールに遷移・Googleフォーム,
株式会社ゲーテク,ゲーム開発,"Webアプリ・サービス運営,ソーシャルゲーム・スマホゲーム",東京都,東京都千代田区神田和泉町１番地６－１６ヤマトビル４０５,1: 5人以上~10人未満,,1: 1億円以上~3億円未満,https://www.goetech.co.jp/01.html,,03-5835-1037,info@goetech.co.jp,,,送信不可,,メールに遷移・Googleフォーム,
富士屋通商株式会社,Webアプリ・サービス運営,,東京都,東京都大田区北嶺町３１番１４－１０２号,1: 5人以上~10人未満,"0: 5,000万円未満",0: 1億円未満,https://fujiyatrade.com/,,,,,,送信成功,2026/07/21,,
株式会社コノル,Webアプリ・サービス運営,"デザイン,受託開発,eコマース,ITインフラストラクチャー",東京都,東京都千代田区麹町３丁目７番８号,1: 5人以上~10人未満,"0: 5,000万円未満",0: 1億円未満,http://conol.co.jp/,https://conol.co.jp/contact/,03-5348-8121,contact@conol.jp,,,送信不可,,営業禁止の記載あり,
株式会社シーザスターズ,Webアプリ・サービス運営,"コンテンツ制作,イベント",東京都,東京都豊島区西池袋１丁目１１番１号,1: 5人以上~10人未満,"0: 5,000万円未満",2: 3億円以上~10億円未満,https://seethestars.jp/,,,info@seethestars.jp,,,送信成功,2026/07/21,,
株式会社ビリオン,Webアプリ・サービス運営,"その他IT,Webマーケコンサル,Webアプリ・サービス運営,販促コンサル",東京都,東京都豊島区長崎２丁目１５番１６号,1: 5人以上~10人未満,"1: 5,000万円以上~3億円未満",1: 1億円以上~3億円未満,http://billioon.co.jp,http://billioon.co.jp/contact/index.html,03-6907-3991,info@billioon.co.jp,,,送信成功,2026/07/21,,
株式会社アイティ・セック,情報セキュリティ,,神奈川県,神奈川県横浜市西区北幸２丁目１番６号鶴見ビル２階,1: 5人以上~10人未満,"0: 5,000万円未満",0: 1億円未満,https://it-sec.co.jp/,https://it-sec.co.jp/contact/index.cgi,045-620-8422,,,,送信不可,,営業禁止の記載あり,
株式会社トライエンゴ,Webアプリ・サービス運営,,岡山県,岡山県倉敷市藤戸町天城２０４９番地,1: 5人以上~10人未満,,0: 1億円未満,null,,,,,,送信不可,, お問い合わせフォーム無し,
ＧＤＥＰソリューションズ株式会社,Webアプリ・サービス運営,ソフトウェア販売,東京都,東京都文京区本郷３丁目３４番３号,1: 5人以上~10人未満,"1: 5,000万円以上~3億円未満",1: 1億円以上~3億円未満,https://gdep-sol.co.jp/about-us/access-map/,http://www.gdep-sol.co.jp/inquiry.html,03-5802-7050,info@gdep-sol.co.jp,,,送信成功,2026/07/21,,
株式会社エイトビート,Webアプリ・サービス運営,デジタル系コンテンツ,東京都,東京都墨田区両国４丁目２７－１３ＦＯＮＴ両国ビル５Ｆ,1: 5人以上~10人未満,,1: 1億円以上~3億円未満,https://eightbeat.co.jp/,http://eightbeat.co.jp/contact/,03-6873-9935,,,,送信不可,,メールに遷移・Googleフォーム,
株式会社ＮＴＴデータ・ビーン,クラウド系/SaaS/ASPサービス,,東京都,東京都江東区豊洲３丁目３番３号,1: 5人以上~10人未満,"1: 5,000万円以上~3億円未満",1: 1億円以上~3億円未満,https://nttdata-been.co.jp/profile.html,http://nttdata-been.jp/contact.html,03-3536-6617,beenbusiness@nttdata-been.co.jp,,,送信不可,,メールに遷移・Googleフォーム,
株式会社Ｂｌｕｅｂｏｒｎ,Webアプリ・サービス運営,,東京都,東京都渋谷区渋谷２丁目１１番１２号パーク・ノヴァ渋谷６０５号室,1: 5人以上~10人未満,"1: 5,000万円以上~3億円未満",0: 1億円未満,https://blueborn.co.jp/,,,contact@blueborn.co.jp,,,送信不可,,メールに遷移・Googleフォーム,
株式会社シンクネットワークス,Webアプリ・サービス運営,ITインフラストラクチャー,東京都,東京都目黒区中目黒１丁目４番１７－２０２号,1: 5人以上~10人未満,"0: 5,000万円未満",0: 1億円未満,https://www.thinknetworks.jp/,http://www.thinknetworks.jp/contact,,info@thinknetworks.jp,,,送信成功,2026/07/21,,
合同会社クアッガ,Webアプリ・サービス運営,,東京都,東京都墨田区八広１丁目２－１０,1: 5人以上~10人未満,,0: 1億円未満,https://quagga.life/,,,contact@quagga.life,,,送信不可,,メールに遷移・Googleフォーム,
ビデオ２ブレイン・エキスパーツ株式会社,Webアプリ・サービス運営,"デザイン,教材,CM制作・映像制作,デジタル系コンテンツ",埼玉県,埼玉県さいたま市南区別所３丁目５番１２号,1: 5人以上~10人未満,"0: 5,000万円未満",0: 1億円未満,https://www.officev2b.com/,,048-711-1079,,,,送信不可,,送信ボタンを押すことができない・エラー,営業活動につきましては、お電話にてお願いいたします。
株式会社Ｂｒａｉｎｓ,医療機器,,静岡県,静岡県富士市大渕２８６１番地の２０、２Ｆ,1: 5人以上~10人未満,"0: 5,000万円未満",1: 1億円以上~3億円未満,http://www.brains1171.co.jp/,,0545-32-8272,,,,,,,
ＩＣＳ－ｎｅｔ株式会社,Webアプリ・サービス運営,,長野県,長野県長野市大字南長野南石堂町１９７２番地,1: 5人以上~10人未満,"0: 5,000万円未満",1: 1億円以上~3億円未満,https://www.ics-net.com/company/,,,info@ics-net.com,,,,,,
株式会社アーティフィス,Webアプリ・サービス運営,"コンテンツ制作,CM制作・映像制作",大阪府,大阪府大阪市都島区中野町４丁目３番９号,1: 5人以上~10人未満,"0: 5,000万円未満",1: 1億円以上~3億円未満,http://artifice-inc.com/,,06-6940-0486,support@artifice-inc.com,,,,,,
株式会社アドバンス,Webアプリ・サービス運営,"ITインフラストラクチャー,デザイン",大阪府,大阪府大阪市淀川区西中島４丁目１２番１２号大阪太平ビル２Ｆ,1: 5人以上~10人未満,"0: 5,000万円未満",1: 1億円以上~3億円未満,https://advance-33.com/,http://www.advance-33.com/contacts/contacts.htm,06-6390-0033,info@advance-33.com,,,,,,
株式会社アスナロ,Webアプリ・サービス運営,組織コンサル,大阪府,大阪府大阪市中央区南本町２丁目３番１２号ＥＤＧＥ本町４０３,1: 5人以上~10人未満,,0: 1億円未満,https://asnalo.com/,,,info@asnalo.com,,,,,,
株式会社Ｓｐｉｃａ,医療機器,,京都府,京都府京都市右京区西院南寿町１８－２,1: 5人以上~10人未満,,1: 1億円以上~3億円未満,http://spica-lab.co.jp/,,075-312-1180,,,,,,,
サイハン富山協同組合,Webアプリ・サービス運営,,富山県,富山県富山市森４丁目１０番７号,1: 5人以上~10人未満,,0: 1億円未満,http://care-net.biz/16/cc-ebisu/kumiai.php,,,,,,,,,
株式会社インフィニット・フィールド,Webアプリ・サービス運営,その他IT,岡山県,岡山県岡山市北区幸町８番８号７０３,1: 5人以上~10人未満,,1: 1億円以上~3億円未満,https://infxf.sukumane.biz/sukumane/page/company,https://infxf.sukumane.biz/sukumane/form/detail/102,086-206-1207,info@infxf.com,,,,,,
株式会社ＭＩＳ,Webアプリ・サービス運営,医療機器,東京都,東京都千代田区神田佐久間河岸７０番地第２田中ビル１Ｆ,1: 5人以上~10人未満,"0: 5,000万円未満",1: 1億円以上~3億円未満,https://www.medinfosys.work/index22.htm,,03-5935-8870,,,,,,,
ＶｏｉｃｅＰｉｎｇ株式会社,クラウド系/SaaS/ASPサービス,その他IT,東京都,東京都港区芝浦１丁目９番７号おもだかビル４Ｆ,1: 5人以上~10人未満,,1: 1億円以上~3億円未満,https://voice-ping.com/jp-corp/,https://form.run/@voiceping-demo-apply,050-3117-0204,info@voice-ping.com,,,,,,
ソートスポット合同会社,Webアプリ・サービス運営,,東京都,東京都千代田区丸の内１丁目６番５号,1: 5人以上~10人未満,,1: 1億円以上~3億円未満,,,,japan@thoughtspot.com,,,,,,
株式会社ＥｍｂｏｄｙＭｅ,Webアプリ・サービス運営,,東京都,東京都新宿区高田馬場３丁目２３番３号,1: 5人以上~10人未満,,0: 1億円未満,https://embodyme.com/ja/company/,,,,,,,,,
グルーブースト株式会社,Webアプリ・サービス運営,,東京都,東京都品川区東大井１丁目１－８ＢＲＡＮＣＨ２０１,1: 5人以上~10人未満,"0: 5,000万円未満",0: 1億円未満,https://groovoost.com/aboutus/,https://www.groovoost.com/contact/,,,,,,,,
株式会社エフスタイル,Webアプリ・サービス運営,クラウド系/SaaS/ASPサービス,東京都,東京都港区南青山３丁目４番７号第７ＳＹビル,1: 5人以上~10人未満,,0: 1億円未満,,,03-3479-8984,,,,,,,
株式会社シュリンプ,Webアプリ・サービス運営,"業務請負,受託開発",東京都,東京都世田谷区上馬２丁目２９－１６ワイスハイムⅡ２０６号室,1: 5人以上~10人未満,,0: 1億円未満,https://shrp.jp/company,https://shrp.jp/contact/,03-4405-6478,contact@shrp.jp,,,,,,
株式会社ブクログ,Webアプリ・サービス運営,"広告制作,Webマーケコンサル,販促コンサル",東京都,東京都渋谷区神宮前５丁目５３番６７号,1: 5人以上~10人未満,"1: 5,000万円以上~3億円未満",1: 1億円以上~3億円未満,https://booklog.co.jp/,https://booklog.jp/contact/ad,,,,,,,,
ｃｏｔｏｂｏｘ株式会社,Webアプリ・サービス運営,,東京都,東京都千代田区神田須田町２丁目３番１２号１２ＫＡＮＤＡ,1: 5人以上~10人未満,,1: 1億円以上~3億円未満,https://cotobox.com,https://cotobox.com/app/contact,,support@cotobox.com,,,,,,
株式会社ヤマレコ,Webアプリ・サービス運営,"イベント,Web制作",長野県,長野県松本市庄内１丁目８番１２号,1: 5人以上~10人未満,"0: 5,000万円未満",0: 1億円未満,https://yamareco.co.jp/company,https://yamareco.co.jp/contact/,0263-87-2131,,,,,,,
Ｋａｋｅｈａｓｈｉ　Ｇａｍｅｓ合同会社,ゲーム開発,,北海道,北海道札幌市手稲区手稲本町四条３丁目６番１５号,1: 5人以上~10人未満,,1: 1億円以上~3億円未満,https://www.kakehashigames.com/,,,,,,,,,
Ｆ．Ｆ．Ｂ．株式会社,Webアプリ・サービス運営,"スマホアプリ,企業研修,販促コンサル,Webアプリ・サービス運営",東京都,東京都練馬区豊玉上１丁目７番１０号,1: 5人以上~10人未満,"1: 5,000万円以上~3億円未満",1: 1億円以上~3億円未満,https://www.ffb.bz,,,,,,,,,
株式会社ガルテン,Webアプリ・サービス運営,"出版,雑貨,キッチン用品,雑貨販売,イベント",東京都,東京都渋谷区神宮前３丁目４２番１１号,1: 5人以上~10人未満,,1: 1億円以上~3億円未満,https://www.gar-ten.com/,https://nextweekend.jp/contact/,,hello@nextweekend.jp,,,,,,
株式会社トラストビジョン,Webアプリ・サービス運営,販促コンサル,東京都,東京都品川区西五反田３丁目７番１４号,1: 5人以上~10人未満,"0: 5,000万円未満",1: 1億円以上~3億円未満,https://trustvision.co.jp/,https://form.run/@trustvision-1654161765,050-5894-3636,,,,,,,
ＴＥＡＭ株式会社,Webアプリ・サービス運営,求人媒体運営・求人情報誌出版,愛知県,愛知県名古屋市名東区名東本町８３番地,1: 5人以上~10人未満,"0: 5,000万円未満",0: 1億円未満,https://team-totalpartner.com/,,0120-960-469,,,,,,,
株式会社キュアケア,Webアプリ・サービス運営,"その他医療・福祉,化粧品販売",鹿児島県,鹿児島県鹿児島市下荒田４丁目４０番１４号,1: 5人以上~10人未満,,0: 1億円未満,https://curecarenet.jp/about/index.html,,099-203-0038,,,,,,,
株式会社Ｒ．Ｉ．Ｎ,医療機器,,佐賀県,佐賀県伊万里市新天町６６６番地１ダイアビル３０１号,1: 5人以上~10人未満,,1: 1億円以上~3億円未満,https://r.goope.jp/rin-access,,,,,,,,,
源信株式会社,Webアプリ・サービス運営,"受託開発,eコマース",東京都,東京都墨田区両国４丁目１９番７号,1: 5人以上~10人未満,"0: 5,000万円未満",1: 1億円以上~3億円未満,https://genshinn.com/,http://genshinn.com/indexRequire.php,03-5809-7911,,,,,,,
ティアイシー株式会社,Webアプリ・サービス運営,,東京都,東京都品川区東品川４丁目１１番３６号,1: 5人以上~10人未満,"0: 5,000万円未満",1: 1億円以上~3億円未満,https://tic-global.co.jp/company.html,,,,,,,,,
株式会社ＳＴＶテック,Webアプリ・サービス運営,ITコンサル,東京都,東京都港区赤坂２丁目２１－４,1: 5人以上~10人未満,"0: 5,000万円未満",0: 1億円未満,http://stv-tech.co.jp/,,03-6403-3410,,,,,,,
株式会社グローバ,Webアプリ・サービス運営,"その他人材,不動産賃貸・仲介,その他不動産",東京都,東京都渋谷区渋谷２丁目１４－４渋谷ｍＩｍビル４Ｆ,1: 5人以上~10人未満,"0: 5,000万円未満",2: 3億円以上~10億円未満,https://www.growba.co.jp/,,03-6452-5120,info@growba.co.jp,,,送信不可,, お問い合わせフォーム無し,
株式会社ワークサイド,クラウド系/SaaS/ASPサービス,,東京都,東京都渋谷区恵比寿西１丁目３３番６号１階,1: 5人以上~10人未満,,1: 1億円以上~3億円未満,https://onn-hr.com,,,,,,送信不可,, お問い合わせフォーム無し,
株式会社ラクミー,Webアプリ・サービス運営,,東京都,東京都渋谷区宇田川町３７番１３号,1: 5人以上~10人未満,,1: 1億円以上~3億円未満,https://rakmy.jp/,,,,,,送信成功,2026/07/21,,
株式会社クラウドフォース,クラウド系/SaaS/ASPサービス,"ITコンサル,受託開発",東京都,東京都港区芝１丁目９番１０号,1: 5人以上~10人未満,,1: 1億円以上~3億円未満,http://www.cloudforce.jp/,http://cloudforce.jp/contact/,050-1212-5387,,,,送信成功,2026/07/21,,
ｏｒｏｓｙ株式会社,Webアプリ・サービス運営,,大阪府,大阪府大阪市北区梅田１丁目２番２号,1: 5人以上~10人未満,,0: 1億円未満,https://orosy.com,,,info@orosy.com,,,送信不可,, お問い合わせフォーム無し,
ＢｏｎＢｏｎ株式会社,クラウド系/SaaS/ASPサービス,"Webアプリ・サービス運営,その他医療・福祉",京都府,京都府京都市左京区下鴨泉川町９４番地,1: 5人以上~10人未満,,1: 1億円以上~3億円未満,https://bon-bon.co.jp,,,,,,送信成功,2026/07/21,,
インプラス株式会社,Webアプリ・サービス運営,受託開発,愛知県,愛知県名古屋市中区丸の内２丁目３番３１号,1: 5人以上~10人未満,"0: 5,000万円未満",0: 1億円未満,https://implus.co.jp/,http://implus.co.jp/sfm/sformmail.php,050-3802-1136,info@implus.co.jp,,,送信成功,2026/07/21,,
株式会社アトリエ,情報セキュリティ,"Webアプリ・サービス運営,ITコンサル,受託開発,その他コンサル",愛知県,愛知県名古屋市中区新栄町１丁目１番地,1: 5人以上~10人未満,"0: 5,000万円未満",0: 1億円未満,https://www.atelier-inc.com/company/,http://www.atelier-inc.com/atelier_contact_form.html,052-202-6707,,,,送信成功,2026/07/21,,
株式会社濱田工業,医療機器,,愛知県,愛知県安城市横山町大山田中６５番地５,1: 5人以上~10人未満,,1: 1億円以上~3億円未満,https://hamada-kogyo.jp/company/,,,,,,送信成功,2026/07/21,,
株式会社カーリル,Webアプリ・サービス運営,,岐阜県,岐阜県中津川市坂下１６４５番地１５,1: 5人以上~10人未満,"0: 5,000万円未満",0: 1億円未満,https://calil.jp/,https://calil.jp/doc/contact.html,0573-67-8105,contact@calil.jp,,,送信成功,2026/07/21,,
株式会社ａｎｄＡ,Webアプリ・サービス運営,"その他人材,求人媒体運営・求人情報誌出版,Web制作,業務請負",富山県,富山県富山市根塚町２丁目２番地１３,1: 5人以上~10人未満,"0: 5,000万円未満",0: 1億円未満,https://and-ace.com/,http://www.and-a.co.jp/contact/,0766-30-2631,,,,送信成功,2026/07/21,,
株式会社ＯＲＥＮＣＨ,Webアプリ・サービス運営,,福岡県,福岡県福岡市早良区西新７丁目１５番４８号,1: 5人以上~10人未満,,0: 1億円未満,https://orench.co.jp/,,,,,,送信成功,2026/07/21,,
株式会社鈴木デンタルラボラトリー,医療機器,"その他小売・販売,その他製造",宮城県,宮城県仙台市若林区一本杉町１０番３５号－２階,1: 5人以上~10人未満,,1: 1億円以上~3億円未満,http://www.suzulab.com/,http://www.suzulab.com/inquiry.html,0225-25-4184,,,,送信成功,2026/07/21,,
ＫＥＥＮ株式会社,Webアプリ・サービス運営,,東京都,東京都渋谷区神山町２２－８,1: 5人以上~10人未満,,0: 1億円未満,https://www.prhythmtech.com,,,,,,送信不可,, お問い合わせフォーム無し,
株式会社ＳＯＯＬ,Webアプリ・サービス運営,組織コンサル,東京都,東京都中央区銀座７丁目１５番８号,1: 5人以上~10人未満,"0: 5,000万円未満",0: 1億円未満,https://sool.co.jp/,https://sool.co.jp/contact/,,info@sool.co.jp,,,送信成功,2026/07/21,,
クラスメソッドセキュリティ株式会社,情報セキュリティ,クラウド系/SaaS/ASPサービス,東京都,東京都千代田区二番町９番地３,1: 5人以上~10人未満,"0: 5,000万円未満",1: 1億円以上~3億円未満,https://www.cybermatrix.co/,https://www.cybermatrix.co/contact,,,,,送信成功,2026/07/21,,
株式会社トヨプラ,Webアプリ・サービス運営,"Webマーケコンサル,ITコンサル,eコマース,Web制作,健康食品,総合広告代理店",東京都,東京都品川区上大崎２丁目１４－３三笠ビルＡ棟３階,1: 5人以上~10人未満,"0: 5,000万円未満",1: 1億円以上~3億円未満,https://toyopla.co.jp/about/,,03-4291-3243,info@toyopla.co.jp,,,送信成功,2026/07/21,,
Ｓｃｅｎｅ株式会社,クラウド系/SaaS/ASPサービス,その他IT,東京都,東京都渋谷区桜丘町１１番６号３０２号室,1: 5人以上~10人未満,,1: 1億円以上~3億円未満,https://www.scene.space,,,,,,送信成功,2026/07/21,,
株式会社ビットジャーニー,Webアプリ・サービス運営,,東京都,東京都港区海岸１丁目２－２０汐留ビルディング３Ｆ,1: 5人以上~10人未満,"0: 5,000万円未満",1: 1億円以上~3億円未満,https://bitjourney.com/company/,https://bitjourney.com/#contact,03-6421-4884,contact@bitjourney.com,,,送信不可,,URL・記号を含むことができない,
株式会社ＳＰＩＫＥ　Ｔｅｃｈｎｏｌｏｇｙ,Webアプリ・サービス運営,,東京都,東京都渋谷区渋谷２丁目９番８号ＳＤ２５ビル,1: 5人以上~10人未満,,0: 1億円未満,https://entertechlab.jp/,,,info@entertechlab.jp,,,送信不可,, お問い合わせフォーム無し,
アークワードコンサルティング株式会社,Webアプリ・サービス運営,,東京都,東京都千代田区内幸町２丁目１番６号,1: 5人以上~10人未満,,1: 1億円以上~3億円未満,https://arcward-c.co.jp/,,03-4400-0353,,,,送信不可,, お問い合わせフォーム無し,
株式会社空色,Webアプリ・サービス運営,"ITコンサル,その他広告・制作",東京都,東京都千代田区九段北４丁目２番１号,1: 5人以上~10人未満,"1: 5,000万円以上~3億円未満",1: 1億円以上~3億円未満,https://www.solairo.co.jp/,http://www.solairo.co.jp/contact,03-6431-8631,info@solairo.co.jp,,,送信成功,2026/07/21,,
アイデックス株式会社,Webアプリ・サービス運営,"その他IT,ITインフラストラクチャー,クラウド系/SaaS/ASPサービス",岐阜県,岐阜県岐阜市粟野西７丁目４９番地１,1: 5人以上~10人未満,,0: 1億円未満,https://aidex.jp/,http://aidex.jp/contact,058-236-0160,,,,送信成功,2026/07/21,,
株式会社ピスケス,Webアプリ・サービス運営,,福岡県,福岡県福岡市中央区春吉３丁目２１番１８号,1: 5人以上~10人未満,"0: 5,000万円未満",0: 1億円未満,https://www.e-pisces.net/company/,,092-406-5725,,,,送信不可,, お問い合わせフォーム無し,
株式会社イクソル,クラウド系/SaaS/ASPサービス,,北海道,北海道札幌市中央区南七条西４丁目４２２－１４札幌７４Ｌビル６Ｆ,1: 5人以上~10人未満,,1: 1億円以上~3億円未満,https://www.ixol.co.jp/#about_us,https://www.ixol.co.jp/contact/,,,,,送信不可,, お問い合わせフォーム無し,