"処理日時","会社名","部署","担当者","件名","本文","本文字数","テンプレートスコア","モード","備考"
"2026-09-11T18:19:46+09:00","サグリ株式会社","開発部","ご担当者","【1名から常駐】フロントエンド専任エンジニア40名、採用に頼らず体制強化","開発部 ご担当者様

UI改修や新機能開発を進めたくても、フロントエンド専任エンジニアの採用が進まず、着手が遅れていないでしょうか。

株式会社Lei Hau'oliは、フロントエンド特化で国内大手BtoC直請け水準のエンジニアを1名から供給できるSES会社です。React/Vue.js/Next.js/TypeScriptを専門とするエンジニア約40名が在籍し、国内最大級の美容予約サービスの開発にも参画しています。

中途採用に数か月かけずとも、大規模BtoCで培った開発フローと品質基準をそのまま持ち込めるため、リリースを止めずにUI品質を底上げできます。採用が長引く間も他社は機能改善を進めており、今動くかで次四半期の速度が変わります。

現状の開発体制について、「相談したい」の5文字だけご返信ください。折り返しご連絡します。

株式会社Lei Hau'oli 開発支援事業部","380","92","汎用（非パーソナライズ・マギ1回生成）",""
"2026-09-11T18:19:46+09:00","株式会社ビーライズ","開発部","ご担当者","【1名から常駐】フロントエンド専任エンジニア40名、採用に頼らず体制強化","開発部 ご担当者様

UI改修や新機能開発を進めたくても、フロントエンド専任エンジニアの採用が進まず、着手が遅れていないでしょうか。

株式会社Lei Hau'oliは、フロントエンド特化で国内大手BtoC直請け水準のエンジニアを1名から供給できるSES会社です。React/Vue.js/Next.js/TypeScriptを専門とするエンジニア約40名が在籍し、国内最大級の美容予約サービスの開発にも参画しています。

中途採用に数か月かけずとも、大規模BtoCで培った開発フローと品質基準をそのまま持ち込めるため、リリースを止めずにUI品質を底上げできます。採用が長引く間も他社は機能改善を進めており、今動くかで次四半期の速度が変わります。

現状の開発体制について、「相談したい」の5文字だけご返信ください。折り返しご連絡します。

株式会社Lei Hau'oli 開発支援事業部","380","92","汎用（非パーソナライズ・マギ1回生成）",""
"2026-09-11T18:19:46+09:00","株式会社Finatextホールディングス","開発部","ご担当者","【1名から常駐】フロントエンド専任エンジニア40名、採用に頼らず体制強化","開発部 ご担当者様

UI改修や新機能開発を進めたくても、フロントエンド専任エンジニアの採用が進まず、着手が遅れていないでしょうか。

株式会社Lei Hau'oliは、フロントエンド特化で国内大手BtoC直請け水準のエンジニアを1名から供給できるSES会社です。React/Vue.js/Next.js/TypeScriptを専門とするエンジニア約40名が在籍し、国内最大級の美容予約サービスの開発にも参画しています。

中途採用に数か月かけずとも、大規模BtoCで培った開発フローと品質基準をそのまま持ち込めるため、リリースを止めずにUI品質を底上げできます。採用が長引く間も他社は機能改善を進めており、今動くかで次四半期の速度が変わります。

現状の開発体制について、「相談したい」の5文字だけご返信ください。折り返しご連絡します。

株式会社Lei Hau'oli 開発支援事業部","380","92","汎用（非パーソナライズ・マギ1回生成）",""
"2026-09-11T18:19:46+09:00","株式会社LCL","開発部","ご担当者","【1名から常駐】フロントエンド専任エンジニア40名、採用に頼らず体制強化","開発部 ご担当者様

UI改修や新機能開発を進めたくても、フロントエンド専任エンジニアの採用が進まず、着手が遅れていないでしょうか。

株式会社Lei Hau'oliは、フロントエンド特化で国内大手BtoC直請け水準のエンジニアを1名から供給できるSES会社です。React/Vue.js/Next.js/TypeScriptを専門とするエンジニア約40名が在籍し、国内最大級の美容予約サービスの開発にも参画しています。

中途採用に数か月かけずとも、大規模BtoCで培った開発フローと品質基準をそのまま持ち込めるため、リリースを止めずにUI品質を底上げできます。採用が長引く間も他社は機能改善を進めており、今動くかで次四半期の速度が変わります。

現状の開発体制について、「相談したい」の5文字だけご返信ください。折り返しご連絡します。

株式会社Lei Hau'oli 開発支援事業部","380","92","汎用（非パーソナライズ・マギ1回生成）",""
"2026-09-11T18:19:46+09:00","株式会社Synk","開発部","ご担当者","【1名から常駐】フロントエンド専任エンジニア40名、採用に頼らず体制強化","開発部 ご担当者様

UI改修や新機能開発を進めたくても、フロントエンド専任エンジニアの採用が進まず、着手が遅れていないでしょうか。

株式会社Lei Hau'oliは、フロントエンド特化で国内大手BtoC直請け水準のエンジニアを1名から供給できるSES会社です。React/Vue.js/Next.js/TypeScriptを専門とするエンジニア約40名が在籍し、国内最大級の美容予約サービスの開発にも参画しています。

中途採用に数か月かけずとも、大規模BtoCで培った開発フローと品質基準をそのまま持ち込めるため、リリースを止めずにUI品質を底上げできます。採用が長引く間も他社は機能改善を進めており、今動くかで次四半期の速度が変わります。

現状の開発体制について、「相談したい」の5文字だけご返信ください。折り返しご連絡します。

株式会社Lei Hau'oli 開発支援事業部","380","92","汎用（非パーソナライズ・マギ1回生成）",""
"2026-09-11T18:19:46+09:00","株式会社Xpotential","開発部","ご担当者","【1名から常駐】フロントエンド専任エンジニア40名、採用に頼らず体制強化","開発部 ご担当者様

UI改修や新機能開発を進めたくても、フロントエンド専任エンジニアの採用が進まず、着手が遅れていないでしょうか。

株式会社Lei Hau'oliは、フロントエンド特化で国内大手BtoC直請け水準のエンジニアを1名から供給できるSES会社です。React/Vue.js/Next.js/TypeScriptを専門とするエンジニア約40名が在籍し、国内最大級の美容予約サービスの開発にも参画しています。

中途採用に数か月かけずとも、大規模BtoCで培った開発フローと品質基準をそのまま持ち込めるため、リリースを止めずにUI品質を底上げできます。採用が長引く間も他社は機能改善を進めており、今動くかで次四半期の速度が変わります。

現状の開発体制について、「相談したい」の5文字だけご返信ください。折り返しご連絡します。

株式会社Lei Hau'oli 開発支援事業部","380","92","汎用（非パーソナライズ・マギ1回生成）",""
"2026-09-11T18:19:46+09:00","ライフログテクノロジー株式会社","開発部","ご担当者","【1名から常駐】フロントエンド専任エンジニア40名、採用に頼らず体制強化","開発部 ご担当者様

UI改修や新機能開発を進めたくても、フロントエンド専任エンジニアの採用が進まず、着手が遅れていないでしょうか。

株式会社Lei Hau'oliは、フロントエンド特化で国内大手BtoC直請け水準のエンジニアを1名から供給できるSES会社です。React/Vue.js/Next.js/TypeScriptを専門とするエンジニア約40名が在籍し、国内最大級の美容予約サービスの開発にも参画しています。

中途採用に数か月かけずとも、大規模BtoCで培った開発フローと品質基準をそのまま持ち込めるため、リリースを止めずにUI品質を底上げできます。採用が長引く間も他社は機能改善を進めており、今動くかで次四半期の速度が変わります。

現状の開発体制について、「相談したい」の5文字だけご返信ください。折り返しご連絡します。

株式会社Lei Hau'oli 開発支援事業部","380","92","汎用（非パーソナライズ・マギ1回生成）",""
"2026-09-11T18:19:46+09:00","BackofficeForce株式会社","開発部","ご担当者","【1名から常駐】フロントエンド専任エンジニア40名、採用に頼らず体制強化","開発部 ご担当者様

UI改修や新機能開発を進めたくても、フロントエンド専任エンジニアの採用が進まず、着手が遅れていないでしょうか。

株式会社Lei Hau'oliは、フロントエンド特化で国内大手BtoC直請け水準のエンジニアを1名から供給できるSES会社です。React/Vue.js/Next.js/TypeScriptを専門とするエンジニア約40名が在籍し、国内最大級の美容予約サービスの開発にも参画しています。

中途採用に数か月かけずとも、大規模BtoCで培った開発フローと品質基準をそのまま持ち込めるため、リリースを止めずにUI品質を底上げできます。採用が長引く間も他社は機能改善を進めており、今動くかで次四半期の速度が変わります。

現状の開発体制について、「相談したい」の5文字だけご返信ください。折り返しご連絡します。

株式会社Lei Hau'oli 開発支援事業部","380","92","汎用（非パーソナライズ・マギ1回生成）",""
"2026-09-11T18:19:46+09:00","ベルフェイス株式会社","開発部","ご担当者","【1名から常駐】フロントエンド専任エンジニア40名、採用に頼らず体制強化","開発部 ご担当者様

UI改修や新機能開発を進めたくても、フロントエンド専任エンジニアの採用が進まず、着手が遅れていないでしょうか。

株式会社Lei Hau'oliは、フロントエンド特化で国内大手BtoC直請け水準のエンジニアを1名から供給できるSES会社です。React/Vue.js/Next.js/TypeScriptを専門とするエンジニア約40名が在籍し、国内最大級の美容予約サービスの開発にも参画しています。

中途採用に数か月かけずとも、大規模BtoCで培った開発フローと品質基準をそのまま持ち込めるため、リリースを止めずにUI品質を底上げできます。採用が長引く間も他社は機能改善を進めており、今動くかで次四半期の速度が変わります。

現状の開発体制について、「相談したい」の5文字だけご返信ください。折り返しご連絡します。

株式会社Lei Hau'oli 開発支援事業部","380","92","汎用（非パーソナライズ・マギ1回生成）",""
"2026-09-11T18:19:46+09:00","アグリノート株式会社","開発部","ご担当者","【1名から常駐】フロントエンド専任エンジニア40名、採用に頼らず体制強化","開発部 ご担当者様

UI改修や新機能開発を進めたくても、フロントエンド専任エンジニアの採用が進まず、着手が遅れていないでしょうか。

株式会社Lei Hau'oliは、フロントエンド特化で国内大手BtoC直請け水準のエンジニアを1名から供給できるSES会社です。React/Vue.js/Next.js/TypeScriptを専門とするエンジニア約40名が在籍し、国内最大級の美容予約サービスの開発にも参画しています。

中途採用に数か月かけずとも、大規模BtoCで培った開発フローと品質基準をそのまま持ち込めるため、リリースを止めずにUI品質を底上げできます。採用が長引く間も他社は機能改善を進めており、今動くかで次四半期の速度が変わります。

現状の開発体制について、「相談したい」の5文字だけご返信ください。折り返しご連絡します。

株式会社Lei Hau'oli 開発支援事業部","380","92","汎用（非パーソナライズ・マギ1回生成）",""
"2026-09-11T18:19:46+09:00","ルネッサンスルパン株式会社","開発部","ご担当者","【1名から常駐】フロントエンド専任エンジニア40名、採用に頼らず体制強化","開発部 ご担当者様

UI改修や新機能開発を進めたくても、フロントエンド専任エンジニアの採用が進まず、着手が遅れていないでしょうか。

株式会社Lei Hau'oliは、フロントエンド特化で国内大手BtoC直請け水準のエンジニアを1名から供給できるSES会社です。React/Vue.js/Next.js/TypeScriptを専門とするエンジニア約40名が在籍し、国内最大級の美容予約サービスの開発にも参画しています。

中途採用に数か月かけずとも、大規模BtoCで培った開発フローと品質基準をそのまま持ち込めるため、リリースを止めずにUI品質を底上げできます。採用が長引く間も他社は機能改善を進めており、今動くかで次四半期の速度が変わります。

現状の開発体制について、「相談したい」の5文字だけご返信ください。折り返しご連絡します。

株式会社Lei Hau'oli 開発支援事業部","380","92","汎用（非パーソナライズ・マギ1回生成）",""
"2026-09-11T18:19:46+09:00","住宅ソリューションズ株式会社","開発部","ご担当者","【1名から常駐】フロントエンド専任エンジニア40名、採用に頼らず体制強化","開発部 ご担当者様

UI改修や新機能開発を進めたくても、フロントエンド専任エンジニアの採用が進まず、着手が遅れていないでしょうか。

株式会社Lei Hau'oliは、フロントエンド特化で国内大手BtoC直請け水準のエンジニアを1名から供給できるSES会社です。React/Vue.js/Next.js/TypeScriptを専門とするエンジニア約40名が在籍し、国内最大級の美容予約サービスの開発にも参画しています。

中途採用に数か月かけずとも、大規模BtoCで培った開発フローと品質基準をそのまま持ち込めるため、リリースを止めずにUI品質を底上げできます。採用が長引く間も他社は機能改善を進めており、今動くかで次四半期の速度が変わります。

現状の開発体制について、「相談したい」の5文字だけご返信ください。折り返しご連絡します。

株式会社Lei Hau'oli 開発支援事業部","380","92","汎用（非パーソナライズ・マギ1回生成）",""
"2026-09-11T18:19:46+09:00","株式会社ArtPlay","開発部","ご担当者","【1名から常駐】フロントエンド専任エンジニア40名、採用に頼らず体制強化","開発部 ご担当者様

UI改修や新機能開発を進めたくても、フロントエンド専任エンジニアの採用が進まず、着手が遅れていないでしょうか。

株式会社Lei Hau'oliは、フロントエンド特化で国内大手BtoC直請け水準のエンジニアを1名から供給できるSES会社です。React/Vue.js/Next.js/TypeScriptを専門とするエンジニア約40名が在籍し、国内最大級の美容予約サービスの開発にも参画しています。

中途採用に数か月かけずとも、大規模BtoCで培った開発フローと品質基準をそのまま持ち込めるため、リリースを止めずにUI品質を底上げできます。採用が長引く間も他社は機能改善を進めており、今動くかで次四半期の速度が変わります。

現状の開発体制について、「相談したい」の5文字だけご返信ください。折り返しご連絡します。

株式会社Lei Hau'oli 開発支援事業部","380","92","汎用（非パーソナライズ・マギ1回生成）",""
"2026-09-11T18:19:46+09:00","株式会社おいしい健康","開発部","ご担当者","【1名から常駐】フロントエンド専任エンジニア40名、採用に頼らず体制強化","開発部 ご担当者様

UI改修や新機能開発を進めたくても、フロントエンド専任エンジニアの採用が進まず、着手が遅れていないでしょうか。

株式会社Lei Hau'oliは、フロントエンド特化で国内大手BtoC直請け水準のエンジニアを1名から供給できるSES会社です。React/Vue.js/Next.js/TypeScriptを専門とするエンジニア約40名が在籍し、国内最大級の美容予約サービスの開発にも参画しています。

中途採用に数か月かけずとも、大規模BtoCで培った開発フローと品質基準をそのまま持ち込めるため、リリースを止めずにUI品質を底上げできます。採用が長引く間も他社は機能改善を進めており、今動くかで次四半期の速度が変わります。

現状の開発体制について、「相談したい」の5文字だけご返信ください。折り返しご連絡します。

株式会社Lei Hau'oli 開発支援事業部","380","92","汎用（非パーソナライズ・マギ1回生成）",""
"2026-09-11T18:19:46+09:00","株式会社Diverse","開発部","ご担当者","【1名から常駐】フロントエンド専任エンジニア40名、採用に頼らず体制強化","開発部 ご担当者様

UI改修や新機能開発を進めたくても、フロントエンド専任エンジニアの採用が進まず、着手が遅れていないでしょうか。

株式会社Lei Hau'oliは、フロントエンド特化で国内大手BtoC直請け水準のエンジニアを1名から供給できるSES会社です。React/Vue.js/Next.js/TypeScriptを専門とするエンジニア約40名が在籍し、国内最大級の美容予約サービスの開発にも参画しています。

中途採用に数か月かけずとも、大規模BtoCで培った開発フローと品質基準をそのまま持ち込めるため、リリースを止めずにUI品質を底上げできます。採用が長引く間も他社は機能改善を進めており、今動くかで次四半期の速度が変わります。

現状の開発体制について、「相談したい」の5文字だけご返信ください。折り返しご連絡します。

株式会社Lei Hau'oli 開発支援事業部","380","92","汎用（非パーソナライズ・マギ1回生成）",""
"2026-09-11T18:19:46+09:00","Nature株式会社","開発部","ご担当者","【1名から常駐】フロントエンド専任エンジニア40名、採用に頼らず体制強化","開発部 ご担当者様

UI改修や新機能開発を進めたくても、フロントエンド専任エンジニアの採用が進まず、着手が遅れていないでしょうか。

株式会社Lei Hau'oliは、フロントエンド特化で国内大手BtoC直請け水準のエンジニアを1名から供給できるSES会社です。React/Vue.js/Next.js/TypeScriptを専門とするエンジニア約40名が在籍し、国内最大級の美容予約サービスの開発にも参画しています。

中途採用に数か月かけずとも、大規模BtoCで培った開発フローと品質基準をそのまま持ち込めるため、リリースを止めずにUI品質を底上げできます。採用が長引く間も他社は機能改善を進めており、今動くかで次四半期の速度が変わります。

現状の開発体制について、「相談したい」の5文字だけご返信ください。折り返しご連絡します。

株式会社Lei Hau'oli 開発支援事業部","380","92","汎用（非パーソナライズ・マギ1回生成）",""
"2026-09-11T18:19:46+09:00","株式会社Ginco","開発部","ご担当者","【1名から常駐】フロントエンド専任エンジニア40名、採用に頼らず体制強化","開発部 ご担当者様

UI改修や新機能開発を進めたくても、フロントエンド専任エンジニアの採用が進まず、着手が遅れていないでしょうか。

株式会社Lei Hau'oliは、フロントエンド特化で国内大手BtoC直請け水準のエンジニアを1名から供給できるSES会社です。React/Vue.js/Next.js/TypeScriptを専門とするエンジニア約40名が在籍し、国内最大級の美容予約サービスの開発にも参画しています。

中途採用に数か月かけずとも、大規模BtoCで培った開発フローと品質基準をそのまま持ち込めるため、リリースを止めずにUI品質を底上げできます。採用が長引く間も他社は機能改善を進めており、今動くかで次四半期の速度が変わります。

現状の開発体制について、「相談したい」の5文字だけご返信ください。折り返しご連絡します。

株式会社Lei Hau'oli 開発支援事業部","380","92","汎用（非パーソナライズ・マギ1回生成）",""
"2026-09-11T18:19:46+09:00","株式会社ACTY Power","情報システム部","ご担当者","【1名から常駐】フロントエンド専任エンジニア40名、採用に頼らず体制強化","情報システム部 ご担当者様

UI改修や新機能開発を進めたくても、フロントエンド専任エンジニアの採用が進まず、着手が遅れていないでしょうか。

株式会社Lei Hau'oliは、フロントエンド特化で国内大手BtoC直請け水準のエンジニアを1名から供給できるSES会社です。React/Vue.js/Next.js/TypeScriptを専門とするエンジニア約40名が在籍し、国内最大級の美容予約サービスの開発にも参画しています。

中途採用に数か月かけずとも、大規模BtoCで培った開発フローと品質基準をそのまま持ち込めるため、リリースを止めずにUI品質を底上げできます。採用が長引く間も他社は機能改善を進めており、今動くかで次四半期の速度が変わります。

現状の開発体制について、「相談したい」の5文字だけご返信ください。折り返しご連絡します。

株式会社Lei Hau'oli 開発支援事業部","384","92","汎用（非パーソナライズ・マギ1回生成）",""
"2026-09-11T18:19:46+09:00","SAVAWAY株式会社","開発部","ご担当者","【1名から常駐】フロントエンド専任エンジニア40名、採用に頼らず体制強化","開発部 ご担当者様

UI改修や新機能開発を進めたくても、フロントエンド専任エンジニアの採用が進まず、着手が遅れていないでしょうか。

株式会社Lei Hau'oliは、フロントエンド特化で国内大手BtoC直請け水準のエンジニアを1名から供給できるSES会社です。React/Vue.js/Next.js/TypeScriptを専門とするエンジニア約40名が在籍し、国内最大級の美容予約サービスの開発にも参画しています。

中途採用に数か月かけずとも、大規模BtoCで培った開発フローと品質基準をそのまま持ち込めるため、リリースを止めずにUI品質を底上げできます。採用が長引く間も他社は機能改善を進めており、今動くかで次四半期の速度が変わります。

現状の開発体制について、「相談したい」の5文字だけご返信ください。折り返しご連絡します。

株式会社Lei Hau'oli 開発支援事業部","380","92","汎用（非パーソナライズ・マギ1回生成）",""
"2026-09-11T18:19:46+09:00","ネクストライブ株式会社","開発部","ご担当者","【1名から常駐】フロントエンド専任エンジニア40名、採用に頼らず体制強化","開発部 ご担当者様

UI改修や新機能開発を進めたくても、フロントエンド専任エンジニアの採用が進まず、着手が遅れていないでしょうか。

株式会社Lei Hau'oliは、フロントエンド特化で国内大手BtoC直請け水準のエンジニアを1名から供給できるSES会社です。React/Vue.js/Next.js/TypeScriptを専門とするエンジニア約40名が在籍し、国内最大級の美容予約サービスの開発にも参画しています。

中途採用に数か月かけずとも、大規模BtoCで培った開発フローと品質基準をそのまま持ち込めるため、リリースを止めずにUI品質を底上げできます。採用が長引く間も他社は機能改善を進めており、今動くかで次四半期の速度が変わります。

現状の開発体制について、「相談したい」の5文字だけご返信ください。折り返しご連絡します。

株式会社Lei Hau'oli 開発支援事業部","380","92","汎用（非パーソナライズ・マギ1回生成）",""
"2026-09-11T18:19:46+09:00","株式会社コンステラセキュリティジャパン","開発部","ご担当者","【1名から常駐】フロントエンド専任エンジニア40名、採用に頼らず体制強化","開発部 ご担当者様

UI改修や新機能開発を進めたくても、フロントエンド専任エンジニアの採用が進まず、着手が遅れていないでしょうか。

株式会社Lei Hau'oliは、フロントエンド特化で国内大手BtoC直請け水準のエンジニアを1名から供給できるSES会社です。React/Vue.js/Next.js/TypeScriptを専門とするエンジニア約40名が在籍し、国内最大級の美容予約サービスの開発にも参画しています。

中途採用に数か月かけずとも、大規模BtoCで培った開発フローと品質基準をそのまま持ち込めるため、リリースを止めずにUI品質を底上げできます。採用が長引く間も他社は機能改善を進めており、今動くかで次四半期の速度が変わります。

現状の開発体制について、「相談したい」の5文字だけご返信ください。折り返しご連絡します。

株式会社Lei Hau'oli 開発支援事業部","380","92","汎用（非パーソナライズ・マギ1回生成）",""
"2026-09-11T18:19:46+09:00","株式会社アセットメント","開発部","ご担当者","【1名から常駐】フロントエンド専任エンジニア40名、採用に頼らず体制強化","開発部 ご担当者様

UI改修や新機能開発を進めたくても、フロントエンド専任エンジニアの採用が進まず、着手が遅れていないでしょうか。

株式会社Lei Hau'oliは、フロントエンド特化で国内大手BtoC直請け水準のエンジニアを1名から供給できるSES会社です。React/Vue.js/Next.js/TypeScriptを専門とするエンジニア約40名が在籍し、国内最大級の美容予約サービスの開発にも参画しています。

中途採用に数か月かけずとも、大規模BtoCで培った開発フローと品質基準をそのまま持ち込めるため、リリースを止めずにUI品質を底上げできます。採用が長引く間も他社は機能改善を進めており、今動くかで次四半期の速度が変わります。

現状の開発体制について、「相談したい」の5文字だけご返信ください。折り返しご連絡します。

株式会社Lei Hau'oli 開発支援事業部","380","92","汎用（非パーソナライズ・マギ1回生成）",""
"2026-09-11T18:19:46+09:00","バイオメディカ・ソリューション株式会社","情報システム部","ご担当者","【1名から常駐】フロントエンド専任エンジニア40名、採用に頼らず体制強化","情報システム部 ご担当者様

UI改修や新機能開発を進めたくても、フロントエンド専任エンジニアの採用が進まず、着手が遅れていないでしょうか。

株式会社Lei Hau'oliは、フロントエンド特化で国内大手BtoC直請け水準のエンジニアを1名から供給できるSES会社です。React/Vue.js/Next.js/TypeScriptを専門とするエンジニア約40名が在籍し、国内最大級の美容予約サービスの開発にも参画しています。

中途採用に数か月かけずとも、大規模BtoCで培った開発フローと品質基準をそのまま持ち込めるため、リリースを止めずにUI品質を底上げできます。採用が長引く間も他社は機能改善を進めており、今動くかで次四半期の速度が変わります。

現状の開発体制について、「相談したい」の5文字だけご返信ください。折り返しご連絡します。

株式会社Lei Hau'oli 開発支援事業部","384","92","汎用（非パーソナライズ・マギ1回生成）",""
"2026-09-11T18:19:46+09:00","株式会社ネイリー","開発部","ご担当者","【1名から常駐】フロントエンド専任エンジニア40名、採用に頼らず体制強化","開発部 ご担当者様

UI改修や新機能開発を進めたくても、フロントエンド専任エンジニアの採用が進まず、着手が遅れていないでしょうか。

株式会社Lei Hau'oliは、フロントエンド特化で国内大手BtoC直請け水準のエンジニアを1名から供給できるSES会社です。React/Vue.js/Next.js/TypeScriptを専門とするエンジニア約40名が在籍し、国内最大級の美容予約サービスの開発にも参画しています。

中途採用に数か月かけずとも、大規模BtoCで培った開発フローと品質基準をそのまま持ち込めるため、リリースを止めずにUI品質を底上げできます。採用が長引く間も他社は機能改善を進めており、今動くかで次四半期の速度が変わります。

現状の開発体制について、「相談したい」の5文字だけご返信ください。折り返しご連絡します。

株式会社Lei Hau'oli 開発支援事業部","380","92","汎用（非パーソナライズ・マギ1回生成）",""
"2026-09-11T18:19:46+09:00","株式会社ユニテラティ","開発部","ご担当者","【1名から常駐】フロントエンド専任エンジニア40名、採用に頼らず体制強化","開発部 ご担当者様

UI改修や新機能開発を進めたくても、フロントエンド専任エンジニアの採用が進まず、着手が遅れていないでしょうか。

株式会社Lei Hau'oliは、フロントエンド特化で国内大手BtoC直請け水準のエンジニアを1名から供給できるSES会社です。React/Vue.js/Next.js/TypeScriptを専門とするエンジニア約40名が在籍し、国内最大級の美容予約サービスの開発にも参画しています。

中途採用に数か月かけずとも、大規模BtoCで培った開発フローと品質基準をそのまま持ち込めるため、リリースを止めずにUI品質を底上げできます。採用が長引く間も他社は機能改善を進めており、今動くかで次四半期の速度が変わります。

現状の開発体制について、「相談したい」の5文字だけご返信ください。折り返しご連絡します。

株式会社Lei Hau'oli 開発支援事業部","380","92","汎用（非パーソナライズ・マギ1回生成）",""
"2026-09-11T18:19:46+09:00","株式会社Fleekdrive","開発部","ご担当者","【1名から常駐】フロントエンド専任エンジニア40名、採用に頼らず体制強化","開発部 ご担当者様

UI改修や新機能開発を進めたくても、フロントエンド専任エンジニアの採用が進まず、着手が遅れていないでしょうか。

株式会社Lei Hau'oliは、フロントエンド特化で国内大手BtoC直請け水準のエンジニアを1名から供給できるSES会社です。React/Vue.js/Next.js/TypeScriptを専門とするエンジニア約40名が在籍し、国内最大級の美容予約サービスの開発にも参画しています。

中途採用に数か月かけずとも、大規模BtoCで培った開発フローと品質基準をそのまま持ち込めるため、リリースを止めずにUI品質を底上げできます。採用が長引く間も他社は機能改善を進めており、今動くかで次四半期の速度が変わります。

現状の開発体制について、「相談したい」の5文字だけご返信ください。折り返しご連絡します。

株式会社Lei Hau'oli 開発支援事業部","380","92","汎用（非パーソナライズ・マギ1回生成）",""
"2026-09-11T18:19:46+09:00","株式会社スリーディー","開発部","ご担当者","【1名から常駐】フロントエンド専任エンジニア40名、採用に頼らず体制強化","開発部 ご担当者様

UI改修や新機能開発を進めたくても、フロントエンド専任エンジニアの採用が進まず、着手が遅れていないでしょうか。

株式会社Lei Hau'oliは、フロントエンド特化で国内大手BtoC直請け水準のエンジニアを1名から供給できるSES会社です。React/Vue.js/Next.js/TypeScriptを専門とするエンジニア約40名が在籍し、国内最大級の美容予約サービスの開発にも参画しています。

中途採用に数か月かけずとも、大規模BtoCで培った開発フローと品質基準をそのまま持ち込めるため、リリースを止めずにUI品質を底上げできます。採用が長引く間も他社は機能改善を進めており、今動くかで次四半期の速度が変わります。

現状の開発体制について、「相談したい」の5文字だけご返信ください。折り返しご連絡します。

株式会社Lei Hau'oli 開発支援事業部","380","92","汎用（非パーソナライズ・マギ1回生成）",""
"2026-09-11T18:19:46+09:00","ネクスメッドインターナショナル株式会社","情報システム部","ご担当者","【1名から常駐】フロントエンド専任エンジニア40名、採用に頼らず体制強化","情報システム部 ご担当者様

UI改修や新機能開発を進めたくても、フロントエンド専任エンジニアの採用が進まず、着手が遅れていないでしょうか。

株式会社Lei Hau'oliは、フロントエンド特化で国内大手BtoC直請け水準のエンジニアを1名から供給できるSES会社です。React/Vue.js/Next.js/TypeScriptを専門とするエンジニア約40名が在籍し、国内最大級の美容予約サービスの開発にも参画しています。

中途採用に数か月かけずとも、大規模BtoCで培った開発フローと品質基準をそのまま持ち込めるため、リリースを止めずにUI品質を底上げできます。採用が長引く間も他社は機能改善を進めており、今動くかで次四半期の速度が変わります。

現状の開発体制について、「相談したい」の5文字だけご返信ください。折り返しご連絡します。

株式会社Lei Hau'oli 開発支援事業部","384","92","汎用（非パーソナライズ・マギ1回生成）",""
"2026-09-11T18:19:46+09:00","イー・アソシエイツ株式会社","開発部","ご担当者","【1名から常駐】フロントエンド専任エンジニア40名、採用に頼らず体制強化","開発部 ご担当者様

UI改修や新機能開発を進めたくても、フロントエンド専任エンジニアの採用が進まず、着手が遅れていないでしょうか。

株式会社Lei Hau'oliは、フロントエンド特化で国内大手BtoC直請け水準のエンジニアを1名から供給できるSES会社です。React/Vue.js/Next.js/TypeScriptを専門とするエンジニア約40名が在籍し、国内最大級の美容予約サービスの開発にも参画しています。

中途採用に数か月かけずとも、大規模BtoCで培った開発フローと品質基準をそのまま持ち込めるため、リリースを止めずにUI品質を底上げできます。採用が長引く間も他社は機能改善を進めており、今動くかで次四半期の速度が変わります。

現状の開発体制について、「相談したい」の5文字だけご返信ください。折り返しご連絡します。

株式会社Lei Hau'oli 開発支援事業部","380","92","汎用（非パーソナライズ・マギ1回生成）",""
"2026-09-11T18:19:46+09:00","株式会社スポーツITソリューション","開発部","ご担当者","【1名から常駐】フロントエンド専任エンジニア40名、採用に頼らず体制強化","開発部 ご担当者様

UI改修や新機能開発を進めたくても、フロントエンド専任エンジニアの採用が進まず、着手が遅れていないでしょうか。

株式会社Lei Hau'oliは、フロントエンド特化で国内大手BtoC直請け水準のエンジニアを1名から供給できるSES会社です。React/Vue.js/Next.js/TypeScriptを専門とするエンジニア約40名が在籍し、国内最大級の美容予約サービスの開発にも参画しています。

中途採用に数か月かけずとも、大規模BtoCで培った開発フローと品質基準をそのまま持ち込めるため、リリースを止めずにUI品質を底上げできます。採用が長引く間も他社は機能改善を進めており、今動くかで次四半期の速度が変わります。

現状の開発体制について、「相談したい」の5文字だけご返信ください。折り返しご連絡します。

株式会社Lei Hau'oli 開発支援事業部","380","92","汎用（非パーソナライズ・マギ1回生成）",""
"2026-09-11T18:19:46+09:00","株式会社コアモバイル","開発部","ご担当者","【1名から常駐】フロントエンド専任エンジニア40名、採用に頼らず体制強化","開発部 ご担当者様

UI改修や新機能開発を進めたくても、フロントエンド専任エンジニアの採用が進まず、着手が遅れていないでしょうか。

株式会社Lei Hau'oliは、フロントエンド特化で国内大手BtoC直請け水準のエンジニアを1名から供給できるSES会社です。React/Vue.js/Next.js/TypeScriptを専門とするエンジニア約40名が在籍し、国内最大級の美容予約サービスの開発にも参画しています。

中途採用に数か月かけずとも、大規模BtoCで培った開発フローと品質基準をそのまま持ち込めるため、リリースを止めずにUI品質を底上げできます。採用が長引く間も他社は機能改善を進めており、今動くかで次四半期の速度が変わります。

現状の開発体制について、「相談したい」の5文字だけご返信ください。折り返しご連絡します。

株式会社Lei Hau'oli 開発支援事業部","380","92","汎用（非パーソナライズ・マギ1回生成）",""
"2026-09-11T18:19:46+09:00","ハーチ株式会社","開発部","ご担当者","【1名から常駐】フロントエンド専任エンジニア40名、採用に頼らず体制強化","開発部 ご担当者様

UI改修や新機能開発を進めたくても、フロントエンド専任エンジニアの採用が進まず、着手が遅れていないでしょうか。

株式会社Lei Hau'oliは、フロントエンド特化で国内大手BtoC直請け水準のエンジニアを1名から供給できるSES会社です。React/Vue.js/Next.js/TypeScriptを専門とするエンジニア約40名が在籍し、国内最大級の美容予約サービスの開発にも参画しています。

中途採用に数か月かけずとも、大規模BtoCで培った開発フローと品質基準をそのまま持ち込めるため、リリースを止めずにUI品質を底上げできます。採用が長引く間も他社は機能改善を進めており、今動くかで次四半期の速度が変わります。

現状の開発体制について、「相談したい」の5文字だけご返信ください。折り返しご連絡します。

株式会社Lei Hau'oli 開発支援事業部","380","92","汎用（非パーソナライズ・マギ1回生成）",""
"2026-09-11T18:19:46+09:00","abs株式会社","開発部","ご担当者","【1名から常駐】フロントエンド専任エンジニア40名、採用に頼らず体制強化","開発部 ご担当者様

UI改修や新機能開発を進めたくても、フロントエンド専任エンジニアの採用が進まず、着手が遅れていないでしょうか。

株式会社Lei Hau'oliは、フロントエンド特化で国内大手BtoC直請け水準のエンジニアを1名から供給できるSES会社です。React/Vue.js/Next.js/TypeScriptを専門とするエンジニア約40名が在籍し、国内最大級の美容予約サービスの開発にも参画しています。

中途採用に数か月かけずとも、大規模BtoCで培った開発フローと品質基準をそのまま持ち込めるため、リリースを止めずにUI品質を底上げできます。採用が長引く間も他社は機能改善を進めており、今動くかで次四半期の速度が変わります。

現状の開発体制について、「相談したい」の5文字だけご返信ください。折り返しご連絡します。

株式会社Lei Hau'oli 開発支援事業部","380","92","汎用（非パーソナライズ・マギ1回生成）",""
"2026-09-11T18:19:46+09:00","株式会社エストリンクス","開発部","ご担当者","【1名から常駐】フロントエンド専任エンジニア40名、採用に頼らず体制強化","開発部 ご担当者様

UI改修や新機能開発を進めたくても、フロントエンド専任エンジニアの採用が進まず、着手が遅れていないでしょうか。

株式会社Lei Hau'oliは、フロントエンド特化で国内大手BtoC直請け水準のエンジニアを1名から供給できるSES会社です。React/Vue.js/Next.js/TypeScriptを専門とするエンジニア約40名が在籍し、国内最大級の美容予約サービスの開発にも参画しています。

中途採用に数か月かけずとも、大規模BtoCで培った開発フローと品質基準をそのまま持ち込めるため、リリースを止めずにUI品質を底上げできます。採用が長引く間も他社は機能改善を進めており、今動くかで次四半期の速度が変わります。

現状の開発体制について、「相談したい」の5文字だけご返信ください。折り返しご連絡します。

株式会社Lei Hau'oli 開発支援事業部","380","92","汎用（非パーソナライズ・マギ1回生成）",""
"2026-09-11T18:19:46+09:00","株式会社レッツエンジョイ東京","開発部","ご担当者","【1名から常駐】フロントエンド専任エンジニア40名、採用に頼らず体制強化","開発部 ご担当者様

UI改修や新機能開発を進めたくても、フロントエンド専任エンジニアの採用が進まず、着手が遅れていないでしょうか。

株式会社Lei Hau'oliは、フロントエンド特化で国内大手BtoC直請け水準のエンジニアを1名から供給できるSES会社です。React/Vue.js/Next.js/TypeScriptを専門とするエンジニア約40名が在籍し、国内最大級の美容予約サービスの開発にも参画しています。

中途採用に数か月かけずとも、大規模BtoCで培った開発フローと品質基準をそのまま持ち込めるため、リリースを止めずにUI品質を底上げできます。採用が長引く間も他社は機能改善を進めており、今動くかで次四半期の速度が変わります。

現状の開発体制について、「相談したい」の5文字だけご返信ください。折り返しご連絡します。

株式会社Lei Hau'oli 開発支援事業部","380","92","汎用（非パーソナライズ・マギ1回生成）",""
"2026-09-11T18:19:46+09:00","株式会社360Channel","開発部","ご担当者","【1名から常駐】フロントエンド専任エンジニア40名、採用に頼らず体制強化","開発部 ご担当者様

UI改修や新機能開発を進めたくても、フロントエンド専任エンジニアの採用が進まず、着手が遅れていないでしょうか。

株式会社Lei Hau'oliは、フロントエンド特化で国内大手BtoC直請け水準のエンジニアを1名から供給できるSES会社です。React/Vue.js/Next.js/TypeScriptを専門とするエンジニア約40名が在籍し、国内最大級の美容予約サービスの開発にも参画しています。

中途採用に数か月かけずとも、大規模BtoCで培った開発フローと品質基準をそのまま持ち込めるため、リリースを止めずにUI品質を底上げできます。採用が長引く間も他社は機能改善を進めており、今動くかで次四半期の速度が変わります。

現状の開発体制について、「相談したい」の5文字だけご返信ください。折り返しご連絡します。

株式会社Lei Hau'oli 開発支援事業部","380","92","汎用（非パーソナライズ・マギ1回生成）",""
"2026-09-11T18:19:46+09:00","ピンタレスト・ジャパン合同会社","開発部","ご担当者","【1名から常駐】フロントエンド専任エンジニア40名、採用に頼らず体制強化","開発部 ご担当者様

UI改修や新機能開発を進めたくても、フロントエンド専任エンジニアの採用が進まず、着手が遅れていないでしょうか。

株式会社Lei Hau'oliは、フロントエンド特化で国内大手BtoC直請け水準のエンジニアを1名から供給できるSES会社です。React/Vue.js/Next.js/TypeScriptを専門とするエンジニア約40名が在籍し、国内最大級の美容予約サービスの開発にも参画しています。

中途採用に数か月かけずとも、大規模BtoCで培った開発フローと品質基準をそのまま持ち込めるため、リリースを止めずにUI品質を底上げできます。採用が長引く間も他社は機能改善を進めており、今動くかで次四半期の速度が変わります。

現状の開発体制について、「相談したい」の5文字だけご返信ください。折り返しご連絡します。

株式会社Lei Hau'oli 開発支援事業部","380","92","汎用（非パーソナライズ・マギ1回生成）",""
"2026-09-11T18:19:46+09:00","株式会社アイスマイリー","開発部","ご担当者","【1名から常駐】フロントエンド専任エンジニア40名、採用に頼らず体制強化","開発部 ご担当者様

UI改修や新機能開発を進めたくても、フロントエンド専任エンジニアの採用が進まず、着手が遅れていないでしょうか。

株式会社Lei Hau'oliは、フロントエンド特化で国内大手BtoC直請け水準のエンジニアを1名から供給できるSES会社です。React/Vue.js/Next.js/TypeScriptを専門とするエンジニア約40名が在籍し、国内最大級の美容予約サービスの開発にも参画しています。

中途採用に数か月かけずとも、大規模BtoCで培った開発フローと品質基準をそのまま持ち込めるため、リリースを止めずにUI品質を底上げできます。採用が長引く間も他社は機能改善を進めており、今動くかで次四半期の速度が変わります。

現状の開発体制について、「相談したい」の5文字だけご返信ください。折り返しご連絡します。

株式会社Lei Hau'oli 開発支援事業部","380","92","汎用（非パーソナライズ・マギ1回生成）",""
"2026-09-11T18:19:46+09:00","株式会社Senホールディングス","開発部","ご担当者","【1名から常駐】フロントエンド専任エンジニア40名、採用に頼らず体制強化","開発部 ご担当者様

UI改修や新機能開発を進めたくても、フロントエンド専任エンジニアの採用が進まず、着手が遅れていないでしょうか。

株式会社Lei Hau'oliは、フロントエンド特化で国内大手BtoC直請け水準のエンジニアを1名から供給できるSES会社です。React/Vue.js/Next.js/TypeScriptを専門とするエンジニア約40名が在籍し、国内最大級の美容予約サービスの開発にも参画しています。

中途採用に数か月かけずとも、大規模BtoCで培った開発フローと品質基準をそのまま持ち込めるため、リリースを止めずにUI品質を底上げできます。採用が長引く間も他社は機能改善を進めており、今動くかで次四半期の速度が変わります。

現状の開発体制について、「相談したい」の5文字だけご返信ください。折り返しご連絡します。

株式会社Lei Hau'oli 開発支援事業部","380","92","汎用（非パーソナライズ・マギ1回生成）",""
"2026-09-11T18:19:46+09:00","GMOコイン株式会社","開発部","ご担当者","【1名から常駐】フロントエンド専任エンジニア40名、採用に頼らず体制強化","開発部 ご担当者様

UI改修や新機能開発を進めたくても、フロントエンド専任エンジニアの採用が進まず、着手が遅れていないでしょうか。

株式会社Lei Hau'oliは、フロントエンド特化で国内大手BtoC直請け水準のエンジニアを1名から供給できるSES会社です。React/Vue.js/Next.js/TypeScriptを専門とするエンジニア約40名が在籍し、国内最大級の美容予約サービスの開発にも参画しています。

中途採用に数か月かけずとも、大規模BtoCで培った開発フローと品質基準をそのまま持ち込めるため、リリースを止めずにUI品質を底上げできます。採用が長引く間も他社は機能改善を進めており、今動くかで次四半期の速度が変わります。

現状の開発体制について、「相談したい」の5文字だけご返信ください。折り返しご連絡します。

株式会社Lei Hau'oli 開発支援事業部","380","92","汎用（非パーソナライズ・マギ1回生成）",""
"2026-09-11T18:19:46+09:00","株式会社シナモン","開発部","ご担当者","【1名から常駐】フロントエンド専任エンジニア40名、採用に頼らず体制強化","開発部 ご担当者様

UI改修や新機能開発を進めたくても、フロントエンド専任エンジニアの採用が進まず、着手が遅れていないでしょうか。

株式会社Lei Hau'oliは、フロントエンド特化で国内大手BtoC直請け水準のエンジニアを1名から供給できるSES会社です。React/Vue.js/Next.js/TypeScriptを専門とするエンジニア約40名が在籍し、国内最大級の美容予約サービスの開発にも参画しています。

中途採用に数か月かけずとも、大規模BtoCで培った開発フローと品質基準をそのまま持ち込めるため、リリースを止めずにUI品質を底上げできます。採用が長引く間も他社は機能改善を進めており、今動くかで次四半期の速度が変わります。

現状の開発体制について、「相談したい」の5文字だけご返信ください。折り返しご連絡します。

株式会社Lei Hau'oli 開発支援事業部","380","92","汎用（非パーソナライズ・マギ1回生成）",""
"2026-09-11T18:19:46+09:00","株式会社サマリー","開発部","ご担当者","【1名から常駐】フロントエンド専任エンジニア40名、採用に頼らず体制強化","開発部 ご担当者様

UI改修や新機能開発を進めたくても、フロントエンド専任エンジニアの採用が進まず、着手が遅れていないでしょうか。

株式会社Lei Hau'oliは、フロントエンド特化で国内大手BtoC直請け水準のエンジニアを1名から供給できるSES会社です。React/Vue.js/Next.js/TypeScriptを専門とするエンジニア約40名が在籍し、国内最大級の美容予約サービスの開発にも参画しています。

中途採用に数か月かけずとも、大規模BtoCで培った開発フローと品質基準をそのまま持ち込めるため、リリースを止めずにUI品質を底上げできます。採用が長引く間も他社は機能改善を進めており、今動くかで次四半期の速度が変わります。

現状の開発体制について、「相談したい」の5文字だけご返信ください。折り返しご連絡します。

株式会社Lei Hau'oli 開発支援事業部","380","92","汎用（非パーソナライズ・マギ1回生成）",""
"2026-09-11T18:19:46+09:00","セグエグループ株式会社","技術部","ご担当者","【1名から常駐】フロントエンド専任エンジニア40名、採用に頼らず体制強化","技術部 ご担当者様

UI改修や新機能開発を進めたくても、フロントエンド専任エンジニアの採用が進まず、着手が遅れていないでしょうか。

株式会社Lei Hau'oliは、フロントエンド特化で国内大手BtoC直請け水準のエンジニアを1名から供給できるSES会社です。React/Vue.js/Next.js/TypeScriptを専門とするエンジニア約40名が在籍し、国内最大級の美容予約サービスの開発にも参画しています。

中途採用に数か月かけずとも、大規模BtoCで培った開発フローと品質基準をそのまま持ち込めるため、リリースを止めずにUI品質を底上げできます。採用が長引く間も他社は機能改善を進めており、今動くかで次四半期の速度が変わります。

現状の開発体制について、「相談したい」の5文字だけご返信ください。折り返しご連絡します。

株式会社Lei Hau'oli 開発支援事業部","380","92","汎用（非パーソナライズ・マギ1回生成）",""
"2026-09-11T18:19:46+09:00","株式会社プレシジョン","開発部","ご担当者","【1名から常駐】フロントエンド専任エンジニア40名、採用に頼らず体制強化","開発部 ご担当者様

UI改修や新機能開発を進めたくても、フロントエンド専任エンジニアの採用が進まず、着手が遅れていないでしょうか。

株式会社Lei Hau'oliは、フロントエンド特化で国内大手BtoC直請け水準のエンジニアを1名から供給できるSES会社です。React/Vue.js/Next.js/TypeScriptを専門とするエンジニア約40名が在籍し、国内最大級の美容予約サービスの開発にも参画しています。

中途採用に数か月かけずとも、大規模BtoCで培った開発フローと品質基準をそのまま持ち込めるため、リリースを止めずにUI品質を底上げできます。採用が長引く間も他社は機能改善を進めており、今動くかで次四半期の速度が変わります。

現状の開発体制について、「相談したい」の5文字だけご返信ください。折り返しご連絡します。

株式会社Lei Hau'oli 開発支援事業部","380","92","汎用（非パーソナライズ・マギ1回生成）",""
"2026-09-11T18:19:46+09:00","株式会社AREA35","開発部","ご担当者","【1名から常駐】フロントエンド専任エンジニア40名、採用に頼らず体制強化","開発部 ご担当者様

UI改修や新機能開発を進めたくても、フロントエンド専任エンジニアの採用が進まず、着手が遅れていないでしょうか。

株式会社Lei Hau'oliは、フロントエンド特化で国内大手BtoC直請け水準のエンジニアを1名から供給できるSES会社です。React/Vue.js/Next.js/TypeScriptを専門とするエンジニア約40名が在籍し、国内最大級の美容予約サービスの開発にも参画しています。

中途採用に数か月かけずとも、大規模BtoCで培った開発フローと品質基準をそのまま持ち込めるため、リリースを止めずにUI品質を底上げできます。採用が長引く間も他社は機能改善を進めており、今動くかで次四半期の速度が変わります。

現状の開発体制について、「相談したい」の5文字だけご返信ください。折り返しご連絡します。

株式会社Lei Hau'oli 開発支援事業部","380","92","汎用（非パーソナライズ・マギ1回生成）",""
"2026-09-11T18:19:46+09:00","株式会社ファルモ","開発部","ご担当者","【1名から常駐】フロントエンド専任エンジニア40名、採用に頼らず体制強化","開発部 ご担当者様

UI改修や新機能開発を進めたくても、フロントエンド専任エンジニアの採用が進まず、着手が遅れていないでしょうか。

株式会社Lei Hau'oliは、フロントエンド特化で国内大手BtoC直請け水準のエンジニアを1名から供給できるSES会社です。React/Vue.js/Next.js/TypeScriptを専門とするエンジニア約40名が在籍し、国内最大級の美容予約サービスの開発にも参画しています。

中途採用に数か月かけずとも、大規模BtoCで培った開発フローと品質基準をそのまま持ち込めるため、リリースを止めずにUI品質を底上げできます。採用が長引く間も他社は機能改善を進めており、今動くかで次四半期の速度が変わります。

現状の開発体制について、「相談したい」の5文字だけご返信ください。折り返しご連絡します。

株式会社Lei Hau'oli 開発支援事業部","380","92","汎用（非パーソナライズ・マギ1回生成）",""
"2026-09-11T18:19:46+09:00","メイクリープス株式会社","開発部","ご担当者","【1名から常駐】フロントエンド専任エンジニア40名、採用に頼らず体制強化","開発部 ご担当者様

UI改修や新機能開発を進めたくても、フロントエンド専任エンジニアの採用が進まず、着手が遅れていないでしょうか。

株式会社Lei Hau'oliは、フロントエンド特化で国内大手BtoC直請け水準のエンジニアを1名から供給できるSES会社です。React/Vue.js/Next.js/TypeScriptを専門とするエンジニア約40名が在籍し、国内最大級の美容予約サービスの開発にも参画しています。

中途採用に数か月かけずとも、大規模BtoCで培った開発フローと品質基準をそのまま持ち込めるため、リリースを止めずにUI品質を底上げできます。採用が長引く間も他社は機能改善を進めており、今動くかで次四半期の速度が変わります。

現状の開発体制について、「相談したい」の5文字だけご返信ください。折り返しご連絡します。

株式会社Lei Hau'oli 開発支援事業部","380","92","汎用（非パーソナライズ・マギ1回生成）",""
"2026-09-11T18:19:46+09:00","株式会社Ui2","開発部","ご担当者","【1名から常駐】フロントエンド専任エンジニア40名、採用に頼らず体制強化","開発部 ご担当者様

UI改修や新機能開発を進めたくても、フロントエンド専任エンジニアの採用が進まず、着手が遅れていないでしょうか。

株式会社Lei Hau'oliは、フロントエンド特化で国内大手BtoC直請け水準のエンジニアを1名から供給できるSES会社です。React/Vue.js/Next.js/TypeScriptを専門とするエンジニア約40名が在籍し、国内最大級の美容予約サービスの開発にも参画しています。

中途採用に数か月かけずとも、大規模BtoCで培った開発フローと品質基準をそのまま持ち込めるため、リリースを止めずにUI品質を底上げできます。採用が長引く間も他社は機能改善を進めており、今動くかで次四半期の速度が変わります。

現状の開発体制について、「相談したい」の5文字だけご返信ください。折り返しご連絡します。

株式会社Lei Hau'oli 開発支援事業部","380","92","汎用（非パーソナライズ・マギ1回生成）",""
"2026-09-11T18:19:46+09:00","株式会社TwoFive","技術部","ご担当者","【1名から常駐】フロントエンド専任エンジニア40名、採用に頼らず体制強化","技術部 ご担当者様

UI改修や新機能開発を進めたくても、フロントエンド専任エンジニアの採用が進まず、着手が遅れていないでしょうか。

株式会社Lei Hau'oliは、フロントエンド特化で国内大手BtoC直請け水準のエンジニアを1名から供給できるSES会社です。React/Vue.js/Next.js/TypeScriptを専門とするエンジニア約40名が在籍し、国内最大級の美容予約サービスの開発にも参画しています。

中途採用に数か月かけずとも、大規模BtoCで培った開発フローと品質基準をそのまま持ち込めるため、リリースを止めずにUI品質を底上げできます。採用が長引く間も他社は機能改善を進めており、今動くかで次四半期の速度が変わります。

現状の開発体制について、「相談したい」の5文字だけご返信ください。折り返しご連絡します。

株式会社Lei Hau'oli 開発支援事業部","380","92","汎用（非パーソナライズ・マギ1回生成）",""
"2026-09-11T18:19:46+09:00","株式会社ハックルベリー","開発部","ご担当者","【1名から常駐】フロントエンド専任エンジニア40名、採用に頼らず体制強化","開発部 ご担当者様

UI改修や新機能開発を進めたくても、フロントエンド専任エンジニアの採用が進まず、着手が遅れていないでしょうか。

株式会社Lei Hau'oliは、フロントエンド特化で国内大手BtoC直請け水準のエンジニアを1名から供給できるSES会社です。React/Vue.js/Next.js/TypeScriptを専門とするエンジニア約40名が在籍し、国内最大級の美容予約サービスの開発にも参画しています。

中途採用に数か月かけずとも、大規模BtoCで培った開発フローと品質基準をそのまま持ち込めるため、リリースを止めずにUI品質を底上げできます。採用が長引く間も他社は機能改善を進めており、今動くかで次四半期の速度が変わります。

現状の開発体制について、「相談したい」の5文字だけご返信ください。折り返しご連絡します。

株式会社Lei Hau'oli 開発支援事業部","380","92","汎用（非パーソナライズ・マギ1回生成）",""
"2026-09-11T18:19:46+09:00","株式会社ISD","開発部","ご担当者","【1名から常駐】フロントエンド専任エンジニア40名、採用に頼らず体制強化","開発部 ご担当者様

UI改修や新機能開発を進めたくても、フロントエンド専任エンジニアの採用が進まず、着手が遅れていないでしょうか。

株式会社Lei Hau'oliは、フロントエンド特化で国内大手BtoC直請け水準のエンジニアを1名から供給できるSES会社です。React/Vue.js/Next.js/TypeScriptを専門とするエンジニア約40名が在籍し、国内最大級の美容予約サービスの開発にも参画しています。

中途採用に数か月かけずとも、大規模BtoCで培った開発フローと品質基準をそのまま持ち込めるため、リリースを止めずにUI品質を底上げできます。採用が長引く間も他社は機能改善を進めており、今動くかで次四半期の速度が変わります。

現状の開発体制について、「相談したい」の5文字だけご返信ください。折り返しご連絡します。

株式会社Lei Hau'oli 開発支援事業部","380","92","汎用（非パーソナライズ・マギ1回生成）",""
"2026-09-11T18:19:46+09:00","株式会社Doctorbook","開発部","ご担当者","【1名から常駐】フロントエンド専任エンジニア40名、採用に頼らず体制強化","開発部 ご担当者様

UI改修や新機能開発を進めたくても、フロントエンド専任エンジニアの採用が進まず、着手が遅れていないでしょうか。

株式会社Lei Hau'oliは、フロントエンド特化で国内大手BtoC直請け水準のエンジニアを1名から供給できるSES会社です。React/Vue.js/Next.js/TypeScriptを専門とするエンジニア約40名が在籍し、国内最大級の美容予約サービスの開発にも参画しています。

中途採用に数か月かけずとも、大規模BtoCで培った開発フローと品質基準をそのまま持ち込めるため、リリースを止めずにUI品質を底上げできます。採用が長引く間も他社は機能改善を進めており、今動くかで次四半期の速度が変わります。

現状の開発体制について、「相談したい」の5文字だけご返信ください。折り返しご連絡します。

株式会社Lei Hau'oli 開発支援事業部","380","92","汎用（非パーソナライズ・マギ1回生成）",""
"2026-09-11T18:19:46+09:00","オリコンNewS株式会社","開発部","ご担当者","【1名から常駐】フロントエンド専任エンジニア40名、採用に頼らず体制強化","開発部 ご担当者様

UI改修や新機能開発を進めたくても、フロントエンド専任エンジニアの採用が進まず、着手が遅れていないでしょうか。

株式会社Lei Hau'oliは、フロントエンド特化で国内大手BtoC直請け水準のエンジニアを1名から供給できるSES会社です。React/Vue.js/Next.js/TypeScriptを専門とするエンジニア約40名が在籍し、国内最大級の美容予約サービスの開発にも参画しています。

中途採用に数か月かけずとも、大規模BtoCで培った開発フローと品質基準をそのまま持ち込めるため、リリースを止めずにUI品質を底上げできます。採用が長引く間も他社は機能改善を進めており、今動くかで次四半期の速度が変わります。

現状の開発体制について、「相談したい」の5文字だけご返信ください。折り返しご連絡します。

株式会社Lei Hau'oli 開発支援事業部","380","92","汎用（非パーソナライズ・マギ1回生成）",""
"2026-09-11T18:19:46+09:00","株式会社ケーウェイズ","開発部","ご担当者","【1名から常駐】フロントエンド専任エンジニア40名、採用に頼らず体制強化","開発部 ご担当者様

UI改修や新機能開発を進めたくても、フロントエンド専任エンジニアの採用が進まず、着手が遅れていないでしょうか。

株式会社Lei Hau'oliは、フロントエンド特化で国内大手BtoC直請け水準のエンジニアを1名から供給できるSES会社です。React/Vue.js/Next.js/TypeScriptを専門とするエンジニア約40名が在籍し、国内最大級の美容予約サービスの開発にも参画しています。

中途採用に数か月かけずとも、大規模BtoCで培った開発フローと品質基準をそのまま持ち込めるため、リリースを止めずにUI品質を底上げできます。採用が長引く間も他社は機能改善を進めており、今動くかで次四半期の速度が変わります。

現状の開発体制について、「相談したい」の5文字だけご返信ください。折り返しご連絡します。

株式会社Lei Hau'oli 開発支援事業部","380","92","汎用（非パーソナライズ・マギ1回生成）",""
"2026-09-11T18:19:46+09:00","CyberArk Software株式会社","技術部","ご担当者","【1名から常駐】フロントエンド専任エンジニア40名、採用に頼らず体制強化","技術部 ご担当者様

UI改修や新機能開発を進めたくても、フロントエンド専任エンジニアの採用が進まず、着手が遅れていないでしょうか。

株式会社Lei Hau'oliは、フロントエンド特化で国内大手BtoC直請け水準のエンジニアを1名から供給できるSES会社です。React/Vue.js/Next.js/TypeScriptを専門とするエンジニア約40名が在籍し、国内最大級の美容予約サービスの開発にも参画しています。

中途採用に数か月かけずとも、大規模BtoCで培った開発フローと品質基準をそのまま持ち込めるため、リリースを止めずにUI品質を底上げできます。採用が長引く間も他社は機能改善を進めており、今動くかで次四半期の速度が変わります。

現状の開発体制について、「相談したい」の5文字だけご返信ください。折り返しご連絡します。

株式会社Lei Hau'oli 開発支援事業部","380","92","汎用（非パーソナライズ・マギ1回生成）",""
"2026-09-11T18:19:46+09:00","株式会社できるくん","開発部","ご担当者","【1名から常駐】フロントエンド専任エンジニア40名、採用に頼らず体制強化","開発部 ご担当者様

UI改修や新機能開発を進めたくても、フロントエンド専任エンジニアの採用が進まず、着手が遅れていないでしょうか。

株式会社Lei Hau'oliは、フロントエンド特化で国内大手BtoC直請け水準のエンジニアを1名から供給できるSES会社です。React/Vue.js/Next.js/TypeScriptを専門とするエンジニア約40名が在籍し、国内最大級の美容予約サービスの開発にも参画しています。

中途採用に数か月かけずとも、大規模BtoCで培った開発フローと品質基準をそのまま持ち込めるため、リリースを止めずにUI品質を底上げできます。採用が長引く間も他社は機能改善を進めており、今動くかで次四半期の速度が変わります。

現状の開発体制について、「相談したい」の5文字だけご返信ください。折り返しご連絡します。

株式会社Lei Hau'oli 開発支援事業部","380","92","汎用（非パーソナライズ・マギ1回生成）",""
"2026-09-11T18:19:46+09:00","株式会社ジェネリー","開発部","ご担当者","【1名から常駐】フロントエンド専任エンジニア40名、採用に頼らず体制強化","開発部 ご担当者様

UI改修や新機能開発を進めたくても、フロントエンド専任エンジニアの採用が進まず、着手が遅れていないでしょうか。

株式会社Lei Hau'oliは、フロントエンド特化で国内大手BtoC直請け水準のエンジニアを1名から供給できるSES会社です。React/Vue.js/Next.js/TypeScriptを専門とするエンジニア約40名が在籍し、国内最大級の美容予約サービスの開発にも参画しています。

中途採用に数か月かけずとも、大規模BtoCで培った開発フローと品質基準をそのまま持ち込めるため、リリースを止めずにUI品質を底上げできます。採用が長引く間も他社は機能改善を進めており、今動くかで次四半期の速度が変わります。

現状の開発体制について、「相談したい」の5文字だけご返信ください。折り返しご連絡します。

株式会社Lei Hau'oli 開発支援事業部","380","92","汎用（非パーソナライズ・マギ1回生成）",""
"2026-09-11T18:19:46+09:00","勝山市観光まちづくり株式会社","開発部","ご担当者","【1名から常駐】フロントエンド専任エンジニア40名、採用に頼らず体制強化","開発部 ご担当者様

UI改修や新機能開発を進めたくても、フロントエンド専任エンジニアの採用が進まず、着手が遅れていないでしょうか。

株式会社Lei Hau'oliは、フロントエンド特化で国内大手BtoC直請け水準のエンジニアを1名から供給できるSES会社です。React/Vue.js/Next.js/TypeScriptを専門とするエンジニア約40名が在籍し、国内最大級の美容予約サービスの開発にも参画しています。

中途採用に数か月かけずとも、大規模BtoCで培った開発フローと品質基準をそのまま持ち込めるため、リリースを止めずにUI品質を底上げできます。採用が長引く間も他社は機能改善を進めており、今動くかで次四半期の速度が変わります。

現状の開発体制について、「相談したい」の5文字だけご返信ください。折り返しご連絡します。

株式会社Lei Hau'oli 開発支援事業部","380","92","汎用（非パーソナライズ・マギ1回生成）",""
"2026-09-11T18:19:46+09:00","株式会社MAZIN","開発部","ご担当者","【1名から常駐】フロントエンド専任エンジニア40名、採用に頼らず体制強化","開発部 ご担当者様

UI改修や新機能開発を進めたくても、フロントエンド専任エンジニアの採用が進まず、着手が遅れていないでしょうか。

株式会社Lei Hau'oliは、フロントエンド特化で国内大手BtoC直請け水準のエンジニアを1名から供給できるSES会社です。React/Vue.js/Next.js/TypeScriptを専門とするエンジニア約40名が在籍し、国内最大級の美容予約サービスの開発にも参画しています。

中途採用に数か月かけずとも、大規模BtoCで培った開発フローと品質基準をそのまま持ち込めるため、リリースを止めずにUI品質を底上げできます。採用が長引く間も他社は機能改善を進めており、今動くかで次四半期の速度が変わります。

現状の開発体制について、「相談したい」の5文字だけご返信ください。折り返しご連絡します。

株式会社Lei Hau'oli 開発支援事業部","380","92","汎用（非パーソナライズ・マギ1回生成）",""
"2026-09-11T18:19:46+09:00","株式会社ゴトウライフクリエイション","情報システム部","ご担当者","【1名から常駐】フロントエンド専任エンジニア40名、採用に頼らず体制強化","情報システム部 ご担当者様

UI改修や新機能開発を進めたくても、フロントエンド専任エンジニアの採用が進まず、着手が遅れていないでしょうか。

株式会社Lei Hau'oliは、フロントエンド特化で国内大手BtoC直請け水準のエンジニアを1名から供給できるSES会社です。React/Vue.js/Next.js/TypeScriptを専門とするエンジニア約40名が在籍し、国内最大級の美容予約サービスの開発にも参画しています。

中途採用に数か月かけずとも、大規模BtoCで培った開発フローと品質基準をそのまま持ち込めるため、リリースを止めずにUI品質を底上げできます。採用が長引く間も他社は機能改善を進めており、今動くかで次四半期の速度が変わります。

現状の開発体制について、「相談したい」の5文字だけご返信ください。折り返しご連絡します。

株式会社Lei Hau'oli 開発支援事業部","384","92","汎用（非パーソナライズ・マギ1回生成）",""
"2026-09-11T18:19:46+09:00","エニワン株式会社","開発部","ご担当者","【1名から常駐】フロントエンド専任エンジニア40名、採用に頼らず体制強化","開発部 ご担当者様

UI改修や新機能開発を進めたくても、フロントエンド専任エンジニアの採用が進まず、着手が遅れていないでしょうか。

株式会社Lei Hau'oliは、フロントエンド特化で国内大手BtoC直請け水準のエンジニアを1名から供給できるSES会社です。React/Vue.js/Next.js/TypeScriptを専門とするエンジニア約40名が在籍し、国内最大級の美容予約サービスの開発にも参画しています。

中途採用に数か月かけずとも、大規模BtoCで培った開発フローと品質基準をそのまま持ち込めるため、リリースを止めずにUI品質を底上げできます。採用が長引く間も他社は機能改善を進めており、今動くかで次四半期の速度が変わります。

現状の開発体制について、「相談したい」の5文字だけご返信ください。折り返しご連絡します。

株式会社Lei Hau'oli 開発支援事業部","380","92","汎用（非パーソナライズ・マギ1回生成）",""
"2026-09-11T18:19:46+09:00","株式会社H2Technology","開発部","ご担当者","【1名から常駐】フロントエンド専任エンジニア40名、採用に頼らず体制強化","開発部 ご担当者様

UI改修や新機能開発を進めたくても、フロントエンド専任エンジニアの採用が進まず、着手が遅れていないでしょうか。

株式会社Lei Hau'oliは、フロントエンド特化で国内大手BtoC直請け水準のエンジニアを1名から供給できるSES会社です。React/Vue.js/Next.js/TypeScriptを専門とするエンジニア約40名が在籍し、国内最大級の美容予約サービスの開発にも参画しています。

中途採用に数か月かけずとも、大規模BtoCで培った開発フローと品質基準をそのまま持ち込めるため、リリースを止めずにUI品質を底上げできます。採用が長引く間も他社は機能改善を進めており、今動くかで次四半期の速度が変わります。

現状の開発体制について、「相談したい」の5文字だけご返信ください。折り返しご連絡します。

株式会社Lei Hau'oli 開発支援事業部","380","92","汎用（非パーソナライズ・マギ1回生成）",""
"2026-09-11T18:19:46+09:00","株式会社レンガ","開発部","ご担当者","【1名から常駐】フロントエンド専任エンジニア40名、採用に頼らず体制強化","開発部 ご担当者様

UI改修や新機能開発を進めたくても、フロントエンド専任エンジニアの採用が進まず、着手が遅れていないでしょうか。

株式会社Lei Hau'oliは、フロントエンド特化で国内大手BtoC直請け水準のエンジニアを1名から供給できるSES会社です。React/Vue.js/Next.js/TypeScriptを専門とするエンジニア約40名が在籍し、国内最大級の美容予約サービスの開発にも参画しています。

中途採用に数か月かけずとも、大規模BtoCで培った開発フローと品質基準をそのまま持ち込めるため、リリースを止めずにUI品質を底上げできます。採用が長引く間も他社は機能改善を進めており、今動くかで次四半期の速度が変わります。

現状の開発体制について、「相談したい」の5文字だけご返信ください。折り返しご連絡します。

株式会社Lei Hau'oli 開発支援事業部","380","92","汎用（非パーソナライズ・マギ1回生成）",""
"2026-09-11T18:19:46+09:00","株式会社シンプル","開発部","ご担当者","【1名から常駐】フロントエンド専任エンジニア40名、採用に頼らず体制強化","開発部 ご担当者様

UI改修や新機能開発を進めたくても、フロントエンド専任エンジニアの採用が進まず、着手が遅れていないでしょうか。

株式会社Lei Hau'oliは、フロントエンド特化で国内大手BtoC直請け水準のエンジニアを1名から供給できるSES会社です。React/Vue.js/Next.js/TypeScriptを専門とするエンジニア約40名が在籍し、国内最大級の美容予約サービスの開発にも参画しています。

中途採用に数か月かけずとも、大規模BtoCで培った開発フローと品質基準をそのまま持ち込めるため、リリースを止めずにUI品質を底上げできます。採用が長引く間も他社は機能改善を進めており、今動くかで次四半期の速度が変わります。

現状の開発体制について、「相談したい」の5文字だけご返信ください。折り返しご連絡します。

株式会社Lei Hau'oli 開発支援事業部","380","92","汎用（非パーソナライズ・マギ1回生成）",""
"2026-09-11T18:19:46+09:00","株式会社エバーセンス","開発部","ご担当者","【1名から常駐】フロントエンド専任エンジニア40名、採用に頼らず体制強化","開発部 ご担当者様

UI改修や新機能開発を進めたくても、フロントエンド専任エンジニアの採用が進まず、着手が遅れていないでしょうか。

株式会社Lei Hau'oliは、フロントエンド特化で国内大手BtoC直請け水準のエンジニアを1名から供給できるSES会社です。React/Vue.js/Next.js/TypeScriptを専門とするエンジニア約40名が在籍し、国内最大級の美容予約サービスの開発にも参画しています。

中途採用に数か月かけずとも、大規模BtoCで培った開発フローと品質基準をそのまま持ち込めるため、リリースを止めずにUI品質を底上げできます。採用が長引く間も他社は機能改善を進めており、今動くかで次四半期の速度が変わります。

現状の開発体制について、「相談したい」の5文字だけご返信ください。折り返しご連絡します。

株式会社Lei Hau'oli 開発支援事業部","380","92","汎用（非パーソナライズ・マギ1回生成）",""
"2026-09-11T18:19:46+09:00","株式会社エックスラボ","開発部","ご担当者","【1名から常駐】フロントエンド専任エンジニア40名、採用に頼らず体制強化","開発部 ご担当者様

UI改修や新機能開発を進めたくても、フロントエンド専任エンジニアの採用が進まず、着手が遅れていないでしょうか。

株式会社Lei Hau'oliは、フロントエンド特化で国内大手BtoC直請け水準のエンジニアを1名から供給できるSES会社です。React/Vue.js/Next.js/TypeScriptを専門とするエンジニア約40名が在籍し、国内最大級の美容予約サービスの開発にも参画しています。

中途採用に数か月かけずとも、大規模BtoCで培った開発フローと品質基準をそのまま持ち込めるため、リリースを止めずにUI品質を底上げできます。採用が長引く間も他社は機能改善を進めており、今動くかで次四半期の速度が変わります。

現状の開発体制について、「相談したい」の5文字だけご返信ください。折り返しご連絡します。

株式会社Lei Hau'oli 開発支援事業部","380","92","汎用（非パーソナライズ・マギ1回生成）",""
"2026-09-11T18:19:46+09:00","GMO AIコネクト株式会社","開発部","ご担当者","【1名から常駐】フロントエンド専任エンジニア40名、採用に頼らず体制強化","開発部 ご担当者様

UI改修や新機能開発を進めたくても、フロントエンド専任エンジニアの採用が進まず、着手が遅れていないでしょうか。

株式会社Lei Hau'oliは、フロントエンド特化で国内大手BtoC直請け水準のエンジニアを1名から供給できるSES会社です。React/Vue.js/Next.js/TypeScriptを専門とするエンジニア約40名が在籍し、国内最大級の美容予約サービスの開発にも参画しています。

中途採用に数か月かけずとも、大規模BtoCで培った開発フローと品質基準をそのまま持ち込めるため、リリースを止めずにUI品質を底上げできます。採用が長引く間も他社は機能改善を進めており、今動くかで次四半期の速度が変わります。

現状の開発体制について、「相談したい」の5文字だけご返信ください。折り返しご連絡します。

株式会社Lei Hau'oli 開発支援事業部","380","92","汎用（非パーソナライズ・マギ1回生成）",""
"2026-09-11T18:19:46+09:00","サンエー株式会社","情報システム部","ご担当者","【1名から常駐】フロントエンド専任エンジニア40名、採用に頼らず体制強化","情報システム部 ご担当者様

UI改修や新機能開発を進めたくても、フロントエンド専任エンジニアの採用が進まず、着手が遅れていないでしょうか。

株式会社Lei Hau'oliは、フロントエンド特化で国内大手BtoC直請け水準のエンジニアを1名から供給できるSES会社です。React/Vue.js/Next.js/TypeScriptを専門とするエンジニア約40名が在籍し、国内最大級の美容予約サービスの開発にも参画しています。

中途採用に数か月かけずとも、大規模BtoCで培った開発フローと品質基準をそのまま持ち込めるため、リリースを止めずにUI品質を底上げできます。採用が長引く間も他社は機能改善を進めており、今動くかで次四半期の速度が変わります。

現状の開発体制について、「相談したい」の5文字だけご返信ください。折り返しご連絡します。

株式会社Lei Hau'oli 開発支援事業部","384","92","汎用（非パーソナライズ・マギ1回生成）",""
"2026-09-11T18:19:46+09:00","ジェンヌ・インターナショナル株式会社","開発部","ご担当者","【1名から常駐】フロントエンド専任エンジニア40名、採用に頼らず体制強化","開発部 ご担当者様

UI改修や新機能開発を進めたくても、フロントエンド専任エンジニアの採用が進まず、着手が遅れていないでしょうか。

株式会社Lei Hau'oliは、フロントエンド特化で国内大手BtoC直請け水準のエンジニアを1名から供給できるSES会社です。React/Vue.js/Next.js/TypeScriptを専門とするエンジニア約40名が在籍し、国内最大級の美容予約サービスの開発にも参画しています。

中途採用に数か月かけずとも、大規模BtoCで培った開発フローと品質基準をそのまま持ち込めるため、リリースを止めずにUI品質を底上げできます。採用が長引く間も他社は機能改善を進めており、今動くかで次四半期の速度が変わります。

現状の開発体制について、「相談したい」の5文字だけご返信ください。折り返しご連絡します。

株式会社Lei Hau'oli 開発支援事業部","380","92","汎用（非パーソナライズ・マギ1回生成）",""
"2026-09-11T18:19:46+09:00","キャップクラウド株式会社","開発部","ご担当者","【1名から常駐】フロントエンド専任エンジニア40名、採用に頼らず体制強化","開発部 ご担当者様

UI改修や新機能開発を進めたくても、フロントエンド専任エンジニアの採用が進まず、着手が遅れていないでしょうか。

株式会社Lei Hau'oliは、フロントエンド特化で国内大手BtoC直請け水準のエンジニアを1名から供給できるSES会社です。React/Vue.js/Next.js/TypeScriptを専門とするエンジニア約40名が在籍し、国内最大級の美容予約サービスの開発にも参画しています。

中途採用に数か月かけずとも、大規模BtoCで培った開発フローと品質基準をそのまま持ち込めるため、リリースを止めずにUI品質を底上げできます。採用が長引く間も他社は機能改善を進めており、今動くかで次四半期の速度が変わります。

現状の開発体制について、「相談したい」の5文字だけご返信ください。折り返しご連絡します。

株式会社Lei Hau'oli 開発支援事業部","380","92","汎用（非パーソナライズ・マギ1回生成）",""
"2026-09-11T18:19:46+09:00","Baseconnect株式会社","開発部","ご担当者","【1名から常駐】フロントエンド専任エンジニア40名、採用に頼らず体制強化","開発部 ご担当者様

UI改修や新機能開発を進めたくても、フロントエンド専任エンジニアの採用が進まず、着手が遅れていないでしょうか。

株式会社Lei Hau'oliは、フロントエンド特化で国内大手BtoC直請け水準のエンジニアを1名から供給できるSES会社です。React/Vue.js/Next.js/TypeScriptを専門とするエンジニア約40名が在籍し、国内最大級の美容予約サービスの開発にも参画しています。

中途採用に数か月かけずとも、大規模BtoCで培った開発フローと品質基準をそのまま持ち込めるため、リリースを止めずにUI品質を底上げできます。採用が長引く間も他社は機能改善を進めており、今動くかで次四半期の速度が変わります。

現状の開発体制について、「相談したい」の5文字だけご返信ください。折り返しご連絡します。

株式会社Lei Hau'oli 開発支援事業部","380","92","汎用（非パーソナライズ・マギ1回生成）",""
"2026-09-11T18:19:46+09:00","株式会社セブンピース・イノベーション","開発部","ご担当者","【1名から常駐】フロントエンド専任エンジニア40名、採用に頼らず体制強化","開発部 ご担当者様

UI改修や新機能開発を進めたくても、フロントエンド専任エンジニアの採用が進まず、着手が遅れていないでしょうか。

株式会社Lei Hau'oliは、フロントエンド特化で国内大手BtoC直請け水準のエンジニアを1名から供給できるSES会社です。React/Vue.js/Next.js/TypeScriptを専門とするエンジニア約40名が在籍し、国内最大級の美容予約サービスの開発にも参画しています。

中途採用に数か月かけずとも、大規模BtoCで培った開発フローと品質基準をそのまま持ち込めるため、リリースを止めずにUI品質を底上げできます。採用が長引く間も他社は機能改善を進めており、今動くかで次四半期の速度が変わります。

現状の開発体制について、「相談したい」の5文字だけご返信ください。折り返しご連絡します。

株式会社Lei Hau'oli 開発支援事業部","380","92","汎用（非パーソナライズ・マギ1回生成）",""
"2026-09-11T18:19:46+09:00","丸紅アークログ株式会社","開発部","ご担当者","【1名から常駐】フロントエンド専任エンジニア40名、採用に頼らず体制強化","開発部 ご担当者様

UI改修や新機能開発を進めたくても、フロントエンド専任エンジニアの採用が進まず、着手が遅れていないでしょうか。

株式会社Lei Hau'oliは、フロントエンド特化で国内大手BtoC直請け水準のエンジニアを1名から供給できるSES会社です。React/Vue.js/Next.js/TypeScriptを専門とするエンジニア約40名が在籍し、国内最大級の美容予約サービスの開発にも参画しています。

中途採用に数か月かけずとも、大規模BtoCで培った開発フローと品質基準をそのまま持ち込めるため、リリースを止めずにUI品質を底上げできます。採用が長引く間も他社は機能改善を進めており、今動くかで次四半期の速度が変わります。

現状の開発体制について、「相談したい」の5文字だけご返信ください。折り返しご連絡します。

株式会社Lei Hau'oli 開発支援事業部","380","92","汎用（非パーソナライズ・マギ1回生成）",""
"2026-09-11T18:19:46+09:00","株式会社ハイパードライブ","開発部","ご担当者","【1名から常駐】フロントエンド専任エンジニア40名、採用に頼らず体制強化","開発部 ご担当者様

UI改修や新機能開発を進めたくても、フロントエンド専任エンジニアの採用が進まず、着手が遅れていないでしょうか。

株式会社Lei Hau'oliは、フロントエンド特化で国内大手BtoC直請け水準のエンジニアを1名から供給できるSES会社です。React/Vue.js/Next.js/TypeScriptを専門とするエンジニア約40名が在籍し、国内最大級の美容予約サービスの開発にも参画しています。

中途採用に数か月かけずとも、大規模BtoCで培った開発フローと品質基準をそのまま持ち込めるため、リリースを止めずにUI品質を底上げできます。採用が長引く間も他社は機能改善を進めており、今動くかで次四半期の速度が変わります。

現状の開発体制について、「相談したい」の5文字だけご返信ください。折り返しご連絡します。

株式会社Lei Hau'oli 開発支援事業部","380","92","汎用（非パーソナライズ・マギ1回生成）",""
"2026-09-11T18:19:46+09:00","株式会社Realize","開発部","ご担当者","【1名から常駐】フロントエンド専任エンジニア40名、採用に頼らず体制強化","開発部 ご担当者様

UI改修や新機能開発を進めたくても、フロントエンド専任エンジニアの採用が進まず、着手が遅れていないでしょうか。

株式会社Lei Hau'oliは、フロントエンド特化で国内大手BtoC直請け水準のエンジニアを1名から供給できるSES会社です。React/Vue.js/Next.js/TypeScriptを専門とするエンジニア約40名が在籍し、国内最大級の美容予約サービスの開発にも参画しています。

中途採用に数か月かけずとも、大規模BtoCで培った開発フローと品質基準をそのまま持ち込めるため、リリースを止めずにUI品質を底上げできます。採用が長引く間も他社は機能改善を進めており、今動くかで次四半期の速度が変わります。

現状の開発体制について、「相談したい」の5文字だけご返信ください。折り返しご連絡します。

株式会社Lei Hau'oli 開発支援事業部","380","92","汎用（非パーソナライズ・マギ1回生成）",""
"2026-09-11T18:19:46+09:00","株式会社フィナンシェ","開発部","ご担当者","【1名から常駐】フロントエンド専任エンジニア40名、採用に頼らず体制強化","開発部 ご担当者様

UI改修や新機能開発を進めたくても、フロントエンド専任エンジニアの採用が進まず、着手が遅れていないでしょうか。

株式会社Lei Hau'oliは、フロントエンド特化で国内大手BtoC直請け水準のエンジニアを1名から供給できるSES会社です。React/Vue.js/Next.js/TypeScriptを専門とするエンジニア約40名が在籍し、国内最大級の美容予約サービスの開発にも参画しています。

中途採用に数か月かけずとも、大規模BtoCで培った開発フローと品質基準をそのまま持ち込めるため、リリースを止めずにUI品質を底上げできます。採用が長引く間も他社は機能改善を進めており、今動くかで次四半期の速度が変わります。

現状の開発体制について、「相談したい」の5文字だけご返信ください。折り返しご連絡します。

株式会社Lei Hau'oli 開発支援事業部","380","92","汎用（非パーソナライズ・マギ1回生成）",""
"2026-09-11T18:19:46+09:00","医療法人春夏冬","開発部","ご担当者","【1名から常駐】フロントエンド専任エンジニア40名、採用に頼らず体制強化","開発部 ご担当者様

UI改修や新機能開発を進めたくても、フロントエンド専任エンジニアの採用が進まず、着手が遅れていないでしょうか。

株式会社Lei Hau'oliは、フロントエンド特化で国内大手BtoC直請け水準のエンジニアを1名から供給できるSES会社です。React/Vue.js/Next.js/TypeScriptを専門とするエンジニア約40名が在籍し、国内最大級の美容予約サービスの開発にも参画しています。

中途採用に数か月かけずとも、大規模BtoCで培った開発フローと品質基準をそのまま持ち込めるため、リリースを止めずにUI品質を底上げできます。採用が長引く間も他社は機能改善を進めており、今動くかで次四半期の速度が変わります。

現状の開発体制について、「相談したい」の5文字だけご返信ください。折り返しご連絡します。

株式会社Lei Hau'oli 開発支援事業部","380","92","汎用（非パーソナライズ・マギ1回生成）",""
"2026-09-11T18:19:46+09:00","株式会社creato","開発部","ご担当者","【1名から常駐】フロントエンド専任エンジニア40名、採用に頼らず体制強化","開発部 ご担当者様

UI改修や新機能開発を進めたくても、フロントエンド専任エンジニアの採用が進まず、着手が遅れていないでしょうか。

株式会社Lei Hau'oliは、フロントエンド特化で国内大手BtoC直請け水準のエンジニアを1名から供給できるSES会社です。React/Vue.js/Next.js/TypeScriptを専門とするエンジニア約40名が在籍し、国内最大級の美容予約サービスの開発にも参画しています。

中途採用に数か月かけずとも、大規模BtoCで培った開発フローと品質基準をそのまま持ち込めるため、リリースを止めずにUI品質を底上げできます。採用が長引く間も他社は機能改善を進めており、今動くかで次四半期の速度が変わります。

現状の開発体制について、「相談したい」の5文字だけご返信ください。折り返しご連絡します。

株式会社Lei Hau'oli 開発支援事業部","380","92","汎用（非パーソナライズ・マギ1回生成）",""
"2026-09-11T18:19:46+09:00","日本医師会ORCA管理機構株式会社","開発部","ご担当者","【1名から常駐】フロントエンド専任エンジニア40名、採用に頼らず体制強化","開発部 ご担当者様

UI改修や新機能開発を進めたくても、フロントエンド専任エンジニアの採用が進まず、着手が遅れていないでしょうか。

株式会社Lei Hau'oliは、フロントエンド特化で国内大手BtoC直請け水準のエンジニアを1名から供給できるSES会社です。React/Vue.js/Next.js/TypeScriptを専門とするエンジニア約40名が在籍し、国内最大級の美容予約サービスの開発にも参画しています。

中途採用に数か月かけずとも、大規模BtoCで培った開発フローと品質基準をそのまま持ち込めるため、リリースを止めずにUI品質を底上げできます。採用が長引く間も他社は機能改善を進めており、今動くかで次四半期の速度が変わります。

現状の開発体制について、「相談したい」の5文字だけご返信ください。折り返しご連絡します。

株式会社Lei Hau'oli 開発支援事業部","380","92","汎用（非パーソナライズ・マギ1回生成）",""
"2026-09-11T18:19:46+09:00","株式会社ロートセルファクトリー東京","情報システム部","ご担当者","【1名から常駐】フロントエンド専任エンジニア40名、採用に頼らず体制強化","情報システム部 ご担当者様

UI改修や新機能開発を進めたくても、フロントエンド専任エンジニアの採用が進まず、着手が遅れていないでしょうか。

株式会社Lei Hau'oliは、フロントエンド特化で国内大手BtoC直請け水準のエンジニアを1名から供給できるSES会社です。React/Vue.js/Next.js/TypeScriptを専門とするエンジニア約40名が在籍し、国内最大級の美容予約サービスの開発にも参画しています。

中途採用に数か月かけずとも、大規模BtoCで培った開発フローと品質基準をそのまま持ち込めるため、リリースを止めずにUI品質を底上げできます。採用が長引く間も他社は機能改善を進めており、今動くかで次四半期の速度が変わります。

現状の開発体制について、「相談したい」の5文字だけご返信ください。折り返しご連絡します。

株式会社Lei Hau'oli 開発支援事業部","384","92","汎用（非パーソナライズ・マギ1回生成）",""
"2026-09-11T18:19:46+09:00","株式会社日本経営研究所","開発部","ご担当者","【1名から常駐】フロントエンド専任エンジニア40名、採用に頼らず体制強化","開発部 ご担当者様

UI改修や新機能開発を進めたくても、フロントエンド専任エンジニアの採用が進まず、着手が遅れていないでしょうか。

株式会社Lei Hau'oliは、フロントエンド特化で国内大手BtoC直請け水準のエンジニアを1名から供給できるSES会社です。React/Vue.js/Next.js/TypeScriptを専門とするエンジニア約40名が在籍し、国内最大級の美容予約サービスの開発にも参画しています。

中途採用に数か月かけずとも、大規模BtoCで培った開発フローと品質基準をそのまま持ち込めるため、リリースを止めずにUI品質を底上げできます。採用が長引く間も他社は機能改善を進めており、今動くかで次四半期の速度が変わります。

現状の開発体制について、「相談したい」の5文字だけご返信ください。折り返しご連絡します。

株式会社Lei Hau'oli 開発支援事業部","380","92","汎用（非パーソナライズ・マギ1回生成）",""
"2026-09-11T18:19:46+09:00","株式会社アイディーラボ","情報システム部","ご担当者","【1名から常駐】フロントエンド専任エンジニア40名、採用に頼らず体制強化","情報システム部 ご担当者様

UI改修や新機能開発を進めたくても、フロントエンド専任エンジニアの採用が進まず、着手が遅れていないでしょうか。

株式会社Lei Hau'oliは、フロントエンド特化で国内大手BtoC直請け水準のエンジニアを1名から供給できるSES会社です。React/Vue.js/Next.js/TypeScriptを専門とするエンジニア約40名が在籍し、国内最大級の美容予約サービスの開発にも参画しています。

中途採用に数か月かけずとも、大規模BtoCで培った開発フローと品質基準をそのまま持ち込めるため、リリースを止めずにUI品質を底上げできます。採用が長引く間も他社は機能改善を進めており、今動くかで次四半期の速度が変わります。

現状の開発体制について、「相談したい」の5文字だけご返信ください。折り返しご連絡します。

株式会社Lei Hau'oli 開発支援事業部","384","92","汎用（非パーソナライズ・マギ1回生成）",""
"2026-09-11T18:19:46+09:00","Zabbix Japan合同会社","開発部","ご担当者","【1名から常駐】フロントエンド専任エンジニア40名、採用に頼らず体制強化","開発部 ご担当者様

UI改修や新機能開発を進めたくても、フロントエンド専任エンジニアの採用が進まず、着手が遅れていないでしょうか。

株式会社Lei Hau'oliは、フロントエンド特化で国内大手BtoC直請け水準のエンジニアを1名から供給できるSES会社です。React/Vue.js/Next.js/TypeScriptを専門とするエンジニア約40名が在籍し、国内最大級の美容予約サービスの開発にも参画しています。

中途採用に数か月かけずとも、大規模BtoCで培った開発フローと品質基準をそのまま持ち込めるため、リリースを止めずにUI品質を底上げできます。採用が長引く間も他社は機能改善を進めており、今動くかで次四半期の速度が変わります。

現状の開発体制について、「相談したい」の5文字だけご返信ください。折り返しご連絡します。

株式会社Lei Hau'oli 開発支援事業部","380","92","汎用（非パーソナライズ・マギ1回生成）",""
"2026-09-11T18:19:46+09:00","株式会社Art to Heritage","開発部","ご担当者","【1名から常駐】フロントエンド専任エンジニア40名、採用に頼らず体制強化","開発部 ご担当者様

UI改修や新機能開発を進めたくても、フロントエンド専任エンジニアの採用が進まず、着手が遅れていないでしょうか。

株式会社Lei Hau'oliは、フロントエンド特化で国内大手BtoC直請け水準のエンジニアを1名から供給できるSES会社です。React/Vue.js/Next.js/TypeScriptを専門とするエンジニア約40名が在籍し、国内最大級の美容予約サービスの開発にも参画しています。

中途採用に数か月かけずとも、大規模BtoCで培った開発フローと品質基準をそのまま持ち込めるため、リリースを止めずにUI品質を底上げできます。採用が長引く間も他社は機能改善を進めており、今動くかで次四半期の速度が変わります。

現状の開発体制について、「相談したい」の5文字だけご返信ください。折り返しご連絡します。

株式会社Lei Hau'oli 開発支援事業部","380","92","汎用（非パーソナライズ・マギ1回生成）",""
"2026-09-11T18:19:46+09:00","株式会社KISS","開発部","ご担当者","【1名から常駐】フロントエンド専任エンジニア40名、採用に頼らず体制強化","開発部 ご担当者様

UI改修や新機能開発を進めたくても、フロントエンド専任エンジニアの採用が進まず、着手が遅れていないでしょうか。

株式会社Lei Hau'oliは、フロントエンド特化で国内大手BtoC直請け水準のエンジニアを1名から供給できるSES会社です。React/Vue.js/Next.js/TypeScriptを専門とするエンジニア約40名が在籍し、国内最大級の美容予約サービスの開発にも参画しています。

中途採用に数か月かけずとも、大規模BtoCで培った開発フローと品質基準をそのまま持ち込めるため、リリースを止めずにUI品質を底上げできます。採用が長引く間も他社は機能改善を進めており、今動くかで次四半期の速度が変わります。

現状の開発体制について、「相談したい」の5文字だけご返信ください。折り返しご連絡します。

株式会社Lei Hau'oli 開発支援事業部","380","92","汎用（非パーソナライズ・マギ1回生成）",""
"2026-09-11T18:19:46+09:00","株式会社SalesNow","開発部","ご担当者","【1名から常駐】フロントエンド専任エンジニア40名、採用に頼らず体制強化","開発部 ご担当者様

UI改修や新機能開発を進めたくても、フロントエンド専任エンジニアの採用が進まず、着手が遅れていないでしょうか。

株式会社Lei Hau'oliは、フロントエンド特化で国内大手BtoC直請け水準のエンジニアを1名から供給できるSES会社です。React/Vue.js/Next.js/TypeScriptを専門とするエンジニア約40名が在籍し、国内最大級の美容予約サービスの開発にも参画しています。

中途採用に数か月かけずとも、大規模BtoCで培った開発フローと品質基準をそのまま持ち込めるため、リリースを止めずにUI品質を底上げできます。採用が長引く間も他社は機能改善を進めており、今動くかで次四半期の速度が変わります。

現状の開発体制について、「相談したい」の5文字だけご返信ください。折り返しご連絡します。

株式会社Lei Hau'oli 開発支援事業部","380","92","汎用（非パーソナライズ・マギ1回生成）",""
"2026-09-11T18:19:46+09:00","RSUPPORT株式会社","開発部","ご担当者","【1名から常駐】フロントエンド専任エンジニア40名、採用に頼らず体制強化","開発部 ご担当者様

UI改修や新機能開発を進めたくても、フロントエンド専任エンジニアの採用が進まず、着手が遅れていないでしょうか。

株式会社Lei Hau'oliは、フロントエンド特化で国内大手BtoC直請け水準のエンジニアを1名から供給できるSES会社です。React/Vue.js/Next.js/TypeScriptを専門とするエンジニア約40名が在籍し、国内最大級の美容予約サービスの開発にも参画しています。

中途採用に数か月かけずとも、大規模BtoCで培った開発フローと品質基準をそのまま持ち込めるため、リリースを止めずにUI品質を底上げできます。採用が長引く間も他社は機能改善を進めており、今動くかで次四半期の速度が変わります。

現状の開発体制について、「相談したい」の5文字だけご返信ください。折り返しご連絡します。

株式会社Lei Hau'oli 開発支援事業部","380","92","汎用（非パーソナライズ・マギ1回生成）",""
"2026-09-11T18:19:46+09:00","株式会社シフトメーション","開発部","ご担当者","【1名から常駐】フロントエンド専任エンジニア40名、採用に頼らず体制強化","開発部 ご担当者様

UI改修や新機能開発を進めたくても、フロントエンド専任エンジニアの採用が進まず、着手が遅れていないでしょうか。

株式会社Lei Hau'oliは、フロントエンド特化で国内大手BtoC直請け水準のエンジニアを1名から供給できるSES会社です。React/Vue.js/Next.js/TypeScriptを専門とするエンジニア約40名が在籍し、国内最大級の美容予約サービスの開発にも参画しています。

中途採用に数か月かけずとも、大規模BtoCで培った開発フローと品質基準をそのまま持ち込めるため、リリースを止めずにUI品質を底上げできます。採用が長引く間も他社は機能改善を進めており、今動くかで次四半期の速度が変わります。

現状の開発体制について、「相談したい」の5文字だけご返信ください。折り返しご連絡します。

株式会社Lei Hau'oli 開発支援事業部","380","92","汎用（非パーソナライズ・マギ1回生成）",""
"2026-09-11T18:19:46+09:00","株式会社TRYANGLE","開発部","ご担当者","【1名から常駐】フロントエンド専任エンジニア40名、採用に頼らず体制強化","開発部 ご担当者様

UI改修や新機能開発を進めたくても、フロントエンド専任エンジニアの採用が進まず、着手が遅れていないでしょうか。

株式会社Lei Hau'oliは、フロントエンド特化で国内大手BtoC直請け水準のエンジニアを1名から供給できるSES会社です。React/Vue.js/Next.js/TypeScriptを専門とするエンジニア約40名が在籍し、国内最大級の美容予約サービスの開発にも参画しています。

中途採用に数か月かけずとも、大規模BtoCで培った開発フローと品質基準をそのまま持ち込めるため、リリースを止めずにUI品質を底上げできます。採用が長引く間も他社は機能改善を進めており、今動くかで次四半期の速度が変わります。

現状の開発体制について、「相談したい」の5文字だけご返信ください。折り返しご連絡します。

株式会社Lei Hau'oli 開発支援事業部","380","92","汎用（非パーソナライズ・マギ1回生成）",""
"2026-09-11T18:19:46+09:00","YADOKARI株式会社","開発部","ご担当者","【1名から常駐】フロントエンド専任エンジニア40名、採用に頼らず体制強化","開発部 ご担当者様

UI改修や新機能開発を進めたくても、フロントエンド専任エンジニアの採用が進まず、着手が遅れていないでしょうか。

株式会社Lei Hau'oliは、フロントエンド特化で国内大手BtoC直請け水準のエンジニアを1名から供給できるSES会社です。React/Vue.js/Next.js/TypeScriptを専門とするエンジニア約40名が在籍し、国内最大級の美容予約サービスの開発にも参画しています。

中途採用に数か月かけずとも、大規模BtoCで培った開発フローと品質基準をそのまま持ち込めるため、リリースを止めずにUI品質を底上げできます。採用が長引く間も他社は機能改善を進めており、今動くかで次四半期の速度が変わります。

現状の開発体制について、「相談したい」の5文字だけご返信ください。折り返しご連絡します。

株式会社Lei Hau'oli 開発支援事業部","380","92","汎用（非パーソナライズ・マギ1回生成）",""
"2026-09-11T18:19:46+09:00","株式会社APPY","開発部","ご担当者","【1名から常駐】フロントエンド専任エンジニア40名、採用に頼らず体制強化","開発部 ご担当者様

UI改修や新機能開発を進めたくても、フロントエンド専任エンジニアの採用が進まず、着手が遅れていないでしょうか。

株式会社Lei Hau'oliは、フロントエンド特化で国内大手BtoC直請け水準のエンジニアを1名から供給できるSES会社です。React/Vue.js/Next.js/TypeScriptを専門とするエンジニア約40名が在籍し、国内最大級の美容予約サービスの開発にも参画しています。

中途採用に数か月かけずとも、大規模BtoCで培った開発フローと品質基準をそのまま持ち込めるため、リリースを止めずにUI品質を底上げできます。採用が長引く間も他社は機能改善を進めており、今動くかで次四半期の速度が変わります。

現状の開発体制について、「相談したい」の5文字だけご返信ください。折り返しご連絡します。

株式会社Lei Hau'oli 開発支援事業部","380","92","汎用（非パーソナライズ・マギ1回生成）",""
"2026-09-11T18:19:46+09:00","株式会社Mealthy","開発部","ご担当者","【1名から常駐】フロントエンド専任エンジニア40名、採用に頼らず体制強化","開発部 ご担当者様

UI改修や新機能開発を進めたくても、フロントエンド専任エンジニアの採用が進まず、着手が遅れていないでしょうか。

株式会社Lei Hau'oliは、フロントエンド特化で国内大手BtoC直請け水準のエンジニアを1名から供給できるSES会社です。React/Vue.js/Next.js/TypeScriptを専門とするエンジニア約40名が在籍し、国内最大級の美容予約サービスの開発にも参画しています。

中途採用に数か月かけずとも、大規模BtoCで培った開発フローと品質基準をそのまま持ち込めるため、リリースを止めずにUI品質を底上げできます。採用が長引く間も他社は機能改善を進めており、今動くかで次四半期の速度が変わります。

現状の開発体制について、「相談したい」の5文字だけご返信ください。折り返しご連絡します。

株式会社Lei Hau'oli 開発支援事業部","380","92","汎用（非パーソナライズ・マギ1回生成）",""
"2026-09-11T18:19:46+09:00","株式会社グラム","開発部","ご担当者","【1名から常駐】フロントエンド専任エンジニア40名、採用に頼らず体制強化","開発部 ご担当者様

UI改修や新機能開発を進めたくても、フロントエンド専任エンジニアの採用が進まず、着手が遅れていないでしょうか。

株式会社Lei Hau'oliは、フロントエンド特化で国内大手BtoC直請け水準のエンジニアを1名から供給できるSES会社です。React/Vue.js/Next.js/TypeScriptを専門とするエンジニア約40名が在籍し、国内最大級の美容予約サービスの開発にも参画しています。

中途採用に数か月かけずとも、大規模BtoCで培った開発フローと品質基準をそのまま持ち込めるため、リリースを止めずにUI品質を底上げできます。採用が長引く間も他社は機能改善を進めており、今動くかで次四半期の速度が変わります。

現状の開発体制について、「相談したい」の5文字だけご返信ください。折り返しご連絡します。

株式会社Lei Hau'oli 開発支援事業部","380","92","汎用（非パーソナライズ・マギ1回生成）",""
"2026-09-11T18:19:46+09:00","株式会社エフェクチュアル","開発部","ご担当者","【1名から常駐】フロントエンド専任エンジニア40名、採用に頼らず体制強化","開発部 ご担当者様

UI改修や新機能開発を進めたくても、フロントエンド専任エンジニアの採用が進まず、着手が遅れていないでしょうか。

株式会社Lei Hau'oliは、フロントエンド特化で国内大手BtoC直請け水準のエンジニアを1名から供給できるSES会社です。React/Vue.js/Next.js/TypeScriptを専門とするエンジニア約40名が在籍し、国内最大級の美容予約サービスの開発にも参画しています。

中途採用に数か月かけずとも、大規模BtoCで培った開発フローと品質基準をそのまま持ち込めるため、リリースを止めずにUI品質を底上げできます。採用が長引く間も他社は機能改善を進めており、今動くかで次四半期の速度が変わります。

現状の開発体制について、「相談したい」の5文字だけご返信ください。折り返しご連絡します。

株式会社Lei Hau'oli 開発支援事業部","380","92","汎用（非パーソナライズ・マギ1回生成）",""
"2026-09-11T18:19:46+09:00","BlueBank株式会社","開発部","ご担当者","【1名から常駐】フロントエンド専任エンジニア40名、採用に頼らず体制強化","開発部 ご担当者様

UI改修や新機能開発を進めたくても、フロントエンド専任エンジニアの採用が進まず、着手が遅れていないでしょうか。

株式会社Lei Hau'oliは、フロントエンド特化で国内大手BtoC直請け水準のエンジニアを1名から供給できるSES会社です。React/Vue.js/Next.js/TypeScriptを専門とするエンジニア約40名が在籍し、国内最大級の美容予約サービスの開発にも参画しています。

中途採用に数か月かけずとも、大規模BtoCで培った開発フローと品質基準をそのまま持ち込めるため、リリースを止めずにUI品質を底上げできます。採用が長引く間も他社は機能改善を進めており、今動くかで次四半期の速度が変わります。

現状の開発体制について、「相談したい」の5文字だけご返信ください。折り返しご連絡します。

株式会社Lei Hau'oli 開発支援事業部","380","92","汎用（非パーソナライズ・マギ1回生成）",""
"2026-09-11T18:19:46+09:00","FOUR・SE株式会社","開発部","ご担当者","【1名から常駐】フロントエンド専任エンジニア40名、採用に頼らず体制強化","開発部 ご担当者様

UI改修や新機能開発を進めたくても、フロントエンド専任エンジニアの採用が進まず、着手が遅れていないでしょうか。

株式会社Lei Hau'oliは、フロントエンド特化で国内大手BtoC直請け水準のエンジニアを1名から供給できるSES会社です。React/Vue.js/Next.js/TypeScriptを専門とするエンジニア約40名が在籍し、国内最大級の美容予約サービスの開発にも参画しています。

中途採用に数か月かけずとも、大規模BtoCで培った開発フローと品質基準をそのまま持ち込めるため、リリースを止めずにUI品質を底上げできます。採用が長引く間も他社は機能改善を進めており、今動くかで次四半期の速度が変わります。

現状の開発体制について、「相談したい」の5文字だけご返信ください。折り返しご連絡します。

株式会社Lei Hau'oli 開発支援事業部","380","92","汎用（非パーソナライズ・マギ1回生成）",""
"2026-09-11T18:19:46+09:00","株式会社コズレ","開発部","ご担当者","【1名から常駐】フロントエンド専任エンジニア40名、採用に頼らず体制強化","開発部 ご担当者様

UI改修や新機能開発を進めたくても、フロントエンド専任エンジニアの採用が進まず、着手が遅れていないでしょうか。

株式会社Lei Hau'oliは、フロントエンド特化で国内大手BtoC直請け水準のエンジニアを1名から供給できるSES会社です。React/Vue.js/Next.js/TypeScriptを専門とするエンジニア約40名が在籍し、国内最大級の美容予約サービスの開発にも参画しています。

中途採用に数か月かけずとも、大規模BtoCで培った開発フローと品質基準をそのまま持ち込めるため、リリースを止めずにUI品質を底上げできます。採用が長引く間も他社は機能改善を進めており、今動くかで次四半期の速度が変わります。

現状の開発体制について、「相談したい」の5文字だけご返信ください。折り返しご連絡します。

株式会社Lei Hau'oli 開発支援事業部","380","92","汎用（非パーソナライズ・マギ1回生成）",""
"2026-09-11T18:19:46+09:00","Dropbox Japan株式会社","開発部","ご担当者","【1名から常駐】フロントエンド専任エンジニア40名、採用に頼らず体制強化","開発部 ご担当者様

UI改修や新機能開発を進めたくても、フロントエンド専任エンジニアの採用が進まず、着手が遅れていないでしょうか。

株式会社Lei Hau'oliは、フロントエンド特化で国内大手BtoC直請け水準のエンジニアを1名から供給できるSES会社です。React/Vue.js/Next.js/TypeScriptを専門とするエンジニア約40名が在籍し、国内最大級の美容予約サービスの開発にも参画しています。

中途採用に数か月かけずとも、大規模BtoCで培った開発フローと品質基準をそのまま持ち込めるため、リリースを止めずにUI品質を底上げできます。採用が長引く間も他社は機能改善を進めており、今動くかで次四半期の速度が変わります。

現状の開発体制について、「相談したい」の5文字だけご返信ください。折り返しご連絡します。

株式会社Lei Hau'oli 開発支援事業部","380","92","汎用（非パーソナライズ・マギ1回生成）",""
"2026-09-11T18:19:46+09:00","株式会社soeasy","開発部","ご担当者","【1名から常駐】フロントエンド専任エンジニア40名、採用に頼らず体制強化","開発部 ご担当者様

UI改修や新機能開発を進めたくても、フロントエンド専任エンジニアの採用が進まず、着手が遅れていないでしょうか。

株式会社Lei Hau'oliは、フロントエンド特化で国内大手BtoC直請け水準のエンジニアを1名から供給できるSES会社です。React/Vue.js/Next.js/TypeScriptを専門とするエンジニア約40名が在籍し、国内最大級の美容予約サービスの開発にも参画しています。

中途採用に数か月かけずとも、大規模BtoCで培った開発フローと品質基準をそのまま持ち込めるため、リリースを止めずにUI品質を底上げできます。採用が長引く間も他社は機能改善を進めており、今動くかで次四半期の速度が変わります。

現状の開発体制について、「相談したい」の5文字だけご返信ください。折り返しご連絡します。

株式会社Lei Hau'oli 開発支援事業部","380","92","汎用（非パーソナライズ・マギ1回生成）",""
"2026-09-11T18:19:46+09:00","エナジープールジャパン株式会社","開発部","ご担当者","【1名から常駐】フロントエンド専任エンジニア40名、採用に頼らず体制強化","開発部 ご担当者様

UI改修や新機能開発を進めたくても、フロントエンド専任エンジニアの採用が進まず、着手が遅れていないでしょうか。

株式会社Lei Hau'oliは、フロントエンド特化で国内大手BtoC直請け水準のエンジニアを1名から供給できるSES会社です。React/Vue.js/Next.js/TypeScriptを専門とするエンジニア約40名が在籍し、国内最大級の美容予約サービスの開発にも参画しています。

中途採用に数か月かけずとも、大規模BtoCで培った開発フローと品質基準をそのまま持ち込めるため、リリースを止めずにUI品質を底上げできます。採用が長引く間も他社は機能改善を進めており、今動くかで次四半期の速度が変わります。

現状の開発体制について、「相談したい」の5文字だけご返信ください。折り返しご連絡します。

株式会社Lei Hau'oli 開発支援事業部","380","92","汎用（非パーソナライズ・マギ1回生成）",""
"2026-09-11T18:19:46+09:00","株式会社grits","開発部","ご担当者","【1名から常駐】フロントエンド専任エンジニア40名、採用に頼らず体制強化","開発部 ご担当者様

UI改修や新機能開発を進めたくても、フロントエンド専任エンジニアの採用が進まず、着手が遅れていないでしょうか。

株式会社Lei Hau'oliは、フロントエンド特化で国内大手BtoC直請け水準のエンジニアを1名から供給できるSES会社です。React/Vue.js/Next.js/TypeScriptを専門とするエンジニア約40名が在籍し、国内最大級の美容予約サービスの開発にも参画しています。

中途採用に数か月かけずとも、大規模BtoCで培った開発フローと品質基準をそのまま持ち込めるため、リリースを止めずにUI品質を底上げできます。採用が長引く間も他社は機能改善を進めており、今動くかで次四半期の速度が変わります。

現状の開発体制について、「相談したい」の5文字だけご返信ください。折り返しご連絡します。

株式会社Lei Hau'oli 開発支援事業部","380","92","汎用（非パーソナライズ・マギ1回生成）",""
"2026-09-11T18:19:46+09:00","株式会社メンタルヘルステクノロジーズ","開発部","ご担当者","【1名から常駐】フロントエンド専任エンジニア40名、採用に頼らず体制強化","開発部 ご担当者様

UI改修や新機能開発を進めたくても、フロントエンド専任エンジニアの採用が進まず、着手が遅れていないでしょうか。

株式会社Lei Hau'oliは、フロントエンド特化で国内大手BtoC直請け水準のエンジニアを1名から供給できるSES会社です。React/Vue.js/Next.js/TypeScriptを専門とするエンジニア約40名が在籍し、国内最大級の美容予約サービスの開発にも参画しています。

中途採用に数か月かけずとも、大規模BtoCで培った開発フローと品質基準をそのまま持ち込めるため、リリースを止めずにUI品質を底上げできます。採用が長引く間も他社は機能改善を進めており、今動くかで次四半期の速度が変わります。

現状の開発体制について、「相談したい」の5文字だけご返信ください。折り返しご連絡します。

株式会社Lei Hau'oli 開発支援事業部","380","92","汎用（非パーソナライズ・マギ1回生成）",""
"2026-09-11T18:19:46+09:00","livepass株式会社","開発部","ご担当者","【1名から常駐】フロントエンド専任エンジニア40名、採用に頼らず体制強化","開発部 ご担当者様

UI改修や新機能開発を進めたくても、フロントエンド専任エンジニアの採用が進まず、着手が遅れていないでしょうか。

株式会社Lei Hau'oliは、フロントエンド特化で国内大手BtoC直請け水準のエンジニアを1名から供給できるSES会社です。React/Vue.js/Next.js/TypeScriptを専門とするエンジニア約40名が在籍し、国内最大級の美容予約サービスの開発にも参画しています。

中途採用に数か月かけずとも、大規模BtoCで培った開発フローと品質基準をそのまま持ち込めるため、リリースを止めずにUI品質を底上げできます。採用が長引く間も他社は機能改善を進めており、今動くかで次四半期の速度が変わります。

現状の開発体制について、「相談したい」の5文字だけご返信ください。折り返しご連絡します。

株式会社Lei Hau'oli 開発支援事業部","380","92","汎用（非パーソナライズ・マギ1回生成）",""
"2026-09-11T18:19:46+09:00","QLデンタルメーカー株式会社","情報システム部","ご担当者","【1名から常駐】フロントエンド専任エンジニア40名、採用に頼らず体制強化","情報システム部 ご担当者様

UI改修や新機能開発を進めたくても、フロントエンド専任エンジニアの採用が進まず、着手が遅れていないでしょうか。

株式会社Lei Hau'oliは、フロントエンド特化で国内大手BtoC直請け水準のエンジニアを1名から供給できるSES会社です。React/Vue.js/Next.js/TypeScriptを専門とするエンジニア約40名が在籍し、国内最大級の美容予約サービスの開発にも参画しています。

中途採用に数か月かけずとも、大規模BtoCで培った開発フローと品質基準をそのまま持ち込めるため、リリースを止めずにUI品質を底上げできます。採用が長引く間も他社は機能改善を進めており、今動くかで次四半期の速度が変わります。

現状の開発体制について、「相談したい」の5文字だけご返信ください。折り返しご連絡します。

株式会社Lei Hau'oli 開発支援事業部","384","92","汎用（非パーソナライズ・マギ1回生成）",""
"2026-09-11T18:19:46+09:00","フューブライト・コミュニケーションズ株式会社","開発部","ご担当者","【1名から常駐】フロントエンド専任エンジニア40名、採用に頼らず体制強化","開発部 ご担当者様

UI改修や新機能開発を進めたくても、フロントエンド専任エンジニアの採用が進まず、着手が遅れていないでしょうか。

株式会社Lei Hau'oliは、フロントエンド特化で国内大手BtoC直請け水準のエンジニアを1名から供給できるSES会社です。React/Vue.js/Next.js/TypeScriptを専門とするエンジニア約40名が在籍し、国内最大級の美容予約サービスの開発にも参画しています。

中途採用に数か月かけずとも、大規模BtoCで培った開発フローと品質基準をそのまま持ち込めるため、リリースを止めずにUI品質を底上げできます。採用が長引く間も他社は機能改善を進めており、今動くかで次四半期の速度が変わります。

現状の開発体制について、「相談したい」の5文字だけご返信ください。折り返しご連絡します。

株式会社Lei Hau'oli 開発支援事業部","380","92","汎用（非パーソナライズ・マギ1回生成）",""
"2026-09-11T18:19:46+09:00","株式会社デザイア","開発部","ご担当者","【1名から常駐】フロントエンド専任エンジニア40名、採用に頼らず体制強化","開発部 ご担当者様

UI改修や新機能開発を進めたくても、フロントエンド専任エンジニアの採用が進まず、着手が遅れていないでしょうか。

株式会社Lei Hau'oliは、フロントエンド特化で国内大手BtoC直請け水準のエンジニアを1名から供給できるSES会社です。React/Vue.js/Next.js/TypeScriptを専門とするエンジニア約40名が在籍し、国内最大級の美容予約サービスの開発にも参画しています。

中途採用に数か月かけずとも、大規模BtoCで培った開発フローと品質基準をそのまま持ち込めるため、リリースを止めずにUI品質を底上げできます。採用が長引く間も他社は機能改善を進めており、今動くかで次四半期の速度が変わります。

現状の開発体制について、「相談したい」の5文字だけご返信ください。折り返しご連絡します。

株式会社Lei Hau'oli 開発支援事業部","380","92","汎用（非パーソナライズ・マギ1回生成）",""
"2026-09-11T18:19:46+09:00","SENSY株式会社","開発部","ご担当者","【1名から常駐】フロントエンド専任エンジニア40名、採用に頼らず体制強化","開発部 ご担当者様

UI改修や新機能開発を進めたくても、フロントエンド専任エンジニアの採用が進まず、着手が遅れていないでしょうか。

株式会社Lei Hau'oliは、フロントエンド特化で国内大手BtoC直請け水準のエンジニアを1名から供給できるSES会社です。React/Vue.js/Next.js/TypeScriptを専門とするエンジニア約40名が在籍し、国内最大級の美容予約サービスの開発にも参画しています。

中途採用に数か月かけずとも、大規模BtoCで培った開発フローと品質基準をそのまま持ち込めるため、リリースを止めずにUI品質を底上げできます。採用が長引く間も他社は機能改善を進めており、今動くかで次四半期の速度が変わります。

現状の開発体制について、「相談したい」の5文字だけご返信ください。折り返しご連絡します。

株式会社Lei Hau'oli 開発支援事業部","380","92","汎用（非パーソナライズ・マギ1回生成）",""
"2026-09-11T18:19:46+09:00","メディ・ジャパン株式会社","情報システム部","ご担当者","【1名から常駐】フロントエンド専任エンジニア40名、採用に頼らず体制強化","情報システム部 ご担当者様

UI改修や新機能開発を進めたくても、フロントエンド専任エンジニアの採用が進まず、着手が遅れていないでしょうか。

株式会社Lei Hau'oliは、フロントエンド特化で国内大手BtoC直請け水準のエンジニアを1名から供給できるSES会社です。React/Vue.js/Next.js/TypeScriptを専門とするエンジニア約40名が在籍し、国内最大級の美容予約サービスの開発にも参画しています。

中途採用に数か月かけずとも、大規模BtoCで培った開発フローと品質基準をそのまま持ち込めるため、リリースを止めずにUI品質を底上げできます。採用が長引く間も他社は機能改善を進めており、今動くかで次四半期の速度が変わります。

現状の開発体制について、「相談したい」の5文字だけご返信ください。折り返しご連絡します。

株式会社Lei Hau'oli 開発支援事業部","384","92","汎用（非パーソナライズ・マギ1回生成）",""
"2026-09-11T18:19:46+09:00","株式会社ノーチラス・テクノロジーズ","開発部","ご担当者","【1名から常駐】フロントエンド専任エンジニア40名、採用に頼らず体制強化","開発部 ご担当者様

UI改修や新機能開発を進めたくても、フロントエンド専任エンジニアの採用が進まず、着手が遅れていないでしょうか。

株式会社Lei Hau'oliは、フロントエンド特化で国内大手BtoC直請け水準のエンジニアを1名から供給できるSES会社です。React/Vue.js/Next.js/TypeScriptを専門とするエンジニア約40名が在籍し、国内最大級の美容予約サービスの開発にも参画しています。

中途採用に数か月かけずとも、大規模BtoCで培った開発フローと品質基準をそのまま持ち込めるため、リリースを止めずにUI品質を底上げできます。採用が長引く間も他社は機能改善を進めており、今動くかで次四半期の速度が変わります。

現状の開発体制について、「相談したい」の5文字だけご返信ください。折り返しご連絡します。

株式会社Lei Hau'oli 開発支援事業部","380","92","汎用（非パーソナライズ・マギ1回生成）",""
"2026-09-11T18:19:46+09:00","株式会社ローカルイノベーション","開発部","ご担当者","【1名から常駐】フロントエンド専任エンジニア40名、採用に頼らず体制強化","開発部 ご担当者様

UI改修や新機能開発を進めたくても、フロントエンド専任エンジニアの採用が進まず、着手が遅れていないでしょうか。

株式会社Lei Hau'oliは、フロントエンド特化で国内大手BtoC直請け水準のエンジニアを1名から供給できるSES会社です。React/Vue.js/Next.js/TypeScriptを専門とするエンジニア約40名が在籍し、国内最大級の美容予約サービスの開発にも参画しています。

中途採用に数か月かけずとも、大規模BtoCで培った開発フローと品質基準をそのまま持ち込めるため、リリースを止めずにUI品質を底上げできます。採用が長引く間も他社は機能改善を進めており、今動くかで次四半期の速度が変わります。

現状の開発体制について、「相談したい」の5文字だけご返信ください。折り返しご連絡します。

株式会社Lei Hau'oli 開発支援事業部","380","92","汎用（非パーソナライズ・マギ1回生成）",""
"2026-09-11T18:19:46+09:00","株式会社GOAT","開発部","ご担当者","【1名から常駐】フロントエンド専任エンジニア40名、採用に頼らず体制強化","開発部 ご担当者様

UI改修や新機能開発を進めたくても、フロントエンド専任エンジニアの採用が進まず、着手が遅れていないでしょうか。

株式会社Lei Hau'oliは、フロントエンド特化で国内大手BtoC直請け水準のエンジニアを1名から供給できるSES会社です。React/Vue.js/Next.js/TypeScriptを専門とするエンジニア約40名が在籍し、国内最大級の美容予約サービスの開発にも参画しています。

中途採用に数か月かけずとも、大規模BtoCで培った開発フローと品質基準をそのまま持ち込めるため、リリースを止めずにUI品質を底上げできます。採用が長引く間も他社は機能改善を進めており、今動くかで次四半期の速度が変わります。

現状の開発体制について、「相談したい」の5文字だけご返信ください。折り返しご連絡します。

株式会社Lei Hau'oli 開発支援事業部","380","92","汎用（非パーソナライズ・マギ1回生成）",""
"2026-09-11T18:19:46+09:00","vivit株式会社","開発部","ご担当者","【1名から常駐】フロントエンド専任エンジニア40名、採用に頼らず体制強化","開発部 ご担当者様

UI改修や新機能開発を進めたくても、フロントエンド専任エンジニアの採用が進まず、着手が遅れていないでしょうか。

株式会社Lei Hau'oliは、フロントエンド特化で国内大手BtoC直請け水準のエンジニアを1名から供給できるSES会社です。React/Vue.js/Next.js/TypeScriptを専門とするエンジニア約40名が在籍し、国内最大級の美容予約サービスの開発にも参画しています。

中途採用に数か月かけずとも、大規模BtoCで培った開発フローと品質基準をそのまま持ち込めるため、リリースを止めずにUI品質を底上げできます。採用が長引く間も他社は機能改善を進めており、今動くかで次四半期の速度が変わります。

現状の開発体制について、「相談したい」の5文字だけご返信ください。折り返しご連絡します。

株式会社Lei Hau'oli 開発支援事業部","380","92","汎用（非パーソナライズ・マギ1回生成）",""
"2026-09-11T18:19:46+09:00","ROSCA株式会社","開発部","ご担当者","【1名から常駐】フロントエンド専任エンジニア40名、採用に頼らず体制強化","開発部 ご担当者様

UI改修や新機能開発を進めたくても、フロントエンド専任エンジニアの採用が進まず、着手が遅れていないでしょうか。

株式会社Lei Hau'oliは、フロントエンド特化で国内大手BtoC直請け水準のエンジニアを1名から供給できるSES会社です。React/Vue.js/Next.js/TypeScriptを専門とするエンジニア約40名が在籍し、国内最大級の美容予約サービスの開発にも参画しています。

中途採用に数か月かけずとも、大規模BtoCで培った開発フローと品質基準をそのまま持ち込めるため、リリースを止めずにUI品質を底上げできます。採用が長引く間も他社は機能改善を進めており、今動くかで次四半期の速度が変わります。

現状の開発体制について、「相談したい」の5文字だけご返信ください。折り返しご連絡します。

株式会社Lei Hau'oli 開発支援事業部","380","92","汎用（非パーソナライズ・マギ1回生成）",""
"2026-09-11T18:19:46+09:00","チャットプラス株式会社","開発部","ご担当者","【1名から常駐】フロントエンド専任エンジニア40名、採用に頼らず体制強化","開発部 ご担当者様

UI改修や新機能開発を進めたくても、フロントエンド専任エンジニアの採用が進まず、着手が遅れていないでしょうか。

株式会社Lei Hau'oliは、フロントエンド特化で国内大手BtoC直請け水準のエンジニアを1名から供給できるSES会社です。React/Vue.js/Next.js/TypeScriptを専門とするエンジニア約40名が在籍し、国内最大級の美容予約サービスの開発にも参画しています。

中途採用に数か月かけずとも、大規模BtoCで培った開発フローと品質基準をそのまま持ち込めるため、リリースを止めずにUI品質を底上げできます。採用が長引く間も他社は機能改善を進めており、今動くかで次四半期の速度が変わります。

現状の開発体制について、「相談したい」の5文字だけご返信ください。折り返しご連絡します。

株式会社Lei Hau'oli 開発支援事業部","380","92","汎用（非パーソナライズ・マギ1回生成）",""
"2026-09-11T18:19:46+09:00","株式会社ウーオ","開発部","ご担当者","【1名から常駐】フロントエンド専任エンジニア40名、採用に頼らず体制強化","開発部 ご担当者様

UI改修や新機能開発を進めたくても、フロントエンド専任エンジニアの採用が進まず、着手が遅れていないでしょうか。

株式会社Lei Hau'oliは、フロントエンド特化で国内大手BtoC直請け水準のエンジニアを1名から供給できるSES会社です。React/Vue.js/Next.js/TypeScriptを専門とするエンジニア約40名が在籍し、国内最大級の美容予約サービスの開発にも参画しています。

中途採用に数か月かけずとも、大規模BtoCで培った開発フローと品質基準をそのまま持ち込めるため、リリースを止めずにUI品質を底上げできます。採用が長引く間も他社は機能改善を進めており、今動くかで次四半期の速度が変わります。

現状の開発体制について、「相談したい」の5文字だけご返信ください。折り返しご連絡します。

株式会社Lei Hau'oli 開発支援事業部","380","92","汎用（非パーソナライズ・マギ1回生成）",""
"2026-09-11T18:19:46+09:00","レコーデッド・フューチャー・ジャパン株式会社","開発部","ご担当者","【1名から常駐】フロントエンド専任エンジニア40名、採用に頼らず体制強化","開発部 ご担当者様

UI改修や新機能開発を進めたくても、フロントエンド専任エンジニアの採用が進まず、着手が遅れていないでしょうか。

株式会社Lei Hau'oliは、フロントエンド特化で国内大手BtoC直請け水準のエンジニアを1名から供給できるSES会社です。React/Vue.js/Next.js/TypeScriptを専門とするエンジニア約40名が在籍し、国内最大級の美容予約サービスの開発にも参画しています。

中途採用に数か月かけずとも、大規模BtoCで培った開発フローと品質基準をそのまま持ち込めるため、リリースを止めずにUI品質を底上げできます。採用が長引く間も他社は機能改善を進めており、今動くかで次四半期の速度が変わります。

現状の開発体制について、「相談したい」の5文字だけご返信ください。折り返しご連絡します。

株式会社Lei Hau'oli 開発支援事業部","380","92","汎用（非パーソナライズ・マギ1回生成）",""
"2026-09-11T18:19:46+09:00","株式会社SocialDog","開発部","ご担当者","【1名から常駐】フロントエンド専任エンジニア40名、採用に頼らず体制強化","開発部 ご担当者様

UI改修や新機能開発を進めたくても、フロントエンド専任エンジニアの採用が進まず、着手が遅れていないでしょうか。

株式会社Lei Hau'oliは、フロントエンド特化で国内大手BtoC直請け水準のエンジニアを1名から供給できるSES会社です。React/Vue.js/Next.js/TypeScriptを専門とするエンジニア約40名が在籍し、国内最大級の美容予約サービスの開発にも参画しています。

中途採用に数か月かけずとも、大規模BtoCで培った開発フローと品質基準をそのまま持ち込めるため、リリースを止めずにUI品質を底上げできます。採用が長引く間も他社は機能改善を進めており、今動くかで次四半期の速度が変わります。

現状の開発体制について、「相談したい」の5文字だけご返信ください。折り返しご連絡します。

株式会社Lei Hau'oli 開発支援事業部","380","92","汎用（非パーソナライズ・マギ1回生成）",""
"2026-09-11T18:19:46+09:00","マーソ株式会社","開発部","ご担当者","【1名から常駐】フロントエンド専任エンジニア40名、採用に頼らず体制強化","開発部 ご担当者様

UI改修や新機能開発を進めたくても、フロントエンド専任エンジニアの採用が進まず、着手が遅れていないでしょうか。

株式会社Lei Hau'oliは、フロントエンド特化で国内大手BtoC直請け水準のエンジニアを1名から供給できるSES会社です。React/Vue.js/Next.js/TypeScriptを専門とするエンジニア約40名が在籍し、国内最大級の美容予約サービスの開発にも参画しています。

中途採用に数か月かけずとも、大規模BtoCで培った開発フローと品質基準をそのまま持ち込めるため、リリースを止めずにUI品質を底上げできます。採用が長引く間も他社は機能改善を進めており、今動くかで次四半期の速度が変わります。

現状の開発体制について、「相談したい」の5文字だけご返信ください。折り返しご連絡します。

株式会社Lei Hau'oli 開発支援事業部","380","92","汎用（非パーソナライズ・マギ1回生成）",""
"2026-09-11T18:19:46+09:00","ソネオス株式会社","開発部","ご担当者","【1名から常駐】フロントエンド専任エンジニア40名、採用に頼らず体制強化","開発部 ご担当者様

UI改修や新機能開発を進めたくても、フロントエンド専任エンジニアの採用が進まず、着手が遅れていないでしょうか。

株式会社Lei Hau'oliは、フロントエンド特化で国内大手BtoC直請け水準のエンジニアを1名から供給できるSES会社です。React/Vue.js/Next.js/TypeScriptを専門とするエンジニア約40名が在籍し、国内最大級の美容予約サービスの開発にも参画しています。

中途採用に数か月かけずとも、大規模BtoCで培った開発フローと品質基準をそのまま持ち込めるため、リリースを止めずにUI品質を底上げできます。採用が長引く間も他社は機能改善を進めており、今動くかで次四半期の速度が変わります。

現状の開発体制について、「相談したい」の5文字だけご返信ください。折り返しご連絡します。

株式会社Lei Hau'oli 開発支援事業部","380","92","汎用（非パーソナライズ・マギ1回生成）",""
"2026-09-11T18:19:46+09:00","株式会社サイフューズ","開発部","ご担当者","【1名から常駐】フロントエンド専任エンジニア40名、採用に頼らず体制強化","開発部 ご担当者様

UI改修や新機能開発を進めたくても、フロントエンド専任エンジニアの採用が進まず、着手が遅れていないでしょうか。

株式会社Lei Hau'oliは、フロントエンド特化で国内大手BtoC直請け水準のエンジニアを1名から供給できるSES会社です。React/Vue.js/Next.js/TypeScriptを専門とするエンジニア約40名が在籍し、国内最大級の美容予約サービスの開発にも参画しています。

中途採用に数か月かけずとも、大規模BtoCで培った開発フローと品質基準をそのまま持ち込めるため、リリースを止めずにUI品質を底上げできます。採用が長引く間も他社は機能改善を進めており、今動くかで次四半期の速度が変わります。

現状の開発体制について、「相談したい」の5文字だけご返信ください。折り返しご連絡します。

株式会社Lei Hau'oli 開発支援事業部","380","92","汎用（非パーソナライズ・マギ1回生成）",""
"2026-09-11T18:19:46+09:00","株式会社アルファTKG","開発部","ご担当者","【1名から常駐】フロントエンド専任エンジニア40名、採用に頼らず体制強化","開発部 ご担当者様

UI改修や新機能開発を進めたくても、フロントエンド専任エンジニアの採用が進まず、着手が遅れていないでしょうか。

株式会社Lei Hau'oliは、フロントエンド特化で国内大手BtoC直請け水準のエンジニアを1名から供給できるSES会社です。React/Vue.js/Next.js/TypeScriptを専門とするエンジニア約40名が在籍し、国内最大級の美容予約サービスの開発にも参画しています。

中途採用に数か月かけずとも、大規模BtoCで培った開発フローと品質基準をそのまま持ち込めるため、リリースを止めずにUI品質を底上げできます。採用が長引く間も他社は機能改善を進めており、今動くかで次四半期の速度が変わります。

現状の開発体制について、「相談したい」の5文字だけご返信ください。折り返しご連絡します。

株式会社Lei Hau'oli 開発支援事業部","380","92","汎用（非パーソナライズ・マギ1回生成）",""
"2026-09-11T18:19:46+09:00","株式会社イーテア","開発部","ご担当者","【1名から常駐】フロントエンド専任エンジニア40名、採用に頼らず体制強化","開発部 ご担当者様

UI改修や新機能開発を進めたくても、フロントエンド専任エンジニアの採用が進まず、着手が遅れていないでしょうか。

株式会社Lei Hau'oliは、フロントエンド特化で国内大手BtoC直請け水準のエンジニアを1名から供給できるSES会社です。React/Vue.js/Next.js/TypeScriptを専門とするエンジニア約40名が在籍し、国内最大級の美容予約サービスの開発にも参画しています。

中途採用に数か月かけずとも、大規模BtoCで培った開発フローと品質基準をそのまま持ち込めるため、リリースを止めずにUI品質を底上げできます。採用が長引く間も他社は機能改善を進めており、今動くかで次四半期の速度が変わります。

現状の開発体制について、「相談したい」の5文字だけご返信ください。折り返しご連絡します。

株式会社Lei Hau'oli 開発支援事業部","380","92","汎用（非パーソナライズ・マギ1回生成）",""
"2026-09-11T18:19:46+09:00","株式会社インプリム","開発部","ご担当者","【1名から常駐】フロントエンド専任エンジニア40名、採用に頼らず体制強化","開発部 ご担当者様

UI改修や新機能開発を進めたくても、フロントエンド専任エンジニアの採用が進まず、着手が遅れていないでしょうか。

株式会社Lei Hau'oliは、フロントエンド特化で国内大手BtoC直請け水準のエンジニアを1名から供給できるSES会社です。React/Vue.js/Next.js/TypeScriptを専門とするエンジニア約40名が在籍し、国内最大級の美容予約サービスの開発にも参画しています。

中途採用に数か月かけずとも、大規模BtoCで培った開発フローと品質基準をそのまま持ち込めるため、リリースを止めずにUI品質を底上げできます。採用が長引く間も他社は機能改善を進めており、今動くかで次四半期の速度が変わります。

現状の開発体制について、「相談したい」の5文字だけご返信ください。折り返しご連絡します。

株式会社Lei Hau'oli 開発支援事業部","380","92","汎用（非パーソナライズ・マギ1回生成）",""
"2026-09-11T18:19:46+09:00","株式会社ISパートナーズ","開発部","ご担当者","【1名から常駐】フロントエンド専任エンジニア40名、採用に頼らず体制強化","開発部 ご担当者様

UI改修や新機能開発を進めたくても、フロントエンド専任エンジニアの採用が進まず、着手が遅れていないでしょうか。

株式会社Lei Hau'oliは、フロントエンド特化で国内大手BtoC直請け水準のエンジニアを1名から供給できるSES会社です。React/Vue.js/Next.js/TypeScriptを専門とするエンジニア約40名が在籍し、国内最大級の美容予約サービスの開発にも参画しています。

中途採用に数か月かけずとも、大規模BtoCで培った開発フローと品質基準をそのまま持ち込めるため、リリースを止めずにUI品質を底上げできます。採用が長引く間も他社は機能改善を進めており、今動くかで次四半期の速度が変わります。

現状の開発体制について、「相談したい」の5文字だけご返信ください。折り返しご連絡します。

株式会社Lei Hau'oli 開発支援事業部","380","92","汎用（非パーソナライズ・マギ1回生成）",""
"2026-09-11T18:19:46+09:00","アリババクラウド・ジャパンサービス株式会社","開発部","ご担当者","【1名から常駐】フロントエンド専任エンジニア40名、採用に頼らず体制強化","開発部 ご担当者様

UI改修や新機能開発を進めたくても、フロントエンド専任エンジニアの採用が進まず、着手が遅れていないでしょうか。

株式会社Lei Hau'oliは、フロントエンド特化で国内大手BtoC直請け水準のエンジニアを1名から供給できるSES会社です。React/Vue.js/Next.js/TypeScriptを専門とするエンジニア約40名が在籍し、国内最大級の美容予約サービスの開発にも参画しています。

中途採用に数か月かけずとも、大規模BtoCで培った開発フローと品質基準をそのまま持ち込めるため、リリースを止めずにUI品質を底上げできます。採用が長引く間も他社は機能改善を進めており、今動くかで次四半期の速度が変わります。

現状の開発体制について、「相談したい」の5文字だけご返信ください。折り返しご連絡します。

株式会社Lei Hau'oli 開発支援事業部","380","92","汎用（非パーソナライズ・マギ1回生成）",""
"2026-09-11T18:19:46+09:00","株式会社life is","開発部","ご担当者","【1名から常駐】フロントエンド専任エンジニア40名、採用に頼らず体制強化","開発部 ご担当者様

UI改修や新機能開発を進めたくても、フロントエンド専任エンジニアの採用が進まず、着手が遅れていないでしょうか。

株式会社Lei Hau'oliは、フロントエンド特化で国内大手BtoC直請け水準のエンジニアを1名から供給できるSES会社です。React/Vue.js/Next.js/TypeScriptを専門とするエンジニア約40名が在籍し、国内最大級の美容予約サービスの開発にも参画しています。

中途採用に数か月かけずとも、大規模BtoCで培った開発フローと品質基準をそのまま持ち込めるため、リリースを止めずにUI品質を底上げできます。採用が長引く間も他社は機能改善を進めており、今動くかで次四半期の速度が変わります。

現状の開発体制について、「相談したい」の5文字だけご返信ください。折り返しご連絡します。

株式会社Lei Hau'oli 開発支援事業部","380","92","汎用（非パーソナライズ・マギ1回生成）",""
"2026-09-11T18:19:46+09:00","ウリドキ株式会社","開発部","ご担当者","【1名から常駐】フロントエンド専任エンジニア40名、採用に頼らず体制強化","開発部 ご担当者様

UI改修や新機能開発を進めたくても、フロントエンド専任エンジニアの採用が進まず、着手が遅れていないでしょうか。

株式会社Lei Hau'oliは、フロントエンド特化で国内大手BtoC直請け水準のエンジニアを1名から供給できるSES会社です。React/Vue.js/Next.js/TypeScriptを専門とするエンジニア約40名が在籍し、国内最大級の美容予約サービスの開発にも参画しています。

中途採用に数か月かけずとも、大規模BtoCで培った開発フローと品質基準をそのまま持ち込めるため、リリースを止めずにUI品質を底上げできます。採用が長引く間も他社は機能改善を進めており、今動くかで次四半期の速度が変わります。

現状の開発体制について、「相談したい」の5文字だけご返信ください。折り返しご連絡します。

株式会社Lei Hau'oli 開発支援事業部","380","92","汎用（非パーソナライズ・マギ1回生成）",""
"2026-09-11T18:19:46+09:00","株式会社HJC","開発部","ご担当者","【1名から常駐】フロントエンド専任エンジニア40名、採用に頼らず体制強化","開発部 ご担当者様

UI改修や新機能開発を進めたくても、フロントエンド専任エンジニアの採用が進まず、着手が遅れていないでしょうか。

株式会社Lei Hau'oliは、フロントエンド特化で国内大手BtoC直請け水準のエンジニアを1名から供給できるSES会社です。React/Vue.js/Next.js/TypeScriptを専門とするエンジニア約40名が在籍し、国内最大級の美容予約サービスの開発にも参画しています。

中途採用に数か月かけずとも、大規模BtoCで培った開発フローと品質基準をそのまま持ち込めるため、リリースを止めずにUI品質を底上げできます。採用が長引く間も他社は機能改善を進めており、今動くかで次四半期の速度が変わります。

現状の開発体制について、「相談したい」の5文字だけご返信ください。折り返しご連絡します。

株式会社Lei Hau'oli 開発支援事業部","380","92","汎用（非パーソナライズ・マギ1回生成）",""
"2026-09-11T18:19:46+09:00","株式会社マルタカ","情報システム部","ご担当者","【1名から常駐】フロントエンド専任エンジニア40名、採用に頼らず体制強化","情報システム部 ご担当者様

UI改修や新機能開発を進めたくても、フロントエンド専任エンジニアの採用が進まず、着手が遅れていないでしょうか。

株式会社Lei Hau'oliは、フロントエンド特化で国内大手BtoC直請け水準のエンジニアを1名から供給できるSES会社です。React/Vue.js/Next.js/TypeScriptを専門とするエンジニア約40名が在籍し、国内最大級の美容予約サービスの開発にも参画しています。

中途採用に数か月かけずとも、大規模BtoCで培った開発フローと品質基準をそのまま持ち込めるため、リリースを止めずにUI品質を底上げできます。採用が長引く間も他社は機能改善を進めており、今動くかで次四半期の速度が変わります。

現状の開発体制について、「相談したい」の5文字だけご返信ください。折り返しご連絡します。

株式会社Lei Hau'oli 開発支援事業部","384","92","汎用（非パーソナライズ・マギ1回生成）",""
"2026-09-11T18:19:46+09:00","フラッグシップ株式会社","開発部","ご担当者","【1名から常駐】フロントエンド専任エンジニア40名、採用に頼らず体制強化","開発部 ご担当者様

UI改修や新機能開発を進めたくても、フロントエンド専任エンジニアの採用が進まず、着手が遅れていないでしょうか。

株式会社Lei Hau'oliは、フロントエンド特化で国内大手BtoC直請け水準のエンジニアを1名から供給できるSES会社です。React/Vue.js/Next.js/TypeScriptを専門とするエンジニア約40名が在籍し、国内最大級の美容予約サービスの開発にも参画しています。

中途採用に数か月かけずとも、大規模BtoCで培った開発フローと品質基準をそのまま持ち込めるため、リリースを止めずにUI品質を底上げできます。採用が長引く間も他社は機能改善を進めており、今動くかで次四半期の速度が変わります。

現状の開発体制について、「相談したい」の5文字だけご返信ください。折り返しご連絡します。

株式会社Lei Hau'oli 開発支援事業部","380","92","汎用（非パーソナライズ・マギ1回生成）",""
"2026-09-11T18:19:46+09:00","ティフォン株式会社","開発部","ご担当者","【1名から常駐】フロントエンド専任エンジニア40名、採用に頼らず体制強化","開発部 ご担当者様

UI改修や新機能開発を進めたくても、フロントエンド専任エンジニアの採用が進まず、着手が遅れていないでしょうか。

株式会社Lei Hau'oliは、フロントエンド特化で国内大手BtoC直請け水準のエンジニアを1名から供給できるSES会社です。React/Vue.js/Next.js/TypeScriptを専門とするエンジニア約40名が在籍し、国内最大級の美容予約サービスの開発にも参画しています。

中途採用に数か月かけずとも、大規模BtoCで培った開発フローと品質基準をそのまま持ち込めるため、リリースを止めずにUI品質を底上げできます。採用が長引く間も他社は機能改善を進めており、今動くかで次四半期の速度が変わります。

現状の開発体制について、「相談したい」の5文字だけご返信ください。折り返しご連絡します。

株式会社Lei Hau'oli 開発支援事業部","380","92","汎用（非パーソナライズ・マギ1回生成）",""
"2026-09-11T18:19:46+09:00","株式会社ミリアド","開発部","ご担当者","【1名から常駐】フロントエンド専任エンジニア40名、採用に頼らず体制強化","開発部 ご担当者様

UI改修や新機能開発を進めたくても、フロントエンド専任エンジニアの採用が進まず、着手が遅れていないでしょうか。

株式会社Lei Hau'oliは、フロントエンド特化で国内大手BtoC直請け水準のエンジニアを1名から供給できるSES会社です。React/Vue.js/Next.js/TypeScriptを専門とするエンジニア約40名が在籍し、国内最大級の美容予約サービスの開発にも参画しています。

中途採用に数か月かけずとも、大規模BtoCで培った開発フローと品質基準をそのまま持ち込めるため、リリースを止めずにUI品質を底上げできます。採用が長引く間も他社は機能改善を進めており、今動くかで次四半期の速度が変わります。

現状の開発体制について、「相談したい」の5文字だけご返信ください。折り返しご連絡します。

株式会社Lei Hau'oli 開発支援事業部","380","92","汎用（非パーソナライズ・マギ1回生成）",""
"2026-09-11T18:19:46+09:00","チューンコアジャパン株式会社","開発部","ご担当者","【1名から常駐】フロントエンド専任エンジニア40名、採用に頼らず体制強化","開発部 ご担当者様

UI改修や新機能開発を進めたくても、フロントエンド専任エンジニアの採用が進まず、着手が遅れていないでしょうか。

株式会社Lei Hau'oliは、フロントエンド特化で国内大手BtoC直請け水準のエンジニアを1名から供給できるSES会社です。React/Vue.js/Next.js/TypeScriptを専門とするエンジニア約40名が在籍し、国内最大級の美容予約サービスの開発にも参画しています。

中途採用に数か月かけずとも、大規模BtoCで培った開発フローと品質基準をそのまま持ち込めるため、リリースを止めずにUI品質を底上げできます。採用が長引く間も他社は機能改善を進めており、今動くかで次四半期の速度が変わります。

現状の開発体制について、「相談したい」の5文字だけご返信ください。折り返しご連絡します。

株式会社Lei Hau'oli 開発支援事業部","380","92","汎用（非パーソナライズ・マギ1回生成）",""
"2026-09-11T18:19:46+09:00","株式会社BAP Solution Japan","開発部","ご担当者","【1名から常駐】フロントエンド専任エンジニア40名、採用に頼らず体制強化","開発部 ご担当者様

UI改修や新機能開発を進めたくても、フロントエンド専任エンジニアの採用が進まず、着手が遅れていないでしょうか。

株式会社Lei Hau'oliは、フロントエンド特化で国内大手BtoC直請け水準のエンジニアを1名から供給できるSES会社です。React/Vue.js/Next.js/TypeScriptを専門とするエンジニア約40名が在籍し、国内最大級の美容予約サービスの開発にも参画しています。

中途採用に数か月かけずとも、大規模BtoCで培った開発フローと品質基準をそのまま持ち込めるため、リリースを止めずにUI品質を底上げできます。採用が長引く間も他社は機能改善を進めており、今動くかで次四半期の速度が変わります。

現状の開発体制について、「相談したい」の5文字だけご返信ください。折り返しご連絡します。

株式会社Lei Hau'oli 開発支援事業部","380","92","汎用（非パーソナライズ・マギ1回生成）",""
"2026-09-11T18:19:46+09:00","マンションリサーチ株式会社","開発部","ご担当者","【1名から常駐】フロントエンド専任エンジニア40名、採用に頼らず体制強化","開発部 ご担当者様

UI改修や新機能開発を進めたくても、フロントエンド専任エンジニアの採用が進まず、着手が遅れていないでしょうか。

株式会社Lei Hau'oliは、フロントエンド特化で国内大手BtoC直請け水準のエンジニアを1名から供給できるSES会社です。React/Vue.js/Next.js/TypeScriptを専門とするエンジニア約40名が在籍し、国内最大級の美容予約サービスの開発にも参画しています。

中途採用に数か月かけずとも、大規模BtoCで培った開発フローと品質基準をそのまま持ち込めるため、リリースを止めずにUI品質を底上げできます。採用が長引く間も他社は機能改善を進めており、今動くかで次四半期の速度が変わります。

現状の開発体制について、「相談したい」の5文字だけご返信ください。折り返しご連絡します。

株式会社Lei Hau'oli 開発支援事業部","380","92","汎用（非パーソナライズ・マギ1回生成）",""
"2026-09-11T18:19:46+09:00","株式会社シマント","開発部","ご担当者","【1名から常駐】フロントエンド専任エンジニア40名、採用に頼らず体制強化","開発部 ご担当者様

UI改修や新機能開発を進めたくても、フロントエンド専任エンジニアの採用が進まず、着手が遅れていないでしょうか。

株式会社Lei Hau'oliは、フロントエンド特化で国内大手BtoC直請け水準のエンジニアを1名から供給できるSES会社です。React/Vue.js/Next.js/TypeScriptを専門とするエンジニア約40名が在籍し、国内最大級の美容予約サービスの開発にも参画しています。

中途採用に数か月かけずとも、大規模BtoCで培った開発フローと品質基準をそのまま持ち込めるため、リリースを止めずにUI品質を底上げできます。採用が長引く間も他社は機能改善を進めており、今動くかで次四半期の速度が変わります。

現状の開発体制について、「相談したい」の5文字だけご返信ください。折り返しご連絡します。

株式会社Lei Hau'oli 開発支援事業部","380","92","汎用（非パーソナライズ・マギ1回生成）",""
"2026-09-11T18:19:46+09:00","ワンスタッド株式会社","開発部","ご担当者","【1名から常駐】フロントエンド専任エンジニア40名、採用に頼らず体制強化","開発部 ご担当者様

UI改修や新機能開発を進めたくても、フロントエンド専任エンジニアの採用が進まず、着手が遅れていないでしょうか。

株式会社Lei Hau'oliは、フロントエンド特化で国内大手BtoC直請け水準のエンジニアを1名から供給できるSES会社です。React/Vue.js/Next.js/TypeScriptを専門とするエンジニア約40名が在籍し、国内最大級の美容予約サービスの開発にも参画しています。

中途採用に数か月かけずとも、大規模BtoCで培った開発フローと品質基準をそのまま持ち込めるため、リリースを止めずにUI品質を底上げできます。採用が長引く間も他社は機能改善を進めており、今動くかで次四半期の速度が変わります。

現状の開発体制について、「相談したい」の5文字だけご返信ください。折り返しご連絡します。

株式会社Lei Hau'oli 開発支援事業部","380","92","汎用（非パーソナライズ・マギ1回生成）",""
"2026-09-11T18:19:46+09:00","ALITECS株式会社","開発部","ご担当者","【1名から常駐】フロントエンド専任エンジニア40名、採用に頼らず体制強化","開発部 ご担当者様

UI改修や新機能開発を進めたくても、フロントエンド専任エンジニアの採用が進まず、着手が遅れていないでしょうか。

株式会社Lei Hau'oliは、フロントエンド特化で国内大手BtoC直請け水準のエンジニアを1名から供給できるSES会社です。React/Vue.js/Next.js/TypeScriptを専門とするエンジニア約40名が在籍し、国内最大級の美容予約サービスの開発にも参画しています。

中途採用に数か月かけずとも、大規模BtoCで培った開発フローと品質基準をそのまま持ち込めるため、リリースを止めずにUI品質を底上げできます。採用が長引く間も他社は機能改善を進めており、今動くかで次四半期の速度が変わります。

現状の開発体制について、「相談したい」の5文字だけご返信ください。折り返しご連絡します。

株式会社Lei Hau'oli 開発支援事業部","380","92","汎用（非パーソナライズ・マギ1回生成）",""
"2026-09-11T18:19:46+09:00","ミルーム株式会社","開発部","ご担当者","【1名から常駐】フロントエンド専任エンジニア40名、採用に頼らず体制強化","開発部 ご担当者様

UI改修や新機能開発を進めたくても、フロントエンド専任エンジニアの採用が進まず、着手が遅れていないでしょうか。

株式会社Lei Hau'oliは、フロントエンド特化で国内大手BtoC直請け水準のエンジニアを1名から供給できるSES会社です。React/Vue.js/Next.js/TypeScriptを専門とするエンジニア約40名が在籍し、国内最大級の美容予約サービスの開発にも参画しています。

中途採用に数か月かけずとも、大規模BtoCで培った開発フローと品質基準をそのまま持ち込めるため、リリースを止めずにUI品質を底上げできます。採用が長引く間も他社は機能改善を進めており、今動くかで次四半期の速度が変わります。

現状の開発体制について、「相談したい」の5文字だけご返信ください。折り返しご連絡します。

株式会社Lei Hau'oli 開発支援事業部","380","92","汎用（非パーソナライズ・マギ1回生成）",""
"2026-09-11T18:19:46+09:00","株式会社インスパイアクロス","開発部","ご担当者","【1名から常駐】フロントエンド専任エンジニア40名、採用に頼らず体制強化","開発部 ご担当者様

UI改修や新機能開発を進めたくても、フロントエンド専任エンジニアの採用が進まず、着手が遅れていないでしょうか。

株式会社Lei Hau'oliは、フロントエンド特化で国内大手BtoC直請け水準のエンジニアを1名から供給できるSES会社です。React/Vue.js/Next.js/TypeScriptを専門とするエンジニア約40名が在籍し、国内最大級の美容予約サービスの開発にも参画しています。

中途採用に数か月かけずとも、大規模BtoCで培った開発フローと品質基準をそのまま持ち込めるため、リリースを止めずにUI品質を底上げできます。採用が長引く間も他社は機能改善を進めており、今動くかで次四半期の速度が変わります。

現状の開発体制について、「相談したい」の5文字だけご返信ください。折り返しご連絡します。

株式会社Lei Hau'oli 開発支援事業部","380","92","汎用（非パーソナライズ・マギ1回生成）",""
"2026-09-11T18:19:46+09:00","天進技術株式会社","開発部","ご担当者","【1名から常駐】フロントエンド専任エンジニア40名、採用に頼らず体制強化","開発部 ご担当者様

UI改修や新機能開発を進めたくても、フロントエンド専任エンジニアの採用が進まず、着手が遅れていないでしょうか。

株式会社Lei Hau'oliは、フロントエンド特化で国内大手BtoC直請け水準のエンジニアを1名から供給できるSES会社です。React/Vue.js/Next.js/TypeScriptを専門とするエンジニア約40名が在籍し、国内最大級の美容予約サービスの開発にも参画しています。

中途採用に数か月かけずとも、大規模BtoCで培った開発フローと品質基準をそのまま持ち込めるため、リリースを止めずにUI品質を底上げできます。採用が長引く間も他社は機能改善を進めており、今動くかで次四半期の速度が変わります。

現状の開発体制について、「相談したい」の5文字だけご返信ください。折り返しご連絡します。

株式会社Lei Hau'oli 開発支援事業部","380","92","汎用（非パーソナライズ・マギ1回生成）",""
"2026-09-11T18:19:46+09:00","FEEL株式会社","情報システム部","ご担当者","【1名から常駐】フロントエンド専任エンジニア40名、採用に頼らず体制強化","情報システム部 ご担当者様

UI改修や新機能開発を進めたくても、フロントエンド専任エンジニアの採用が進まず、着手が遅れていないでしょうか。

株式会社Lei Hau'oliは、フロントエンド特化で国内大手BtoC直請け水準のエンジニアを1名から供給できるSES会社です。React/Vue.js/Next.js/TypeScriptを専門とするエンジニア約40名が在籍し、国内最大級の美容予約サービスの開発にも参画しています。

中途採用に数か月かけずとも、大規模BtoCで培った開発フローと品質基準をそのまま持ち込めるため、リリースを止めずにUI品質を底上げできます。採用が長引く間も他社は機能改善を進めており、今動くかで次四半期の速度が変わります。

現状の開発体制について、「相談したい」の5文字だけご返信ください。折り返しご連絡します。

株式会社Lei Hau'oli 開発支援事業部","384","92","汎用（非パーソナライズ・マギ1回生成）",""
"2026-09-11T18:19:46+09:00","株式会社トラス","開発部","ご担当者","【1名から常駐】フロントエンド専任エンジニア40名、採用に頼らず体制強化","開発部 ご担当者様

UI改修や新機能開発を進めたくても、フロントエンド専任エンジニアの採用が進まず、着手が遅れていないでしょうか。

株式会社Lei Hau'oliは、フロントエンド特化で国内大手BtoC直請け水準のエンジニアを1名から供給できるSES会社です。React/Vue.js/Next.js/TypeScriptを専門とするエンジニア約40名が在籍し、国内最大級の美容予約サービスの開発にも参画しています。

中途採用に数か月かけずとも、大規模BtoCで培った開発フローと品質基準をそのまま持ち込めるため、リリースを止めずにUI品質を底上げできます。採用が長引く間も他社は機能改善を進めており、今動くかで次四半期の速度が変わります。

現状の開発体制について、「相談したい」の5文字だけご返信ください。折り返しご連絡します。

株式会社Lei Hau'oli 開発支援事業部","380","92","汎用（非パーソナライズ・マギ1回生成）",""
"2026-09-11T18:19:46+09:00","株式会社ユニフィールド","開発部","ご担当者","【1名から常駐】フロントエンド専任エンジニア40名、採用に頼らず体制強化","開発部 ご担当者様

UI改修や新機能開発を進めたくても、フロントエンド専任エンジニアの採用が進まず、着手が遅れていないでしょうか。

株式会社Lei Hau'oliは、フロントエンド特化で国内大手BtoC直請け水準のエンジニアを1名から供給できるSES会社です。React/Vue.js/Next.js/TypeScriptを専門とするエンジニア約40名が在籍し、国内最大級の美容予約サービスの開発にも参画しています。

中途採用に数か月かけずとも、大規模BtoCで培った開発フローと品質基準をそのまま持ち込めるため、リリースを止めずにUI品質を底上げできます。採用が長引く間も他社は機能改善を進めており、今動くかで次四半期の速度が変わります。

現状の開発体制について、「相談したい」の5文字だけご返信ください。折り返しご連絡します。

株式会社Lei Hau'oli 開発支援事業部","380","92","汎用（非パーソナライズ・マギ1回生成）",""
"2026-09-11T18:19:46+09:00","プラスセブン株式会社","開発部","ご担当者","【1名から常駐】フロントエンド専任エンジニア40名、採用に頼らず体制強化","開発部 ご担当者様

UI改修や新機能開発を進めたくても、フロントエンド専任エンジニアの採用が進まず、着手が遅れていないでしょうか。

株式会社Lei Hau'oliは、フロントエンド特化で国内大手BtoC直請け水準のエンジニアを1名から供給できるSES会社です。React/Vue.js/Next.js/TypeScriptを専門とするエンジニア約40名が在籍し、国内最大級の美容予約サービスの開発にも参画しています。

中途採用に数か月かけずとも、大規模BtoCで培った開発フローと品質基準をそのまま持ち込めるため、リリースを止めずにUI品質を底上げできます。採用が長引く間も他社は機能改善を進めており、今動くかで次四半期の速度が変わります。

現状の開発体制について、「相談したい」の5文字だけご返信ください。折り返しご連絡します。

株式会社Lei Hau'oli 開発支援事業部","380","92","汎用（非パーソナライズ・マギ1回生成）",""
"2026-09-11T18:19:46+09:00","株式会社ダイナテック","開発部","ご担当者","【1名から常駐】フロントエンド専任エンジニア40名、採用に頼らず体制強化","開発部 ご担当者様

UI改修や新機能開発を進めたくても、フロントエンド専任エンジニアの採用が進まず、着手が遅れていないでしょうか。

株式会社Lei Hau'oliは、フロントエンド特化で国内大手BtoC直請け水準のエンジニアを1名から供給できるSES会社です。React/Vue.js/Next.js/TypeScriptを専門とするエンジニア約40名が在籍し、国内最大級の美容予約サービスの開発にも参画しています。

中途採用に数か月かけずとも、大規模BtoCで培った開発フローと品質基準をそのまま持ち込めるため、リリースを止めずにUI品質を底上げできます。採用が長引く間も他社は機能改善を進めており、今動くかで次四半期の速度が変わります。

現状の開発体制について、「相談したい」の5文字だけご返信ください。折り返しご連絡します。

株式会社Lei Hau'oli 開発支援事業部","380","92","汎用（非パーソナライズ・マギ1回生成）",""
"2026-09-11T18:19:46+09:00","株式会社Everforth","開発部","ご担当者","【1名から常駐】フロントエンド専任エンジニア40名、採用に頼らず体制強化","開発部 ご担当者様

UI改修や新機能開発を進めたくても、フロントエンド専任エンジニアの採用が進まず、着手が遅れていないでしょうか。

株式会社Lei Hau'oliは、フロントエンド特化で国内大手BtoC直請け水準のエンジニアを1名から供給できるSES会社です。React/Vue.js/Next.js/TypeScriptを専門とするエンジニア約40名が在籍し、国内最大級の美容予約サービスの開発にも参画しています。

中途採用に数か月かけずとも、大規模BtoCで培った開発フローと品質基準をそのまま持ち込めるため、リリースを止めずにUI品質を底上げできます。採用が長引く間も他社は機能改善を進めており、今動くかで次四半期の速度が変わります。

現状の開発体制について、「相談したい」の5文字だけご返信ください。折り返しご連絡します。

株式会社Lei Hau'oli 開発支援事業部","380","92","汎用（非パーソナライズ・マギ1回生成）",""
"2026-09-11T18:19:46+09:00","株式会社マーケライズ","開発部","ご担当者","【1名から常駐】フロントエンド専任エンジニア40名、採用に頼らず体制強化","開発部 ご担当者様

UI改修や新機能開発を進めたくても、フロントエンド専任エンジニアの採用が進まず、着手が遅れていないでしょうか。

株式会社Lei Hau'oliは、フロントエンド特化で国内大手BtoC直請け水準のエンジニアを1名から供給できるSES会社です。React/Vue.js/Next.js/TypeScriptを専門とするエンジニア約40名が在籍し、国内最大級の美容予約サービスの開発にも参画しています。

中途採用に数か月かけずとも、大規模BtoCで培った開発フローと品質基準をそのまま持ち込めるため、リリースを止めずにUI品質を底上げできます。採用が長引く間も他社は機能改善を進めており、今動くかで次四半期の速度が変わります。

現状の開発体制について、「相談したい」の5文字だけご返信ください。折り返しご連絡します。

株式会社Lei Hau'oli 開発支援事業部","380","92","汎用（非パーソナライズ・マギ1回生成）",""
"2026-09-11T18:19:46+09:00","ハートフロー・ジャパン合同会社","開発部","ご担当者","【1名から常駐】フロントエンド専任エンジニア40名、採用に頼らず体制強化","開発部 ご担当者様

UI改修や新機能開発を進めたくても、フロントエンド専任エンジニアの採用が進まず、着手が遅れていないでしょうか。

株式会社Lei Hau'oliは、フロントエンド特化で国内大手BtoC直請け水準のエンジニアを1名から供給できるSES会社です。React/Vue.js/Next.js/TypeScriptを専門とするエンジニア約40名が在籍し、国内最大級の美容予約サービスの開発にも参画しています。

中途採用に数か月かけずとも、大規模BtoCで培った開発フローと品質基準をそのまま持ち込めるため、リリースを止めずにUI品質を底上げできます。採用が長引く間も他社は機能改善を進めており、今動くかで次四半期の速度が変わります。

現状の開発体制について、「相談したい」の5文字だけご返信ください。折り返しご連絡します。

株式会社Lei Hau'oli 開発支援事業部","380","92","汎用（非パーソナライズ・マギ1回生成）",""
"2026-09-11T18:19:46+09:00","株式会社フューチャースタンダード","開発部","ご担当者","【1名から常駐】フロントエンド専任エンジニア40名、採用に頼らず体制強化","開発部 ご担当者様

UI改修や新機能開発を進めたくても、フロントエンド専任エンジニアの採用が進まず、着手が遅れていないでしょうか。

株式会社Lei Hau'oliは、フロントエンド特化で国内大手BtoC直請け水準のエンジニアを1名から供給できるSES会社です。React/Vue.js/Next.js/TypeScriptを専門とするエンジニア約40名が在籍し、国内最大級の美容予約サービスの開発にも参画しています。

中途採用に数か月かけずとも、大規模BtoCで培った開発フローと品質基準をそのまま持ち込めるため、リリースを止めずにUI品質を底上げできます。採用が長引く間も他社は機能改善を進めており、今動くかで次四半期の速度が変わります。

現状の開発体制について、「相談したい」の5文字だけご返信ください。折り返しご連絡します。

株式会社Lei Hau'oli 開発支援事業部","380","92","汎用（非パーソナライズ・マギ1回生成）",""
"2026-09-11T18:19:46+09:00","LIDDELL株式会社","開発部","ご担当者","【1名から常駐】フロントエンド専任エンジニア40名、採用に頼らず体制強化","開発部 ご担当者様

UI改修や新機能開発を進めたくても、フロントエンド専任エンジニアの採用が進まず、着手が遅れていないでしょうか。

株式会社Lei Hau'oliは、フロントエンド特化で国内大手BtoC直請け水準のエンジニアを1名から供給できるSES会社です。React/Vue.js/Next.js/TypeScriptを専門とするエンジニア約40名が在籍し、国内最大級の美容予約サービスの開発にも参画しています。

中途採用に数か月かけずとも、大規模BtoCで培った開発フローと品質基準をそのまま持ち込めるため、リリースを止めずにUI品質を底上げできます。採用が長引く間も他社は機能改善を進めており、今動くかで次四半期の速度が変わります。

現状の開発体制について、「相談したい」の5文字だけご返信ください。折り返しご連絡します。

株式会社Lei Hau'oli 開発支援事業部","380","92","汎用（非パーソナライズ・マギ1回生成）",""
"2026-09-11T18:19:46+09:00","株式会社hautecouture","開発部","ご担当者","【1名から常駐】フロントエンド専任エンジニア40名、採用に頼らず体制強化","開発部 ご担当者様

UI改修や新機能開発を進めたくても、フロントエンド専任エンジニアの採用が進まず、着手が遅れていないでしょうか。

株式会社Lei Hau'oliは、フロントエンド特化で国内大手BtoC直請け水準のエンジニアを1名から供給できるSES会社です。React/Vue.js/Next.js/TypeScriptを専門とするエンジニア約40名が在籍し、国内最大級の美容予約サービスの開発にも参画しています。

中途採用に数か月かけずとも、大規模BtoCで培った開発フローと品質基準をそのまま持ち込めるため、リリースを止めずにUI品質を底上げできます。採用が長引く間も他社は機能改善を進めており、今動くかで次四半期の速度が変わります。

現状の開発体制について、「相談したい」の5文字だけご返信ください。折り返しご連絡します。

株式会社Lei Hau'oli 開発支援事業部","380","92","汎用（非パーソナライズ・マギ1回生成）",""
"2026-09-11T18:19:46+09:00","株式会社イデアライブ","開発部","ご担当者","【1名から常駐】フロントエンド専任エンジニア40名、採用に頼らず体制強化","開発部 ご担当者様

UI改修や新機能開発を進めたくても、フロントエンド専任エンジニアの採用が進まず、着手が遅れていないでしょうか。

株式会社Lei Hau'oliは、フロントエンド特化で国内大手BtoC直請け水準のエンジニアを1名から供給できるSES会社です。React/Vue.js/Next.js/TypeScriptを専門とするエンジニア約40名が在籍し、国内最大級の美容予約サービスの開発にも参画しています。

中途採用に数か月かけずとも、大規模BtoCで培った開発フローと品質基準をそのまま持ち込めるため、リリースを止めずにUI品質を底上げできます。採用が長引く間も他社は機能改善を進めており、今動くかで次四半期の速度が変わります。

現状の開発体制について、「相談したい」の5文字だけご返信ください。折り返しご連絡します。

株式会社Lei Hau'oli 開発支援事業部","380","92","汎用（非パーソナライズ・マギ1回生成）",""
"2026-09-11T18:19:46+09:00","クリンクラウド株式会社","開発部","ご担当者","【1名から常駐】フロントエンド専任エンジニア40名、採用に頼らず体制強化","開発部 ご担当者様

UI改修や新機能開発を進めたくても、フロントエンド専任エンジニアの採用が進まず、着手が遅れていないでしょうか。

株式会社Lei Hau'oliは、フロントエンド特化で国内大手BtoC直請け水準のエンジニアを1名から供給できるSES会社です。React/Vue.js/Next.js/TypeScriptを専門とするエンジニア約40名が在籍し、国内最大級の美容予約サービスの開発にも参画しています。

中途採用に数か月かけずとも、大規模BtoCで培った開発フローと品質基準をそのまま持ち込めるため、リリースを止めずにUI品質を底上げできます。採用が長引く間も他社は機能改善を進めており、今動くかで次四半期の速度が変わります。

現状の開発体制について、「相談したい」の5文字だけご返信ください。折り返しご連絡します。

株式会社Lei Hau'oli 開発支援事業部","380","92","汎用（非パーソナライズ・マギ1回生成）",""
"2026-09-11T18:19:46+09:00","株式会社補助金ポータル","開発部","ご担当者","【1名から常駐】フロントエンド専任エンジニア40名、採用に頼らず体制強化","開発部 ご担当者様

UI改修や新機能開発を進めたくても、フロントエンド専任エンジニアの採用が進まず、着手が遅れていないでしょうか。

株式会社Lei Hau'oliは、フロントエンド特化で国内大手BtoC直請け水準のエンジニアを1名から供給できるSES会社です。React/Vue.js/Next.js/TypeScriptを専門とするエンジニア約40名が在籍し、国内最大級の美容予約サービスの開発にも参画しています。

中途採用に数か月かけずとも、大規模BtoCで培った開発フローと品質基準をそのまま持ち込めるため、リリースを止めずにUI品質を底上げできます。採用が長引く間も他社は機能改善を進めており、今動くかで次四半期の速度が変わります。

現状の開発体制について、「相談したい」の5文字だけご返信ください。折り返しご連絡します。

株式会社Lei Hau'oli 開発支援事業部","380","92","汎用（非パーソナライズ・マギ1回生成）",""
"2026-09-11T18:19:46+09:00","株式会社ダンドリワーク","開発部","ご担当者","【1名から常駐】フロントエンド専任エンジニア40名、採用に頼らず体制強化","開発部 ご担当者様

UI改修や新機能開発を進めたくても、フロントエンド専任エンジニアの採用が進まず、着手が遅れていないでしょうか。

株式会社Lei Hau'oliは、フロントエンド特化で国内大手BtoC直請け水準のエンジニアを1名から供給できるSES会社です。React/Vue.js/Next.js/TypeScriptを専門とするエンジニア約40名が在籍し、国内最大級の美容予約サービスの開発にも参画しています。

中途採用に数か月かけずとも、大規模BtoCで培った開発フローと品質基準をそのまま持ち込めるため、リリースを止めずにUI品質を底上げできます。採用が長引く間も他社は機能改善を進めており、今動くかで次四半期の速度が変わります。

現状の開発体制について、「相談したい」の5文字だけご返信ください。折り返しご連絡します。

株式会社Lei Hau'oli 開発支援事業部","380","92","汎用（非パーソナライズ・マギ1回生成）",""
"2026-09-11T18:19:46+09:00","株式会社ワンダーシェアーソフトウェア","開発部","ご担当者","【1名から常駐】フロントエンド専任エンジニア40名、採用に頼らず体制強化","開発部 ご担当者様

UI改修や新機能開発を進めたくても、フロントエンド専任エンジニアの採用が進まず、着手が遅れていないでしょうか。

株式会社Lei Hau'oliは、フロントエンド特化で国内大手BtoC直請け水準のエンジニアを1名から供給できるSES会社です。React/Vue.js/Next.js/TypeScriptを専門とするエンジニア約40名が在籍し、国内最大級の美容予約サービスの開発にも参画しています。

中途採用に数か月かけずとも、大規模BtoCで培った開発フローと品質基準をそのまま持ち込めるため、リリースを止めずにUI品質を底上げできます。採用が長引く間も他社は機能改善を進めており、今動くかで次四半期の速度が変わります。

現状の開発体制について、「相談したい」の5文字だけご返信ください。折り返しご連絡します。

株式会社Lei Hau'oli 開発支援事業部","380","92","汎用（非パーソナライズ・マギ1回生成）",""
"2026-09-11T18:19:46+09:00","株式会社アジャストワン","開発部","ご担当者","【1名から常駐】フロントエンド専任エンジニア40名、採用に頼らず体制強化","開発部 ご担当者様

UI改修や新機能開発を進めたくても、フロントエンド専任エンジニアの採用が進まず、着手が遅れていないでしょうか。

株式会社Lei Hau'oliは、フロントエンド特化で国内大手BtoC直請け水準のエンジニアを1名から供給できるSES会社です。React/Vue.js/Next.js/TypeScriptを専門とするエンジニア約40名が在籍し、国内最大級の美容予約サービスの開発にも参画しています。

中途採用に数か月かけずとも、大規模BtoCで培った開発フローと品質基準をそのまま持ち込めるため、リリースを止めずにUI品質を底上げできます。採用が長引く間も他社は機能改善を進めており、今動くかで次四半期の速度が変わります。

現状の開発体制について、「相談したい」の5文字だけご返信ください。折り返しご連絡します。

株式会社Lei Hau'oli 開発支援事業部","380","92","汎用（非パーソナライズ・マギ1回生成）",""
"2026-09-11T18:19:46+09:00","PSソリューションズ株式会社","開発部","ご担当者","【1名から常駐】フロントエンド専任エンジニア40名、採用に頼らず体制強化","開発部 ご担当者様

UI改修や新機能開発を進めたくても、フロントエンド専任エンジニアの採用が進まず、着手が遅れていないでしょうか。

株式会社Lei Hau'oliは、フロントエンド特化で国内大手BtoC直請け水準のエンジニアを1名から供給できるSES会社です。React/Vue.js/Next.js/TypeScriptを専門とするエンジニア約40名が在籍し、国内最大級の美容予約サービスの開発にも参画しています。

中途採用に数か月かけずとも、大規模BtoCで培った開発フローと品質基準をそのまま持ち込めるため、リリースを止めずにUI品質を底上げできます。採用が長引く間も他社は機能改善を進めており、今動くかで次四半期の速度が変わります。

現状の開発体制について、「相談したい」の5文字だけご返信ください。折り返しご連絡します。

株式会社Lei Hau'oli 開発支援事業部","380","92","汎用（非パーソナライズ・マギ1回生成）",""
"2026-09-11T18:19:46+09:00","株式会社グーフ","開発部","ご担当者","【1名から常駐】フロントエンド専任エンジニア40名、採用に頼らず体制強化","開発部 ご担当者様

UI改修や新機能開発を進めたくても、フロントエンド専任エンジニアの採用が進まず、着手が遅れていないでしょうか。

株式会社Lei Hau'oliは、フロントエンド特化で国内大手BtoC直請け水準のエンジニアを1名から供給できるSES会社です。React/Vue.js/Next.js/TypeScriptを専門とするエンジニア約40名が在籍し、国内最大級の美容予約サービスの開発にも参画しています。

中途採用に数か月かけずとも、大規模BtoCで培った開発フローと品質基準をそのまま持ち込めるため、リリースを止めずにUI品質を底上げできます。採用が長引く間も他社は機能改善を進めており、今動くかで次四半期の速度が変わります。

現状の開発体制について、「相談したい」の5文字だけご返信ください。折り返しご連絡します。

株式会社Lei Hau'oli 開発支援事業部","380","92","汎用（非パーソナライズ・マギ1回生成）",""
"2026-09-11T18:19:46+09:00","ハイロンエーアイ株式会社","開発部","ご担当者","【1名から常駐】フロントエンド専任エンジニア40名、採用に頼らず体制強化","開発部 ご担当者様

UI改修や新機能開発を進めたくても、フロントエンド専任エンジニアの採用が進まず、着手が遅れていないでしょうか。

株式会社Lei Hau'oliは、フロントエンド特化で国内大手BtoC直請け水準のエンジニアを1名から供給できるSES会社です。React/Vue.js/Next.js/TypeScriptを専門とするエンジニア約40名が在籍し、国内最大級の美容予約サービスの開発にも参画しています。

中途採用に数か月かけずとも、大規模BtoCで培った開発フローと品質基準をそのまま持ち込めるため、リリースを止めずにUI品質を底上げできます。採用が長引く間も他社は機能改善を進めており、今動くかで次四半期の速度が変わります。

現状の開発体制について、「相談したい」の5文字だけご返信ください。折り返しご連絡します。

株式会社Lei Hau'oli 開発支援事業部","380","92","汎用（非パーソナライズ・マギ1回生成）",""
"2026-09-11T18:19:46+09:00","釜石まちづくり株式会社","開発部","ご担当者","【1名から常駐】フロントエンド専任エンジニア40名、採用に頼らず体制強化","開発部 ご担当者様

UI改修や新機能開発を進めたくても、フロントエンド専任エンジニアの採用が進まず、着手が遅れていないでしょうか。

株式会社Lei Hau'oliは、フロントエンド特化で国内大手BtoC直請け水準のエンジニアを1名から供給できるSES会社です。React/Vue.js/Next.js/TypeScriptを専門とするエンジニア約40名が在籍し、国内最大級の美容予約サービスの開発にも参画しています。

中途採用に数か月かけずとも、大規模BtoCで培った開発フローと品質基準をそのまま持ち込めるため、リリースを止めずにUI品質を底上げできます。採用が長引く間も他社は機能改善を進めており、今動くかで次四半期の速度が変わります。

現状の開発体制について、「相談したい」の5文字だけご返信ください。折り返しご連絡します。

株式会社Lei Hau'oli 開発支援事業部","380","92","汎用（非パーソナライズ・マギ1回生成）",""
"2026-09-11T18:19:46+09:00","ラシン株式会社","開発部","ご担当者","【1名から常駐】フロントエンド専任エンジニア40名、採用に頼らず体制強化","開発部 ご担当者様

UI改修や新機能開発を進めたくても、フロントエンド専任エンジニアの採用が進まず、着手が遅れていないでしょうか。

株式会社Lei Hau'oliは、フロントエンド特化で国内大手BtoC直請け水準のエンジニアを1名から供給できるSES会社です。React/Vue.js/Next.js/TypeScriptを専門とするエンジニア約40名が在籍し、国内最大級の美容予約サービスの開発にも参画しています。

中途採用に数か月かけずとも、大規模BtoCで培った開発フローと品質基準をそのまま持ち込めるため、リリースを止めずにUI品質を底上げできます。採用が長引く間も他社は機能改善を進めており、今動くかで次四半期の速度が変わります。

現状の開発体制について、「相談したい」の5文字だけご返信ください。折り返しご連絡します。

株式会社Lei Hau'oli 開発支援事業部","380","92","汎用（非パーソナライズ・マギ1回生成）",""
"2026-09-11T18:19:46+09:00","株式会社エイチームウェルネス","開発部","ご担当者","【1名から常駐】フロントエンド専任エンジニア40名、採用に頼らず体制強化","開発部 ご担当者様

UI改修や新機能開発を進めたくても、フロントエンド専任エンジニアの採用が進まず、着手が遅れていないでしょうか。

株式会社Lei Hau'oliは、フロントエンド特化で国内大手BtoC直請け水準のエンジニアを1名から供給できるSES会社です。React/Vue.js/Next.js/TypeScriptを専門とするエンジニア約40名が在籍し、国内最大級の美容予約サービスの開発にも参画しています。

中途採用に数か月かけずとも、大規模BtoCで培った開発フローと品質基準をそのまま持ち込めるため、リリースを止めずにUI品質を底上げできます。採用が長引く間も他社は機能改善を進めており、今動くかで次四半期の速度が変わります。

現状の開発体制について、「相談したい」の5文字だけご返信ください。折り返しご連絡します。

株式会社Lei Hau'oli 開発支援事業部","380","92","汎用（非パーソナライズ・マギ1回生成）",""
"2026-09-11T18:19:46+09:00","株式会社キロル","開発部","ご担当者","【1名から常駐】フロントエンド専任エンジニア40名、採用に頼らず体制強化","開発部 ご担当者様

UI改修や新機能開発を進めたくても、フロントエンド専任エンジニアの採用が進まず、着手が遅れていないでしょうか。

株式会社Lei Hau'oliは、フロントエンド特化で国内大手BtoC直請け水準のエンジニアを1名から供給できるSES会社です。React/Vue.js/Next.js/TypeScriptを専門とするエンジニア約40名が在籍し、国内最大級の美容予約サービスの開発にも参画しています。

中途採用に数か月かけずとも、大規模BtoCで培った開発フローと品質基準をそのまま持ち込めるため、リリースを止めずにUI品質を底上げできます。採用が長引く間も他社は機能改善を進めており、今動くかで次四半期の速度が変わります。

現状の開発体制について、「相談したい」の5文字だけご返信ください。折り返しご連絡します。

株式会社Lei Hau'oli 開発支援事業部","380","92","汎用（非パーソナライズ・マギ1回生成）",""
"2026-09-11T18:19:46+09:00","株式会社ぐるなびサポートアソシエ","開発部","ご担当者","【1名から常駐】フロントエンド専任エンジニア40名、採用に頼らず体制強化","開発部 ご担当者様

UI改修や新機能開発を進めたくても、フロントエンド専任エンジニアの採用が進まず、着手が遅れていないでしょうか。

株式会社Lei Hau'oliは、フロントエンド特化で国内大手BtoC直請け水準のエンジニアを1名から供給できるSES会社です。React/Vue.js/Next.js/TypeScriptを専門とするエンジニア約40名が在籍し、国内最大級の美容予約サービスの開発にも参画しています。

中途採用に数か月かけずとも、大規模BtoCで培った開発フローと品質基準をそのまま持ち込めるため、リリースを止めずにUI品質を底上げできます。採用が長引く間も他社は機能改善を進めており、今動くかで次四半期の速度が変わります。

現状の開発体制について、「相談したい」の5文字だけご返信ください。折り返しご連絡します。

株式会社Lei Hau'oli 開発支援事業部","380","92","汎用（非パーソナライズ・マギ1回生成）",""
"2026-09-11T18:19:46+09:00","株式会社フュージョンズ","開発部","ご担当者","【1名から常駐】フロントエンド専任エンジニア40名、採用に頼らず体制強化","開発部 ご担当者様

UI改修や新機能開発を進めたくても、フロントエンド専任エンジニアの採用が進まず、着手が遅れていないでしょうか。

株式会社Lei Hau'oliは、フロントエンド特化で国内大手BtoC直請け水準のエンジニアを1名から供給できるSES会社です。React/Vue.js/Next.js/TypeScriptを専門とするエンジニア約40名が在籍し、国内最大級の美容予約サービスの開発にも参画しています。

中途採用に数か月かけずとも、大規模BtoCで培った開発フローと品質基準をそのまま持ち込めるため、リリースを止めずにUI品質を底上げできます。採用が長引く間も他社は機能改善を進めており、今動くかで次四半期の速度が変わります。

現状の開発体制について、「相談したい」の5文字だけご返信ください。折り返しご連絡します。

株式会社Lei Hau'oli 開発支援事業部","380","92","汎用（非パーソナライズ・マギ1回生成）",""
"2026-09-11T18:19:46+09:00","株式会社H&Company","開発部","ご担当者","【1名から常駐】フロントエンド専任エンジニア40名、採用に頼らず体制強化","開発部 ご担当者様

UI改修や新機能開発を進めたくても、フロントエンド専任エンジニアの採用が進まず、着手が遅れていないでしょうか。

株式会社Lei Hau'oliは、フロントエンド特化で国内大手BtoC直請け水準のエンジニアを1名から供給できるSES会社です。React/Vue.js/Next.js/TypeScriptを専門とするエンジニア約40名が在籍し、国内最大級の美容予約サービスの開発にも参画しています。

中途採用に数か月かけずとも、大規模BtoCで培った開発フローと品質基準をそのまま持ち込めるため、リリースを止めずにUI品質を底上げできます。採用が長引く間も他社は機能改善を進めており、今動くかで次四半期の速度が変わります。

現状の開発体制について、「相談したい」の5文字だけご返信ください。折り返しご連絡します。

株式会社Lei Hau'oli 開発支援事業部","380","92","汎用（非パーソナライズ・マギ1回生成）",""
"2026-09-11T18:19:46+09:00","ウォンツ株式会社","開発部","ご担当者","【1名から常駐】フロントエンド専任エンジニア40名、採用に頼らず体制強化","開発部 ご担当者様

UI改修や新機能開発を進めたくても、フロントエンド専任エンジニアの採用が進まず、着手が遅れていないでしょうか。

株式会社Lei Hau'oliは、フロントエンド特化で国内大手BtoC直請け水準のエンジニアを1名から供給できるSES会社です。React/Vue.js/Next.js/TypeScriptを専門とするエンジニア約40名が在籍し、国内最大級の美容予約サービスの開発にも参画しています。

中途採用に数か月かけずとも、大規模BtoCで培った開発フローと品質基準をそのまま持ち込めるため、リリースを止めずにUI品質を底上げできます。採用が長引く間も他社は機能改善を進めており、今動くかで次四半期の速度が変わります。

現状の開発体制について、「相談したい」の5文字だけご返信ください。折り返しご連絡します。

株式会社Lei Hau'oli 開発支援事業部","380","92","汎用（非パーソナライズ・マギ1回生成）",""
"2026-09-11T18:19:46+09:00","Automagi株式会社","開発部","ご担当者","【1名から常駐】フロントエンド専任エンジニア40名、採用に頼らず体制強化","開発部 ご担当者様

UI改修や新機能開発を進めたくても、フロントエンド専任エンジニアの採用が進まず、着手が遅れていないでしょうか。

株式会社Lei Hau'oliは、フロントエンド特化で国内大手BtoC直請け水準のエンジニアを1名から供給できるSES会社です。React/Vue.js/Next.js/TypeScriptを専門とするエンジニア約40名が在籍し、国内最大級の美容予約サービスの開発にも参画しています。

中途採用に数か月かけずとも、大規模BtoCで培った開発フローと品質基準をそのまま持ち込めるため、リリースを止めずにUI品質を底上げできます。採用が長引く間も他社は機能改善を進めており、今動くかで次四半期の速度が変わります。

現状の開発体制について、「相談したい」の5文字だけご返信ください。折り返しご連絡します。

株式会社Lei Hau'oli 開発支援事業部","380","92","汎用（非パーソナライズ・マギ1回生成）",""
"2026-09-11T18:19:46+09:00","セルスペクト株式会社","情報システム部","ご担当者","【1名から常駐】フロントエンド専任エンジニア40名、採用に頼らず体制強化","情報システム部 ご担当者様

UI改修や新機能開発を進めたくても、フロントエンド専任エンジニアの採用が進まず、着手が遅れていないでしょうか。

株式会社Lei Hau'oliは、フロントエンド特化で国内大手BtoC直請け水準のエンジニアを1名から供給できるSES会社です。React/Vue.js/Next.js/TypeScriptを専門とするエンジニア約40名が在籍し、国内最大級の美容予約サービスの開発にも参画しています。

中途採用に数か月かけずとも、大規模BtoCで培った開発フローと品質基準をそのまま持ち込めるため、リリースを止めずにUI品質を底上げできます。採用が長引く間も他社は機能改善を進めており、今動くかで次四半期の速度が変わります。

現状の開発体制について、「相談したい」の5文字だけご返信ください。折り返しご連絡します。

株式会社Lei Hau'oli 開発支援事業部","384","92","汎用（非パーソナライズ・マギ1回生成）",""
"2026-09-11T18:19:46+09:00","株式会社OMJ","開発部","ご担当者","【1名から常駐】フロントエンド専任エンジニア40名、採用に頼らず体制強化","開発部 ご担当者様

UI改修や新機能開発を進めたくても、フロントエンド専任エンジニアの採用が進まず、着手が遅れていないでしょうか。

株式会社Lei Hau'oliは、フロントエンド特化で国内大手BtoC直請け水準のエンジニアを1名から供給できるSES会社です。React/Vue.js/Next.js/TypeScriptを専門とするエンジニア約40名が在籍し、国内最大級の美容予約サービスの開発にも参画しています。

中途採用に数か月かけずとも、大規模BtoCで培った開発フローと品質基準をそのまま持ち込めるため、リリースを止めずにUI品質を底上げできます。採用が長引く間も他社は機能改善を進めており、今動くかで次四半期の速度が変わります。

現状の開発体制について、「相談したい」の5文字だけご返信ください。折り返しご連絡します。

株式会社Lei Hau'oli 開発支援事業部","380","92","汎用（非パーソナライズ・マギ1回生成）",""
"2026-09-11T18:19:46+09:00","株式会社DEHA SOLUTIONS","開発部","ご担当者","【1名から常駐】フロントエンド専任エンジニア40名、採用に頼らず体制強化","開発部 ご担当者様

UI改修や新機能開発を進めたくても、フロントエンド専任エンジニアの採用が進まず、着手が遅れていないでしょうか。

株式会社Lei Hau'oliは、フロントエンド特化で国内大手BtoC直請け水準のエンジニアを1名から供給できるSES会社です。React/Vue.js/Next.js/TypeScriptを専門とするエンジニア約40名が在籍し、国内最大級の美容予約サービスの開発にも参画しています。

中途採用に数か月かけずとも、大規模BtoCで培った開発フローと品質基準をそのまま持ち込めるため、リリースを止めずにUI品質を底上げできます。採用が長引く間も他社は機能改善を進めており、今動くかで次四半期の速度が変わります。

現状の開発体制について、「相談したい」の5文字だけご返信ください。折り返しご連絡します。

株式会社Lei Hau'oli 開発支援事業部","380","92","汎用（非パーソナライズ・マギ1回生成）",""
"2026-09-11T18:19:46+09:00","株式会社ネクサスソフトウェア","開発部","ご担当者","【1名から常駐】フロントエンド専任エンジニア40名、採用に頼らず体制強化","開発部 ご担当者様

UI改修や新機能開発を進めたくても、フロントエンド専任エンジニアの採用が進まず、着手が遅れていないでしょうか。

株式会社Lei Hau'oliは、フロントエンド特化で国内大手BtoC直請け水準のエンジニアを1名から供給できるSES会社です。React/Vue.js/Next.js/TypeScriptを専門とするエンジニア約40名が在籍し、国内最大級の美容予約サービスの開発にも参画しています。

中途採用に数か月かけずとも、大規模BtoCで培った開発フローと品質基準をそのまま持ち込めるため、リリースを止めずにUI品質を底上げできます。採用が長引く間も他社は機能改善を進めており、今動くかで次四半期の速度が変わります。

現状の開発体制について、「相談したい」の5文字だけご返信ください。折り返しご連絡します。

株式会社Lei Hau'oli 開発支援事業部","380","92","汎用（非パーソナライズ・マギ1回生成）",""
"2026-09-11T18:19:46+09:00","株式会社クロスリンク","開発部","ご担当者","【1名から常駐】フロントエンド専任エンジニア40名、採用に頼らず体制強化","開発部 ご担当者様

UI改修や新機能開発を進めたくても、フロントエンド専任エンジニアの採用が進まず、着手が遅れていないでしょうか。

株式会社Lei Hau'oliは、フロントエンド特化で国内大手BtoC直請け水準のエンジニアを1名から供給できるSES会社です。React/Vue.js/Next.js/TypeScriptを専門とするエンジニア約40名が在籍し、国内最大級の美容予約サービスの開発にも参画しています。

中途採用に数か月かけずとも、大規模BtoCで培った開発フローと品質基準をそのまま持ち込めるため、リリースを止めずにUI品質を底上げできます。採用が長引く間も他社は機能改善を進めており、今動くかで次四半期の速度が変わります。

現状の開発体制について、「相談したい」の5文字だけご返信ください。折り返しご連絡します。

株式会社Lei Hau'oli 開発支援事業部","380","92","汎用（非パーソナライズ・マギ1回生成）",""
"2026-09-11T18:19:46+09:00","株式会社ハニカムラボ","開発部","ご担当者","【1名から常駐】フロントエンド専任エンジニア40名、採用に頼らず体制強化","開発部 ご担当者様

UI改修や新機能開発を進めたくても、フロントエンド専任エンジニアの採用が進まず、着手が遅れていないでしょうか。

株式会社Lei Hau'oliは、フロントエンド特化で国内大手BtoC直請け水準のエンジニアを1名から供給できるSES会社です。React/Vue.js/Next.js/TypeScriptを専門とするエンジニア約40名が在籍し、国内最大級の美容予約サービスの開発にも参画しています。

中途採用に数か月かけずとも、大規模BtoCで培った開発フローと品質基準をそのまま持ち込めるため、リリースを止めずにUI品質を底上げできます。採用が長引く間も他社は機能改善を進めており、今動くかで次四半期の速度が変わります。

現状の開発体制について、「相談したい」の5文字だけご返信ください。折り返しご連絡します。

株式会社Lei Hau'oli 開発支援事業部","380","92","汎用（非パーソナライズ・マギ1回生成）",""
"2026-09-11T18:19:46+09:00","株式会社陣屋コネクト","開発部","ご担当者","【1名から常駐】フロントエンド専任エンジニア40名、採用に頼らず体制強化","開発部 ご担当者様

UI改修や新機能開発を進めたくても、フロントエンド専任エンジニアの採用が進まず、着手が遅れていないでしょうか。

株式会社Lei Hau'oliは、フロントエンド特化で国内大手BtoC直請け水準のエンジニアを1名から供給できるSES会社です。React/Vue.js/Next.js/TypeScriptを専門とするエンジニア約40名が在籍し、国内最大級の美容予約サービスの開発にも参画しています。

中途採用に数か月かけずとも、大規模BtoCで培った開発フローと品質基準をそのまま持ち込めるため、リリースを止めずにUI品質を底上げできます。採用が長引く間も他社は機能改善を進めており、今動くかで次四半期の速度が変わります。

現状の開発体制について、「相談したい」の5文字だけご返信ください。折り返しご連絡します。

株式会社Lei Hau'oli 開発支援事業部","380","92","汎用（非パーソナライズ・マギ1回生成）",""
"2026-09-11T18:19:46+09:00","さくら総研株式会社","開発部","ご担当者","【1名から常駐】フロントエンド専任エンジニア40名、採用に頼らず体制強化","開発部 ご担当者様

UI改修や新機能開発を進めたくても、フロントエンド専任エンジニアの採用が進まず、着手が遅れていないでしょうか。

株式会社Lei Hau'oliは、フロントエンド特化で国内大手BtoC直請け水準のエンジニアを1名から供給できるSES会社です。React/Vue.js/Next.js/TypeScriptを専門とするエンジニア約40名が在籍し、国内最大級の美容予約サービスの開発にも参画しています。

中途採用に数か月かけずとも、大規模BtoCで培った開発フローと品質基準をそのまま持ち込めるため、リリースを止めずにUI品質を底上げできます。採用が長引く間も他社は機能改善を進めており、今動くかで次四半期の速度が変わります。

現状の開発体制について、「相談したい」の5文字だけご返信ください。折り返しご連絡します。

株式会社Lei Hau'oli 開発支援事業部","380","92","汎用（非パーソナライズ・マギ1回生成）",""
"2026-09-11T18:19:46+09:00","株式会社OpenFashion","開発部","ご担当者","【1名から常駐】フロントエンド専任エンジニア40名、採用に頼らず体制強化","開発部 ご担当者様

UI改修や新機能開発を進めたくても、フロントエンド専任エンジニアの採用が進まず、着手が遅れていないでしょうか。

株式会社Lei Hau'oliは、フロントエンド特化で国内大手BtoC直請け水準のエンジニアを1名から供給できるSES会社です。React/Vue.js/Next.js/TypeScriptを専門とするエンジニア約40名が在籍し、国内最大級の美容予約サービスの開発にも参画しています。

中途採用に数か月かけずとも、大規模BtoCで培った開発フローと品質基準をそのまま持ち込めるため、リリースを止めずにUI品質を底上げできます。採用が長引く間も他社は機能改善を進めており、今動くかで次四半期の速度が変わります。

現状の開発体制について、「相談したい」の5文字だけご返信ください。折り返しご連絡します。

株式会社Lei Hau'oli 開発支援事業部","380","92","汎用（非パーソナライズ・マギ1回生成）",""
"2026-09-11T18:19:46+09:00","忍者ツールズ株式会社","開発部","ご担当者","【1名から常駐】フロントエンド専任エンジニア40名、採用に頼らず体制強化","開発部 ご担当者様

UI改修や新機能開発を進めたくても、フロントエンド専任エンジニアの採用が進まず、着手が遅れていないでしょうか。

株式会社Lei Hau'oliは、フロントエンド特化で国内大手BtoC直請け水準のエンジニアを1名から供給できるSES会社です。React/Vue.js/Next.js/TypeScriptを専門とするエンジニア約40名が在籍し、国内最大級の美容予約サービスの開発にも参画しています。

中途採用に数か月かけずとも、大規模BtoCで培った開発フローと品質基準をそのまま持ち込めるため、リリースを止めずにUI品質を底上げできます。採用が長引く間も他社は機能改善を進めており、今動くかで次四半期の速度が変わります。

現状の開発体制について、「相談したい」の5文字だけご返信ください。折り返しご連絡します。

株式会社Lei Hau'oli 開発支援事業部","380","92","汎用（非パーソナライズ・マギ1回生成）",""
"2026-09-11T18:19:46+09:00","LiME株式会社","開発部","ご担当者","【1名から常駐】フロントエンド専任エンジニア40名、採用に頼らず体制強化","開発部 ご担当者様

UI改修や新機能開発を進めたくても、フロントエンド専任エンジニアの採用が進まず、着手が遅れていないでしょうか。

株式会社Lei Hau'oliは、フロントエンド特化で国内大手BtoC直請け水準のエンジニアを1名から供給できるSES会社です。React/Vue.js/Next.js/TypeScriptを専門とするエンジニア約40名が在籍し、国内最大級の美容予約サービスの開発にも参画しています。

中途採用に数か月かけずとも、大規模BtoCで培った開発フローと品質基準をそのまま持ち込めるため、リリースを止めずにUI品質を底上げできます。採用が長引く間も他社は機能改善を進めており、今動くかで次四半期の速度が変わります。

現状の開発体制について、「相談したい」の5文字だけご返信ください。折り返しご連絡します。

株式会社Lei Hau'oli 開発支援事業部","380","92","汎用（非パーソナライズ・マギ1回生成）",""
"2026-09-11T18:19:46+09:00","株式会社WAKUWAKU","開発部","ご担当者","【1名から常駐】フロントエンド専任エンジニア40名、採用に頼らず体制強化","開発部 ご担当者様

UI改修や新機能開発を進めたくても、フロントエンド専任エンジニアの採用が進まず、着手が遅れていないでしょうか。

株式会社Lei Hau'oliは、フロントエンド特化で国内大手BtoC直請け水準のエンジニアを1名から供給できるSES会社です。React/Vue.js/Next.js/TypeScriptを専門とするエンジニア約40名が在籍し、国内最大級の美容予約サービスの開発にも参画しています。

中途採用に数か月かけずとも、大規模BtoCで培った開発フローと品質基準をそのまま持ち込めるため、リリースを止めずにUI品質を底上げできます。採用が長引く間も他社は機能改善を進めており、今動くかで次四半期の速度が変わります。

現状の開発体制について、「相談したい」の5文字だけご返信ください。折り返しご連絡します。

株式会社Lei Hau'oli 開発支援事業部","380","92","汎用（非パーソナライズ・マギ1回生成）",""
"2026-09-11T18:19:46+09:00","スカイファーム株式会社","開発部","ご担当者","【1名から常駐】フロントエンド専任エンジニア40名、採用に頼らず体制強化","開発部 ご担当者様

UI改修や新機能開発を進めたくても、フロントエンド専任エンジニアの採用が進まず、着手が遅れていないでしょうか。

株式会社Lei Hau'oliは、フロントエンド特化で国内大手BtoC直請け水準のエンジニアを1名から供給できるSES会社です。React/Vue.js/Next.js/TypeScriptを専門とするエンジニア約40名が在籍し、国内最大級の美容予約サービスの開発にも参画しています。

中途採用に数か月かけずとも、大規模BtoCで培った開発フローと品質基準をそのまま持ち込めるため、リリースを止めずにUI品質を底上げできます。採用が長引く間も他社は機能改善を進めており、今動くかで次四半期の速度が変わります。

現状の開発体制について、「相談したい」の5文字だけご返信ください。折り返しご連絡します。

株式会社Lei Hau'oli 開発支援事業部","380","92","汎用（非パーソナライズ・マギ1回生成）",""
"2026-09-11T18:19:46+09:00","株式会社ソエル","開発部","ご担当者","【1名から常駐】フロントエンド専任エンジニア40名、採用に頼らず体制強化","開発部 ご担当者様

UI改修や新機能開発を進めたくても、フロントエンド専任エンジニアの採用が進まず、着手が遅れていないでしょうか。

株式会社Lei Hau'oliは、フロントエンド特化で国内大手BtoC直請け水準のエンジニアを1名から供給できるSES会社です。React/Vue.js/Next.js/TypeScriptを専門とするエンジニア約40名が在籍し、国内最大級の美容予約サービスの開発にも参画しています。

中途採用に数か月かけずとも、大規模BtoCで培った開発フローと品質基準をそのまま持ち込めるため、リリースを止めずにUI品質を底上げできます。採用が長引く間も他社は機能改善を進めており、今動くかで次四半期の速度が変わります。

現状の開発体制について、「相談したい」の5文字だけご返信ください。折り返しご連絡します。

株式会社Lei Hau'oli 開発支援事業部","380","92","汎用（非パーソナライズ・マギ1回生成）",""
"2026-09-11T18:19:46+09:00","サイトカイン株式会社","開発部","ご担当者","【1名から常駐】フロントエンド専任エンジニア40名、採用に頼らず体制強化","開発部 ご担当者様

UI改修や新機能開発を進めたくても、フロントエンド専任エンジニアの採用が進まず、着手が遅れていないでしょうか。

株式会社Lei Hau'oliは、フロントエンド特化で国内大手BtoC直請け水準のエンジニアを1名から供給できるSES会社です。React/Vue.js/Next.js/TypeScriptを専門とするエンジニア約40名が在籍し、国内最大級の美容予約サービスの開発にも参画しています。

中途採用に数か月かけずとも、大規模BtoCで培った開発フローと品質基準をそのまま持ち込めるため、リリースを止めずにUI品質を底上げできます。採用が長引く間も他社は機能改善を進めており、今動くかで次四半期の速度が変わります。

現状の開発体制について、「相談したい」の5文字だけご返信ください。折り返しご連絡します。

株式会社Lei Hau'oli 開発支援事業部","380","92","汎用（非パーソナライズ・マギ1回生成）",""
"2026-09-11T18:19:46+09:00","Sprinklr Japan株式会社","開発部","ご担当者","【1名から常駐】フロントエンド専任エンジニア40名、採用に頼らず体制強化","開発部 ご担当者様

UI改修や新機能開発を進めたくても、フロントエンド専任エンジニアの採用が進まず、着手が遅れていないでしょうか。

株式会社Lei Hau'oliは、フロントエンド特化で国内大手BtoC直請け水準のエンジニアを1名から供給できるSES会社です。React/Vue.js/Next.js/TypeScriptを専門とするエンジニア約40名が在籍し、国内最大級の美容予約サービスの開発にも参画しています。

中途採用に数か月かけずとも、大規模BtoCで培った開発フローと品質基準をそのまま持ち込めるため、リリースを止めずにUI品質を底上げできます。採用が長引く間も他社は機能改善を進めており、今動くかで次四半期の速度が変わります。

現状の開発体制について、「相談したい」の5文字だけご返信ください。折り返しご連絡します。

株式会社Lei Hau'oli 開発支援事業部","380","92","汎用（非パーソナライズ・マギ1回生成）",""
"2026-09-11T18:19:46+09:00","株式会社JSecurity","技術部","ご担当者","【1名から常駐】フロントエンド専任エンジニア40名、採用に頼らず体制強化","技術部 ご担当者様

UI改修や新機能開発を進めたくても、フロントエンド専任エンジニアの採用が進まず、着手が遅れていないでしょうか。

株式会社Lei Hau'oliは、フロントエンド特化で国内大手BtoC直請け水準のエンジニアを1名から供給できるSES会社です。React/Vue.js/Next.js/TypeScriptを専門とするエンジニア約40名が在籍し、国内最大級の美容予約サービスの開発にも参画しています。

中途採用に数か月かけずとも、大規模BtoCで培った開発フローと品質基準をそのまま持ち込めるため、リリースを止めずにUI品質を底上げできます。採用が長引く間も他社は機能改善を進めており、今動くかで次四半期の速度が変わります。

現状の開発体制について、「相談したい」の5文字だけご返信ください。折り返しご連絡します。

株式会社Lei Hau'oli 開発支援事業部","380","92","汎用（非パーソナライズ・マギ1回生成）",""
"2026-09-11T18:19:46+09:00","株式会社マジックハット","開発部","ご担当者","【1名から常駐】フロントエンド専任エンジニア40名、採用に頼らず体制強化","開発部 ご担当者様

UI改修や新機能開発を進めたくても、フロントエンド専任エンジニアの採用が進まず、着手が遅れていないでしょうか。

株式会社Lei Hau'oliは、フロントエンド特化で国内大手BtoC直請け水準のエンジニアを1名から供給できるSES会社です。React/Vue.js/Next.js/TypeScriptを専門とするエンジニア約40名が在籍し、国内最大級の美容予約サービスの開発にも参画しています。

中途採用に数か月かけずとも、大規模BtoCで培った開発フローと品質基準をそのまま持ち込めるため、リリースを止めずにUI品質を底上げできます。採用が長引く間も他社は機能改善を進めており、今動くかで次四半期の速度が変わります。

現状の開発体制について、「相談したい」の5文字だけご返信ください。折り返しご連絡します。

株式会社Lei Hau'oli 開発支援事業部","380","92","汎用（非パーソナライズ・マギ1回生成）",""
"2026-09-11T18:19:46+09:00","CData Software Japan合同会社","開発部","ご担当者","【1名から常駐】フロントエンド専任エンジニア40名、採用に頼らず体制強化","開発部 ご担当者様

UI改修や新機能開発を進めたくても、フロントエンド専任エンジニアの採用が進まず、着手が遅れていないでしょうか。

株式会社Lei Hau'oliは、フロントエンド特化で国内大手BtoC直請け水準のエンジニアを1名から供給できるSES会社です。React/Vue.js/Next.js/TypeScriptを専門とするエンジニア約40名が在籍し、国内最大級の美容予約サービスの開発にも参画しています。

中途採用に数か月かけずとも、大規模BtoCで培った開発フローと品質基準をそのまま持ち込めるため、リリースを止めずにUI品質を底上げできます。採用が長引く間も他社は機能改善を進めており、今動くかで次四半期の速度が変わります。

現状の開発体制について、「相談したい」の5文字だけご返信ください。折り返しご連絡します。

株式会社Lei Hau'oli 開発支援事業部","380","92","汎用（非パーソナライズ・マギ1回生成）",""
"2026-09-11T18:19:46+09:00","デジタルシティ株式会社","開発部","ご担当者","【1名から常駐】フロントエンド専任エンジニア40名、採用に頼らず体制強化","開発部 ご担当者様

UI改修や新機能開発を進めたくても、フロントエンド専任エンジニアの採用が進まず、着手が遅れていないでしょうか。

株式会社Lei Hau'oliは、フロントエンド特化で国内大手BtoC直請け水準のエンジニアを1名から供給できるSES会社です。React/Vue.js/Next.js/TypeScriptを専門とするエンジニア約40名が在籍し、国内最大級の美容予約サービスの開発にも参画しています。

中途採用に数か月かけずとも、大規模BtoCで培った開発フローと品質基準をそのまま持ち込めるため、リリースを止めずにUI品質を底上げできます。採用が長引く間も他社は機能改善を進めており、今動くかで次四半期の速度が変わります。

現状の開発体制について、「相談したい」の5文字だけご返信ください。折り返しご連絡します。

株式会社Lei Hau'oli 開発支援事業部","380","92","汎用（非パーソナライズ・マギ1回生成）",""
"2026-09-11T18:19:46+09:00","株式会社東京デザインアーツ","開発部","ご担当者","【1名から常駐】フロントエンド専任エンジニア40名、採用に頼らず体制強化","開発部 ご担当者様

UI改修や新機能開発を進めたくても、フロントエンド専任エンジニアの採用が進まず、着手が遅れていないでしょうか。

株式会社Lei Hau'oliは、フロントエンド特化で国内大手BtoC直請け水準のエンジニアを1名から供給できるSES会社です。React/Vue.js/Next.js/TypeScriptを専門とするエンジニア約40名が在籍し、国内最大級の美容予約サービスの開発にも参画しています。

中途採用に数か月かけずとも、大規模BtoCで培った開発フローと品質基準をそのまま持ち込めるため、リリースを止めずにUI品質を底上げできます。採用が長引く間も他社は機能改善を進めており、今動くかで次四半期の速度が変わります。

現状の開発体制について、「相談したい」の5文字だけご返信ください。折り返しご連絡します。

株式会社Lei Hau'oli 開発支援事業部","380","92","汎用（非パーソナライズ・マギ1回生成）",""
"2026-09-11T18:19:46+09:00","株式会社AGE technologies","開発部","ご担当者","【1名から常駐】フロントエンド専任エンジニア40名、採用に頼らず体制強化","開発部 ご担当者様

UI改修や新機能開発を進めたくても、フロントエンド専任エンジニアの採用が進まず、着手が遅れていないでしょうか。

株式会社Lei Hau'oliは、フロントエンド特化で国内大手BtoC直請け水準のエンジニアを1名から供給できるSES会社です。React/Vue.js/Next.js/TypeScriptを専門とするエンジニア約40名が在籍し、国内最大級の美容予約サービスの開発にも参画しています。

中途採用に数か月かけずとも、大規模BtoCで培った開発フローと品質基準をそのまま持ち込めるため、リリースを止めずにUI品質を底上げできます。採用が長引く間も他社は機能改善を進めており、今動くかで次四半期の速度が変わります。

現状の開発体制について、「相談したい」の5文字だけご返信ください。折り返しご連絡します。

株式会社Lei Hau'oli 開発支援事業部","380","92","汎用（非パーソナライズ・マギ1回生成）",""
"2026-09-11T18:19:46+09:00","株式会社ライトライト","開発部","ご担当者","【1名から常駐】フロントエンド専任エンジニア40名、採用に頼らず体制強化","開発部 ご担当者様

UI改修や新機能開発を進めたくても、フロントエンド専任エンジニアの採用が進まず、着手が遅れていないでしょうか。

株式会社Lei Hau'oliは、フロントエンド特化で国内大手BtoC直請け水準のエンジニアを1名から供給できるSES会社です。React/Vue.js/Next.js/TypeScriptを専門とするエンジニア約40名が在籍し、国内最大級の美容予約サービスの開発にも参画しています。

中途採用に数か月かけずとも、大規模BtoCで培った開発フローと品質基準をそのまま持ち込めるため、リリースを止めずにUI品質を底上げできます。採用が長引く間も他社は機能改善を進めており、今動くかで次四半期の速度が変わります。

現状の開発体制について、「相談したい」の5文字だけご返信ください。折り返しご連絡します。

株式会社Lei Hau'oli 開発支援事業部","380","92","汎用（非パーソナライズ・マギ1回生成）",""
"2026-09-11T18:19:46+09:00","株式会社D2CX","開発部","ご担当者","【1名から常駐】フロントエンド専任エンジニア40名、採用に頼らず体制強化","開発部 ご担当者様

UI改修や新機能開発を進めたくても、フロントエンド専任エンジニアの採用が進まず、着手が遅れていないでしょうか。

株式会社Lei Hau'oliは、フロントエンド特化で国内大手BtoC直請け水準のエンジニアを1名から供給できるSES会社です。React/Vue.js/Next.js/TypeScriptを専門とするエンジニア約40名が在籍し、国内最大級の美容予約サービスの開発にも参画しています。

中途採用に数か月かけずとも、大規模BtoCで培った開発フローと品質基準をそのまま持ち込めるため、リリースを止めずにUI品質を底上げできます。採用が長引く間も他社は機能改善を進めており、今動くかで次四半期の速度が変わります。

現状の開発体制について、「相談したい」の5文字だけご返信ください。折り返しご連絡します。

株式会社Lei Hau'oli 開発支援事業部","380","92","汎用（非パーソナライズ・マギ1回生成）",""
"2026-09-11T18:19:46+09:00","禹諾国際株式会社","開発部","ご担当者","【1名から常駐】フロントエンド専任エンジニア40名、採用に頼らず体制強化","開発部 ご担当者様

UI改修や新機能開発を進めたくても、フロントエンド専任エンジニアの採用が進まず、着手が遅れていないでしょうか。

株式会社Lei Hau'oliは、フロントエンド特化で国内大手BtoC直請け水準のエンジニアを1名から供給できるSES会社です。React/Vue.js/Next.js/TypeScriptを専門とするエンジニア約40名が在籍し、国内最大級の美容予約サービスの開発にも参画しています。

中途採用に数か月かけずとも、大規模BtoCで培った開発フローと品質基準をそのまま持ち込めるため、リリースを止めずにUI品質を底上げできます。採用が長引く間も他社は機能改善を進めており、今動くかで次四半期の速度が変わります。

現状の開発体制について、「相談したい」の5文字だけご返信ください。折り返しご連絡します。

株式会社Lei Hau'oli 開発支援事業部","380","92","汎用（非パーソナライズ・マギ1回生成）",""
"2026-09-11T18:19:46+09:00","株式会社mediVR","情報システム部","ご担当者","【1名から常駐】フロントエンド専任エンジニア40名、採用に頼らず体制強化","情報システム部 ご担当者様

UI改修や新機能開発を進めたくても、フロントエンド専任エンジニアの採用が進まず、着手が遅れていないでしょうか。

株式会社Lei Hau'oliは、フロントエンド特化で国内大手BtoC直請け水準のエンジニアを1名から供給できるSES会社です。React/Vue.js/Next.js/TypeScriptを専門とするエンジニア約40名が在籍し、国内最大級の美容予約サービスの開発にも参画しています。

中途採用に数か月かけずとも、大規模BtoCで培った開発フローと品質基準をそのまま持ち込めるため、リリースを止めずにUI品質を底上げできます。採用が長引く間も他社は機能改善を進めており、今動くかで次四半期の速度が変わります。

現状の開発体制について、「相談したい」の5文字だけご返信ください。折り返しご連絡します。

株式会社Lei Hau'oli 開発支援事業部","384","92","汎用（非パーソナライズ・マギ1回生成）",""
"2026-09-11T18:19:46+09:00","株式会社ARROWS","開発部","ご担当者","【1名から常駐】フロントエンド専任エンジニア40名、採用に頼らず体制強化","開発部 ご担当者様

UI改修や新機能開発を進めたくても、フロントエンド専任エンジニアの採用が進まず、着手が遅れていないでしょうか。

株式会社Lei Hau'oliは、フロントエンド特化で国内大手BtoC直請け水準のエンジニアを1名から供給できるSES会社です。React/Vue.js/Next.js/TypeScriptを専門とするエンジニア約40名が在籍し、国内最大級の美容予約サービスの開発にも参画しています。

中途採用に数か月かけずとも、大規模BtoCで培った開発フローと品質基準をそのまま持ち込めるため、リリースを止めずにUI品質を底上げできます。採用が長引く間も他社は機能改善を進めており、今動くかで次四半期の速度が変わります。

現状の開発体制について、「相談したい」の5文字だけご返信ください。折り返しご連絡します。

株式会社Lei Hau'oli 開発支援事業部","380","92","汎用（非パーソナライズ・マギ1回生成）",""
"2026-09-11T18:19:46+09:00","株式会社銀河ホールディングス","開発部","ご担当者","【1名から常駐】フロントエンド専任エンジニア40名、採用に頼らず体制強化","開発部 ご担当者様

UI改修や新機能開発を進めたくても、フロントエンド専任エンジニアの採用が進まず、着手が遅れていないでしょうか。

株式会社Lei Hau'oliは、フロントエンド特化で国内大手BtoC直請け水準のエンジニアを1名から供給できるSES会社です。React/Vue.js/Next.js/TypeScriptを専門とするエンジニア約40名が在籍し、国内最大級の美容予約サービスの開発にも参画しています。

中途採用に数か月かけずとも、大規模BtoCで培った開発フローと品質基準をそのまま持ち込めるため、リリースを止めずにUI品質を底上げできます。採用が長引く間も他社は機能改善を進めており、今動くかで次四半期の速度が変わります。

現状の開発体制について、「相談したい」の5文字だけご返信ください。折り返しご連絡します。

株式会社Lei Hau'oli 開発支援事業部","380","92","汎用（非パーソナライズ・マギ1回生成）",""
"2026-09-11T18:19:46+09:00","エスオーエス株式会社","開発部","ご担当者","【1名から常駐】フロントエンド専任エンジニア40名、採用に頼らず体制強化","開発部 ご担当者様

UI改修や新機能開発を進めたくても、フロントエンド専任エンジニアの採用が進まず、着手が遅れていないでしょうか。

株式会社Lei Hau'oliは、フロントエンド特化で国内大手BtoC直請け水準のエンジニアを1名から供給できるSES会社です。React/Vue.js/Next.js/TypeScriptを専門とするエンジニア約40名が在籍し、国内最大級の美容予約サービスの開発にも参画しています。

中途採用に数か月かけずとも、大規模BtoCで培った開発フローと品質基準をそのまま持ち込めるため、リリースを止めずにUI品質を底上げできます。採用が長引く間も他社は機能改善を進めており、今動くかで次四半期の速度が変わります。

現状の開発体制について、「相談したい」の5文字だけご返信ください。折り返しご連絡します。

株式会社Lei Hau'oli 開発支援事業部","380","92","汎用（非パーソナライズ・マギ1回生成）",""
"2026-09-11T18:19:46+09:00","株式会社ノースマート","開発部","ご担当者","【1名から常駐】フロントエンド専任エンジニア40名、採用に頼らず体制強化","開発部 ご担当者様

UI改修や新機能開発を進めたくても、フロントエンド専任エンジニアの採用が進まず、着手が遅れていないでしょうか。

株式会社Lei Hau'oliは、フロントエンド特化で国内大手BtoC直請け水準のエンジニアを1名から供給できるSES会社です。React/Vue.js/Next.js/TypeScriptを専門とするエンジニア約40名が在籍し、国内最大級の美容予約サービスの開発にも参画しています。

中途採用に数か月かけずとも、大規模BtoCで培った開発フローと品質基準をそのまま持ち込めるため、リリースを止めずにUI品質を底上げできます。採用が長引く間も他社は機能改善を進めており、今動くかで次四半期の速度が変わります。

現状の開発体制について、「相談したい」の5文字だけご返信ください。折り返しご連絡します。

株式会社Lei Hau'oli 開発支援事業部","380","92","汎用（非パーソナライズ・マギ1回生成）",""
"2026-09-11T18:19:46+09:00","株式会社Qt","開発部","ご担当者","【1名から常駐】フロントエンド専任エンジニア40名、採用に頼らず体制強化","開発部 ご担当者様

UI改修や新機能開発を進めたくても、フロントエンド専任エンジニアの採用が進まず、着手が遅れていないでしょうか。

株式会社Lei Hau'oliは、フロントエンド特化で国内大手BtoC直請け水準のエンジニアを1名から供給できるSES会社です。React/Vue.js/Next.js/TypeScriptを専門とするエンジニア約40名が在籍し、国内最大級の美容予約サービスの開発にも参画しています。

中途採用に数か月かけずとも、大規模BtoCで培った開発フローと品質基準をそのまま持ち込めるため、リリースを止めずにUI品質を底上げできます。採用が長引く間も他社は機能改善を進めており、今動くかで次四半期の速度が変わります。

現状の開発体制について、「相談したい」の5文字だけご返信ください。折り返しご連絡します。

株式会社Lei Hau'oli 開発支援事業部","380","92","汎用（非パーソナライズ・マギ1回生成）",""
"2026-09-11T18:19:46+09:00","オシロ株式会社","開発部","ご担当者","【1名から常駐】フロントエンド専任エンジニア40名、採用に頼らず体制強化","開発部 ご担当者様

UI改修や新機能開発を進めたくても、フロントエンド専任エンジニアの採用が進まず、着手が遅れていないでしょうか。

株式会社Lei Hau'oliは、フロントエンド特化で国内大手BtoC直請け水準のエンジニアを1名から供給できるSES会社です。React/Vue.js/Next.js/TypeScriptを専門とするエンジニア約40名が在籍し、国内最大級の美容予約サービスの開発にも参画しています。

中途採用に数か月かけずとも、大規模BtoCで培った開発フローと品質基準をそのまま持ち込めるため、リリースを止めずにUI品質を底上げできます。採用が長引く間も他社は機能改善を進めており、今動くかで次四半期の速度が変わります。

現状の開発体制について、「相談したい」の5文字だけご返信ください。折り返しご連絡します。

株式会社Lei Hau'oli 開発支援事業部","380","92","汎用（非パーソナライズ・マギ1回生成）",""
"2026-09-11T18:19:46+09:00","株式会社エー・ソリューションズ","開発部","ご担当者","【1名から常駐】フロントエンド専任エンジニア40名、採用に頼らず体制強化","開発部 ご担当者様

UI改修や新機能開発を進めたくても、フロントエンド専任エンジニアの採用が進まず、着手が遅れていないでしょうか。

株式会社Lei Hau'oliは、フロントエンド特化で国内大手BtoC直請け水準のエンジニアを1名から供給できるSES会社です。React/Vue.js/Next.js/TypeScriptを専門とするエンジニア約40名が在籍し、国内最大級の美容予約サービスの開発にも参画しています。

中途採用に数か月かけずとも、大規模BtoCで培った開発フローと品質基準をそのまま持ち込めるため、リリースを止めずにUI品質を底上げできます。採用が長引く間も他社は機能改善を進めており、今動くかで次四半期の速度が変わります。

現状の開発体制について、「相談したい」の5文字だけご返信ください。折り返しご連絡します。

株式会社Lei Hau'oli 開発支援事業部","380","92","汎用（非パーソナライズ・マギ1回生成）",""
"2026-09-11T18:19:46+09:00","株式会社Colobiz","開発部","ご担当者","【1名から常駐】フロントエンド専任エンジニア40名、採用に頼らず体制強化","開発部 ご担当者様

UI改修や新機能開発を進めたくても、フロントエンド専任エンジニアの採用が進まず、着手が遅れていないでしょうか。

株式会社Lei Hau'oliは、フロントエンド特化で国内大手BtoC直請け水準のエンジニアを1名から供給できるSES会社です。React/Vue.js/Next.js/TypeScriptを専門とするエンジニア約40名が在籍し、国内最大級の美容予約サービスの開発にも参画しています。

中途採用に数か月かけずとも、大規模BtoCで培った開発フローと品質基準をそのまま持ち込めるため、リリースを止めずにUI品質を底上げできます。採用が長引く間も他社は機能改善を進めており、今動くかで次四半期の速度が変わります。

現状の開発体制について、「相談したい」の5文字だけご返信ください。折り返しご連絡します。

株式会社Lei Hau'oli 開発支援事業部","380","92","汎用（非パーソナライズ・マギ1回生成）",""
"2026-09-11T18:19:46+09:00","ユナイトメディカル株式会社","情報システム部","ご担当者","【1名から常駐】フロントエンド専任エンジニア40名、採用に頼らず体制強化","情報システム部 ご担当者様

UI改修や新機能開発を進めたくても、フロントエンド専任エンジニアの採用が進まず、着手が遅れていないでしょうか。

株式会社Lei Hau'oliは、フロントエンド特化で国内大手BtoC直請け水準のエンジニアを1名から供給できるSES会社です。React/Vue.js/Next.js/TypeScriptを専門とするエンジニア約40名が在籍し、国内最大級の美容予約サービスの開発にも参画しています。

中途採用に数か月かけずとも、大規模BtoCで培った開発フローと品質基準をそのまま持ち込めるため、リリースを止めずにUI品質を底上げできます。採用が長引く間も他社は機能改善を進めており、今動くかで次四半期の速度が変わります。

現状の開発体制について、「相談したい」の5文字だけご返信ください。折り返しご連絡します。

株式会社Lei Hau'oli 開発支援事業部","384","92","汎用（非パーソナライズ・マギ1回生成）",""
"2026-09-11T18:19:46+09:00","株式会社Gurobi Japan","開発部","ご担当者","【1名から常駐】フロントエンド専任エンジニア40名、採用に頼らず体制強化","開発部 ご担当者様

UI改修や新機能開発を進めたくても、フロントエンド専任エンジニアの採用が進まず、着手が遅れていないでしょうか。

株式会社Lei Hau'oliは、フロントエンド特化で国内大手BtoC直請け水準のエンジニアを1名から供給できるSES会社です。React/Vue.js/Next.js/TypeScriptを専門とするエンジニア約40名が在籍し、国内最大級の美容予約サービスの開発にも参画しています。

中途採用に数か月かけずとも、大規模BtoCで培った開発フローと品質基準をそのまま持ち込めるため、リリースを止めずにUI品質を底上げできます。採用が長引く間も他社は機能改善を進めており、今動くかで次四半期の速度が変わります。

現状の開発体制について、「相談したい」の5文字だけご返信ください。折り返しご連絡します。

株式会社Lei Hau'oli 開発支援事業部","380","92","汎用（非パーソナライズ・マギ1回生成）",""
"2026-09-11T18:19:46+09:00","麻雀王国株式会社","開発部","ご担当者","【1名から常駐】フロントエンド専任エンジニア40名、採用に頼らず体制強化","開発部 ご担当者様

UI改修や新機能開発を進めたくても、フロントエンド専任エンジニアの採用が進まず、着手が遅れていないでしょうか。

株式会社Lei Hau'oliは、フロントエンド特化で国内大手BtoC直請け水準のエンジニアを1名から供給できるSES会社です。React/Vue.js/Next.js/TypeScriptを専門とするエンジニア約40名が在籍し、国内最大級の美容予約サービスの開発にも参画しています。

中途採用に数か月かけずとも、大規模BtoCで培った開発フローと品質基準をそのまま持ち込めるため、リリースを止めずにUI品質を底上げできます。採用が長引く間も他社は機能改善を進めており、今動くかで次四半期の速度が変わります。

現状の開発体制について、「相談したい」の5文字だけご返信ください。折り返しご連絡します。

株式会社Lei Hau'oli 開発支援事業部","380","92","汎用（非パーソナライズ・マギ1回生成）",""
"2026-09-11T18:19:46+09:00","株式会社N2i","開発部","ご担当者","【1名から常駐】フロントエンド専任エンジニア40名、採用に頼らず体制強化","開発部 ご担当者様

UI改修や新機能開発を進めたくても、フロントエンド専任エンジニアの採用が進まず、着手が遅れていないでしょうか。

株式会社Lei Hau'oliは、フロントエンド特化で国内大手BtoC直請け水準のエンジニアを1名から供給できるSES会社です。React/Vue.js/Next.js/TypeScriptを専門とするエンジニア約40名が在籍し、国内最大級の美容予約サービスの開発にも参画しています。

中途採用に数か月かけずとも、大規模BtoCで培った開発フローと品質基準をそのまま持ち込めるため、リリースを止めずにUI品質を底上げできます。採用が長引く間も他社は機能改善を進めており、今動くかで次四半期の速度が変わります。

現状の開発体制について、「相談したい」の5文字だけご返信ください。折り返しご連絡します。

株式会社Lei Hau'oli 開発支援事業部","380","92","汎用（非パーソナライズ・マギ1回生成）",""
"2026-09-11T18:19:46+09:00","株式会社コアズイノベーション","開発部","ご担当者","【1名から常駐】フロントエンド専任エンジニア40名、採用に頼らず体制強化","開発部 ご担当者様

UI改修や新機能開発を進めたくても、フロントエンド専任エンジニアの採用が進まず、着手が遅れていないでしょうか。

株式会社Lei Hau'oliは、フロントエンド特化で国内大手BtoC直請け水準のエンジニアを1名から供給できるSES会社です。React/Vue.js/Next.js/TypeScriptを専門とするエンジニア約40名が在籍し、国内最大級の美容予約サービスの開発にも参画しています。

中途採用に数か月かけずとも、大規模BtoCで培った開発フローと品質基準をそのまま持ち込めるため、リリースを止めずにUI品質を底上げできます。採用が長引く間も他社は機能改善を進めており、今動くかで次四半期の速度が変わります。

現状の開発体制について、「相談したい」の5文字だけご返信ください。折り返しご連絡します。

株式会社Lei Hau'oli 開発支援事業部","380","92","汎用（非パーソナライズ・マギ1回生成）",""
"2026-09-11T18:19:46+09:00","Oplus株式会社","開発部","ご担当者","【1名から常駐】フロントエンド専任エンジニア40名、採用に頼らず体制強化","開発部 ご担当者様

UI改修や新機能開発を進めたくても、フロントエンド専任エンジニアの採用が進まず、着手が遅れていないでしょうか。

株式会社Lei Hau'oliは、フロントエンド特化で国内大手BtoC直請け水準のエンジニアを1名から供給できるSES会社です。React/Vue.js/Next.js/TypeScriptを専門とするエンジニア約40名が在籍し、国内最大級の美容予約サービスの開発にも参画しています。

中途採用に数か月かけずとも、大規模BtoCで培った開発フローと品質基準をそのまま持ち込めるため、リリースを止めずにUI品質を底上げできます。採用が長引く間も他社は機能改善を進めており、今動くかで次四半期の速度が変わります。

現状の開発体制について、「相談したい」の5文字だけご返信ください。折り返しご連絡します。

株式会社Lei Hau'oli 開発支援事業部","380","92","汎用（非パーソナライズ・マギ1回生成）",""
"2026-09-11T18:19:46+09:00","アスラテック株式会社","開発部","ご担当者","【1名から常駐】フロントエンド専任エンジニア40名、採用に頼らず体制強化","開発部 ご担当者様

UI改修や新機能開発を進めたくても、フロントエンド専任エンジニアの採用が進まず、着手が遅れていないでしょうか。

株式会社Lei Hau'oliは、フロントエンド特化で国内大手BtoC直請け水準のエンジニアを1名から供給できるSES会社です。React/Vue.js/Next.js/TypeScriptを専門とするエンジニア約40名が在籍し、国内最大級の美容予約サービスの開発にも参画しています。

中途採用に数か月かけずとも、大規模BtoCで培った開発フローと品質基準をそのまま持ち込めるため、リリースを止めずにUI品質を底上げできます。採用が長引く間も他社は機能改善を進めており、今動くかで次四半期の速度が変わります。

現状の開発体制について、「相談したい」の5文字だけご返信ください。折り返しご連絡します。

株式会社Lei Hau'oli 開発支援事業部","380","92","汎用（非パーソナライズ・マギ1回生成）",""
"2026-09-11T18:19:46+09:00","リッツMC株式会社","開発部","ご担当者","【1名から常駐】フロントエンド専任エンジニア40名、採用に頼らず体制強化","開発部 ご担当者様

UI改修や新機能開発を進めたくても、フロントエンド専任エンジニアの採用が進まず、着手が遅れていないでしょうか。

株式会社Lei Hau'oliは、フロントエンド特化で国内大手BtoC直請け水準のエンジニアを1名から供給できるSES会社です。React/Vue.js/Next.js/TypeScriptを専門とするエンジニア約40名が在籍し、国内最大級の美容予約サービスの開発にも参画しています。

中途採用に数か月かけずとも、大規模BtoCで培った開発フローと品質基準をそのまま持ち込めるため、リリースを止めずにUI品質を底上げできます。採用が長引く間も他社は機能改善を進めており、今動くかで次四半期の速度が変わります。

現状の開発体制について、「相談したい」の5文字だけご返信ください。折り返しご連絡します。

株式会社Lei Hau'oli 開発支援事業部","380","92","汎用（非パーソナライズ・マギ1回生成）",""
"2026-09-11T18:19:46+09:00","VISITS Technologies株式会社","開発部","ご担当者","【1名から常駐】フロントエンド専任エンジニア40名、採用に頼らず体制強化","開発部 ご担当者様

UI改修や新機能開発を進めたくても、フロントエンド専任エンジニアの採用が進まず、着手が遅れていないでしょうか。

株式会社Lei Hau'oliは、フロントエンド特化で国内大手BtoC直請け水準のエンジニアを1名から供給できるSES会社です。React/Vue.js/Next.js/TypeScriptを専門とするエンジニア約40名が在籍し、国内最大級の美容予約サービスの開発にも参画しています。

中途採用に数か月かけずとも、大規模BtoCで培った開発フローと品質基準をそのまま持ち込めるため、リリースを止めずにUI品質を底上げできます。採用が長引く間も他社は機能改善を進めており、今動くかで次四半期の速度が変わります。

現状の開発体制について、「相談したい」の5文字だけご返信ください。折り返しご連絡します。

株式会社Lei Hau'oli 開発支援事業部","380","92","汎用（非パーソナライズ・マギ1回生成）",""
"2026-09-11T18:19:46+09:00","株式会社ユニバル","情報システム部","ご担当者","【1名から常駐】フロントエンド専任エンジニア40名、採用に頼らず体制強化","情報システム部 ご担当者様

UI改修や新機能開発を進めたくても、フロントエンド専任エンジニアの採用が進まず、着手が遅れていないでしょうか。

株式会社Lei Hau'oliは、フロントエンド特化で国内大手BtoC直請け水準のエンジニアを1名から供給できるSES会社です。React/Vue.js/Next.js/TypeScriptを専門とするエンジニア約40名が在籍し、国内最大級の美容予約サービスの開発にも参画しています。

中途採用に数か月かけずとも、大規模BtoCで培った開発フローと品質基準をそのまま持ち込めるため、リリースを止めずにUI品質を底上げできます。採用が長引く間も他社は機能改善を進めており、今動くかで次四半期の速度が変わります。

現状の開発体制について、「相談したい」の5文字だけご返信ください。折り返しご連絡します。

株式会社Lei Hau'oli 開発支援事業部","384","92","汎用（非パーソナライズ・マギ1回生成）",""
"2026-09-11T18:19:46+09:00","株式会社サイト・パブリス","開発部","ご担当者","【1名から常駐】フロントエンド専任エンジニア40名、採用に頼らず体制強化","開発部 ご担当者様

UI改修や新機能開発を進めたくても、フロントエンド専任エンジニアの採用が進まず、着手が遅れていないでしょうか。

株式会社Lei Hau'oliは、フロントエンド特化で国内大手BtoC直請け水準のエンジニアを1名から供給できるSES会社です。React/Vue.js/Next.js/TypeScriptを専門とするエンジニア約40名が在籍し、国内最大級の美容予約サービスの開発にも参画しています。

中途採用に数か月かけずとも、大規模BtoCで培った開発フローと品質基準をそのまま持ち込めるため、リリースを止めずにUI品質を底上げできます。採用が長引く間も他社は機能改善を進めており、今動くかで次四半期の速度が変わります。

現状の開発体制について、「相談したい」の5文字だけご返信ください。折り返しご連絡します。

株式会社Lei Hau'oli 開発支援事業部","380","92","汎用（非パーソナライズ・マギ1回生成）",""
"2026-09-11T18:19:46+09:00","株式会社メディアス","開発部","ご担当者","【1名から常駐】フロントエンド専任エンジニア40名、採用に頼らず体制強化","開発部 ご担当者様

UI改修や新機能開発を進めたくても、フロントエンド専任エンジニアの採用が進まず、着手が遅れていないでしょうか。

株式会社Lei Hau'oliは、フロントエンド特化で国内大手BtoC直請け水準のエンジニアを1名から供給できるSES会社です。React/Vue.js/Next.js/TypeScriptを専門とするエンジニア約40名が在籍し、国内最大級の美容予約サービスの開発にも参画しています。

中途採用に数か月かけずとも、大規模BtoCで培った開発フローと品質基準をそのまま持ち込めるため、リリースを止めずにUI品質を底上げできます。採用が長引く間も他社は機能改善を進めており、今動くかで次四半期の速度が変わります。

現状の開発体制について、「相談したい」の5文字だけご返信ください。折り返しご連絡します。

株式会社Lei Hau'oli 開発支援事業部","380","92","汎用（非パーソナライズ・マギ1回生成）",""
"2026-09-11T18:19:46+09:00","Kudan株式会社","開発部","ご担当者","【1名から常駐】フロントエンド専任エンジニア40名、採用に頼らず体制強化","開発部 ご担当者様

UI改修や新機能開発を進めたくても、フロントエンド専任エンジニアの採用が進まず、着手が遅れていないでしょうか。

株式会社Lei Hau'oliは、フロントエンド特化で国内大手BtoC直請け水準のエンジニアを1名から供給できるSES会社です。React/Vue.js/Next.js/TypeScriptを専門とするエンジニア約40名が在籍し、国内最大級の美容予約サービスの開発にも参画しています。

中途採用に数か月かけずとも、大規模BtoCで培った開発フローと品質基準をそのまま持ち込めるため、リリースを止めずにUI品質を底上げできます。採用が長引く間も他社は機能改善を進めており、今動くかで次四半期の速度が変わります。

現状の開発体制について、「相談したい」の5文字だけご返信ください。折り返しご連絡します。

株式会社Lei Hau'oli 開発支援事業部","380","92","汎用（非パーソナライズ・マギ1回生成）",""
"2026-09-11T18:19:46+09:00","株式会社カスタムライフ","開発部","ご担当者","【1名から常駐】フロントエンド専任エンジニア40名、採用に頼らず体制強化","開発部 ご担当者様

UI改修や新機能開発を進めたくても、フロントエンド専任エンジニアの採用が進まず、着手が遅れていないでしょうか。

株式会社Lei Hau'oliは、フロントエンド特化で国内大手BtoC直請け水準のエンジニアを1名から供給できるSES会社です。React/Vue.js/Next.js/TypeScriptを専門とするエンジニア約40名が在籍し、国内最大級の美容予約サービスの開発にも参画しています。

中途採用に数か月かけずとも、大規模BtoCで培った開発フローと品質基準をそのまま持ち込めるため、リリースを止めずにUI品質を底上げできます。採用が長引く間も他社は機能改善を進めており、今動くかで次四半期の速度が変わります。

現状の開発体制について、「相談したい」の5文字だけご返信ください。折り返しご連絡します。

株式会社Lei Hau'oli 開発支援事業部","380","92","汎用（非パーソナライズ・マギ1回生成）",""
"2026-09-11T18:19:46+09:00","株式会社Capex","開発部","ご担当者","【1名から常駐】フロントエンド専任エンジニア40名、採用に頼らず体制強化","開発部 ご担当者様

UI改修や新機能開発を進めたくても、フロントエンド専任エンジニアの採用が進まず、着手が遅れていないでしょうか。

株式会社Lei Hau'oliは、フロントエンド特化で国内大手BtoC直請け水準のエンジニアを1名から供給できるSES会社です。React/Vue.js/Next.js/TypeScriptを専門とするエンジニア約40名が在籍し、国内最大級の美容予約サービスの開発にも参画しています。

中途採用に数か月かけずとも、大規模BtoCで培った開発フローと品質基準をそのまま持ち込めるため、リリースを止めずにUI品質を底上げできます。採用が長引く間も他社は機能改善を進めており、今動くかで次四半期の速度が変わります。

現状の開発体制について、「相談したい」の5文字だけご返信ください。折り返しご連絡します。

株式会社Lei Hau'oli 開発支援事業部","380","92","汎用（非パーソナライズ・マギ1回生成）",""
"2026-09-11T18:19:46+09:00","FIME JAPAN株式会社","技術部","ご担当者","【1名から常駐】フロントエンド専任エンジニア40名、採用に頼らず体制強化","技術部 ご担当者様

UI改修や新機能開発を進めたくても、フロントエンド専任エンジニアの採用が進まず、着手が遅れていないでしょうか。

株式会社Lei Hau'oliは、フロントエンド特化で国内大手BtoC直請け水準のエンジニアを1名から供給できるSES会社です。React/Vue.js/Next.js/TypeScriptを専門とするエンジニア約40名が在籍し、国内最大級の美容予約サービスの開発にも参画しています。

中途採用に数か月かけずとも、大規模BtoCで培った開発フローと品質基準をそのまま持ち込めるため、リリースを止めずにUI品質を底上げできます。採用が長引く間も他社は機能改善を進めており、今動くかで次四半期の速度が変わります。

現状の開発体制について、「相談したい」の5文字だけご返信ください。折り返しご連絡します。

株式会社Lei Hau'oli 開発支援事業部","380","92","汎用（非パーソナライズ・マギ1回生成）",""
"2026-09-11T18:19:46+09:00","パロニム株式会社","開発部","ご担当者","【1名から常駐】フロントエンド専任エンジニア40名、採用に頼らず体制強化","開発部 ご担当者様

UI改修や新機能開発を進めたくても、フロントエンド専任エンジニアの採用が進まず、着手が遅れていないでしょうか。

株式会社Lei Hau'oliは、フロントエンド特化で国内大手BtoC直請け水準のエンジニアを1名から供給できるSES会社です。React/Vue.js/Next.js/TypeScriptを専門とするエンジニア約40名が在籍し、国内最大級の美容予約サービスの開発にも参画しています。

中途採用に数か月かけずとも、大規模BtoCで培った開発フローと品質基準をそのまま持ち込めるため、リリースを止めずにUI品質を底上げできます。採用が長引く間も他社は機能改善を進めており、今動くかで次四半期の速度が変わります。

現状の開発体制について、「相談したい」の5文字だけご返信ください。折り返しご連絡します。

株式会社Lei Hau'oli 開発支援事業部","380","92","汎用（非パーソナライズ・マギ1回生成）",""
"2026-09-11T18:19:46+09:00","株式会社スピカ","開発部","ご担当者","【1名から常駐】フロントエンド専任エンジニア40名、採用に頼らず体制強化","開発部 ご担当者様

UI改修や新機能開発を進めたくても、フロントエンド専任エンジニアの採用が進まず、着手が遅れていないでしょうか。

株式会社Lei Hau'oliは、フロントエンド特化で国内大手BtoC直請け水準のエンジニアを1名から供給できるSES会社です。React/Vue.js/Next.js/TypeScriptを専門とするエンジニア約40名が在籍し、国内最大級の美容予約サービスの開発にも参画しています。

中途採用に数か月かけずとも、大規模BtoCで培った開発フローと品質基準をそのまま持ち込めるため、リリースを止めずにUI品質を底上げできます。採用が長引く間も他社は機能改善を進めており、今動くかで次四半期の速度が変わります。

現状の開発体制について、「相談したい」の5文字だけご返信ください。折り返しご連絡します。

株式会社Lei Hau'oli 開発支援事業部","380","92","汎用（非パーソナライズ・マギ1回生成）",""
"2026-09-11T18:19:46+09:00","ベクスト株式会社","開発部","ご担当者","【1名から常駐】フロントエンド専任エンジニア40名、採用に頼らず体制強化","開発部 ご担当者様

UI改修や新機能開発を進めたくても、フロントエンド専任エンジニアの採用が進まず、着手が遅れていないでしょうか。

株式会社Lei Hau'oliは、フロントエンド特化で国内大手BtoC直請け水準のエンジニアを1名から供給できるSES会社です。React/Vue.js/Next.js/TypeScriptを専門とするエンジニア約40名が在籍し、国内最大級の美容予約サービスの開発にも参画しています。

中途採用に数か月かけずとも、大規模BtoCで培った開発フローと品質基準をそのまま持ち込めるため、リリースを止めずにUI品質を底上げできます。採用が長引く間も他社は機能改善を進めており、今動くかで次四半期の速度が変わります。

現状の開発体制について、「相談したい」の5文字だけご返信ください。折り返しご連絡します。

株式会社Lei Hau'oli 開発支援事業部","380","92","汎用（非パーソナライズ・マギ1回生成）",""
"2026-09-11T18:19:46+09:00","株式会社アイロバ","開発部","ご担当者","【1名から常駐】フロントエンド専任エンジニア40名、採用に頼らず体制強化","開発部 ご担当者様

UI改修や新機能開発を進めたくても、フロントエンド専任エンジニアの採用が進まず、着手が遅れていないでしょうか。

株式会社Lei Hau'oliは、フロントエンド特化で国内大手BtoC直請け水準のエンジニアを1名から供給できるSES会社です。React/Vue.js/Next.js/TypeScriptを専門とするエンジニア約40名が在籍し、国内最大級の美容予約サービスの開発にも参画しています。

中途採用に数か月かけずとも、大規模BtoCで培った開発フローと品質基準をそのまま持ち込めるため、リリースを止めずにUI品質を底上げできます。採用が長引く間も他社は機能改善を進めており、今動くかで次四半期の速度が変わります。

現状の開発体制について、「相談したい」の5文字だけご返信ください。折り返しご連絡します。

株式会社Lei Hau'oli 開発支援事業部","380","92","汎用（非パーソナライズ・マギ1回生成）",""
"2026-09-11T18:19:46+09:00","株式会社PECORI","開発部","ご担当者","【1名から常駐】フロントエンド専任エンジニア40名、採用に頼らず体制強化","開発部 ご担当者様

UI改修や新機能開発を進めたくても、フロントエンド専任エンジニアの採用が進まず、着手が遅れていないでしょうか。

株式会社Lei Hau'oliは、フロントエンド特化で国内大手BtoC直請け水準のエンジニアを1名から供給できるSES会社です。React/Vue.js/Next.js/TypeScriptを専門とするエンジニア約40名が在籍し、国内最大級の美容予約サービスの開発にも参画しています。

中途採用に数か月かけずとも、大規模BtoCで培った開発フローと品質基準をそのまま持ち込めるため、リリースを止めずにUI品質を底上げできます。採用が長引く間も他社は機能改善を進めており、今動くかで次四半期の速度が変わります。

現状の開発体制について、「相談したい」の5文字だけご返信ください。折り返しご連絡します。

株式会社Lei Hau'oli 開発支援事業部","380","92","汎用（非パーソナライズ・マギ1回生成）",""
"2026-09-11T18:19:46+09:00","株式会社ユピテルプラス","開発部","ご担当者","【1名から常駐】フロントエンド専任エンジニア40名、採用に頼らず体制強化","開発部 ご担当者様

UI改修や新機能開発を進めたくても、フロントエンド専任エンジニアの採用が進まず、着手が遅れていないでしょうか。

株式会社Lei Hau'oliは、フロントエンド特化で国内大手BtoC直請け水準のエンジニアを1名から供給できるSES会社です。React/Vue.js/Next.js/TypeScriptを専門とするエンジニア約40名が在籍し、国内最大級の美容予約サービスの開発にも参画しています。

中途採用に数か月かけずとも、大規模BtoCで培った開発フローと品質基準をそのまま持ち込めるため、リリースを止めずにUI品質を底上げできます。採用が長引く間も他社は機能改善を進めており、今動くかで次四半期の速度が変わります。

現状の開発体制について、「相談したい」の5文字だけご返信ください。折り返しご連絡します。

株式会社Lei Hau'oli 開発支援事業部","380","92","汎用（非パーソナライズ・マギ1回生成）",""
"2026-09-11T18:19:46+09:00","株式会社スクールウィズ","開発部","ご担当者","【1名から常駐】フロントエンド専任エンジニア40名、採用に頼らず体制強化","開発部 ご担当者様

UI改修や新機能開発を進めたくても、フロントエンド専任エンジニアの採用が進まず、着手が遅れていないでしょうか。

株式会社Lei Hau'oliは、フロントエンド特化で国内大手BtoC直請け水準のエンジニアを1名から供給できるSES会社です。React/Vue.js/Next.js/TypeScriptを専門とするエンジニア約40名が在籍し、国内最大級の美容予約サービスの開発にも参画しています。

中途採用に数か月かけずとも、大規模BtoCで培った開発フローと品質基準をそのまま持ち込めるため、リリースを止めずにUI品質を底上げできます。採用が長引く間も他社は機能改善を進めており、今動くかで次四半期の速度が変わります。

現状の開発体制について、「相談したい」の5文字だけご返信ください。折り返しご連絡します。

株式会社Lei Hau'oli 開発支援事業部","380","92","汎用（非パーソナライズ・マギ1回生成）",""
"2026-09-11T18:19:46+09:00","イメージナビ株式会社","開発部","ご担当者","【1名から常駐】フロントエンド専任エンジニア40名、採用に頼らず体制強化","開発部 ご担当者様

UI改修や新機能開発を進めたくても、フロントエンド専任エンジニアの採用が進まず、着手が遅れていないでしょうか。

株式会社Lei Hau'oliは、フロントエンド特化で国内大手BtoC直請け水準のエンジニアを1名から供給できるSES会社です。React/Vue.js/Next.js/TypeScriptを専門とするエンジニア約40名が在籍し、国内最大級の美容予約サービスの開発にも参画しています。

中途採用に数か月かけずとも、大規模BtoCで培った開発フローと品質基準をそのまま持ち込めるため、リリースを止めずにUI品質を底上げできます。採用が長引く間も他社は機能改善を進めており、今動くかで次四半期の速度が変わります。

現状の開発体制について、「相談したい」の5文字だけご返信ください。折り返しご連絡します。

株式会社Lei Hau'oli 開発支援事業部","380","92","汎用（非パーソナライズ・マギ1回生成）",""
"2026-09-11T18:19:46+09:00","株式会社インフォステラ","開発部","ご担当者","【1名から常駐】フロントエンド専任エンジニア40名、採用に頼らず体制強化","開発部 ご担当者様

UI改修や新機能開発を進めたくても、フロントエンド専任エンジニアの採用が進まず、着手が遅れていないでしょうか。

株式会社Lei Hau'oliは、フロントエンド特化で国内大手BtoC直請け水準のエンジニアを1名から供給できるSES会社です。React/Vue.js/Next.js/TypeScriptを専門とするエンジニア約40名が在籍し、国内最大級の美容予約サービスの開発にも参画しています。

中途採用に数か月かけずとも、大規模BtoCで培った開発フローと品質基準をそのまま持ち込めるため、リリースを止めずにUI品質を底上げできます。採用が長引く間も他社は機能改善を進めており、今動くかで次四半期の速度が変わります。

現状の開発体制について、「相談したい」の5文字だけご返信ください。折り返しご連絡します。

株式会社Lei Hau'oli 開発支援事業部","380","92","汎用（非パーソナライズ・マギ1回生成）",""
"2026-09-11T18:19:46+09:00","株式会社IoTBank","開発部","ご担当者","【1名から常駐】フロントエンド専任エンジニア40名、採用に頼らず体制強化","開発部 ご担当者様

UI改修や新機能開発を進めたくても、フロントエンド専任エンジニアの採用が進まず、着手が遅れていないでしょうか。

株式会社Lei Hau'oliは、フロントエンド特化で国内大手BtoC直請け水準のエンジニアを1名から供給できるSES会社です。React/Vue.js/Next.js/TypeScriptを専門とするエンジニア約40名が在籍し、国内最大級の美容予約サービスの開発にも参画しています。

中途採用に数か月かけずとも、大規模BtoCで培った開発フローと品質基準をそのまま持ち込めるため、リリースを止めずにUI品質を底上げできます。採用が長引く間も他社は機能改善を進めており、今動くかで次四半期の速度が変わります。

現状の開発体制について、「相談したい」の5文字だけご返信ください。折り返しご連絡します。

株式会社Lei Hau'oli 開発支援事業部","380","92","汎用（非パーソナライズ・マギ1回生成）",""
"2026-09-11T18:19:46+09:00","株式会社F&Lソリューション","開発部","ご担当者","【1名から常駐】フロントエンド専任エンジニア40名、採用に頼らず体制強化","開発部 ご担当者様

UI改修や新機能開発を進めたくても、フロントエンド専任エンジニアの採用が進まず、着手が遅れていないでしょうか。

株式会社Lei Hau'oliは、フロントエンド特化で国内大手BtoC直請け水準のエンジニアを1名から供給できるSES会社です。React/Vue.js/Next.js/TypeScriptを専門とするエンジニア約40名が在籍し、国内最大級の美容予約サービスの開発にも参画しています。

中途採用に数か月かけずとも、大規模BtoCで培った開発フローと品質基準をそのまま持ち込めるため、リリースを止めずにUI品質を底上げできます。採用が長引く間も他社は機能改善を進めており、今動くかで次四半期の速度が変わります。

現状の開発体制について、「相談したい」の5文字だけご返信ください。折り返しご連絡します。

株式会社Lei Hau'oli 開発支援事業部","380","92","汎用（非パーソナライズ・マギ1回生成）",""
"2026-09-11T18:19:46+09:00","株式会社コレクシア","開発部","ご担当者","【1名から常駐】フロントエンド専任エンジニア40名、採用に頼らず体制強化","開発部 ご担当者様

UI改修や新機能開発を進めたくても、フロントエンド専任エンジニアの採用が進まず、着手が遅れていないでしょうか。

株式会社Lei Hau'oliは、フロントエンド特化で国内大手BtoC直請け水準のエンジニアを1名から供給できるSES会社です。React/Vue.js/Next.js/TypeScriptを専門とするエンジニア約40名が在籍し、国内最大級の美容予約サービスの開発にも参画しています。

中途採用に数か月かけずとも、大規模BtoCで培った開発フローと品質基準をそのまま持ち込めるため、リリースを止めずにUI品質を底上げできます。採用が長引く間も他社は機能改善を進めており、今動くかで次四半期の速度が変わります。

現状の開発体制について、「相談したい」の5文字だけご返信ください。折り返しご連絡します。

株式会社Lei Hau'oli 開発支援事業部","380","92","汎用（非パーソナライズ・マギ1回生成）",""
"2026-09-11T18:19:46+09:00","ストレイトライド株式会社","開発部","ご担当者","【1名から常駐】フロントエンド専任エンジニア40名、採用に頼らず体制強化","開発部 ご担当者様

UI改修や新機能開発を進めたくても、フロントエンド専任エンジニアの採用が進まず、着手が遅れていないでしょうか。

株式会社Lei Hau'oliは、フロントエンド特化で国内大手BtoC直請け水準のエンジニアを1名から供給できるSES会社です。React/Vue.js/Next.js/TypeScriptを専門とするエンジニア約40名が在籍し、国内最大級の美容予約サービスの開発にも参画しています。

中途採用に数か月かけずとも、大規模BtoCで培った開発フローと品質基準をそのまま持ち込めるため、リリースを止めずにUI品質を底上げできます。採用が長引く間も他社は機能改善を進めており、今動くかで次四半期の速度が変わります。

現状の開発体制について、「相談したい」の5文字だけご返信ください。折り返しご連絡します。

株式会社Lei Hau'oli 開発支援事業部","380","92","汎用（非パーソナライズ・マギ1回生成）",""
"2026-09-11T18:19:46+09:00","リンクウィズ株式会社","開発部","ご担当者","【1名から常駐】フロントエンド専任エンジニア40名、採用に頼らず体制強化","開発部 ご担当者様

UI改修や新機能開発を進めたくても、フロントエンド専任エンジニアの採用が進まず、着手が遅れていないでしょうか。

株式会社Lei Hau'oliは、フロントエンド特化で国内大手BtoC直請け水準のエンジニアを1名から供給できるSES会社です。React/Vue.js/Next.js/TypeScriptを専門とするエンジニア約40名が在籍し、国内最大級の美容予約サービスの開発にも参画しています。

中途採用に数か月かけずとも、大規模BtoCで培った開発フローと品質基準をそのまま持ち込めるため、リリースを止めずにUI品質を底上げできます。採用が長引く間も他社は機能改善を進めており、今動くかで次四半期の速度が変わります。

現状の開発体制について、「相談したい」の5文字だけご返信ください。折り返しご連絡します。

株式会社Lei Hau'oli 開発支援事業部","380","92","汎用（非パーソナライズ・マギ1回生成）",""
"2026-09-11T18:19:46+09:00","株式会社レスラク","開発部","ご担当者","【1名から常駐】フロントエンド専任エンジニア40名、採用に頼らず体制強化","開発部 ご担当者様

UI改修や新機能開発を進めたくても、フロントエンド専任エンジニアの採用が進まず、着手が遅れていないでしょうか。

株式会社Lei Hau'oliは、フロントエンド特化で国内大手BtoC直請け水準のエンジニアを1名から供給できるSES会社です。React/Vue.js/Next.js/TypeScriptを専門とするエンジニア約40名が在籍し、国内最大級の美容予約サービスの開発にも参画しています。

中途採用に数か月かけずとも、大規模BtoCで培った開発フローと品質基準をそのまま持ち込めるため、リリースを止めずにUI品質を底上げできます。採用が長引く間も他社は機能改善を進めており、今動くかで次四半期の速度が変わります。

現状の開発体制について、「相談したい」の5文字だけご返信ください。折り返しご連絡します。

株式会社Lei Hau'oli 開発支援事業部","380","92","汎用（非パーソナライズ・マギ1回生成）",""
"2026-09-11T18:19:46+09:00","コグラフ株式会社","開発部","ご担当者","【1名から常駐】フロントエンド専任エンジニア40名、採用に頼らず体制強化","開発部 ご担当者様

UI改修や新機能開発を進めたくても、フロントエンド専任エンジニアの採用が進まず、着手が遅れていないでしょうか。

株式会社Lei Hau'oliは、フロントエンド特化で国内大手BtoC直請け水準のエンジニアを1名から供給できるSES会社です。React/Vue.js/Next.js/TypeScriptを専門とするエンジニア約40名が在籍し、国内最大級の美容予約サービスの開発にも参画しています。

中途採用に数か月かけずとも、大規模BtoCで培った開発フローと品質基準をそのまま持ち込めるため、リリースを止めずにUI品質を底上げできます。採用が長引く間も他社は機能改善を進めており、今動くかで次四半期の速度が変わります。

現状の開発体制について、「相談したい」の5文字だけご返信ください。折り返しご連絡します。

株式会社Lei Hau'oli 開発支援事業部","380","92","汎用（非パーソナライズ・マギ1回生成）",""
"2026-09-11T18:19:46+09:00","株式会社オンリーストーリー","開発部","ご担当者","【1名から常駐】フロントエンド専任エンジニア40名、採用に頼らず体制強化","開発部 ご担当者様

UI改修や新機能開発を進めたくても、フロントエンド専任エンジニアの採用が進まず、着手が遅れていないでしょうか。

株式会社Lei Hau'oliは、フロントエンド特化で国内大手BtoC直請け水準のエンジニアを1名から供給できるSES会社です。React/Vue.js/Next.js/TypeScriptを専門とするエンジニア約40名が在籍し、国内最大級の美容予約サービスの開発にも参画しています。

中途採用に数か月かけずとも、大規模BtoCで培った開発フローと品質基準をそのまま持ち込めるため、リリースを止めずにUI品質を底上げできます。採用が長引く間も他社は機能改善を進めており、今動くかで次四半期の速度が変わります。

現状の開発体制について、「相談したい」の5文字だけご返信ください。折り返しご連絡します。

株式会社Lei Hau'oli 開発支援事業部","380","92","汎用（非パーソナライズ・マギ1回生成）",""
"2026-09-11T18:19:46+09:00","株式会社ハローリンク","開発部","ご担当者","【1名から常駐】フロントエンド専任エンジニア40名、採用に頼らず体制強化","開発部 ご担当者様

UI改修や新機能開発を進めたくても、フロントエンド専任エンジニアの採用が進まず、着手が遅れていないでしょうか。

株式会社Lei Hau'oliは、フロントエンド特化で国内大手BtoC直請け水準のエンジニアを1名から供給できるSES会社です。React/Vue.js/Next.js/TypeScriptを専門とするエンジニア約40名が在籍し、国内最大級の美容予約サービスの開発にも参画しています。

中途採用に数か月かけずとも、大規模BtoCで培った開発フローと品質基準をそのまま持ち込めるため、リリースを止めずにUI品質を底上げできます。採用が長引く間も他社は機能改善を進めており、今動くかで次四半期の速度が変わります。

現状の開発体制について、「相談したい」の5文字だけご返信ください。折り返しご連絡します。

株式会社Lei Hau'oli 開発支援事業部","380","92","汎用（非パーソナライズ・マギ1回生成）",""
"2026-09-11T18:19:46+09:00","株式会社Nextat","開発部","ご担当者","【1名から常駐】フロントエンド専任エンジニア40名、採用に頼らず体制強化","開発部 ご担当者様

UI改修や新機能開発を進めたくても、フロントエンド専任エンジニアの採用が進まず、着手が遅れていないでしょうか。

株式会社Lei Hau'oliは、フロントエンド特化で国内大手BtoC直請け水準のエンジニアを1名から供給できるSES会社です。React/Vue.js/Next.js/TypeScriptを専門とするエンジニア約40名が在籍し、国内最大級の美容予約サービスの開発にも参画しています。

中途採用に数か月かけずとも、大規模BtoCで培った開発フローと品質基準をそのまま持ち込めるため、リリースを止めずにUI品質を底上げできます。採用が長引く間も他社は機能改善を進めており、今動くかで次四半期の速度が変わります。

現状の開発体制について、「相談したい」の5文字だけご返信ください。折り返しご連絡します。

株式会社Lei Hau'oli 開発支援事業部","380","92","汎用（非パーソナライズ・マギ1回生成）",""
"2026-09-11T18:19:46+09:00","クアドラソフトウェア株式会社","開発部","ご担当者","【1名から常駐】フロントエンド専任エンジニア40名、採用に頼らず体制強化","開発部 ご担当者様

UI改修や新機能開発を進めたくても、フロントエンド専任エンジニアの採用が進まず、着手が遅れていないでしょうか。

株式会社Lei Hau'oliは、フロントエンド特化で国内大手BtoC直請け水準のエンジニアを1名から供給できるSES会社です。React/Vue.js/Next.js/TypeScriptを専門とするエンジニア約40名が在籍し、国内最大級の美容予約サービスの開発にも参画しています。

中途採用に数か月かけずとも、大規模BtoCで培った開発フローと品質基準をそのまま持ち込めるため、リリースを止めずにUI品質を底上げできます。採用が長引く間も他社は機能改善を進めており、今動くかで次四半期の速度が変わります。

現状の開発体制について、「相談したい」の5文字だけご返信ください。折り返しご連絡します。

株式会社Lei Hau'oli 開発支援事業部","380","92","汎用（非パーソナライズ・マギ1回生成）",""
"2026-09-11T18:19:46+09:00","株式会社JUSCOM","開発部","ご担当者","【1名から常駐】フロントエンド専任エンジニア40名、採用に頼らず体制強化","開発部 ご担当者様

UI改修や新機能開発を進めたくても、フロントエンド専任エンジニアの採用が進まず、着手が遅れていないでしょうか。

株式会社Lei Hau'oliは、フロントエンド特化で国内大手BtoC直請け水準のエンジニアを1名から供給できるSES会社です。React/Vue.js/Next.js/TypeScriptを専門とするエンジニア約40名が在籍し、国内最大級の美容予約サービスの開発にも参画しています。

中途採用に数か月かけずとも、大規模BtoCで培った開発フローと品質基準をそのまま持ち込めるため、リリースを止めずにUI品質を底上げできます。採用が長引く間も他社は機能改善を進めており、今動くかで次四半期の速度が変わります。

現状の開発体制について、「相談したい」の5文字だけご返信ください。折り返しご連絡します。

株式会社Lei Hau'oli 開発支援事業部","380","92","汎用（非パーソナライズ・マギ1回生成）",""
"2026-09-11T18:19:46+09:00","株式会社emotivE","開発部","ご担当者","【1名から常駐】フロントエンド専任エンジニア40名、採用に頼らず体制強化","開発部 ご担当者様

UI改修や新機能開発を進めたくても、フロントエンド専任エンジニアの採用が進まず、着手が遅れていないでしょうか。

株式会社Lei Hau'oliは、フロントエンド特化で国内大手BtoC直請け水準のエンジニアを1名から供給できるSES会社です。React/Vue.js/Next.js/TypeScriptを専門とするエンジニア約40名が在籍し、国内最大級の美容予約サービスの開発にも参画しています。

中途採用に数か月かけずとも、大規模BtoCで培った開発フローと品質基準をそのまま持ち込めるため、リリースを止めずにUI品質を底上げできます。採用が長引く間も他社は機能改善を進めており、今動くかで次四半期の速度が変わります。

現状の開発体制について、「相談したい」の5文字だけご返信ください。折り返しご連絡します。

株式会社Lei Hau'oli 開発支援事業部","380","92","汎用（非パーソナライズ・マギ1回生成）",""
"2026-09-11T18:19:46+09:00","株式会社AppBASE","開発部","ご担当者","【1名から常駐】フロントエンド専任エンジニア40名、採用に頼らず体制強化","開発部 ご担当者様

UI改修や新機能開発を進めたくても、フロントエンド専任エンジニアの採用が進まず、着手が遅れていないでしょうか。

株式会社Lei Hau'oliは、フロントエンド特化で国内大手BtoC直請け水準のエンジニアを1名から供給できるSES会社です。React/Vue.js/Next.js/TypeScriptを専門とするエンジニア約40名が在籍し、国内最大級の美容予約サービスの開発にも参画しています。

中途採用に数か月かけずとも、大規模BtoCで培った開発フローと品質基準をそのまま持ち込めるため、リリースを止めずにUI品質を底上げできます。採用が長引く間も他社は機能改善を進めており、今動くかで次四半期の速度が変わります。

現状の開発体制について、「相談したい」の5文字だけご返信ください。折り返しご連絡します。

株式会社Lei Hau'oli 開発支援事業部","380","92","汎用（非パーソナライズ・マギ1回生成）",""
"2026-09-11T18:19:46+09:00","Momentum株式会社","開発部","ご担当者","【1名から常駐】フロントエンド専任エンジニア40名、採用に頼らず体制強化","開発部 ご担当者様

UI改修や新機能開発を進めたくても、フロントエンド専任エンジニアの採用が進まず、着手が遅れていないでしょうか。

株式会社Lei Hau'oliは、フロントエンド特化で国内大手BtoC直請け水準のエンジニアを1名から供給できるSES会社です。React/Vue.js/Next.js/TypeScriptを専門とするエンジニア約40名が在籍し、国内最大級の美容予約サービスの開発にも参画しています。

中途採用に数か月かけずとも、大規模BtoCで培った開発フローと品質基準をそのまま持ち込めるため、リリースを止めずにUI品質を底上げできます。採用が長引く間も他社は機能改善を進めており、今動くかで次四半期の速度が変わります。

現状の開発体制について、「相談したい」の5文字だけご返信ください。折り返しご連絡します。

株式会社Lei Hau'oli 開発支援事業部","380","92","汎用（非パーソナライズ・マギ1回生成）",""
"2026-09-11T18:19:46+09:00","株式会社ファーストディグリーソフトウェア","開発部","ご担当者","【1名から常駐】フロントエンド専任エンジニア40名、採用に頼らず体制強化","開発部 ご担当者様

UI改修や新機能開発を進めたくても、フロントエンド専任エンジニアの採用が進まず、着手が遅れていないでしょうか。

株式会社Lei Hau'oliは、フロントエンド特化で国内大手BtoC直請け水準のエンジニアを1名から供給できるSES会社です。React/Vue.js/Next.js/TypeScriptを専門とするエンジニア約40名が在籍し、国内最大級の美容予約サービスの開発にも参画しています。

中途採用に数か月かけずとも、大規模BtoCで培った開発フローと品質基準をそのまま持ち込めるため、リリースを止めずにUI品質を底上げできます。採用が長引く間も他社は機能改善を進めており、今動くかで次四半期の速度が変わります。

現状の開発体制について、「相談したい」の5文字だけご返信ください。折り返しご連絡します。

株式会社Lei Hau'oli 開発支援事業部","380","92","汎用（非パーソナライズ・マギ1回生成）",""
"2026-09-11T18:19:46+09:00","RYDE株式会社","開発部","ご担当者","【1名から常駐】フロントエンド専任エンジニア40名、採用に頼らず体制強化","開発部 ご担当者様

UI改修や新機能開発を進めたくても、フロントエンド専任エンジニアの採用が進まず、着手が遅れていないでしょうか。

株式会社Lei Hau'oliは、フロントエンド特化で国内大手BtoC直請け水準のエンジニアを1名から供給できるSES会社です。React/Vue.js/Next.js/TypeScriptを専門とするエンジニア約40名が在籍し、国内最大級の美容予約サービスの開発にも参画しています。

中途採用に数か月かけずとも、大規模BtoCで培った開発フローと品質基準をそのまま持ち込めるため、リリースを止めずにUI品質を底上げできます。採用が長引く間も他社は機能改善を進めており、今動くかで次四半期の速度が変わります。

現状の開発体制について、「相談したい」の5文字だけご返信ください。折り返しご連絡します。

株式会社Lei Hau'oli 開発支援事業部","380","92","汎用（非パーソナライズ・マギ1回生成）",""
"2026-09-11T18:19:46+09:00","スパイラルセンス株式会社","開発部","ご担当者","【1名から常駐】フロントエンド専任エンジニア40名、採用に頼らず体制強化","開発部 ご担当者様

UI改修や新機能開発を進めたくても、フロントエンド専任エンジニアの採用が進まず、着手が遅れていないでしょうか。

株式会社Lei Hau'oliは、フロントエンド特化で国内大手BtoC直請け水準のエンジニアを1名から供給できるSES会社です。React/Vue.js/Next.js/TypeScriptを専門とするエンジニア約40名が在籍し、国内最大級の美容予約サービスの開発にも参画しています。

中途採用に数か月かけずとも、大規模BtoCで培った開発フローと品質基準をそのまま持ち込めるため、リリースを止めずにUI品質を底上げできます。採用が長引く間も他社は機能改善を進めており、今動くかで次四半期の速度が変わります。

現状の開発体制について、「相談したい」の5文字だけご返信ください。折り返しご連絡します。

株式会社Lei Hau'oli 開発支援事業部","380","92","汎用（非パーソナライズ・マギ1回生成）",""
"2026-09-11T18:19:46+09:00","株式会社バックテック","開発部","ご担当者","【1名から常駐】フロントエンド専任エンジニア40名、採用に頼らず体制強化","開発部 ご担当者様

UI改修や新機能開発を進めたくても、フロントエンド専任エンジニアの採用が進まず、着手が遅れていないでしょうか。

株式会社Lei Hau'oliは、フロントエンド特化で国内大手BtoC直請け水準のエンジニアを1名から供給できるSES会社です。React/Vue.js/Next.js/TypeScriptを専門とするエンジニア約40名が在籍し、国内最大級の美容予約サービスの開発にも参画しています。

中途採用に数か月かけずとも、大規模BtoCで培った開発フローと品質基準をそのまま持ち込めるため、リリースを止めずにUI品質を底上げできます。採用が長引く間も他社は機能改善を進めており、今動くかで次四半期の速度が変わります。

現状の開発体制について、「相談したい」の5文字だけご返信ください。折り返しご連絡します。

株式会社Lei Hau'oli 開発支援事業部","380","92","汎用（非パーソナライズ・マギ1回生成）",""
"2026-09-11T18:19:46+09:00","株式会社Srush","開発部","ご担当者","【1名から常駐】フロントエンド専任エンジニア40名、採用に頼らず体制強化","開発部 ご担当者様

UI改修や新機能開発を進めたくても、フロントエンド専任エンジニアの採用が進まず、着手が遅れていないでしょうか。

株式会社Lei Hau'oliは、フロントエンド特化で国内大手BtoC直請け水準のエンジニアを1名から供給できるSES会社です。React/Vue.js/Next.js/TypeScriptを専門とするエンジニア約40名が在籍し、国内最大級の美容予約サービスの開発にも参画しています。

中途採用に数か月かけずとも、大規模BtoCで培った開発フローと品質基準をそのまま持ち込めるため、リリースを止めずにUI品質を底上げできます。採用が長引く間も他社は機能改善を進めており、今動くかで次四半期の速度が変わります。

現状の開発体制について、「相談したい」の5文字だけご返信ください。折り返しご連絡します。

株式会社Lei Hau'oli 開発支援事業部","380","92","汎用（非パーソナライズ・マギ1回生成）",""
"2026-09-11T18:19:46+09:00","Rescale Japan株式会社","開発部","ご担当者","【1名から常駐】フロントエンド専任エンジニア40名、採用に頼らず体制強化","開発部 ご担当者様

UI改修や新機能開発を進めたくても、フロントエンド専任エンジニアの採用が進まず、着手が遅れていないでしょうか。

株式会社Lei Hau'oliは、フロントエンド特化で国内大手BtoC直請け水準のエンジニアを1名から供給できるSES会社です。React/Vue.js/Next.js/TypeScriptを専門とするエンジニア約40名が在籍し、国内最大級の美容予約サービスの開発にも参画しています。

中途採用に数か月かけずとも、大規模BtoCで培った開発フローと品質基準をそのまま持ち込めるため、リリースを止めずにUI品質を底上げできます。採用が長引く間も他社は機能改善を進めており、今動くかで次四半期の速度が変わります。

現状の開発体制について、「相談したい」の5文字だけご返信ください。折り返しご連絡します。

株式会社Lei Hau'oli 開発支援事業部","380","92","汎用（非パーソナライズ・マギ1回生成）",""
"2026-09-11T18:19:46+09:00","ディライトワークス株式会社","開発部","ご担当者","【1名から常駐】フロントエンド専任エンジニア40名、採用に頼らず体制強化","開発部 ご担当者様

UI改修や新機能開発を進めたくても、フロントエンド専任エンジニアの採用が進まず、着手が遅れていないでしょうか。

株式会社Lei Hau'oliは、フロントエンド特化で国内大手BtoC直請け水準のエンジニアを1名から供給できるSES会社です。React/Vue.js/Next.js/TypeScriptを専門とするエンジニア約40名が在籍し、国内最大級の美容予約サービスの開発にも参画しています。

中途採用に数か月かけずとも、大規模BtoCで培った開発フローと品質基準をそのまま持ち込めるため、リリースを止めずにUI品質を底上げできます。採用が長引く間も他社は機能改善を進めており、今動くかで次四半期の速度が変わります。

現状の開発体制について、「相談したい」の5文字だけご返信ください。折り返しご連絡します。

株式会社Lei Hau'oli 開発支援事業部","380","92","汎用（非パーソナライズ・マギ1回生成）",""
"2026-09-11T18:19:46+09:00","株式会社クリプラ","開発部","ご担当者","【1名から常駐】フロントエンド専任エンジニア40名、採用に頼らず体制強化","開発部 ご担当者様

UI改修や新機能開発を進めたくても、フロントエンド専任エンジニアの採用が進まず、着手が遅れていないでしょうか。

株式会社Lei Hau'oliは、フロントエンド特化で国内大手BtoC直請け水準のエンジニアを1名から供給できるSES会社です。React/Vue.js/Next.js/TypeScriptを専門とするエンジニア約40名が在籍し、国内最大級の美容予約サービスの開発にも参画しています。

中途採用に数か月かけずとも、大規模BtoCで培った開発フローと品質基準をそのまま持ち込めるため、リリースを止めずにUI品質を底上げできます。採用が長引く間も他社は機能改善を進めており、今動くかで次四半期の速度が変わります。

現状の開発体制について、「相談したい」の5文字だけご返信ください。折り返しご連絡します。

株式会社Lei Hau'oli 開発支援事業部","380","92","汎用（非パーソナライズ・マギ1回生成）",""
"2026-09-11T18:19:46+09:00","株式会社エミューズ","開発部","ご担当者","【1名から常駐】フロントエンド専任エンジニア40名、採用に頼らず体制強化","開発部 ご担当者様

UI改修や新機能開発を進めたくても、フロントエンド専任エンジニアの採用が進まず、着手が遅れていないでしょうか。

株式会社Lei Hau'oliは、フロントエンド特化で国内大手BtoC直請け水準のエンジニアを1名から供給できるSES会社です。React/Vue.js/Next.js/TypeScriptを専門とするエンジニア約40名が在籍し、国内最大級の美容予約サービスの開発にも参画しています。

中途採用に数か月かけずとも、大規模BtoCで培った開発フローと品質基準をそのまま持ち込めるため、リリースを止めずにUI品質を底上げできます。採用が長引く間も他社は機能改善を進めており、今動くかで次四半期の速度が変わります。

現状の開発体制について、「相談したい」の5文字だけご返信ください。折り返しご連絡します。

株式会社Lei Hau'oli 開発支援事業部","380","92","汎用（非パーソナライズ・マギ1回生成）",""
"2026-09-11T18:19:46+09:00","株式会社はしばコーポレーション","開発部","ご担当者","【1名から常駐】フロントエンド専任エンジニア40名、採用に頼らず体制強化","開発部 ご担当者様

UI改修や新機能開発を進めたくても、フロントエンド専任エンジニアの採用が進まず、着手が遅れていないでしょうか。

株式会社Lei Hau'oliは、フロントエンド特化で国内大手BtoC直請け水準のエンジニアを1名から供給できるSES会社です。React/Vue.js/Next.js/TypeScriptを専門とするエンジニア約40名が在籍し、国内最大級の美容予約サービスの開発にも参画しています。

中途採用に数か月かけずとも、大規模BtoCで培った開発フローと品質基準をそのまま持ち込めるため、リリースを止めずにUI品質を底上げできます。採用が長引く間も他社は機能改善を進めており、今動くかで次四半期の速度が変わります。

現状の開発体制について、「相談したい」の5文字だけご返信ください。折り返しご連絡します。

株式会社Lei Hau'oli 開発支援事業部","380","92","汎用（非パーソナライズ・マギ1回生成）",""
"2026-09-11T18:19:46+09:00","TRAPOL株式会社","開発部","ご担当者","【1名から常駐】フロントエンド専任エンジニア40名、採用に頼らず体制強化","開発部 ご担当者様

UI改修や新機能開発を進めたくても、フロントエンド専任エンジニアの採用が進まず、着手が遅れていないでしょうか。

株式会社Lei Hau'oliは、フロントエンド特化で国内大手BtoC直請け水準のエンジニアを1名から供給できるSES会社です。React/Vue.js/Next.js/TypeScriptを専門とするエンジニア約40名が在籍し、国内最大級の美容予約サービスの開発にも参画しています。

中途採用に数か月かけずとも、大規模BtoCで培った開発フローと品質基準をそのまま持ち込めるため、リリースを止めずにUI品質を底上げできます。採用が長引く間も他社は機能改善を進めており、今動くかで次四半期の速度が変わります。

現状の開発体制について、「相談したい」の5文字だけご返信ください。折り返しご連絡します。

株式会社Lei Hau'oli 開発支援事業部","380","92","汎用（非パーソナライズ・マギ1回生成）",""
"2026-09-11T18:19:46+09:00","株式会社ビースポーク","開発部","ご担当者","【1名から常駐】フロントエンド専任エンジニア40名、採用に頼らず体制強化","開発部 ご担当者様

UI改修や新機能開発を進めたくても、フロントエンド専任エンジニアの採用が進まず、着手が遅れていないでしょうか。

株式会社Lei Hau'oliは、フロントエンド特化で国内大手BtoC直請け水準のエンジニアを1名から供給できるSES会社です。React/Vue.js/Next.js/TypeScriptを専門とするエンジニア約40名が在籍し、国内最大級の美容予約サービスの開発にも参画しています。

中途採用に数か月かけずとも、大規模BtoCで培った開発フローと品質基準をそのまま持ち込めるため、リリースを止めずにUI品質を底上げできます。採用が長引く間も他社は機能改善を進めており、今動くかで次四半期の速度が変わります。

現状の開発体制について、「相談したい」の5文字だけご返信ください。折り返しご連絡します。

株式会社Lei Hau'oli 開発支援事業部","380","92","汎用（非パーソナライズ・マギ1回生成）",""
"2026-09-11T18:19:46+09:00","株式会社otta","開発部","ご担当者","【1名から常駐】フロントエンド専任エンジニア40名、採用に頼らず体制強化","開発部 ご担当者様

UI改修や新機能開発を進めたくても、フロントエンド専任エンジニアの採用が進まず、着手が遅れていないでしょうか。

株式会社Lei Hau'oliは、フロントエンド特化で国内大手BtoC直請け水準のエンジニアを1名から供給できるSES会社です。React/Vue.js/Next.js/TypeScriptを専門とするエンジニア約40名が在籍し、国内最大級の美容予約サービスの開発にも参画しています。

中途採用に数か月かけずとも、大規模BtoCで培った開発フローと品質基準をそのまま持ち込めるため、リリースを止めずにUI品質を底上げできます。採用が長引く間も他社は機能改善を進めており、今動くかで次四半期の速度が変わります。

現状の開発体制について、「相談したい」の5文字だけご返信ください。折り返しご連絡します。

株式会社Lei Hau'oli 開発支援事業部","380","92","汎用（非パーソナライズ・マギ1回生成）",""
"2026-09-11T18:19:46+09:00","株式会社カーリン","開発部","ご担当者","【1名から常駐】フロントエンド専任エンジニア40名、採用に頼らず体制強化","開発部 ご担当者様

UI改修や新機能開発を進めたくても、フロントエンド専任エンジニアの採用が進まず、着手が遅れていないでしょうか。

株式会社Lei Hau'oliは、フロントエンド特化で国内大手BtoC直請け水準のエンジニアを1名から供給できるSES会社です。React/Vue.js/Next.js/TypeScriptを専門とするエンジニア約40名が在籍し、国内最大級の美容予約サービスの開発にも参画しています。

中途採用に数か月かけずとも、大規模BtoCで培った開発フローと品質基準をそのまま持ち込めるため、リリースを止めずにUI品質を底上げできます。採用が長引く間も他社は機能改善を進めており、今動くかで次四半期の速度が変わります。

現状の開発体制について、「相談したい」の5文字だけご返信ください。折り返しご連絡します。

株式会社Lei Hau'oli 開発支援事業部","380","92","汎用（非パーソナライズ・マギ1回生成）",""
"2026-09-11T18:19:46+09:00","Anyflow株式会社","開発部","ご担当者","【1名から常駐】フロントエンド専任エンジニア40名、採用に頼らず体制強化","開発部 ご担当者様

UI改修や新機能開発を進めたくても、フロントエンド専任エンジニアの採用が進まず、着手が遅れていないでしょうか。

株式会社Lei Hau'oliは、フロントエンド特化で国内大手BtoC直請け水準のエンジニアを1名から供給できるSES会社です。React/Vue.js/Next.js/TypeScriptを専門とするエンジニア約40名が在籍し、国内最大級の美容予約サービスの開発にも参画しています。

中途採用に数か月かけずとも、大規模BtoCで培った開発フローと品質基準をそのまま持ち込めるため、リリースを止めずにUI品質を底上げできます。採用が長引く間も他社は機能改善を進めており、今動くかで次四半期の速度が変わります。

現状の開発体制について、「相談したい」の5文字だけご返信ください。折り返しご連絡します。

株式会社Lei Hau'oli 開発支援事業部","380","92","汎用（非パーソナライズ・マギ1回生成）",""
"2026-09-11T18:19:46+09:00","トンガルマン株式会社","開発部","ご担当者","【1名から常駐】フロントエンド専任エンジニア40名、採用に頼らず体制強化","開発部 ご担当者様

UI改修や新機能開発を進めたくても、フロントエンド専任エンジニアの採用が進まず、着手が遅れていないでしょうか。

株式会社Lei Hau'oliは、フロントエンド特化で国内大手BtoC直請け水準のエンジニアを1名から供給できるSES会社です。React/Vue.js/Next.js/TypeScriptを専門とするエンジニア約40名が在籍し、国内最大級の美容予約サービスの開発にも参画しています。

中途採用に数か月かけずとも、大規模BtoCで培った開発フローと品質基準をそのまま持ち込めるため、リリースを止めずにUI品質を底上げできます。採用が長引く間も他社は機能改善を進めており、今動くかで次四半期の速度が変わります。

現状の開発体制について、「相談したい」の5文字だけご返信ください。折り返しご連絡します。

株式会社Lei Hau'oli 開発支援事業部","380","92","汎用（非パーソナライズ・マギ1回生成）",""
"2026-09-11T18:19:46+09:00","株式会社ディースピリット","開発部","ご担当者","【1名から常駐】フロントエンド専任エンジニア40名、採用に頼らず体制強化","開発部 ご担当者様

UI改修や新機能開発を進めたくても、フロントエンド専任エンジニアの採用が進まず、着手が遅れていないでしょうか。

株式会社Lei Hau'oliは、フロントエンド特化で国内大手BtoC直請け水準のエンジニアを1名から供給できるSES会社です。React/Vue.js/Next.js/TypeScriptを専門とするエンジニア約40名が在籍し、国内最大級の美容予約サービスの開発にも参画しています。

中途採用に数か月かけずとも、大規模BtoCで培った開発フローと品質基準をそのまま持ち込めるため、リリースを止めずにUI品質を底上げできます。採用が長引く間も他社は機能改善を進めており、今動くかで次四半期の速度が変わります。

現状の開発体制について、「相談したい」の5文字だけご返信ください。折り返しご連絡します。

株式会社Lei Hau'oli 開発支援事業部","380","92","汎用（非パーソナライズ・マギ1回生成）",""
"2026-09-11T18:19:46+09:00","アライズイノベーション株式会社","開発部","ご担当者","【1名から常駐】フロントエンド専任エンジニア40名、採用に頼らず体制強化","開発部 ご担当者様

UI改修や新機能開発を進めたくても、フロントエンド専任エンジニアの採用が進まず、着手が遅れていないでしょうか。

株式会社Lei Hau'oliは、フロントエンド特化で国内大手BtoC直請け水準のエンジニアを1名から供給できるSES会社です。React/Vue.js/Next.js/TypeScriptを専門とするエンジニア約40名が在籍し、国内最大級の美容予約サービスの開発にも参画しています。

中途採用に数か月かけずとも、大規模BtoCで培った開発フローと品質基準をそのまま持ち込めるため、リリースを止めずにUI品質を底上げできます。採用が長引く間も他社は機能改善を進めており、今動くかで次四半期の速度が変わります。

現状の開発体制について、「相談したい」の5文字だけご返信ください。折り返しご連絡します。

株式会社Lei Hau'oli 開発支援事業部","380","92","汎用（非パーソナライズ・マギ1回生成）",""
"2026-09-11T18:19:46+09:00","株式会社VLCセキュリティラボ","技術部","ご担当者","【1名から常駐】フロントエンド専任エンジニア40名、採用に頼らず体制強化","技術部 ご担当者様

UI改修や新機能開発を進めたくても、フロントエンド専任エンジニアの採用が進まず、着手が遅れていないでしょうか。

株式会社Lei Hau'oliは、フロントエンド特化で国内大手BtoC直請け水準のエンジニアを1名から供給できるSES会社です。React/Vue.js/Next.js/TypeScriptを専門とするエンジニア約40名が在籍し、国内最大級の美容予約サービスの開発にも参画しています。

中途採用に数か月かけずとも、大規模BtoCで培った開発フローと品質基準をそのまま持ち込めるため、リリースを止めずにUI品質を底上げできます。採用が長引く間も他社は機能改善を進めており、今動くかで次四半期の速度が変わります。

現状の開発体制について、「相談したい」の5文字だけご返信ください。折り返しご連絡します。

株式会社Lei Hau'oli 開発支援事業部","380","92","汎用（非パーソナライズ・マギ1回生成）",""
"2026-09-11T18:19:46+09:00","株式会社スタンダードファクトリー","開発部","ご担当者","【1名から常駐】フロントエンド専任エンジニア40名、採用に頼らず体制強化","開発部 ご担当者様

UI改修や新機能開発を進めたくても、フロントエンド専任エンジニアの採用が進まず、着手が遅れていないでしょうか。

株式会社Lei Hau'oliは、フロントエンド特化で国内大手BtoC直請け水準のエンジニアを1名から供給できるSES会社です。React/Vue.js/Next.js/TypeScriptを専門とするエンジニア約40名が在籍し、国内最大級の美容予約サービスの開発にも参画しています。

中途採用に数か月かけずとも、大規模BtoCで培った開発フローと品質基準をそのまま持ち込めるため、リリースを止めずにUI品質を底上げできます。採用が長引く間も他社は機能改善を進めており、今動くかで次四半期の速度が変わります。

現状の開発体制について、「相談したい」の5文字だけご返信ください。折り返しご連絡します。

株式会社Lei Hau'oli 開発支援事業部","380","92","汎用（非パーソナライズ・マギ1回生成）",""
"2026-09-11T18:19:46+09:00","株式会社トラストシステムソリューションズ","開発部","ご担当者","【1名から常駐】フロントエンド専任エンジニア40名、採用に頼らず体制強化","開発部 ご担当者様

UI改修や新機能開発を進めたくても、フロントエンド専任エンジニアの採用が進まず、着手が遅れていないでしょうか。

株式会社Lei Hau'oliは、フロントエンド特化で国内大手BtoC直請け水準のエンジニアを1名から供給できるSES会社です。React/Vue.js/Next.js/TypeScriptを専門とするエンジニア約40名が在籍し、国内最大級の美容予約サービスの開発にも参画しています。

中途採用に数か月かけずとも、大規模BtoCで培った開発フローと品質基準をそのまま持ち込めるため、リリースを止めずにUI品質を底上げできます。採用が長引く間も他社は機能改善を進めており、今動くかで次四半期の速度が変わります。

現状の開発体制について、「相談したい」の5文字だけご返信ください。折り返しご連絡します。

株式会社Lei Hau'oli 開発支援事業部","380","92","汎用（非パーソナライズ・マギ1回生成）",""
"2026-09-11T18:19:46+09:00","株式会社MICHIRU","開発部","ご担当者","【1名から常駐】フロントエンド専任エンジニア40名、採用に頼らず体制強化","開発部 ご担当者様

UI改修や新機能開発を進めたくても、フロントエンド専任エンジニアの採用が進まず、着手が遅れていないでしょうか。

株式会社Lei Hau'oliは、フロントエンド特化で国内大手BtoC直請け水準のエンジニアを1名から供給できるSES会社です。React/Vue.js/Next.js/TypeScriptを専門とするエンジニア約40名が在籍し、国内最大級の美容予約サービスの開発にも参画しています。

中途採用に数か月かけずとも、大規模BtoCで培った開発フローと品質基準をそのまま持ち込めるため、リリースを止めずにUI品質を底上げできます。採用が長引く間も他社は機能改善を進めており、今動くかで次四半期の速度が変わります。

現状の開発体制について、「相談したい」の5文字だけご返信ください。折り返しご連絡します。

株式会社Lei Hau'oli 開発支援事業部","380","92","汎用（非パーソナライズ・マギ1回生成）",""
"2026-09-11T18:19:46+09:00","株式会社GeNEE","開発部","ご担当者","【1名から常駐】フロントエンド専任エンジニア40名、採用に頼らず体制強化","開発部 ご担当者様

UI改修や新機能開発を進めたくても、フロントエンド専任エンジニアの採用が進まず、着手が遅れていないでしょうか。

株式会社Lei Hau'oliは、フロントエンド特化で国内大手BtoC直請け水準のエンジニアを1名から供給できるSES会社です。React/Vue.js/Next.js/TypeScriptを専門とするエンジニア約40名が在籍し、国内最大級の美容予約サービスの開発にも参画しています。

中途採用に数か月かけずとも、大規模BtoCで培った開発フローと品質基準をそのまま持ち込めるため、リリースを止めずにUI品質を底上げできます。採用が長引く間も他社は機能改善を進めており、今動くかで次四半期の速度が変わります。

現状の開発体制について、「相談したい」の5文字だけご返信ください。折り返しご連絡します。

株式会社Lei Hau'oli 開発支援事業部","380","92","汎用（非パーソナライズ・マギ1回生成）",""
"2026-09-11T18:19:46+09:00","株式会社アコードセブン","開発部","ご担当者","【1名から常駐】フロントエンド専任エンジニア40名、採用に頼らず体制強化","開発部 ご担当者様

UI改修や新機能開発を進めたくても、フロントエンド専任エンジニアの採用が進まず、着手が遅れていないでしょうか。

株式会社Lei Hau'oliは、フロントエンド特化で国内大手BtoC直請け水準のエンジニアを1名から供給できるSES会社です。React/Vue.js/Next.js/TypeScriptを専門とするエンジニア約40名が在籍し、国内最大級の美容予約サービスの開発にも参画しています。

中途採用に数か月かけずとも、大規模BtoCで培った開発フローと品質基準をそのまま持ち込めるため、リリースを止めずにUI品質を底上げできます。採用が長引く間も他社は機能改善を進めており、今動くかで次四半期の速度が変わります。

現状の開発体制について、「相談したい」の5文字だけご返信ください。折り返しご連絡します。

株式会社Lei Hau'oli 開発支援事業部","380","92","汎用（非パーソナライズ・マギ1回生成）",""
"2026-09-11T18:19:46+09:00","株式会社デジタルアセットマーケッツ","開発部","ご担当者","【1名から常駐】フロントエンド専任エンジニア40名、採用に頼らず体制強化","開発部 ご担当者様

UI改修や新機能開発を進めたくても、フロントエンド専任エンジニアの採用が進まず、着手が遅れていないでしょうか。

株式会社Lei Hau'oliは、フロントエンド特化で国内大手BtoC直請け水準のエンジニアを1名から供給できるSES会社です。React/Vue.js/Next.js/TypeScriptを専門とするエンジニア約40名が在籍し、国内最大級の美容予約サービスの開発にも参画しています。

中途採用に数か月かけずとも、大規模BtoCで培った開発フローと品質基準をそのまま持ち込めるため、リリースを止めずにUI品質を底上げできます。採用が長引く間も他社は機能改善を進めており、今動くかで次四半期の速度が変わります。

現状の開発体制について、「相談したい」の5文字だけご返信ください。折り返しご連絡します。

株式会社Lei Hau'oli 開発支援事業部","380","92","汎用（非パーソナライズ・マギ1回生成）",""
"2026-09-11T18:19:46+09:00","株式会社ナインブロック","開発部","ご担当者","【1名から常駐】フロントエンド専任エンジニア40名、採用に頼らず体制強化","開発部 ご担当者様

UI改修や新機能開発を進めたくても、フロントエンド専任エンジニアの採用が進まず、着手が遅れていないでしょうか。

株式会社Lei Hau'oliは、フロントエンド特化で国内大手BtoC直請け水準のエンジニアを1名から供給できるSES会社です。React/Vue.js/Next.js/TypeScriptを専門とするエンジニア約40名が在籍し、国内最大級の美容予約サービスの開発にも参画しています。

中途採用に数か月かけずとも、大規模BtoCで培った開発フローと品質基準をそのまま持ち込めるため、リリースを止めずにUI品質を底上げできます。採用が長引く間も他社は機能改善を進めており、今動くかで次四半期の速度が変わります。

現状の開発体制について、「相談したい」の5文字だけご返信ください。折り返しご連絡します。

株式会社Lei Hau'oli 開発支援事業部","380","92","汎用（非パーソナライズ・マギ1回生成）",""
"2026-09-11T18:19:46+09:00","ミラクルラボ株式会社","情報システム部","ご担当者","【1名から常駐】フロントエンド専任エンジニア40名、採用に頼らず体制強化","情報システム部 ご担当者様

UI改修や新機能開発を進めたくても、フロントエンド専任エンジニアの採用が進まず、着手が遅れていないでしょうか。

株式会社Lei Hau'oliは、フロントエンド特化で国内大手BtoC直請け水準のエンジニアを1名から供給できるSES会社です。React/Vue.js/Next.js/TypeScriptを専門とするエンジニア約40名が在籍し、国内最大級の美容予約サービスの開発にも参画しています。

中途採用に数か月かけずとも、大規模BtoCで培った開発フローと品質基準をそのまま持ち込めるため、リリースを止めずにUI品質を底上げできます。採用が長引く間も他社は機能改善を進めており、今動くかで次四半期の速度が変わります。

現状の開発体制について、「相談したい」の5文字だけご返信ください。折り返しご連絡します。

株式会社Lei Hau'oli 開発支援事業部","384","92","汎用（非パーソナライズ・マギ1回生成）",""
"2026-09-11T18:19:46+09:00","株式会社ネクストキー","開発部","ご担当者","【1名から常駐】フロントエンド専任エンジニア40名、採用に頼らず体制強化","開発部 ご担当者様

UI改修や新機能開発を進めたくても、フロントエンド専任エンジニアの採用が進まず、着手が遅れていないでしょうか。

株式会社Lei Hau'oliは、フロントエンド特化で国内大手BtoC直請け水準のエンジニアを1名から供給できるSES会社です。React/Vue.js/Next.js/TypeScriptを専門とするエンジニア約40名が在籍し、国内最大級の美容予約サービスの開発にも参画しています。

中途採用に数か月かけずとも、大規模BtoCで培った開発フローと品質基準をそのまま持ち込めるため、リリースを止めずにUI品質を底上げできます。採用が長引く間も他社は機能改善を進めており、今動くかで次四半期の速度が変わります。

現状の開発体制について、「相談したい」の5文字だけご返信ください。折り返しご連絡します。

株式会社Lei Hau'oli 開発支援事業部","380","92","汎用（非パーソナライズ・マギ1回生成）",""
"2026-09-11T18:19:46+09:00","Accuver株式会社","開発部","ご担当者","【1名から常駐】フロントエンド専任エンジニア40名、採用に頼らず体制強化","開発部 ご担当者様

UI改修や新機能開発を進めたくても、フロントエンド専任エンジニアの採用が進まず、着手が遅れていないでしょうか。

株式会社Lei Hau'oliは、フロントエンド特化で国内大手BtoC直請け水準のエンジニアを1名から供給できるSES会社です。React/Vue.js/Next.js/TypeScriptを専門とするエンジニア約40名が在籍し、国内最大級の美容予約サービスの開発にも参画しています。

中途採用に数か月かけずとも、大規模BtoCで培った開発フローと品質基準をそのまま持ち込めるため、リリースを止めずにUI品質を底上げできます。採用が長引く間も他社は機能改善を進めており、今動くかで次四半期の速度が変わります。

現状の開発体制について、「相談したい」の5文字だけご返信ください。折り返しご連絡します。

株式会社Lei Hau'oli 開発支援事業部","380","92","汎用（非パーソナライズ・マギ1回生成）",""
"2026-09-11T18:19:46+09:00","ナオ株式会社","開発部","ご担当者","【1名から常駐】フロントエンド専任エンジニア40名、採用に頼らず体制強化","開発部 ご担当者様

UI改修や新機能開発を進めたくても、フロントエンド専任エンジニアの採用が進まず、着手が遅れていないでしょうか。

株式会社Lei Hau'oliは、フロントエンド特化で国内大手BtoC直請け水準のエンジニアを1名から供給できるSES会社です。React/Vue.js/Next.js/TypeScriptを専門とするエンジニア約40名が在籍し、国内最大級の美容予約サービスの開発にも参画しています。

中途採用に数か月かけずとも、大規模BtoCで培った開発フローと品質基準をそのまま持ち込めるため、リリースを止めずにUI品質を底上げできます。採用が長引く間も他社は機能改善を進めており、今動くかで次四半期の速度が変わります。

現状の開発体制について、「相談したい」の5文字だけご返信ください。折り返しご連絡します。

株式会社Lei Hau'oli 開発支援事業部","380","92","汎用（非パーソナライズ・マギ1回生成）",""
"2026-09-11T18:19:46+09:00","株式会社フォーカス","開発部","ご担当者","【1名から常駐】フロントエンド専任エンジニア40名、採用に頼らず体制強化","開発部 ご担当者様

UI改修や新機能開発を進めたくても、フロントエンド専任エンジニアの採用が進まず、着手が遅れていないでしょうか。

株式会社Lei Hau'oliは、フロントエンド特化で国内大手BtoC直請け水準のエンジニアを1名から供給できるSES会社です。React/Vue.js/Next.js/TypeScriptを専門とするエンジニア約40名が在籍し、国内最大級の美容予約サービスの開発にも参画しています。

中途採用に数か月かけずとも、大規模BtoCで培った開発フローと品質基準をそのまま持ち込めるため、リリースを止めずにUI品質を底上げできます。採用が長引く間も他社は機能改善を進めており、今動くかで次四半期の速度が変わります。

現状の開発体制について、「相談したい」の5文字だけご返信ください。折り返しご連絡します。

株式会社Lei Hau'oli 開発支援事業部","380","92","汎用（非パーソナライズ・マギ1回生成）",""
"2026-09-11T18:19:46+09:00","株式会社ヘプタゴン","開発部","ご担当者","【1名から常駐】フロントエンド専任エンジニア40名、採用に頼らず体制強化","開発部 ご担当者様

UI改修や新機能開発を進めたくても、フロントエンド専任エンジニアの採用が進まず、着手が遅れていないでしょうか。

株式会社Lei Hau'oliは、フロントエンド特化で国内大手BtoC直請け水準のエンジニアを1名から供給できるSES会社です。React/Vue.js/Next.js/TypeScriptを専門とするエンジニア約40名が在籍し、国内最大級の美容予約サービスの開発にも参画しています。

中途採用に数か月かけずとも、大規模BtoCで培った開発フローと品質基準をそのまま持ち込めるため、リリースを止めずにUI品質を底上げできます。採用が長引く間も他社は機能改善を進めており、今動くかで次四半期の速度が変わります。

現状の開発体制について、「相談したい」の5文字だけご返信ください。折り返しご連絡します。

株式会社Lei Hau'oli 開発支援事業部","380","92","汎用（非パーソナライズ・マギ1回生成）",""
"2026-09-11T18:19:46+09:00","エール株式会社","開発部","ご担当者","【1名から常駐】フロントエンド専任エンジニア40名、採用に頼らず体制強化","開発部 ご担当者様

UI改修や新機能開発を進めたくても、フロントエンド専任エンジニアの採用が進まず、着手が遅れていないでしょうか。

株式会社Lei Hau'oliは、フロントエンド特化で国内大手BtoC直請け水準のエンジニアを1名から供給できるSES会社です。React/Vue.js/Next.js/TypeScriptを専門とするエンジニア約40名が在籍し、国内最大級の美容予約サービスの開発にも参画しています。

中途採用に数か月かけずとも、大規模BtoCで培った開発フローと品質基準をそのまま持ち込めるため、リリースを止めずにUI品質を底上げできます。採用が長引く間も他社は機能改善を進めており、今動くかで次四半期の速度が変わります。

現状の開発体制について、「相談したい」の5文字だけご返信ください。折り返しご連絡します。

株式会社Lei Hau'oli 開発支援事業部","380","92","汎用（非パーソナライズ・マギ1回生成）",""
"2026-09-11T18:19:46+09:00","株式会社トイディア","開発部","ご担当者","【1名から常駐】フロントエンド専任エンジニア40名、採用に頼らず体制強化","開発部 ご担当者様

UI改修や新機能開発を進めたくても、フロントエンド専任エンジニアの採用が進まず、着手が遅れていないでしょうか。

株式会社Lei Hau'oliは、フロントエンド特化で国内大手BtoC直請け水準のエンジニアを1名から供給できるSES会社です。React/Vue.js/Next.js/TypeScriptを専門とするエンジニア約40名が在籍し、国内最大級の美容予約サービスの開発にも参画しています。

中途採用に数か月かけずとも、大規模BtoCで培った開発フローと品質基準をそのまま持ち込めるため、リリースを止めずにUI品質を底上げできます。採用が長引く間も他社は機能改善を進めており、今動くかで次四半期の速度が変わります。

現状の開発体制について、「相談したい」の5文字だけご返信ください。折り返しご連絡します。

株式会社Lei Hau'oli 開発支援事業部","380","92","汎用（非パーソナライズ・マギ1回生成）",""
"2026-09-11T18:19:46+09:00","株式会社グリーンアライアンス","技術部","ご担当者","【1名から常駐】フロントエンド専任エンジニア40名、採用に頼らず体制強化","技術部 ご担当者様

UI改修や新機能開発を進めたくても、フロントエンド専任エンジニアの採用が進まず、着手が遅れていないでしょうか。

株式会社Lei Hau'oliは、フロントエンド特化で国内大手BtoC直請け水準のエンジニアを1名から供給できるSES会社です。React/Vue.js/Next.js/TypeScriptを専門とするエンジニア約40名が在籍し、国内最大級の美容予約サービスの開発にも参画しています。

中途採用に数か月かけずとも、大規模BtoCで培った開発フローと品質基準をそのまま持ち込めるため、リリースを止めずにUI品質を底上げできます。採用が長引く間も他社は機能改善を進めており、今動くかで次四半期の速度が変わります。

現状の開発体制について、「相談したい」の5文字だけご返信ください。折り返しご連絡します。

株式会社Lei Hau'oli 開発支援事業部","380","92","汎用（非パーソナライズ・マギ1回生成）",""
"2026-09-11T18:19:46+09:00","株式会社リベルタス・アドバイザリー","開発部","ご担当者","【1名から常駐】フロントエンド専任エンジニア40名、採用に頼らず体制強化","開発部 ご担当者様

UI改修や新機能開発を進めたくても、フロントエンド専任エンジニアの採用が進まず、着手が遅れていないでしょうか。

株式会社Lei Hau'oliは、フロントエンド特化で国内大手BtoC直請け水準のエンジニアを1名から供給できるSES会社です。React/Vue.js/Next.js/TypeScriptを専門とするエンジニア約40名が在籍し、国内最大級の美容予約サービスの開発にも参画しています。

中途採用に数か月かけずとも、大規模BtoCで培った開発フローと品質基準をそのまま持ち込めるため、リリースを止めずにUI品質を底上げできます。採用が長引く間も他社は機能改善を進めており、今動くかで次四半期の速度が変わります。

現状の開発体制について、「相談したい」の5文字だけご返信ください。折り返しご連絡します。

株式会社Lei Hau'oli 開発支援事業部","380","92","汎用（非パーソナライズ・マギ1回生成）",""
"2026-09-11T18:19:46+09:00","株式会社ウィルビー","開発部","ご担当者","【1名から常駐】フロントエンド専任エンジニア40名、採用に頼らず体制強化","開発部 ご担当者様

UI改修や新機能開発を進めたくても、フロントエンド専任エンジニアの採用が進まず、着手が遅れていないでしょうか。

株式会社Lei Hau'oliは、フロントエンド特化で国内大手BtoC直請け水準のエンジニアを1名から供給できるSES会社です。React/Vue.js/Next.js/TypeScriptを専門とするエンジニア約40名が在籍し、国内最大級の美容予約サービスの開発にも参画しています。

中途採用に数か月かけずとも、大規模BtoCで培った開発フローと品質基準をそのまま持ち込めるため、リリースを止めずにUI品質を底上げできます。採用が長引く間も他社は機能改善を進めており、今動くかで次四半期の速度が変わります。

現状の開発体制について、「相談したい」の5文字だけご返信ください。折り返しご連絡します。

株式会社Lei Hau'oli 開発支援事業部","380","92","汎用（非パーソナライズ・マギ1回生成）",""
"2026-09-11T18:19:46+09:00","株式会社デジプレート","開発部","ご担当者","【1名から常駐】フロントエンド専任エンジニア40名、採用に頼らず体制強化","開発部 ご担当者様

UI改修や新機能開発を進めたくても、フロントエンド専任エンジニアの採用が進まず、着手が遅れていないでしょうか。

株式会社Lei Hau'oliは、フロントエンド特化で国内大手BtoC直請け水準のエンジニアを1名から供給できるSES会社です。React/Vue.js/Next.js/TypeScriptを専門とするエンジニア約40名が在籍し、国内最大級の美容予約サービスの開発にも参画しています。

中途採用に数か月かけずとも、大規模BtoCで培った開発フローと品質基準をそのまま持ち込めるため、リリースを止めずにUI品質を底上げできます。採用が長引く間も他社は機能改善を進めており、今動くかで次四半期の速度が変わります。

現状の開発体制について、「相談したい」の5文字だけご返信ください。折り返しご連絡します。

株式会社Lei Hau'oli 開発支援事業部","380","92","汎用（非パーソナライズ・マギ1回生成）",""
"2026-09-11T18:19:46+09:00","ケーディークロート株式会社","情報システム部","ご担当者","【1名から常駐】フロントエンド専任エンジニア40名、採用に頼らず体制強化","情報システム部 ご担当者様

UI改修や新機能開発を進めたくても、フロントエンド専任エンジニアの採用が進まず、着手が遅れていないでしょうか。

株式会社Lei Hau'oliは、フロントエンド特化で国内大手BtoC直請け水準のエンジニアを1名から供給できるSES会社です。React/Vue.js/Next.js/TypeScriptを専門とするエンジニア約40名が在籍し、国内最大級の美容予約サービスの開発にも参画しています。

中途採用に数か月かけずとも、大規模BtoCで培った開発フローと品質基準をそのまま持ち込めるため、リリースを止めずにUI品質を底上げできます。採用が長引く間も他社は機能改善を進めており、今動くかで次四半期の速度が変わります。

現状の開発体制について、「相談したい」の5文字だけご返信ください。折り返しご連絡します。

株式会社Lei Hau'oli 開発支援事業部","384","92","汎用（非パーソナライズ・マギ1回生成）",""
"2026-09-11T18:19:46+09:00","ウィズハッピーシステム株式会社","開発部","ご担当者","【1名から常駐】フロントエンド専任エンジニア40名、採用に頼らず体制強化","開発部 ご担当者様

UI改修や新機能開発を進めたくても、フロントエンド専任エンジニアの採用が進まず、着手が遅れていないでしょうか。

株式会社Lei Hau'oliは、フロントエンド特化で国内大手BtoC直請け水準のエンジニアを1名から供給できるSES会社です。React/Vue.js/Next.js/TypeScriptを専門とするエンジニア約40名が在籍し、国内最大級の美容予約サービスの開発にも参画しています。

中途採用に数か月かけずとも、大規模BtoCで培った開発フローと品質基準をそのまま持ち込めるため、リリースを止めずにUI品質を底上げできます。採用が長引く間も他社は機能改善を進めており、今動くかで次四半期の速度が変わります。

現状の開発体制について、「相談したい」の5文字だけご返信ください。折り返しご連絡します。

株式会社Lei Hau'oli 開発支援事業部","380","92","汎用（非パーソナライズ・マギ1回生成）",""
"2026-09-11T18:19:46+09:00","株式会社京王歯研","情報システム部","ご担当者","【1名から常駐】フロントエンド専任エンジニア40名、採用に頼らず体制強化","情報システム部 ご担当者様

UI改修や新機能開発を進めたくても、フロントエンド専任エンジニアの採用が進まず、着手が遅れていないでしょうか。

株式会社Lei Hau'oliは、フロントエンド特化で国内大手BtoC直請け水準のエンジニアを1名から供給できるSES会社です。React/Vue.js/Next.js/TypeScriptを専門とするエンジニア約40名が在籍し、国内最大級の美容予約サービスの開発にも参画しています。

中途採用に数か月かけずとも、大規模BtoCで培った開発フローと品質基準をそのまま持ち込めるため、リリースを止めずにUI品質を底上げできます。採用が長引く間も他社は機能改善を進めており、今動くかで次四半期の速度が変わります。

現状の開発体制について、「相談したい」の5文字だけご返信ください。折り返しご連絡します。

株式会社Lei Hau'oli 開発支援事業部","384","92","汎用（非パーソナライズ・マギ1回生成）",""
"2026-09-11T18:19:46+09:00","株式会社CTU","開発部","ご担当者","【1名から常駐】フロントエンド専任エンジニア40名、採用に頼らず体制強化","開発部 ご担当者様

UI改修や新機能開発を進めたくても、フロントエンド専任エンジニアの採用が進まず、着手が遅れていないでしょうか。

株式会社Lei Hau'oliは、フロントエンド特化で国内大手BtoC直請け水準のエンジニアを1名から供給できるSES会社です。React/Vue.js/Next.js/TypeScriptを専門とするエンジニア約40名が在籍し、国内最大級の美容予約サービスの開発にも参画しています。

中途採用に数か月かけずとも、大規模BtoCで培った開発フローと品質基準をそのまま持ち込めるため、リリースを止めずにUI品質を底上げできます。採用が長引く間も他社は機能改善を進めており、今動くかで次四半期の速度が変わります。

現状の開発体制について、「相談したい」の5文字だけご返信ください。折り返しご連絡します。

株式会社Lei Hau'oli 開発支援事業部","380","92","汎用（非パーソナライズ・マギ1回生成）",""
"2026-09-11T18:19:46+09:00","株式会社クエイル","開発部","ご担当者","【1名から常駐】フロントエンド専任エンジニア40名、採用に頼らず体制強化","開発部 ご担当者様

UI改修や新機能開発を進めたくても、フロントエンド専任エンジニアの採用が進まず、着手が遅れていないでしょうか。

株式会社Lei Hau'oliは、フロントエンド特化で国内大手BtoC直請け水準のエンジニアを1名から供給できるSES会社です。React/Vue.js/Next.js/TypeScriptを専門とするエンジニア約40名が在籍し、国内最大級の美容予約サービスの開発にも参画しています。

中途採用に数か月かけずとも、大規模BtoCで培った開発フローと品質基準をそのまま持ち込めるため、リリースを止めずにUI品質を底上げできます。採用が長引く間も他社は機能改善を進めており、今動くかで次四半期の速度が変わります。

現状の開発体制について、「相談したい」の5文字だけご返信ください。折り返しご連絡します。

株式会社Lei Hau'oli 開発支援事業部","380","92","汎用（非パーソナライズ・マギ1回生成）",""
"2026-09-11T18:19:46+09:00","株式会社ExaScaler","開発部","ご担当者","【1名から常駐】フロントエンド専任エンジニア40名、採用に頼らず体制強化","開発部 ご担当者様

UI改修や新機能開発を進めたくても、フロントエンド専任エンジニアの採用が進まず、着手が遅れていないでしょうか。

株式会社Lei Hau'oliは、フロントエンド特化で国内大手BtoC直請け水準のエンジニアを1名から供給できるSES会社です。React/Vue.js/Next.js/TypeScriptを専門とするエンジニア約40名が在籍し、国内最大級の美容予約サービスの開発にも参画しています。

中途採用に数か月かけずとも、大規模BtoCで培った開発フローと品質基準をそのまま持ち込めるため、リリースを止めずにUI品質を底上げできます。採用が長引く間も他社は機能改善を進めており、今動くかで次四半期の速度が変わります。

現状の開発体制について、「相談したい」の5文字だけご返信ください。折り返しご連絡します。

株式会社Lei Hau'oli 開発支援事業部","380","92","汎用（非パーソナライズ・マギ1回生成）",""
"2026-09-11T18:19:46+09:00","ジェイソル・メディカル株式会社","情報システム部","ご担当者","【1名から常駐】フロントエンド専任エンジニア40名、採用に頼らず体制強化","情報システム部 ご担当者様

UI改修や新機能開発を進めたくても、フロントエンド専任エンジニアの採用が進まず、着手が遅れていないでしょうか。

株式会社Lei Hau'oliは、フロントエンド特化で国内大手BtoC直請け水準のエンジニアを1名から供給できるSES会社です。React/Vue.js/Next.js/TypeScriptを専門とするエンジニア約40名が在籍し、国内最大級の美容予約サービスの開発にも参画しています。

中途採用に数か月かけずとも、大規模BtoCで培った開発フローと品質基準をそのまま持ち込めるため、リリースを止めずにUI品質を底上げできます。採用が長引く間も他社は機能改善を進めており、今動くかで次四半期の速度が変わります。

現状の開発体制について、「相談したい」の5文字だけご返信ください。折り返しご連絡します。

株式会社Lei Hau'oli 開発支援事業部","384","92","汎用（非パーソナライズ・マギ1回生成）",""
"2026-09-11T18:19:46+09:00","株式会社システムフリージア","開発部","ご担当者","【1名から常駐】フロントエンド専任エンジニア40名、採用に頼らず体制強化","開発部 ご担当者様

UI改修や新機能開発を進めたくても、フロントエンド専任エンジニアの採用が進まず、着手が遅れていないでしょうか。

株式会社Lei Hau'oliは、フロントエンド特化で国内大手BtoC直請け水準のエンジニアを1名から供給できるSES会社です。React/Vue.js/Next.js/TypeScriptを専門とするエンジニア約40名が在籍し、国内最大級の美容予約サービスの開発にも参画しています。

中途採用に数か月かけずとも、大規模BtoCで培った開発フローと品質基準をそのまま持ち込めるため、リリースを止めずにUI品質を底上げできます。採用が長引く間も他社は機能改善を進めており、今動くかで次四半期の速度が変わります。

現状の開発体制について、「相談したい」の5文字だけご返信ください。折り返しご連絡します。

株式会社Lei Hau'oli 開発支援事業部","380","92","汎用（非パーソナライズ・マギ1回生成）",""
"2026-09-11T18:19:46+09:00","株式会社OFA","開発部","ご担当者","【1名から常駐】フロントエンド専任エンジニア40名、採用に頼らず体制強化","開発部 ご担当者様

UI改修や新機能開発を進めたくても、フロントエンド専任エンジニアの採用が進まず、着手が遅れていないでしょうか。

株式会社Lei Hau'oliは、フロントエンド特化で国内大手BtoC直請け水準のエンジニアを1名から供給できるSES会社です。React/Vue.js/Next.js/TypeScriptを専門とするエンジニア約40名が在籍し、国内最大級の美容予約サービスの開発にも参画しています。

中途採用に数か月かけずとも、大規模BtoCで培った開発フローと品質基準をそのまま持ち込めるため、リリースを止めずにUI品質を底上げできます。採用が長引く間も他社は機能改善を進めており、今動くかで次四半期の速度が変わります。

現状の開発体制について、「相談したい」の5文字だけご返信ください。折り返しご連絡します。

株式会社Lei Hau'oli 開発支援事業部","380","92","汎用（非パーソナライズ・マギ1回生成）",""
"2026-09-11T18:19:46+09:00","会計監査確認センター合同会社","開発部","ご担当者","【1名から常駐】フロントエンド専任エンジニア40名、採用に頼らず体制強化","開発部 ご担当者様

UI改修や新機能開発を進めたくても、フロントエンド専任エンジニアの採用が進まず、着手が遅れていないでしょうか。

株式会社Lei Hau'oliは、フロントエンド特化で国内大手BtoC直請け水準のエンジニアを1名から供給できるSES会社です。React/Vue.js/Next.js/TypeScriptを専門とするエンジニア約40名が在籍し、国内最大級の美容予約サービスの開発にも参画しています。

中途採用に数か月かけずとも、大規模BtoCで培った開発フローと品質基準をそのまま持ち込めるため、リリースを止めずにUI品質を底上げできます。採用が長引く間も他社は機能改善を進めており、今動くかで次四半期の速度が変わります。

現状の開発体制について、「相談したい」の5文字だけご返信ください。折り返しご連絡します。

株式会社Lei Hau'oli 開発支援事業部","380","92","汎用（非パーソナライズ・マギ1回生成）",""
"2026-09-11T18:19:46+09:00","株式会社ヴィレッジ","開発部","ご担当者","【1名から常駐】フロントエンド専任エンジニア40名、採用に頼らず体制強化","開発部 ご担当者様

UI改修や新機能開発を進めたくても、フロントエンド専任エンジニアの採用が進まず、着手が遅れていないでしょうか。

株式会社Lei Hau'oliは、フロントエンド特化で国内大手BtoC直請け水準のエンジニアを1名から供給できるSES会社です。React/Vue.js/Next.js/TypeScriptを専門とするエンジニア約40名が在籍し、国内最大級の美容予約サービスの開発にも参画しています。

中途採用に数か月かけずとも、大規模BtoCで培った開発フローと品質基準をそのまま持ち込めるため、リリースを止めずにUI品質を底上げできます。採用が長引く間も他社は機能改善を進めており、今動くかで次四半期の速度が変わります。

現状の開発体制について、「相談したい」の5文字だけご返信ください。折り返しご連絡します。

株式会社Lei Hau'oli 開発支援事業部","380","92","汎用（非パーソナライズ・マギ1回生成）",""
"2026-09-11T18:19:46+09:00","株式会社TODOROKI","開発部","ご担当者","【1名から常駐】フロントエンド専任エンジニア40名、採用に頼らず体制強化","開発部 ご担当者様

UI改修や新機能開発を進めたくても、フロントエンド専任エンジニアの採用が進まず、着手が遅れていないでしょうか。

株式会社Lei Hau'oliは、フロントエンド特化で国内大手BtoC直請け水準のエンジニアを1名から供給できるSES会社です。React/Vue.js/Next.js/TypeScriptを専門とするエンジニア約40名が在籍し、国内最大級の美容予約サービスの開発にも参画しています。

中途採用に数か月かけずとも、大規模BtoCで培った開発フローと品質基準をそのまま持ち込めるため、リリースを止めずにUI品質を底上げできます。採用が長引く間も他社は機能改善を進めており、今動くかで次四半期の速度が変わります。

現状の開発体制について、「相談したい」の5文字だけご返信ください。折り返しご連絡します。

株式会社Lei Hau'oli 開発支援事業部","380","92","汎用（非パーソナライズ・マギ1回生成）",""
"2026-09-11T18:19:46+09:00","障害者ドットコム株式会社","開発部","ご担当者","【1名から常駐】フロントエンド専任エンジニア40名、採用に頼らず体制強化","開発部 ご担当者様

UI改修や新機能開発を進めたくても、フロントエンド専任エンジニアの採用が進まず、着手が遅れていないでしょうか。

株式会社Lei Hau'oliは、フロントエンド特化で国内大手BtoC直請け水準のエンジニアを1名から供給できるSES会社です。React/Vue.js/Next.js/TypeScriptを専門とするエンジニア約40名が在籍し、国内最大級の美容予約サービスの開発にも参画しています。

中途採用に数か月かけずとも、大規模BtoCで培った開発フローと品質基準をそのまま持ち込めるため、リリースを止めずにUI品質を底上げできます。採用が長引く間も他社は機能改善を進めており、今動くかで次四半期の速度が変わります。

現状の開発体制について、「相談したい」の5文字だけご返信ください。折り返しご連絡します。

株式会社Lei Hau'oli 開発支援事業部","380","92","汎用（非パーソナライズ・マギ1回生成）",""
"2026-09-11T18:19:46+09:00","Angelus Japan株式会社","情報システム部","ご担当者","【1名から常駐】フロントエンド専任エンジニア40名、採用に頼らず体制強化","情報システム部 ご担当者様

UI改修や新機能開発を進めたくても、フロントエンド専任エンジニアの採用が進まず、着手が遅れていないでしょうか。

株式会社Lei Hau'oliは、フロントエンド特化で国内大手BtoC直請け水準のエンジニアを1名から供給できるSES会社です。React/Vue.js/Next.js/TypeScriptを専門とするエンジニア約40名が在籍し、国内最大級の美容予約サービスの開発にも参画しています。

中途採用に数か月かけずとも、大規模BtoCで培った開発フローと品質基準をそのまま持ち込めるため、リリースを止めずにUI品質を底上げできます。採用が長引く間も他社は機能改善を進めており、今動くかで次四半期の速度が変わります。

現状の開発体制について、「相談したい」の5文字だけご返信ください。折り返しご連絡します。

株式会社Lei Hau'oli 開発支援事業部","384","92","汎用（非パーソナライズ・マギ1回生成）",""
"2026-09-11T18:19:46+09:00","株式会社Clear","開発部","ご担当者","【1名から常駐】フロントエンド専任エンジニア40名、採用に頼らず体制強化","開発部 ご担当者様

UI改修や新機能開発を進めたくても、フロントエンド専任エンジニアの採用が進まず、着手が遅れていないでしょうか。

株式会社Lei Hau'oliは、フロントエンド特化で国内大手BtoC直請け水準のエンジニアを1名から供給できるSES会社です。React/Vue.js/Next.js/TypeScriptを専門とするエンジニア約40名が在籍し、国内最大級の美容予約サービスの開発にも参画しています。

中途採用に数か月かけずとも、大規模BtoCで培った開発フローと品質基準をそのまま持ち込めるため、リリースを止めずにUI品質を底上げできます。採用が長引く間も他社は機能改善を進めており、今動くかで次四半期の速度が変わります。

現状の開発体制について、「相談したい」の5文字だけご返信ください。折り返しご連絡します。

株式会社Lei Hau'oli 開発支援事業部","380","92","汎用（非パーソナライズ・マギ1回生成）",""
"2026-09-11T18:19:46+09:00","株式会社第二章","開発部","ご担当者","【1名から常駐】フロントエンド専任エンジニア40名、採用に頼らず体制強化","開発部 ご担当者様

UI改修や新機能開発を進めたくても、フロントエンド専任エンジニアの採用が進まず、着手が遅れていないでしょうか。

株式会社Lei Hau'oliは、フロントエンド特化で国内大手BtoC直請け水準のエンジニアを1名から供給できるSES会社です。React/Vue.js/Next.js/TypeScriptを専門とするエンジニア約40名が在籍し、国内最大級の美容予約サービスの開発にも参画しています。

中途採用に数か月かけずとも、大規模BtoCで培った開発フローと品質基準をそのまま持ち込めるため、リリースを止めずにUI品質を底上げできます。採用が長引く間も他社は機能改善を進めており、今動くかで次四半期の速度が変わります。

現状の開発体制について、「相談したい」の5文字だけご返信ください。折り返しご連絡します。

株式会社Lei Hau'oli 開発支援事業部","380","92","汎用（非パーソナライズ・マギ1回生成）",""
"2026-09-11T18:19:46+09:00","ソレアードテクノロジ株式会社","開発部","ご担当者","【1名から常駐】フロントエンド専任エンジニア40名、採用に頼らず体制強化","開発部 ご担当者様

UI改修や新機能開発を進めたくても、フロントエンド専任エンジニアの採用が進まず、着手が遅れていないでしょうか。

株式会社Lei Hau'oliは、フロントエンド特化で国内大手BtoC直請け水準のエンジニアを1名から供給できるSES会社です。React/Vue.js/Next.js/TypeScriptを専門とするエンジニア約40名が在籍し、国内最大級の美容予約サービスの開発にも参画しています。

中途採用に数か月かけずとも、大規模BtoCで培った開発フローと品質基準をそのまま持ち込めるため、リリースを止めずにUI品質を底上げできます。採用が長引く間も他社は機能改善を進めており、今動くかで次四半期の速度が変わります。

現状の開発体制について、「相談したい」の5文字だけご返信ください。折り返しご連絡します。

株式会社Lei Hau'oli 開発支援事業部","380","92","汎用（非パーソナライズ・マギ1回生成）",""
"2026-09-11T18:19:46+09:00","ゲヒルン株式会社","技術部","ご担当者","【1名から常駐】フロントエンド専任エンジニア40名、採用に頼らず体制強化","技術部 ご担当者様

UI改修や新機能開発を進めたくても、フロントエンド専任エンジニアの採用が進まず、着手が遅れていないでしょうか。

株式会社Lei Hau'oliは、フロントエンド特化で国内大手BtoC直請け水準のエンジニアを1名から供給できるSES会社です。React/Vue.js/Next.js/TypeScriptを専門とするエンジニア約40名が在籍し、国内最大級の美容予約サービスの開発にも参画しています。

中途採用に数か月かけずとも、大規模BtoCで培った開発フローと品質基準をそのまま持ち込めるため、リリースを止めずにUI品質を底上げできます。採用が長引く間も他社は機能改善を進めており、今動くかで次四半期の速度が変わります。

現状の開発体制について、「相談したい」の5文字だけご返信ください。折り返しご連絡します。

株式会社Lei Hau'oli 開発支援事業部","380","92","汎用（非パーソナライズ・マギ1回生成）",""
"2026-09-11T18:19:46+09:00","株式会社REA","開発部","ご担当者","【1名から常駐】フロントエンド専任エンジニア40名、採用に頼らず体制強化","開発部 ご担当者様

UI改修や新機能開発を進めたくても、フロントエンド専任エンジニアの採用が進まず、着手が遅れていないでしょうか。

株式会社Lei Hau'oliは、フロントエンド特化で国内大手BtoC直請け水準のエンジニアを1名から供給できるSES会社です。React/Vue.js/Next.js/TypeScriptを専門とするエンジニア約40名が在籍し、国内最大級の美容予約サービスの開発にも参画しています。

中途採用に数か月かけずとも、大規模BtoCで培った開発フローと品質基準をそのまま持ち込めるため、リリースを止めずにUI品質を底上げできます。採用が長引く間も他社は機能改善を進めており、今動くかで次四半期の速度が変わります。

現状の開発体制について、「相談したい」の5文字だけご返信ください。折り返しご連絡します。

株式会社Lei Hau'oli 開発支援事業部","380","92","汎用（非パーソナライズ・マギ1回生成）",""
"2026-09-11T18:19:46+09:00","株式会社えんメディアネット","開発部","ご担当者","【1名から常駐】フロントエンド専任エンジニア40名、採用に頼らず体制強化","開発部 ご担当者様

UI改修や新機能開発を進めたくても、フロントエンド専任エンジニアの採用が進まず、着手が遅れていないでしょうか。

株式会社Lei Hau'oliは、フロントエンド特化で国内大手BtoC直請け水準のエンジニアを1名から供給できるSES会社です。React/Vue.js/Next.js/TypeScriptを専門とするエンジニア約40名が在籍し、国内最大級の美容予約サービスの開発にも参画しています。

中途採用に数か月かけずとも、大規模BtoCで培った開発フローと品質基準をそのまま持ち込めるため、リリースを止めずにUI品質を底上げできます。採用が長引く間も他社は機能改善を進めており、今動くかで次四半期の速度が変わります。

現状の開発体制について、「相談したい」の5文字だけご返信ください。折り返しご連絡します。

株式会社Lei Hau'oli 開発支援事業部","380","92","汎用（非パーソナライズ・マギ1回生成）",""
"2026-09-11T18:19:46+09:00","FIG株式会社","開発部","ご担当者","【1名から常駐】フロントエンド専任エンジニア40名、採用に頼らず体制強化","開発部 ご担当者様

UI改修や新機能開発を進めたくても、フロントエンド専任エンジニアの採用が進まず、着手が遅れていないでしょうか。

株式会社Lei Hau'oliは、フロントエンド特化で国内大手BtoC直請け水準のエンジニアを1名から供給できるSES会社です。React/Vue.js/Next.js/TypeScriptを専門とするエンジニア約40名が在籍し、国内最大級の美容予約サービスの開発にも参画しています。

中途採用に数か月かけずとも、大規模BtoCで培った開発フローと品質基準をそのまま持ち込めるため、リリースを止めずにUI品質を底上げできます。採用が長引く間も他社は機能改善を進めており、今動くかで次四半期の速度が変わります。

現状の開発体制について、「相談したい」の5文字だけご返信ください。折り返しご連絡します。

株式会社Lei Hau'oli 開発支援事業部","380","92","汎用（非パーソナライズ・マギ1回生成）",""
"2026-09-11T18:19:46+09:00","日本信用情報サービス株式会社","開発部","ご担当者","【1名から常駐】フロントエンド専任エンジニア40名、採用に頼らず体制強化","開発部 ご担当者様

UI改修や新機能開発を進めたくても、フロントエンド専任エンジニアの採用が進まず、着手が遅れていないでしょうか。

株式会社Lei Hau'oliは、フロントエンド特化で国内大手BtoC直請け水準のエンジニアを1名から供給できるSES会社です。React/Vue.js/Next.js/TypeScriptを専門とするエンジニア約40名が在籍し、国内最大級の美容予約サービスの開発にも参画しています。

中途採用に数か月かけずとも、大規模BtoCで培った開発フローと品質基準をそのまま持ち込めるため、リリースを止めずにUI品質を底上げできます。採用が長引く間も他社は機能改善を進めており、今動くかで次四半期の速度が変わります。

現状の開発体制について、「相談したい」の5文字だけご返信ください。折り返しご連絡します。

株式会社Lei Hau'oli 開発支援事業部","380","92","汎用（非パーソナライズ・マギ1回生成）",""
"2026-09-11T18:19:46+09:00","ランク王株式会社","開発部","ご担当者","【1名から常駐】フロントエンド専任エンジニア40名、採用に頼らず体制強化","開発部 ご担当者様

UI改修や新機能開発を進めたくても、フロントエンド専任エンジニアの採用が進まず、着手が遅れていないでしょうか。

株式会社Lei Hau'oliは、フロントエンド特化で国内大手BtoC直請け水準のエンジニアを1名から供給できるSES会社です。React/Vue.js/Next.js/TypeScriptを専門とするエンジニア約40名が在籍し、国内最大級の美容予約サービスの開発にも参画しています。

中途採用に数か月かけずとも、大規模BtoCで培った開発フローと品質基準をそのまま持ち込めるため、リリースを止めずにUI品質を底上げできます。採用が長引く間も他社は機能改善を進めており、今動くかで次四半期の速度が変わります。

現状の開発体制について、「相談したい」の5文字だけご返信ください。折り返しご連絡します。

株式会社Lei Hau'oli 開発支援事業部","380","92","汎用（非パーソナライズ・マギ1回生成）",""
"2026-09-11T18:19:46+09:00","株式会社みんなシステムズ","開発部","ご担当者","【1名から常駐】フロントエンド専任エンジニア40名、採用に頼らず体制強化","開発部 ご担当者様

UI改修や新機能開発を進めたくても、フロントエンド専任エンジニアの採用が進まず、着手が遅れていないでしょうか。

株式会社Lei Hau'oliは、フロントエンド特化で国内大手BtoC直請け水準のエンジニアを1名から供給できるSES会社です。React/Vue.js/Next.js/TypeScriptを専門とするエンジニア約40名が在籍し、国内最大級の美容予約サービスの開発にも参画しています。

中途採用に数か月かけずとも、大規模BtoCで培った開発フローと品質基準をそのまま持ち込めるため、リリースを止めずにUI品質を底上げできます。採用が長引く間も他社は機能改善を進めており、今動くかで次四半期の速度が変わります。

現状の開発体制について、「相談したい」の5文字だけご返信ください。折り返しご連絡します。

株式会社Lei Hau'oli 開発支援事業部","380","92","汎用（非パーソナライズ・マギ1回生成）",""
"2026-09-11T18:19:46+09:00","株式会社ファンリピート","開発部","ご担当者","【1名から常駐】フロントエンド専任エンジニア40名、採用に頼らず体制強化","開発部 ご担当者様

UI改修や新機能開発を進めたくても、フロントエンド専任エンジニアの採用が進まず、着手が遅れていないでしょうか。

株式会社Lei Hau'oliは、フロントエンド特化で国内大手BtoC直請け水準のエンジニアを1名から供給できるSES会社です。React/Vue.js/Next.js/TypeScriptを専門とするエンジニア約40名が在籍し、国内最大級の美容予約サービスの開発にも参画しています。

中途採用に数か月かけずとも、大規模BtoCで培った開発フローと品質基準をそのまま持ち込めるため、リリースを止めずにUI品質を底上げできます。採用が長引く間も他社は機能改善を進めており、今動くかで次四半期の速度が変わります。

現状の開発体制について、「相談したい」の5文字だけご返信ください。折り返しご連絡します。

株式会社Lei Hau'oli 開発支援事業部","380","92","汎用（非パーソナライズ・マギ1回生成）",""
"2026-09-11T18:19:46+09:00","株式会社ジュエルケースネット","技術部","ご担当者","【1名から常駐】フロントエンド専任エンジニア40名、採用に頼らず体制強化","技術部 ご担当者様

UI改修や新機能開発を進めたくても、フロントエンド専任エンジニアの採用が進まず、着手が遅れていないでしょうか。

株式会社Lei Hau'oliは、フロントエンド特化で国内大手BtoC直請け水準のエンジニアを1名から供給できるSES会社です。React/Vue.js/Next.js/TypeScriptを専門とするエンジニア約40名が在籍し、国内最大級の美容予約サービスの開発にも参画しています。

中途採用に数か月かけずとも、大規模BtoCで培った開発フローと品質基準をそのまま持ち込めるため、リリースを止めずにUI品質を底上げできます。採用が長引く間も他社は機能改善を進めており、今動くかで次四半期の速度が変わります。

現状の開発体制について、「相談したい」の5文字だけご返信ください。折り返しご連絡します。

株式会社Lei Hau'oli 開発支援事業部","380","92","汎用（非パーソナライズ・マギ1回生成）",""
"2026-09-11T18:19:46+09:00","株式会社テクサー","開発部","ご担当者","【1名から常駐】フロントエンド専任エンジニア40名、採用に頼らず体制強化","開発部 ご担当者様

UI改修や新機能開発を進めたくても、フロントエンド専任エンジニアの採用が進まず、着手が遅れていないでしょうか。

株式会社Lei Hau'oliは、フロントエンド特化で国内大手BtoC直請け水準のエンジニアを1名から供給できるSES会社です。React/Vue.js/Next.js/TypeScriptを専門とするエンジニア約40名が在籍し、国内最大級の美容予約サービスの開発にも参画しています。

中途採用に数か月かけずとも、大規模BtoCで培った開発フローと品質基準をそのまま持ち込めるため、リリースを止めずにUI品質を底上げできます。採用が長引く間も他社は機能改善を進めており、今動くかで次四半期の速度が変わります。

現状の開発体制について、「相談したい」の5文字だけご返信ください。折り返しご連絡します。

株式会社Lei Hau'oli 開発支援事業部","380","92","汎用（非パーソナライズ・マギ1回生成）",""
"2026-09-11T18:19:46+09:00","株式会社アプロ総研","開発部","ご担当者","【1名から常駐】フロントエンド専任エンジニア40名、採用に頼らず体制強化","開発部 ご担当者様

UI改修や新機能開発を進めたくても、フロントエンド専任エンジニアの採用が進まず、着手が遅れていないでしょうか。

株式会社Lei Hau'oliは、フロントエンド特化で国内大手BtoC直請け水準のエンジニアを1名から供給できるSES会社です。React/Vue.js/Next.js/TypeScriptを専門とするエンジニア約40名が在籍し、国内最大級の美容予約サービスの開発にも参画しています。

中途採用に数か月かけずとも、大規模BtoCで培った開発フローと品質基準をそのまま持ち込めるため、リリースを止めずにUI品質を底上げできます。採用が長引く間も他社は機能改善を進めており、今動くかで次四半期の速度が変わります。

現状の開発体制について、「相談したい」の5文字だけご返信ください。折り返しご連絡します。

株式会社Lei Hau'oli 開発支援事業部","380","92","汎用（非パーソナライズ・マギ1回生成）",""
"2026-09-11T18:19:46+09:00","ボールドライト株式会社","開発部","ご担当者","【1名から常駐】フロントエンド専任エンジニア40名、採用に頼らず体制強化","開発部 ご担当者様

UI改修や新機能開発を進めたくても、フロントエンド専任エンジニアの採用が進まず、着手が遅れていないでしょうか。

株式会社Lei Hau'oliは、フロントエンド特化で国内大手BtoC直請け水準のエンジニアを1名から供給できるSES会社です。React/Vue.js/Next.js/TypeScriptを専門とするエンジニア約40名が在籍し、国内最大級の美容予約サービスの開発にも参画しています。

中途採用に数か月かけずとも、大規模BtoCで培った開発フローと品質基準をそのまま持ち込めるため、リリースを止めずにUI品質を底上げできます。採用が長引く間も他社は機能改善を進めており、今動くかで次四半期の速度が変わります。

現状の開発体制について、「相談したい」の5文字だけご返信ください。折り返しご連絡します。

株式会社Lei Hau'oli 開発支援事業部","380","92","汎用（非パーソナライズ・マギ1回生成）",""
"2026-09-11T18:19:46+09:00","Global Walkers株式会社","開発部","ご担当者","【1名から常駐】フロントエンド専任エンジニア40名、採用に頼らず体制強化","開発部 ご担当者様

UI改修や新機能開発を進めたくても、フロントエンド専任エンジニアの採用が進まず、着手が遅れていないでしょうか。

株式会社Lei Hau'oliは、フロントエンド特化で国内大手BtoC直請け水準のエンジニアを1名から供給できるSES会社です。React/Vue.js/Next.js/TypeScriptを専門とするエンジニア約40名が在籍し、国内最大級の美容予約サービスの開発にも参画しています。

中途採用に数か月かけずとも、大規模BtoCで培った開発フローと品質基準をそのまま持ち込めるため、リリースを止めずにUI品質を底上げできます。採用が長引く間も他社は機能改善を進めており、今動くかで次四半期の速度が変わります。

現状の開発体制について、「相談したい」の5文字だけご返信ください。折り返しご連絡します。

株式会社Lei Hau'oli 開発支援事業部","380","92","汎用（非パーソナライズ・マギ1回生成）",""
"2026-09-11T18:19:46+09:00","株式会社学びと成長しくみデザイン研究所","開発部","ご担当者","【1名から常駐】フロントエンド専任エンジニア40名、採用に頼らず体制強化","開発部 ご担当者様

UI改修や新機能開発を進めたくても、フロントエンド専任エンジニアの採用が進まず、着手が遅れていないでしょうか。

株式会社Lei Hau'oliは、フロントエンド特化で国内大手BtoC直請け水準のエンジニアを1名から供給できるSES会社です。React/Vue.js/Next.js/TypeScriptを専門とするエンジニア約40名が在籍し、国内最大級の美容予約サービスの開発にも参画しています。

中途採用に数か月かけずとも、大規模BtoCで培った開発フローと品質基準をそのまま持ち込めるため、リリースを止めずにUI品質を底上げできます。採用が長引く間も他社は機能改善を進めており、今動くかで次四半期の速度が変わります。

現状の開発体制について、「相談したい」の5文字だけご返信ください。折り返しご連絡します。

株式会社Lei Hau'oli 開発支援事業部","380","92","汎用（非パーソナライズ・マギ1回生成）",""
"2026-09-11T18:19:46+09:00","株式会社ウェブチップス","開発部","ご担当者","【1名から常駐】フロントエンド専任エンジニア40名、採用に頼らず体制強化","開発部 ご担当者様

UI改修や新機能開発を進めたくても、フロントエンド専任エンジニアの採用が進まず、着手が遅れていないでしょうか。

株式会社Lei Hau'oliは、フロントエンド特化で国内大手BtoC直請け水準のエンジニアを1名から供給できるSES会社です。React/Vue.js/Next.js/TypeScriptを専門とするエンジニア約40名が在籍し、国内最大級の美容予約サービスの開発にも参画しています。

中途採用に数か月かけずとも、大規模BtoCで培った開発フローと品質基準をそのまま持ち込めるため、リリースを止めずにUI品質を底上げできます。採用が長引く間も他社は機能改善を進めており、今動くかで次四半期の速度が変わります。

現状の開発体制について、「相談したい」の5文字だけご返信ください。折り返しご連絡します。

株式会社Lei Hau'oli 開発支援事業部","380","92","汎用（非パーソナライズ・マギ1回生成）",""
"2026-09-11T18:19:46+09:00","株式会社テーブルクロス","開発部","ご担当者","【1名から常駐】フロントエンド専任エンジニア40名、採用に頼らず体制強化","開発部 ご担当者様

UI改修や新機能開発を進めたくても、フロントエンド専任エンジニアの採用が進まず、着手が遅れていないでしょうか。

株式会社Lei Hau'oliは、フロントエンド特化で国内大手BtoC直請け水準のエンジニアを1名から供給できるSES会社です。React/Vue.js/Next.js/TypeScriptを専門とするエンジニア約40名が在籍し、国内最大級の美容予約サービスの開発にも参画しています。

中途採用に数か月かけずとも、大規模BtoCで培った開発フローと品質基準をそのまま持ち込めるため、リリースを止めずにUI品質を底上げできます。採用が長引く間も他社は機能改善を進めており、今動くかで次四半期の速度が変わります。

現状の開発体制について、「相談したい」の5文字だけご返信ください。折り返しご連絡します。

株式会社Lei Hau'oli 開発支援事業部","380","92","汎用（非パーソナライズ・マギ1回生成）",""
"2026-09-11T18:19:46+09:00","Beatrust株式会社","開発部","ご担当者","【1名から常駐】フロントエンド専任エンジニア40名、採用に頼らず体制強化","開発部 ご担当者様

UI改修や新機能開発を進めたくても、フロントエンド専任エンジニアの採用が進まず、着手が遅れていないでしょうか。

株式会社Lei Hau'oliは、フロントエンド特化で国内大手BtoC直請け水準のエンジニアを1名から供給できるSES会社です。React/Vue.js/Next.js/TypeScriptを専門とするエンジニア約40名が在籍し、国内最大級の美容予約サービスの開発にも参画しています。

中途採用に数か月かけずとも、大規模BtoCで培った開発フローと品質基準をそのまま持ち込めるため、リリースを止めずにUI品質を底上げできます。採用が長引く間も他社は機能改善を進めており、今動くかで次四半期の速度が変わります。

現状の開発体制について、「相談したい」の5文字だけご返信ください。折り返しご連絡します。

株式会社Lei Hau'oli 開発支援事業部","380","92","汎用（非パーソナライズ・マギ1回生成）",""
"2026-09-11T18:19:46+09:00","株式会社フェニックス","開発部","ご担当者","【1名から常駐】フロントエンド専任エンジニア40名、採用に頼らず体制強化","開発部 ご担当者様

UI改修や新機能開発を進めたくても、フロントエンド専任エンジニアの採用が進まず、着手が遅れていないでしょうか。

株式会社Lei Hau'oliは、フロントエンド特化で国内大手BtoC直請け水準のエンジニアを1名から供給できるSES会社です。React/Vue.js/Next.js/TypeScriptを専門とするエンジニア約40名が在籍し、国内最大級の美容予約サービスの開発にも参画しています。

中途採用に数か月かけずとも、大規模BtoCで培った開発フローと品質基準をそのまま持ち込めるため、リリースを止めずにUI品質を底上げできます。採用が長引く間も他社は機能改善を進めており、今動くかで次四半期の速度が変わります。

現状の開発体制について、「相談したい」の5文字だけご返信ください。折り返しご連絡します。

株式会社Lei Hau'oli 開発支援事業部","380","92","汎用（非パーソナライズ・マギ1回生成）",""
"2026-09-11T18:19:46+09:00","リクロマ株式会社","開発部","ご担当者","【1名から常駐】フロントエンド専任エンジニア40名、採用に頼らず体制強化","開発部 ご担当者様

UI改修や新機能開発を進めたくても、フロントエンド専任エンジニアの採用が進まず、着手が遅れていないでしょうか。

株式会社Lei Hau'oliは、フロントエンド特化で国内大手BtoC直請け水準のエンジニアを1名から供給できるSES会社です。React/Vue.js/Next.js/TypeScriptを専門とするエンジニア約40名が在籍し、国内最大級の美容予約サービスの開発にも参画しています。

中途採用に数か月かけずとも、大規模BtoCで培った開発フローと品質基準をそのまま持ち込めるため、リリースを止めずにUI品質を底上げできます。採用が長引く間も他社は機能改善を進めており、今動くかで次四半期の速度が変わります。

現状の開発体制について、「相談したい」の5文字だけご返信ください。折り返しご連絡します。

株式会社Lei Hau'oli 開発支援事業部","380","92","汎用（非パーソナライズ・マギ1回生成）",""
"2026-09-11T18:19:46+09:00","株式会社スリービー・ラボラトリーズ","情報システム部","ご担当者","【1名から常駐】フロントエンド専任エンジニア40名、採用に頼らず体制強化","情報システム部 ご担当者様

UI改修や新機能開発を進めたくても、フロントエンド専任エンジニアの採用が進まず、着手が遅れていないでしょうか。

株式会社Lei Hau'oliは、フロントエンド特化で国内大手BtoC直請け水準のエンジニアを1名から供給できるSES会社です。React/Vue.js/Next.js/TypeScriptを専門とするエンジニア約40名が在籍し、国内最大級の美容予約サービスの開発にも参画しています。

中途採用に数か月かけずとも、大規模BtoCで培った開発フローと品質基準をそのまま持ち込めるため、リリースを止めずにUI品質を底上げできます。採用が長引く間も他社は機能改善を進めており、今動くかで次四半期の速度が変わります。

現状の開発体制について、「相談したい」の5文字だけご返信ください。折り返しご連絡します。

株式会社Lei Hau'oli 開発支援事業部","384","92","汎用（非パーソナライズ・マギ1回生成）",""
"2026-09-11T18:19:46+09:00","JEインターナショナル株式会社","開発部","ご担当者","【1名から常駐】フロントエンド専任エンジニア40名、採用に頼らず体制強化","開発部 ご担当者様

UI改修や新機能開発を進めたくても、フロントエンド専任エンジニアの採用が進まず、着手が遅れていないでしょうか。

株式会社Lei Hau'oliは、フロントエンド特化で国内大手BtoC直請け水準のエンジニアを1名から供給できるSES会社です。React/Vue.js/Next.js/TypeScriptを専門とするエンジニア約40名が在籍し、国内最大級の美容予約サービスの開発にも参画しています。

中途採用に数か月かけずとも、大規模BtoCで培った開発フローと品質基準をそのまま持ち込めるため、リリースを止めずにUI品質を底上げできます。採用が長引く間も他社は機能改善を進めており、今動くかで次四半期の速度が変わります。

現状の開発体制について、「相談したい」の5文字だけご返信ください。折り返しご連絡します。

株式会社Lei Hau'oli 開発支援事業部","380","92","汎用（非パーソナライズ・マギ1回生成）",""
"2026-09-11T18:19:46+09:00","ヒューフレディ・ジャパン合同会社","情報システム部","ご担当者","【1名から常駐】フロントエンド専任エンジニア40名、採用に頼らず体制強化","情報システム部 ご担当者様

UI改修や新機能開発を進めたくても、フロントエンド専任エンジニアの採用が進まず、着手が遅れていないでしょうか。

株式会社Lei Hau'oliは、フロントエンド特化で国内大手BtoC直請け水準のエンジニアを1名から供給できるSES会社です。React/Vue.js/Next.js/TypeScriptを専門とするエンジニア約40名が在籍し、国内最大級の美容予約サービスの開発にも参画しています。

中途採用に数か月かけずとも、大規模BtoCで培った開発フローと品質基準をそのまま持ち込めるため、リリースを止めずにUI品質を底上げできます。採用が長引く間も他社は機能改善を進めており、今動くかで次四半期の速度が変わります。

現状の開発体制について、「相談したい」の5文字だけご返信ください。折り返しご連絡します。

株式会社Lei Hau'oli 開発支援事業部","384","92","汎用（非パーソナライズ・マギ1回生成）",""
"2026-09-11T18:19:46+09:00","株式会社DIRIGIO","開発部","ご担当者","【1名から常駐】フロントエンド専任エンジニア40名、採用に頼らず体制強化","開発部 ご担当者様

UI改修や新機能開発を進めたくても、フロントエンド専任エンジニアの採用が進まず、着手が遅れていないでしょうか。

株式会社Lei Hau'oliは、フロントエンド特化で国内大手BtoC直請け水準のエンジニアを1名から供給できるSES会社です。React/Vue.js/Next.js/TypeScriptを専門とするエンジニア約40名が在籍し、国内最大級の美容予約サービスの開発にも参画しています。

中途採用に数か月かけずとも、大規模BtoCで培った開発フローと品質基準をそのまま持ち込めるため、リリースを止めずにUI品質を底上げできます。採用が長引く間も他社は機能改善を進めており、今動くかで次四半期の速度が変わります。

現状の開発体制について、「相談したい」の5文字だけご返信ください。折り返しご連絡します。

株式会社Lei Hau'oli 開発支援事業部","380","92","汎用（非パーソナライズ・マギ1回生成）",""
"2026-09-11T18:19:46+09:00","オンワ株式会社","情報システム部","ご担当者","【1名から常駐】フロントエンド専任エンジニア40名、採用に頼らず体制強化","情報システム部 ご担当者様

UI改修や新機能開発を進めたくても、フロントエンド専任エンジニアの採用が進まず、着手が遅れていないでしょうか。

株式会社Lei Hau'oliは、フロントエンド特化で国内大手BtoC直請け水準のエンジニアを1名から供給できるSES会社です。React/Vue.js/Next.js/TypeScriptを専門とするエンジニア約40名が在籍し、国内最大級の美容予約サービスの開発にも参画しています。

中途採用に数か月かけずとも、大規模BtoCで培った開発フローと品質基準をそのまま持ち込めるため、リリースを止めずにUI品質を底上げできます。採用が長引く間も他社は機能改善を進めており、今動くかで次四半期の速度が変わります。

現状の開発体制について、「相談したい」の5文字だけご返信ください。折り返しご連絡します。

株式会社Lei Hau'oli 開発支援事業部","384","92","汎用（非パーソナライズ・マギ1回生成）",""
"2026-09-11T18:19:46+09:00","株式会社ブレイブテクノロジー","開発部","ご担当者","【1名から常駐】フロントエンド専任エンジニア40名、採用に頼らず体制強化","開発部 ご担当者様

UI改修や新機能開発を進めたくても、フロントエンド専任エンジニアの採用が進まず、着手が遅れていないでしょうか。

株式会社Lei Hau'oliは、フロントエンド特化で国内大手BtoC直請け水準のエンジニアを1名から供給できるSES会社です。React/Vue.js/Next.js/TypeScriptを専門とするエンジニア約40名が在籍し、国内最大級の美容予約サービスの開発にも参画しています。

中途採用に数か月かけずとも、大規模BtoCで培った開発フローと品質基準をそのまま持ち込めるため、リリースを止めずにUI品質を底上げできます。採用が長引く間も他社は機能改善を進めており、今動くかで次四半期の速度が変わります。

現状の開発体制について、「相談したい」の5文字だけご返信ください。折り返しご連絡します。

株式会社Lei Hau'oli 開発支援事業部","380","92","汎用（非パーソナライズ・マギ1回生成）",""
"2026-09-11T18:19:46+09:00","株式会社レジェンド","開発部","ご担当者","【1名から常駐】フロントエンド専任エンジニア40名、採用に頼らず体制強化","開発部 ご担当者様

UI改修や新機能開発を進めたくても、フロントエンド専任エンジニアの採用が進まず、着手が遅れていないでしょうか。

株式会社Lei Hau'oliは、フロントエンド特化で国内大手BtoC直請け水準のエンジニアを1名から供給できるSES会社です。React/Vue.js/Next.js/TypeScriptを専門とするエンジニア約40名が在籍し、国内最大級の美容予約サービスの開発にも参画しています。

中途採用に数か月かけずとも、大規模BtoCで培った開発フローと品質基準をそのまま持ち込めるため、リリースを止めずにUI品質を底上げできます。採用が長引く間も他社は機能改善を進めており、今動くかで次四半期の速度が変わります。

現状の開発体制について、「相談したい」の5文字だけご返信ください。折り返しご連絡します。

株式会社Lei Hau'oli 開発支援事業部","380","92","汎用（非パーソナライズ・マギ1回生成）",""
"2026-09-11T18:19:46+09:00","株式会社スカイシステム","開発部","ご担当者","【1名から常駐】フロントエンド専任エンジニア40名、採用に頼らず体制強化","開発部 ご担当者様

UI改修や新機能開発を進めたくても、フロントエンド専任エンジニアの採用が進まず、着手が遅れていないでしょうか。

株式会社Lei Hau'oliは、フロントエンド特化で国内大手BtoC直請け水準のエンジニアを1名から供給できるSES会社です。React/Vue.js/Next.js/TypeScriptを専門とするエンジニア約40名が在籍し、国内最大級の美容予約サービスの開発にも参画しています。

中途採用に数か月かけずとも、大規模BtoCで培った開発フローと品質基準をそのまま持ち込めるため、リリースを止めずにUI品質を底上げできます。採用が長引く間も他社は機能改善を進めており、今動くかで次四半期の速度が変わります。

現状の開発体制について、「相談したい」の5文字だけご返信ください。折り返しご連絡します。

株式会社Lei Hau'oli 開発支援事業部","380","92","汎用（非パーソナライズ・マギ1回生成）",""
"2026-09-11T18:19:46+09:00","株式会社DEECH","開発部","ご担当者","【1名から常駐】フロントエンド専任エンジニア40名、採用に頼らず体制強化","開発部 ご担当者様

UI改修や新機能開発を進めたくても、フロントエンド専任エンジニアの採用が進まず、着手が遅れていないでしょうか。

株式会社Lei Hau'oliは、フロントエンド特化で国内大手BtoC直請け水準のエンジニアを1名から供給できるSES会社です。React/Vue.js/Next.js/TypeScriptを専門とするエンジニア約40名が在籍し、国内最大級の美容予約サービスの開発にも参画しています。

中途採用に数か月かけずとも、大規模BtoCで培った開発フローと品質基準をそのまま持ち込めるため、リリースを止めずにUI品質を底上げできます。採用が長引く間も他社は機能改善を進めており、今動くかで次四半期の速度が変わります。

現状の開発体制について、「相談したい」の5文字だけご返信ください。折り返しご連絡します。

株式会社Lei Hau'oli 開発支援事業部","380","92","汎用（非パーソナライズ・マギ1回生成）",""
"2026-09-11T18:19:46+09:00","株式会社ブランコ・ジャパン","開発部","ご担当者","【1名から常駐】フロントエンド専任エンジニア40名、採用に頼らず体制強化","開発部 ご担当者様

UI改修や新機能開発を進めたくても、フロントエンド専任エンジニアの採用が進まず、着手が遅れていないでしょうか。

株式会社Lei Hau'oliは、フロントエンド特化で国内大手BtoC直請け水準のエンジニアを1名から供給できるSES会社です。React/Vue.js/Next.js/TypeScriptを専門とするエンジニア約40名が在籍し、国内最大級の美容予約サービスの開発にも参画しています。

中途採用に数か月かけずとも、大規模BtoCで培った開発フローと品質基準をそのまま持ち込めるため、リリースを止めずにUI品質を底上げできます。採用が長引く間も他社は機能改善を進めており、今動くかで次四半期の速度が変わります。

現状の開発体制について、「相談したい」の5文字だけご返信ください。折り返しご連絡します。

株式会社Lei Hau'oli 開発支援事業部","380","92","汎用（非パーソナライズ・マギ1回生成）",""
"2026-09-11T18:19:46+09:00","合同会社リトルプロパティ","開発部","ご担当者","【1名から常駐】フロントエンド専任エンジニア40名、採用に頼らず体制強化","開発部 ご担当者様

UI改修や新機能開発を進めたくても、フロントエンド専任エンジニアの採用が進まず、着手が遅れていないでしょうか。

株式会社Lei Hau'oliは、フロントエンド特化で国内大手BtoC直請け水準のエンジニアを1名から供給できるSES会社です。React/Vue.js/Next.js/TypeScriptを専門とするエンジニア約40名が在籍し、国内最大級の美容予約サービスの開発にも参画しています。

中途採用に数か月かけずとも、大規模BtoCで培った開発フローと品質基準をそのまま持ち込めるため、リリースを止めずにUI品質を底上げできます。採用が長引く間も他社は機能改善を進めており、今動くかで次四半期の速度が変わります。

現状の開発体制について、「相談したい」の5文字だけご返信ください。折り返しご連絡します。

株式会社Lei Hau'oli 開発支援事業部","380","92","汎用（非パーソナライズ・マギ1回生成）",""
"2026-09-11T18:19:46+09:00","DiCE JAPAN株式会社","開発部","ご担当者","【1名から常駐】フロントエンド専任エンジニア40名、採用に頼らず体制強化","開発部 ご担当者様

UI改修や新機能開発を進めたくても、フロントエンド専任エンジニアの採用が進まず、着手が遅れていないでしょうか。

株式会社Lei Hau'oliは、フロントエンド特化で国内大手BtoC直請け水準のエンジニアを1名から供給できるSES会社です。React/Vue.js/Next.js/TypeScriptを専門とするエンジニア約40名が在籍し、国内最大級の美容予約サービスの開発にも参画しています。

中途採用に数か月かけずとも、大規模BtoCで培った開発フローと品質基準をそのまま持ち込めるため、リリースを止めずにUI品質を底上げできます。採用が長引く間も他社は機能改善を進めており、今動くかで次四半期の速度が変わります。

現状の開発体制について、「相談したい」の5文字だけご返信ください。折り返しご連絡します。

株式会社Lei Hau'oli 開発支援事業部","380","92","汎用（非パーソナライズ・マギ1回生成）",""
"2026-09-11T18:19:46+09:00","株式会社ウイング","開発部","ご担当者","【1名から常駐】フロントエンド専任エンジニア40名、採用に頼らず体制強化","開発部 ご担当者様

UI改修や新機能開発を進めたくても、フロントエンド専任エンジニアの採用が進まず、着手が遅れていないでしょうか。

株式会社Lei Hau'oliは、フロントエンド特化で国内大手BtoC直請け水準のエンジニアを1名から供給できるSES会社です。React/Vue.js/Next.js/TypeScriptを専門とするエンジニア約40名が在籍し、国内最大級の美容予約サービスの開発にも参画しています。

中途採用に数か月かけずとも、大規模BtoCで培った開発フローと品質基準をそのまま持ち込めるため、リリースを止めずにUI品質を底上げできます。採用が長引く間も他社は機能改善を進めており、今動くかで次四半期の速度が変わります。

現状の開発体制について、「相談したい」の5文字だけご返信ください。折り返しご連絡します。

株式会社Lei Hau'oli 開発支援事業部","380","92","汎用（非パーソナライズ・マギ1回生成）",""
"2026-09-11T18:19:46+09:00","株式会社ネストピ","開発部","ご担当者","【1名から常駐】フロントエンド専任エンジニア40名、採用に頼らず体制強化","開発部 ご担当者様

UI改修や新機能開発を進めたくても、フロントエンド専任エンジニアの採用が進まず、着手が遅れていないでしょうか。

株式会社Lei Hau'oliは、フロントエンド特化で国内大手BtoC直請け水準のエンジニアを1名から供給できるSES会社です。React/Vue.js/Next.js/TypeScriptを専門とするエンジニア約40名が在籍し、国内最大級の美容予約サービスの開発にも参画しています。

中途採用に数か月かけずとも、大規模BtoCで培った開発フローと品質基準をそのまま持ち込めるため、リリースを止めずにUI品質を底上げできます。採用が長引く間も他社は機能改善を進めており、今動くかで次四半期の速度が変わります。

現状の開発体制について、「相談したい」の5文字だけご返信ください。折り返しご連絡します。

株式会社Lei Hau'oli 開発支援事業部","380","92","汎用（非パーソナライズ・マギ1回生成）",""
"2026-09-11T18:19:46+09:00","株式会社ロボネット・コミュニケーションズ","開発部","ご担当者","【1名から常駐】フロントエンド専任エンジニア40名、採用に頼らず体制強化","開発部 ご担当者様

UI改修や新機能開発を進めたくても、フロントエンド専任エンジニアの採用が進まず、着手が遅れていないでしょうか。

株式会社Lei Hau'oliは、フロントエンド特化で国内大手BtoC直請け水準のエンジニアを1名から供給できるSES会社です。React/Vue.js/Next.js/TypeScriptを専門とするエンジニア約40名が在籍し、国内最大級の美容予約サービスの開発にも参画しています。

中途採用に数か月かけずとも、大規模BtoCで培った開発フローと品質基準をそのまま持ち込めるため、リリースを止めずにUI品質を底上げできます。採用が長引く間も他社は機能改善を進めており、今動くかで次四半期の速度が変わります。

現状の開発体制について、「相談したい」の5文字だけご返信ください。折り返しご連絡します。

株式会社Lei Hau'oli 開発支援事業部","380","92","汎用（非パーソナライズ・マギ1回生成）",""
"2026-09-11T18:19:46+09:00","株式会社トビライズ","開発部","ご担当者","【1名から常駐】フロントエンド専任エンジニア40名、採用に頼らず体制強化","開発部 ご担当者様

UI改修や新機能開発を進めたくても、フロントエンド専任エンジニアの採用が進まず、着手が遅れていないでしょうか。

株式会社Lei Hau'oliは、フロントエンド特化で国内大手BtoC直請け水準のエンジニアを1名から供給できるSES会社です。React/Vue.js/Next.js/TypeScriptを専門とするエンジニア約40名が在籍し、国内最大級の美容予約サービスの開発にも参画しています。

中途採用に数か月かけずとも、大規模BtoCで培った開発フローと品質基準をそのまま持ち込めるため、リリースを止めずにUI品質を底上げできます。採用が長引く間も他社は機能改善を進めており、今動くかで次四半期の速度が変わります。

現状の開発体制について、「相談したい」の5文字だけご返信ください。折り返しご連絡します。

株式会社Lei Hau'oli 開発支援事業部","380","92","汎用（非パーソナライズ・マギ1回生成）",""
"2026-09-11T18:19:46+09:00","株式会社ZeQ","開発部","ご担当者","【1名から常駐】フロントエンド専任エンジニア40名、採用に頼らず体制強化","開発部 ご担当者様

UI改修や新機能開発を進めたくても、フロントエンド専任エンジニアの採用が進まず、着手が遅れていないでしょうか。

株式会社Lei Hau'oliは、フロントエンド特化で国内大手BtoC直請け水準のエンジニアを1名から供給できるSES会社です。React/Vue.js/Next.js/TypeScriptを専門とするエンジニア約40名が在籍し、国内最大級の美容予約サービスの開発にも参画しています。

中途採用に数か月かけずとも、大規模BtoCで培った開発フローと品質基準をそのまま持ち込めるため、リリースを止めずにUI品質を底上げできます。採用が長引く間も他社は機能改善を進めており、今動くかで次四半期の速度が変わります。

現状の開発体制について、「相談したい」の5文字だけご返信ください。折り返しご連絡します。

株式会社Lei Hau'oli 開発支援事業部","380","92","汎用（非パーソナライズ・マギ1回生成）",""
"2026-09-11T18:19:46+09:00","株式会社PrmaCeed","開発部","ご担当者","【1名から常駐】フロントエンド専任エンジニア40名、採用に頼らず体制強化","開発部 ご担当者様

UI改修や新機能開発を進めたくても、フロントエンド専任エンジニアの採用が進まず、着手が遅れていないでしょうか。

株式会社Lei Hau'oliは、フロントエンド特化で国内大手BtoC直請け水準のエンジニアを1名から供給できるSES会社です。React/Vue.js/Next.js/TypeScriptを専門とするエンジニア約40名が在籍し、国内最大級の美容予約サービスの開発にも参画しています。

中途採用に数か月かけずとも、大規模BtoCで培った開発フローと品質基準をそのまま持ち込めるため、リリースを止めずにUI品質を底上げできます。採用が長引く間も他社は機能改善を進めており、今動くかで次四半期の速度が変わります。

現状の開発体制について、「相談したい」の5文字だけご返信ください。折り返しご連絡します。

株式会社Lei Hau'oli 開発支援事業部","380","92","汎用（非パーソナライズ・マギ1回生成）",""
"2026-09-11T18:19:46+09:00","株式会社SEKAISHA","開発部","ご担当者","【1名から常駐】フロントエンド専任エンジニア40名、採用に頼らず体制強化","開発部 ご担当者様

UI改修や新機能開発を進めたくても、フロントエンド専任エンジニアの採用が進まず、着手が遅れていないでしょうか。

株式会社Lei Hau'oliは、フロントエンド特化で国内大手BtoC直請け水準のエンジニアを1名から供給できるSES会社です。React/Vue.js/Next.js/TypeScriptを専門とするエンジニア約40名が在籍し、国内最大級の美容予約サービスの開発にも参画しています。

中途採用に数か月かけずとも、大規模BtoCで培った開発フローと品質基準をそのまま持ち込めるため、リリースを止めずにUI品質を底上げできます。採用が長引く間も他社は機能改善を進めており、今動くかで次四半期の速度が変わります。

現状の開発体制について、「相談したい」の5文字だけご返信ください。折り返しご連絡します。

株式会社Lei Hau'oli 開発支援事業部","380","92","汎用（非パーソナライズ・マギ1回生成）",""
"2026-09-11T18:19:46+09:00","株式会社リスミィ","開発部","ご担当者","【1名から常駐】フロントエンド専任エンジニア40名、採用に頼らず体制強化","開発部 ご担当者様

UI改修や新機能開発を進めたくても、フロントエンド専任エンジニアの採用が進まず、着手が遅れていないでしょうか。

株式会社Lei Hau'oliは、フロントエンド特化で国内大手BtoC直請け水準のエンジニアを1名から供給できるSES会社です。React/Vue.js/Next.js/TypeScriptを専門とするエンジニア約40名が在籍し、国内最大級の美容予約サービスの開発にも参画しています。

中途採用に数か月かけずとも、大規模BtoCで培った開発フローと品質基準をそのまま持ち込めるため、リリースを止めずにUI品質を底上げできます。採用が長引く間も他社は機能改善を進めており、今動くかで次四半期の速度が変わります。

現状の開発体制について、「相談したい」の5文字だけご返信ください。折り返しご連絡します。

株式会社Lei Hau'oli 開発支援事業部","380","92","汎用（非パーソナライズ・マギ1回生成）",""
"2026-09-11T18:19:46+09:00","株式会社LTV-X","開発部","ご担当者","【1名から常駐】フロントエンド専任エンジニア40名、採用に頼らず体制強化","開発部 ご担当者様

UI改修や新機能開発を進めたくても、フロントエンド専任エンジニアの採用が進まず、着手が遅れていないでしょうか。

株式会社Lei Hau'oliは、フロントエンド特化で国内大手BtoC直請け水準のエンジニアを1名から供給できるSES会社です。React/Vue.js/Next.js/TypeScriptを専門とするエンジニア約40名が在籍し、国内最大級の美容予約サービスの開発にも参画しています。

中途採用に数か月かけずとも、大規模BtoCで培った開発フローと品質基準をそのまま持ち込めるため、リリースを止めずにUI品質を底上げできます。採用が長引く間も他社は機能改善を進めており、今動くかで次四半期の速度が変わります。

現状の開発体制について、「相談したい」の5文字だけご返信ください。折り返しご連絡します。

株式会社Lei Hau'oli 開発支援事業部","380","92","汎用（非パーソナライズ・マギ1回生成）",""
"2026-09-11T18:19:46+09:00","株式会社AMANE","開発部","ご担当者","【1名から常駐】フロントエンド専任エンジニア40名、採用に頼らず体制強化","開発部 ご担当者様

UI改修や新機能開発を進めたくても、フロントエンド専任エンジニアの採用が進まず、着手が遅れていないでしょうか。

株式会社Lei Hau'oliは、フロントエンド特化で国内大手BtoC直請け水準のエンジニアを1名から供給できるSES会社です。React/Vue.js/Next.js/TypeScriptを専門とするエンジニア約40名が在籍し、国内最大級の美容予約サービスの開発にも参画しています。

中途採用に数か月かけずとも、大規模BtoCで培った開発フローと品質基準をそのまま持ち込めるため、リリースを止めずにUI品質を底上げできます。採用が長引く間も他社は機能改善を進めており、今動くかで次四半期の速度が変わります。

現状の開発体制について、「相談したい」の5文字だけご返信ください。折り返しご連絡します。

株式会社Lei Hau'oli 開発支援事業部","380","92","汎用（非パーソナライズ・マギ1回生成）",""
"2026-09-11T18:19:46+09:00","株式会社一矢","開発部","ご担当者","【1名から常駐】フロントエンド専任エンジニア40名、採用に頼らず体制強化","開発部 ご担当者様

UI改修や新機能開発を進めたくても、フロントエンド専任エンジニアの採用が進まず、着手が遅れていないでしょうか。

株式会社Lei Hau'oliは、フロントエンド特化で国内大手BtoC直請け水準のエンジニアを1名から供給できるSES会社です。React/Vue.js/Next.js/TypeScriptを専門とするエンジニア約40名が在籍し、国内最大級の美容予約サービスの開発にも参画しています。

中途採用に数か月かけずとも、大規模BtoCで培った開発フローと品質基準をそのまま持ち込めるため、リリースを止めずにUI品質を底上げできます。採用が長引く間も他社は機能改善を進めており、今動くかで次四半期の速度が変わります。

現状の開発体制について、「相談したい」の5文字だけご返信ください。折り返しご連絡します。

株式会社Lei Hau'oli 開発支援事業部","380","92","汎用（非パーソナライズ・マギ1回生成）",""
"2026-09-11T18:19:46+09:00","株式会社ベクティス","開発部","ご担当者","【1名から常駐】フロントエンド専任エンジニア40名、採用に頼らず体制強化","開発部 ご担当者様

UI改修や新機能開発を進めたくても、フロントエンド専任エンジニアの採用が進まず、着手が遅れていないでしょうか。

株式会社Lei Hau'oliは、フロントエンド特化で国内大手BtoC直請け水準のエンジニアを1名から供給できるSES会社です。React/Vue.js/Next.js/TypeScriptを専門とするエンジニア約40名が在籍し、国内最大級の美容予約サービスの開発にも参画しています。

中途採用に数か月かけずとも、大規模BtoCで培った開発フローと品質基準をそのまま持ち込めるため、リリースを止めずにUI品質を底上げできます。採用が長引く間も他社は機能改善を進めており、今動くかで次四半期の速度が変わります。

現状の開発体制について、「相談したい」の5文字だけご返信ください。折り返しご連絡します。

株式会社Lei Hau'oli 開発支援事業部","380","92","汎用（非パーソナライズ・マギ1回生成）",""
"2026-09-11T18:19:46+09:00","カクトク株式会社","開発部","ご担当者","【1名から常駐】フロントエンド専任エンジニア40名、採用に頼らず体制強化","開発部 ご担当者様

UI改修や新機能開発を進めたくても、フロントエンド専任エンジニアの採用が進まず、着手が遅れていないでしょうか。

株式会社Lei Hau'oliは、フロントエンド特化で国内大手BtoC直請け水準のエンジニアを1名から供給できるSES会社です。React/Vue.js/Next.js/TypeScriptを専門とするエンジニア約40名が在籍し、国内最大級の美容予約サービスの開発にも参画しています。

中途採用に数か月かけずとも、大規模BtoCで培った開発フローと品質基準をそのまま持ち込めるため、リリースを止めずにUI品質を底上げできます。採用が長引く間も他社は機能改善を進めており、今動くかで次四半期の速度が変わります。

現状の開発体制について、「相談したい」の5文字だけご返信ください。折り返しご連絡します。

株式会社Lei Hau'oli 開発支援事業部","380","92","汎用（非パーソナライズ・マギ1回生成）",""
"2026-09-11T18:19:46+09:00","株式会社一撃","開発部","ご担当者","【1名から常駐】フロントエンド専任エンジニア40名、採用に頼らず体制強化","開発部 ご担当者様

UI改修や新機能開発を進めたくても、フロントエンド専任エンジニアの採用が進まず、着手が遅れていないでしょうか。

株式会社Lei Hau'oliは、フロントエンド特化で国内大手BtoC直請け水準のエンジニアを1名から供給できるSES会社です。React/Vue.js/Next.js/TypeScriptを専門とするエンジニア約40名が在籍し、国内最大級の美容予約サービスの開発にも参画しています。

中途採用に数か月かけずとも、大規模BtoCで培った開発フローと品質基準をそのまま持ち込めるため、リリースを止めずにUI品質を底上げできます。採用が長引く間も他社は機能改善を進めており、今動くかで次四半期の速度が変わります。

現状の開発体制について、「相談したい」の5文字だけご返信ください。折り返しご連絡します。

株式会社Lei Hau'oli 開発支援事業部","380","92","汎用（非パーソナライズ・マギ1回生成）",""
"2026-09-11T18:19:46+09:00","株式会社CREAVE","開発部","ご担当者","【1名から常駐】フロントエンド専任エンジニア40名、採用に頼らず体制強化","開発部 ご担当者様

UI改修や新機能開発を進めたくても、フロントエンド専任エンジニアの採用が進まず、着手が遅れていないでしょうか。

株式会社Lei Hau'oliは、フロントエンド特化で国内大手BtoC直請け水準のエンジニアを1名から供給できるSES会社です。React/Vue.js/Next.js/TypeScriptを専門とするエンジニア約40名が在籍し、国内最大級の美容予約サービスの開発にも参画しています。

中途採用に数か月かけずとも、大規模BtoCで培った開発フローと品質基準をそのまま持ち込めるため、リリースを止めずにUI品質を底上げできます。採用が長引く間も他社は機能改善を進めており、今動くかで次四半期の速度が変わります。

現状の開発体制について、「相談したい」の5文字だけご返信ください。折り返しご連絡します。

株式会社Lei Hau'oli 開発支援事業部","380","92","汎用（非パーソナライズ・マギ1回生成）",""
"2026-09-11T18:19:46+09:00","株式会社JobRainbow","開発部","ご担当者","【1名から常駐】フロントエンド専任エンジニア40名、採用に頼らず体制強化","開発部 ご担当者様

UI改修や新機能開発を進めたくても、フロントエンド専任エンジニアの採用が進まず、着手が遅れていないでしょうか。

株式会社Lei Hau'oliは、フロントエンド特化で国内大手BtoC直請け水準のエンジニアを1名から供給できるSES会社です。React/Vue.js/Next.js/TypeScriptを専門とするエンジニア約40名が在籍し、国内最大級の美容予約サービスの開発にも参画しています。

中途採用に数か月かけずとも、大規模BtoCで培った開発フローと品質基準をそのまま持ち込めるため、リリースを止めずにUI品質を底上げできます。採用が長引く間も他社は機能改善を進めており、今動くかで次四半期の速度が変わります。

現状の開発体制について、「相談したい」の5文字だけご返信ください。折り返しご連絡します。

株式会社Lei Hau'oli 開発支援事業部","380","92","汎用（非パーソナライズ・マギ1回生成）",""
"2026-09-11T18:19:46+09:00","株式会社アクティビティジャパン","開発部","ご担当者","【1名から常駐】フロントエンド専任エンジニア40名、採用に頼らず体制強化","開発部 ご担当者様

UI改修や新機能開発を進めたくても、フロントエンド専任エンジニアの採用が進まず、着手が遅れていないでしょうか。

株式会社Lei Hau'oliは、フロントエンド特化で国内大手BtoC直請け水準のエンジニアを1名から供給できるSES会社です。React/Vue.js/Next.js/TypeScriptを専門とするエンジニア約40名が在籍し、国内最大級の美容予約サービスの開発にも参画しています。

中途採用に数か月かけずとも、大規模BtoCで培った開発フローと品質基準をそのまま持ち込めるため、リリースを止めずにUI品質を底上げできます。採用が長引く間も他社は機能改善を進めており、今動くかで次四半期の速度が変わります。

現状の開発体制について、「相談したい」の5文字だけご返信ください。折り返しご連絡します。

株式会社Lei Hau'oli 開発支援事業部","380","92","汎用（非パーソナライズ・マギ1回生成）",""
"2026-09-11T18:19:46+09:00","ユナイテッド・ヘルスコミュニケーション株式会社","開発部","ご担当者","【1名から常駐】フロントエンド専任エンジニア40名、採用に頼らず体制強化","開発部 ご担当者様

UI改修や新機能開発を進めたくても、フロントエンド専任エンジニアの採用が進まず、着手が遅れていないでしょうか。

株式会社Lei Hau'oliは、フロントエンド特化で国内大手BtoC直請け水準のエンジニアを1名から供給できるSES会社です。React/Vue.js/Next.js/TypeScriptを専門とするエンジニア約40名が在籍し、国内最大級の美容予約サービスの開発にも参画しています。

中途採用に数か月かけずとも、大規模BtoCで培った開発フローと品質基準をそのまま持ち込めるため、リリースを止めずにUI品質を底上げできます。採用が長引く間も他社は機能改善を進めており、今動くかで次四半期の速度が変わります。

現状の開発体制について、「相談したい」の5文字だけご返信ください。折り返しご連絡します。

株式会社Lei Hau'oli 開発支援事業部","380","92","汎用（非パーソナライズ・マギ1回生成）",""
"2026-09-11T18:19:46+09:00","Zenmov株式会社","開発部","ご担当者","【1名から常駐】フロントエンド専任エンジニア40名、採用に頼らず体制強化","開発部 ご担当者様

UI改修や新機能開発を進めたくても、フロントエンド専任エンジニアの採用が進まず、着手が遅れていないでしょうか。

株式会社Lei Hau'oliは、フロントエンド特化で国内大手BtoC直請け水準のエンジニアを1名から供給できるSES会社です。React/Vue.js/Next.js/TypeScriptを専門とするエンジニア約40名が在籍し、国内最大級の美容予約サービスの開発にも参画しています。

中途採用に数か月かけずとも、大規模BtoCで培った開発フローと品質基準をそのまま持ち込めるため、リリースを止めずにUI品質を底上げできます。採用が長引く間も他社は機能改善を進めており、今動くかで次四半期の速度が変わります。

現状の開発体制について、「相談したい」の5文字だけご返信ください。折り返しご連絡します。

株式会社Lei Hau'oli 開発支援事業部","380","92","汎用（非パーソナライズ・マギ1回生成）",""
"2026-09-11T18:19:46+09:00","ハイネスソリューションズ株式会社","開発部","ご担当者","【1名から常駐】フロントエンド専任エンジニア40名、採用に頼らず体制強化","開発部 ご担当者様

UI改修や新機能開発を進めたくても、フロントエンド専任エンジニアの採用が進まず、着手が遅れていないでしょうか。

株式会社Lei Hau'oliは、フロントエンド特化で国内大手BtoC直請け水準のエンジニアを1名から供給できるSES会社です。React/Vue.js/Next.js/TypeScriptを専門とするエンジニア約40名が在籍し、国内最大級の美容予約サービスの開発にも参画しています。

中途採用に数か月かけずとも、大規模BtoCで培った開発フローと品質基準をそのまま持ち込めるため、リリースを止めずにUI品質を底上げできます。採用が長引く間も他社は機能改善を進めており、今動くかで次四半期の速度が変わります。

現状の開発体制について、「相談したい」の5文字だけご返信ください。折り返しご連絡します。

株式会社Lei Hau'oli 開発支援事業部","380","92","汎用（非パーソナライズ・マギ1回生成）",""
"2026-09-11T18:19:46+09:00","ホリデー株式会社","開発部","ご担当者","【1名から常駐】フロントエンド専任エンジニア40名、採用に頼らず体制強化","開発部 ご担当者様

UI改修や新機能開発を進めたくても、フロントエンド専任エンジニアの採用が進まず、着手が遅れていないでしょうか。

株式会社Lei Hau'oliは、フロントエンド特化で国内大手BtoC直請け水準のエンジニアを1名から供給できるSES会社です。React/Vue.js/Next.js/TypeScriptを専門とするエンジニア約40名が在籍し、国内最大級の美容予約サービスの開発にも参画しています。

中途採用に数か月かけずとも、大規模BtoCで培った開発フローと品質基準をそのまま持ち込めるため、リリースを止めずにUI品質を底上げできます。採用が長引く間も他社は機能改善を進めており、今動くかで次四半期の速度が変わります。

現状の開発体制について、「相談したい」の5文字だけご返信ください。折り返しご連絡します。

株式会社Lei Hau'oli 開発支援事業部","380","92","汎用（非パーソナライズ・マギ1回生成）",""
"2026-09-11T18:19:46+09:00","株式会社CTD","開発部","ご担当者","【1名から常駐】フロントエンド専任エンジニア40名、採用に頼らず体制強化","開発部 ご担当者様

UI改修や新機能開発を進めたくても、フロントエンド専任エンジニアの採用が進まず、着手が遅れていないでしょうか。

株式会社Lei Hau'oliは、フロントエンド特化で国内大手BtoC直請け水準のエンジニアを1名から供給できるSES会社です。React/Vue.js/Next.js/TypeScriptを専門とするエンジニア約40名が在籍し、国内最大級の美容予約サービスの開発にも参画しています。

中途採用に数か月かけずとも、大規模BtoCで培った開発フローと品質基準をそのまま持ち込めるため、リリースを止めずにUI品質を底上げできます。採用が長引く間も他社は機能改善を進めており、今動くかで次四半期の速度が変わります。

現状の開発体制について、「相談したい」の5文字だけご返信ください。折り返しご連絡します。

株式会社Lei Hau'oli 開発支援事業部","380","92","汎用（非パーソナライズ・マギ1回生成）",""
"2026-09-11T18:19:46+09:00","アエスト株式会社","開発部","ご担当者","【1名から常駐】フロントエンド専任エンジニア40名、採用に頼らず体制強化","開発部 ご担当者様

UI改修や新機能開発を進めたくても、フロントエンド専任エンジニアの採用が進まず、着手が遅れていないでしょうか。

株式会社Lei Hau'oliは、フロントエンド特化で国内大手BtoC直請け水準のエンジニアを1名から供給できるSES会社です。React/Vue.js/Next.js/TypeScriptを専門とするエンジニア約40名が在籍し、国内最大級の美容予約サービスの開発にも参画しています。

中途採用に数か月かけずとも、大規模BtoCで培った開発フローと品質基準をそのまま持ち込めるため、リリースを止めずにUI品質を底上げできます。採用が長引く間も他社は機能改善を進めており、今動くかで次四半期の速度が変わります。

現状の開発体制について、「相談したい」の5文字だけご返信ください。折り返しご連絡します。

株式会社Lei Hau'oli 開発支援事業部","380","92","汎用（非パーソナライズ・マギ1回生成）",""
"2026-09-11T18:19:46+09:00","株式会社アドバン","開発部","ご担当者","【1名から常駐】フロントエンド専任エンジニア40名、採用に頼らず体制強化","開発部 ご担当者様

UI改修や新機能開発を進めたくても、フロントエンド専任エンジニアの採用が進まず、着手が遅れていないでしょうか。

株式会社Lei Hau'oliは、フロントエンド特化で国内大手BtoC直請け水準のエンジニアを1名から供給できるSES会社です。React/Vue.js/Next.js/TypeScriptを専門とするエンジニア約40名が在籍し、国内最大級の美容予約サービスの開発にも参画しています。

中途採用に数か月かけずとも、大規模BtoCで培った開発フローと品質基準をそのまま持ち込めるため、リリースを止めずにUI品質を底上げできます。採用が長引く間も他社は機能改善を進めており、今動くかで次四半期の速度が変わります。

現状の開発体制について、「相談したい」の5文字だけご返信ください。折り返しご連絡します。

株式会社Lei Hau'oli 開発支援事業部","380","92","汎用（非パーソナライズ・マギ1回生成）",""
"2026-09-11T18:19:46+09:00","株式会社ワールドフォースインターナショナル","開発部","ご担当者","【1名から常駐】フロントエンド専任エンジニア40名、採用に頼らず体制強化","開発部 ご担当者様

UI改修や新機能開発を進めたくても、フロントエンド専任エンジニアの採用が進まず、着手が遅れていないでしょうか。

株式会社Lei Hau'oliは、フロントエンド特化で国内大手BtoC直請け水準のエンジニアを1名から供給できるSES会社です。React/Vue.js/Next.js/TypeScriptを専門とするエンジニア約40名が在籍し、国内最大級の美容予約サービスの開発にも参画しています。

中途採用に数か月かけずとも、大規模BtoCで培った開発フローと品質基準をそのまま持ち込めるため、リリースを止めずにUI品質を底上げできます。採用が長引く間も他社は機能改善を進めており、今動くかで次四半期の速度が変わります。

現状の開発体制について、「相談したい」の5文字だけご返信ください。折り返しご連絡します。

株式会社Lei Hau'oli 開発支援事業部","380","92","汎用（非パーソナライズ・マギ1回生成）",""
"2026-09-11T18:19:46+09:00","株式会社エイミー","開発部","ご担当者","【1名から常駐】フロントエンド専任エンジニア40名、採用に頼らず体制強化","開発部 ご担当者様

UI改修や新機能開発を進めたくても、フロントエンド専任エンジニアの採用が進まず、着手が遅れていないでしょうか。

株式会社Lei Hau'oliは、フロントエンド特化で国内大手BtoC直請け水準のエンジニアを1名から供給できるSES会社です。React/Vue.js/Next.js/TypeScriptを専門とするエンジニア約40名が在籍し、国内最大級の美容予約サービスの開発にも参画しています。

中途採用に数か月かけずとも、大規模BtoCで培った開発フローと品質基準をそのまま持ち込めるため、リリースを止めずにUI品質を底上げできます。採用が長引く間も他社は機能改善を進めており、今動くかで次四半期の速度が変わります。

現状の開発体制について、「相談したい」の5文字だけご返信ください。折り返しご連絡します。

株式会社Lei Hau'oli 開発支援事業部","380","92","汎用（非パーソナライズ・マギ1回生成）",""
"2026-09-11T18:19:46+09:00","アイパブリッシング株式会社","開発部","ご担当者","【1名から常駐】フロントエンド専任エンジニア40名、採用に頼らず体制強化","開発部 ご担当者様

UI改修や新機能開発を進めたくても、フロントエンド専任エンジニアの採用が進まず、着手が遅れていないでしょうか。

株式会社Lei Hau'oliは、フロントエンド特化で国内大手BtoC直請け水準のエンジニアを1名から供給できるSES会社です。React/Vue.js/Next.js/TypeScriptを専門とするエンジニア約40名が在籍し、国内最大級の美容予約サービスの開発にも参画しています。

中途採用に数か月かけずとも、大規模BtoCで培った開発フローと品質基準をそのまま持ち込めるため、リリースを止めずにUI品質を底上げできます。採用が長引く間も他社は機能改善を進めており、今動くかで次四半期の速度が変わります。

現状の開発体制について、「相談したい」の5文字だけご返信ください。折り返しご連絡します。

株式会社Lei Hau'oli 開発支援事業部","380","92","汎用（非パーソナライズ・マギ1回生成）",""
"2026-09-11T18:19:46+09:00","株式会社リリー","開発部","ご担当者","【1名から常駐】フロントエンド専任エンジニア40名、採用に頼らず体制強化","開発部 ご担当者様

UI改修や新機能開発を進めたくても、フロントエンド専任エンジニアの採用が進まず、着手が遅れていないでしょうか。

株式会社Lei Hau'oliは、フロントエンド特化で国内大手BtoC直請け水準のエンジニアを1名から供給できるSES会社です。React/Vue.js/Next.js/TypeScriptを専門とするエンジニア約40名が在籍し、国内最大級の美容予約サービスの開発にも参画しています。

中途採用に数か月かけずとも、大規模BtoCで培った開発フローと品質基準をそのまま持ち込めるため、リリースを止めずにUI品質を底上げできます。採用が長引く間も他社は機能改善を進めており、今動くかで次四半期の速度が変わります。

現状の開発体制について、「相談したい」の5文字だけご返信ください。折り返しご連絡します。

株式会社Lei Hau'oli 開発支援事業部","380","92","汎用（非パーソナライズ・マギ1回生成）",""
"2026-09-11T18:19:46+09:00","WizBiz株式会社","開発部","ご担当者","【1名から常駐】フロントエンド専任エンジニア40名、採用に頼らず体制強化","開発部 ご担当者様

UI改修や新機能開発を進めたくても、フロントエンド専任エンジニアの採用が進まず、着手が遅れていないでしょうか。

株式会社Lei Hau'oliは、フロントエンド特化で国内大手BtoC直請け水準のエンジニアを1名から供給できるSES会社です。React/Vue.js/Next.js/TypeScriptを専門とするエンジニア約40名が在籍し、国内最大級の美容予約サービスの開発にも参画しています。

中途採用に数か月かけずとも、大規模BtoCで培った開発フローと品質基準をそのまま持ち込めるため、リリースを止めずにUI品質を底上げできます。採用が長引く間も他社は機能改善を進めており、今動くかで次四半期の速度が変わります。

現状の開発体制について、「相談したい」の5文字だけご返信ください。折り返しご連絡します。

株式会社Lei Hau'oli 開発支援事業部","380","92","汎用（非パーソナライズ・マギ1回生成）",""
"2026-09-11T18:19:46+09:00","株式会社Review","開発部","ご担当者","【1名から常駐】フロントエンド専任エンジニア40名、採用に頼らず体制強化","開発部 ご担当者様

UI改修や新機能開発を進めたくても、フロントエンド専任エンジニアの採用が進まず、着手が遅れていないでしょうか。

株式会社Lei Hau'oliは、フロントエンド特化で国内大手BtoC直請け水準のエンジニアを1名から供給できるSES会社です。React/Vue.js/Next.js/TypeScriptを専門とするエンジニア約40名が在籍し、国内最大級の美容予約サービスの開発にも参画しています。

中途採用に数か月かけずとも、大規模BtoCで培った開発フローと品質基準をそのまま持ち込めるため、リリースを止めずにUI品質を底上げできます。採用が長引く間も他社は機能改善を進めており、今動くかで次四半期の速度が変わります。

現状の開発体制について、「相談したい」の5文字だけご返信ください。折り返しご連絡します。

株式会社Lei Hau'oli 開発支援事業部","380","92","汎用（非パーソナライズ・マギ1回生成）",""
"2026-09-11T18:19:46+09:00","エルアンドエル・ビクターエンタテインメント株式会社","開発部","ご担当者","【1名から常駐】フロントエンド専任エンジニア40名、採用に頼らず体制強化","開発部 ご担当者様

UI改修や新機能開発を進めたくても、フロントエンド専任エンジニアの採用が進まず、着手が遅れていないでしょうか。

株式会社Lei Hau'oliは、フロントエンド特化で国内大手BtoC直請け水準のエンジニアを1名から供給できるSES会社です。React/Vue.js/Next.js/TypeScriptを専門とするエンジニア約40名が在籍し、国内最大級の美容予約サービスの開発にも参画しています。

中途採用に数か月かけずとも、大規模BtoCで培った開発フローと品質基準をそのまま持ち込めるため、リリースを止めずにUI品質を底上げできます。採用が長引く間も他社は機能改善を進めており、今動くかで次四半期の速度が変わります。

現状の開発体制について、「相談したい」の5文字だけご返信ください。折り返しご連絡します。

株式会社Lei Hau'oli 開発支援事業部","380","92","汎用（非パーソナライズ・マギ1回生成）",""
"2026-09-11T18:19:46+09:00","MEGAZONE株式会社","開発部","ご担当者","【1名から常駐】フロントエンド専任エンジニア40名、採用に頼らず体制強化","開発部 ご担当者様

UI改修や新機能開発を進めたくても、フロントエンド専任エンジニアの採用が進まず、着手が遅れていないでしょうか。

株式会社Lei Hau'oliは、フロントエンド特化で国内大手BtoC直請け水準のエンジニアを1名から供給できるSES会社です。React/Vue.js/Next.js/TypeScriptを専門とするエンジニア約40名が在籍し、国内最大級の美容予約サービスの開発にも参画しています。

中途採用に数か月かけずとも、大規模BtoCで培った開発フローと品質基準をそのまま持ち込めるため、リリースを止めずにUI品質を底上げできます。採用が長引く間も他社は機能改善を進めており、今動くかで次四半期の速度が変わります。

現状の開発体制について、「相談したい」の5文字だけご返信ください。折り返しご連絡します。

株式会社Lei Hau'oli 開発支援事業部","380","92","汎用（非パーソナライズ・マギ1回生成）",""
"2026-09-11T18:19:46+09:00","バーセタル株式会社","開発部","ご担当者","【1名から常駐】フロントエンド専任エンジニア40名、採用に頼らず体制強化","開発部 ご担当者様

UI改修や新機能開発を進めたくても、フロントエンド専任エンジニアの採用が進まず、着手が遅れていないでしょうか。

株式会社Lei Hau'oliは、フロントエンド特化で国内大手BtoC直請け水準のエンジニアを1名から供給できるSES会社です。React/Vue.js/Next.js/TypeScriptを専門とするエンジニア約40名が在籍し、国内最大級の美容予約サービスの開発にも参画しています。

中途採用に数か月かけずとも、大規模BtoCで培った開発フローと品質基準をそのまま持ち込めるため、リリースを止めずにUI品質を底上げできます。採用が長引く間も他社は機能改善を進めており、今動くかで次四半期の速度が変わります。

現状の開発体制について、「相談したい」の5文字だけご返信ください。折り返しご連絡します。

株式会社Lei Hau'oli 開発支援事業部","380","92","汎用（非パーソナライズ・マギ1回生成）",""
"2026-09-11T18:19:46+09:00","株式会社オーシャンアイズ","開発部","ご担当者","【1名から常駐】フロントエンド専任エンジニア40名、採用に頼らず体制強化","開発部 ご担当者様

UI改修や新機能開発を進めたくても、フロントエンド専任エンジニアの採用が進まず、着手が遅れていないでしょうか。

株式会社Lei Hau'oliは、フロントエンド特化で国内大手BtoC直請け水準のエンジニアを1名から供給できるSES会社です。React/Vue.js/Next.js/TypeScriptを専門とするエンジニア約40名が在籍し、国内最大級の美容予約サービスの開発にも参画しています。

中途採用に数か月かけずとも、大規模BtoCで培った開発フローと品質基準をそのまま持ち込めるため、リリースを止めずにUI品質を底上げできます。採用が長引く間も他社は機能改善を進めており、今動くかで次四半期の速度が変わります。

現状の開発体制について、「相談したい」の5文字だけご返信ください。折り返しご連絡します。

株式会社Lei Hau'oli 開発支援事業部","380","92","汎用（非パーソナライズ・マギ1回生成）",""
"2026-09-11T18:19:46+09:00","Miroku Webcash International株式会社","開発部","ご担当者","【1名から常駐】フロントエンド専任エンジニア40名、採用に頼らず体制強化","開発部 ご担当者様

UI改修や新機能開発を進めたくても、フロントエンド専任エンジニアの採用が進まず、着手が遅れていないでしょうか。

株式会社Lei Hau'oliは、フロントエンド特化で国内大手BtoC直請け水準のエンジニアを1名から供給できるSES会社です。React/Vue.js/Next.js/TypeScriptを専門とするエンジニア約40名が在籍し、国内最大級の美容予約サービスの開発にも参画しています。

中途採用に数か月かけずとも、大規模BtoCで培った開発フローと品質基準をそのまま持ち込めるため、リリースを止めずにUI品質を底上げできます。採用が長引く間も他社は機能改善を進めており、今動くかで次四半期の速度が変わります。

現状の開発体制について、「相談したい」の5文字だけご返信ください。折り返しご連絡します。

株式会社Lei Hau'oli 開発支援事業部","380","92","汎用（非パーソナライズ・マギ1回生成）",""
"2026-09-11T18:19:46+09:00","株式会社Payke","開発部","ご担当者","【1名から常駐】フロントエンド専任エンジニア40名、採用に頼らず体制強化","開発部 ご担当者様

UI改修や新機能開発を進めたくても、フロントエンド専任エンジニアの採用が進まず、着手が遅れていないでしょうか。

株式会社Lei Hau'oliは、フロントエンド特化で国内大手BtoC直請け水準のエンジニアを1名から供給できるSES会社です。React/Vue.js/Next.js/TypeScriptを専門とするエンジニア約40名が在籍し、国内最大級の美容予約サービスの開発にも参画しています。

中途採用に数か月かけずとも、大規模BtoCで培った開発フローと品質基準をそのまま持ち込めるため、リリースを止めずにUI品質を底上げできます。採用が長引く間も他社は機能改善を進めており、今動くかで次四半期の速度が変わります。

現状の開発体制について、「相談したい」の5文字だけご返信ください。折り返しご連絡します。

株式会社Lei Hau'oli 開発支援事業部","380","92","汎用（非パーソナライズ・マギ1回生成）",""
"2026-09-11T18:19:46+09:00","Dialpad Japan株式会社","開発部","ご担当者","【1名から常駐】フロントエンド専任エンジニア40名、採用に頼らず体制強化","開発部 ご担当者様

UI改修や新機能開発を進めたくても、フロントエンド専任エンジニアの採用が進まず、着手が遅れていないでしょうか。

株式会社Lei Hau'oliは、フロントエンド特化で国内大手BtoC直請け水準のエンジニアを1名から供給できるSES会社です。React/Vue.js/Next.js/TypeScriptを専門とするエンジニア約40名が在籍し、国内最大級の美容予約サービスの開発にも参画しています。

中途採用に数か月かけずとも、大規模BtoCで培った開発フローと品質基準をそのまま持ち込めるため、リリースを止めずにUI品質を底上げできます。採用が長引く間も他社は機能改善を進めており、今動くかで次四半期の速度が変わります。

現状の開発体制について、「相談したい」の5文字だけご返信ください。折り返しご連絡します。

株式会社Lei Hau'oli 開発支援事業部","380","92","汎用（非パーソナライズ・マギ1回生成）",""
"2026-09-11T18:19:46+09:00","ecbo株式会社","開発部","ご担当者","【1名から常駐】フロントエンド専任エンジニア40名、採用に頼らず体制強化","開発部 ご担当者様

UI改修や新機能開発を進めたくても、フロントエンド専任エンジニアの採用が進まず、着手が遅れていないでしょうか。

株式会社Lei Hau'oliは、フロントエンド特化で国内大手BtoC直請け水準のエンジニアを1名から供給できるSES会社です。React/Vue.js/Next.js/TypeScriptを専門とするエンジニア約40名が在籍し、国内最大級の美容予約サービスの開発にも参画しています。

中途採用に数か月かけずとも、大規模BtoCで培った開発フローと品質基準をそのまま持ち込めるため、リリースを止めずにUI品質を底上げできます。採用が長引く間も他社は機能改善を進めており、今動くかで次四半期の速度が変わります。

現状の開発体制について、「相談したい」の5文字だけご返信ください。折り返しご連絡します。

株式会社Lei Hau'oli 開発支援事業部","380","92","汎用（非パーソナライズ・マギ1回生成）",""
"2026-09-11T18:19:46+09:00","株式会社ガロア","開発部","ご担当者","【1名から常駐】フロントエンド専任エンジニア40名、採用に頼らず体制強化","開発部 ご担当者様

UI改修や新機能開発を進めたくても、フロントエンド専任エンジニアの採用が進まず、着手が遅れていないでしょうか。

株式会社Lei Hau'oliは、フロントエンド特化で国内大手BtoC直請け水準のエンジニアを1名から供給できるSES会社です。React/Vue.js/Next.js/TypeScriptを専門とするエンジニア約40名が在籍し、国内最大級の美容予約サービスの開発にも参画しています。

中途採用に数か月かけずとも、大規模BtoCで培った開発フローと品質基準をそのまま持ち込めるため、リリースを止めずにUI品質を底上げできます。採用が長引く間も他社は機能改善を進めており、今動くかで次四半期の速度が変わります。

現状の開発体制について、「相談したい」の5文字だけご返信ください。折り返しご連絡します。

株式会社Lei Hau'oli 開発支援事業部","380","92","汎用（非パーソナライズ・マギ1回生成）",""
"2026-09-11T18:19:46+09:00","テクノ・エリート株式会社","開発部","ご担当者","【1名から常駐】フロントエンド専任エンジニア40名、採用に頼らず体制強化","開発部 ご担当者様

UI改修や新機能開発を進めたくても、フロントエンド専任エンジニアの採用が進まず、着手が遅れていないでしょうか。

株式会社Lei Hau'oliは、フロントエンド特化で国内大手BtoC直請け水準のエンジニアを1名から供給できるSES会社です。React/Vue.js/Next.js/TypeScriptを専門とするエンジニア約40名が在籍し、国内最大級の美容予約サービスの開発にも参画しています。

中途採用に数か月かけずとも、大規模BtoCで培った開発フローと品質基準をそのまま持ち込めるため、リリースを止めずにUI品質を底上げできます。採用が長引く間も他社は機能改善を進めており、今動くかで次四半期の速度が変わります。

現状の開発体制について、「相談したい」の5文字だけご返信ください。折り返しご連絡します。

株式会社Lei Hau'oli 開発支援事業部","380","92","汎用（非パーソナライズ・マギ1回生成）",""
"2026-09-11T18:19:46+09:00","株式会社クラウドクリエイティブスタジオ","開発部","ご担当者","【1名から常駐】フロントエンド専任エンジニア40名、採用に頼らず体制強化","開発部 ご担当者様

UI改修や新機能開発を進めたくても、フロントエンド専任エンジニアの採用が進まず、着手が遅れていないでしょうか。

株式会社Lei Hau'oliは、フロントエンド特化で国内大手BtoC直請け水準のエンジニアを1名から供給できるSES会社です。React/Vue.js/Next.js/TypeScriptを専門とするエンジニア約40名が在籍し、国内最大級の美容予約サービスの開発にも参画しています。

中途採用に数か月かけずとも、大規模BtoCで培った開発フローと品質基準をそのまま持ち込めるため、リリースを止めずにUI品質を底上げできます。採用が長引く間も他社は機能改善を進めており、今動くかで次四半期の速度が変わります。

現状の開発体制について、「相談したい」の5文字だけご返信ください。折り返しご連絡します。

株式会社Lei Hau'oli 開発支援事業部","380","92","汎用（非パーソナライズ・マギ1回生成）",""
"2026-09-11T18:19:46+09:00","メガトレンド情報技術株式会社","開発部","ご担当者","【1名から常駐】フロントエンド専任エンジニア40名、採用に頼らず体制強化","開発部 ご担当者様

UI改修や新機能開発を進めたくても、フロントエンド専任エンジニアの採用が進まず、着手が遅れていないでしょうか。

株式会社Lei Hau'oliは、フロントエンド特化で国内大手BtoC直請け水準のエンジニアを1名から供給できるSES会社です。React/Vue.js/Next.js/TypeScriptを専門とするエンジニア約40名が在籍し、国内最大級の美容予約サービスの開発にも参画しています。

中途採用に数か月かけずとも、大規模BtoCで培った開発フローと品質基準をそのまま持ち込めるため、リリースを止めずにUI品質を底上げできます。採用が長引く間も他社は機能改善を進めており、今動くかで次四半期の速度が変わります。

現状の開発体制について、「相談したい」の5文字だけご返信ください。折り返しご連絡します。

株式会社Lei Hau'oli 開発支援事業部","380","92","汎用（非パーソナライズ・マギ1回生成）",""
"2026-09-11T18:19:46+09:00","Genomedia株式会社","開発部","ご担当者","【1名から常駐】フロントエンド専任エンジニア40名、採用に頼らず体制強化","開発部 ご担当者様

UI改修や新機能開発を進めたくても、フロントエンド専任エンジニアの採用が進まず、着手が遅れていないでしょうか。

株式会社Lei Hau'oliは、フロントエンド特化で国内大手BtoC直請け水準のエンジニアを1名から供給できるSES会社です。React/Vue.js/Next.js/TypeScriptを専門とするエンジニア約40名が在籍し、国内最大級の美容予約サービスの開発にも参画しています。

中途採用に数か月かけずとも、大規模BtoCで培った開発フローと品質基準をそのまま持ち込めるため、リリースを止めずにUI品質を底上げできます。採用が長引く間も他社は機能改善を進めており、今動くかで次四半期の速度が変わります。

現状の開発体制について、「相談したい」の5文字だけご返信ください。折り返しご連絡します。

株式会社Lei Hau'oli 開発支援事業部","380","92","汎用（非パーソナライズ・マギ1回生成）",""
"2026-09-11T18:19:46+09:00","株式会社サパナ","開発部","ご担当者","【1名から常駐】フロントエンド専任エンジニア40名、採用に頼らず体制強化","開発部 ご担当者様

UI改修や新機能開発を進めたくても、フロントエンド専任エンジニアの採用が進まず、着手が遅れていないでしょうか。

株式会社Lei Hau'oliは、フロントエンド特化で国内大手BtoC直請け水準のエンジニアを1名から供給できるSES会社です。React/Vue.js/Next.js/TypeScriptを専門とするエンジニア約40名が在籍し、国内最大級の美容予約サービスの開発にも参画しています。

中途採用に数か月かけずとも、大規模BtoCで培った開発フローと品質基準をそのまま持ち込めるため、リリースを止めずにUI品質を底上げできます。採用が長引く間も他社は機能改善を進めており、今動くかで次四半期の速度が変わります。

現状の開発体制について、「相談したい」の5文字だけご返信ください。折り返しご連絡します。

株式会社Lei Hau'oli 開発支援事業部","380","92","汎用（非パーソナライズ・マギ1回生成）",""
"2026-09-11T18:19:46+09:00","株式会社enstem","開発部","ご担当者","【1名から常駐】フロントエンド専任エンジニア40名、採用に頼らず体制強化","開発部 ご担当者様

UI改修や新機能開発を進めたくても、フロントエンド専任エンジニアの採用が進まず、着手が遅れていないでしょうか。

株式会社Lei Hau'oliは、フロントエンド特化で国内大手BtoC直請け水準のエンジニアを1名から供給できるSES会社です。React/Vue.js/Next.js/TypeScriptを専門とするエンジニア約40名が在籍し、国内最大級の美容予約サービスの開発にも参画しています。

中途採用に数か月かけずとも、大規模BtoCで培った開発フローと品質基準をそのまま持ち込めるため、リリースを止めずにUI品質を底上げできます。採用が長引く間も他社は機能改善を進めており、今動くかで次四半期の速度が変わります。

現状の開発体制について、「相談したい」の5文字だけご返信ください。折り返しご連絡します。

株式会社Lei Hau'oli 開発支援事業部","380","92","汎用（非パーソナライズ・マギ1回生成）",""
"2026-09-11T18:19:46+09:00","株式会社CastingONE","開発部","ご担当者","【1名から常駐】フロントエンド専任エンジニア40名、採用に頼らず体制強化","開発部 ご担当者様

UI改修や新機能開発を進めたくても、フロントエンド専任エンジニアの採用が進まず、着手が遅れていないでしょうか。

株式会社Lei Hau'oliは、フロントエンド特化で国内大手BtoC直請け水準のエンジニアを1名から供給できるSES会社です。React/Vue.js/Next.js/TypeScriptを専門とするエンジニア約40名が在籍し、国内最大級の美容予約サービスの開発にも参画しています。

中途採用に数か月かけずとも、大規模BtoCで培った開発フローと品質基準をそのまま持ち込めるため、リリースを止めずにUI品質を底上げできます。採用が長引く間も他社は機能改善を進めており、今動くかで次四半期の速度が変わります。

現状の開発体制について、「相談したい」の5文字だけご返信ください。折り返しご連絡します。

株式会社Lei Hau'oli 開発支援事業部","380","92","汎用（非パーソナライズ・マギ1回生成）",""
"2026-09-11T18:19:46+09:00","モリカトロン株式会社","開発部","ご担当者","【1名から常駐】フロントエンド専任エンジニア40名、採用に頼らず体制強化","開発部 ご担当者様

UI改修や新機能開発を進めたくても、フロントエンド専任エンジニアの採用が進まず、着手が遅れていないでしょうか。

株式会社Lei Hau'oliは、フロントエンド特化で国内大手BtoC直請け水準のエンジニアを1名から供給できるSES会社です。React/Vue.js/Next.js/TypeScriptを専門とするエンジニア約40名が在籍し、国内最大級の美容予約サービスの開発にも参画しています。

中途採用に数か月かけずとも、大規模BtoCで培った開発フローと品質基準をそのまま持ち込めるため、リリースを止めずにUI品質を底上げできます。採用が長引く間も他社は機能改善を進めており、今動くかで次四半期の速度が変わります。

現状の開発体制について、「相談したい」の5文字だけご返信ください。折り返しご連絡します。

株式会社Lei Hau'oli 開発支援事業部","380","92","汎用（非パーソナライズ・マギ1回生成）",""
"2026-09-11T18:19:46+09:00","株式会社イイネクサス","開発部","ご担当者","【1名から常駐】フロントエンド専任エンジニア40名、採用に頼らず体制強化","開発部 ご担当者様

UI改修や新機能開発を進めたくても、フロントエンド専任エンジニアの採用が進まず、着手が遅れていないでしょうか。

株式会社Lei Hau'oliは、フロントエンド特化で国内大手BtoC直請け水準のエンジニアを1名から供給できるSES会社です。React/Vue.js/Next.js/TypeScriptを専門とするエンジニア約40名が在籍し、国内最大級の美容予約サービスの開発にも参画しています。

中途採用に数か月かけずとも、大規模BtoCで培った開発フローと品質基準をそのまま持ち込めるため、リリースを止めずにUI品質を底上げできます。採用が長引く間も他社は機能改善を進めており、今動くかで次四半期の速度が変わります。

現状の開発体制について、「相談したい」の5文字だけご返信ください。折り返しご連絡します。

株式会社Lei Hau'oli 開発支援事業部","380","92","汎用（非パーソナライズ・マギ1回生成）",""
"2026-09-11T18:19:46+09:00","トレーダム株式会社","開発部","ご担当者","【1名から常駐】フロントエンド専任エンジニア40名、採用に頼らず体制強化","開発部 ご担当者様

UI改修や新機能開発を進めたくても、フロントエンド専任エンジニアの採用が進まず、着手が遅れていないでしょうか。

株式会社Lei Hau'oliは、フロントエンド特化で国内大手BtoC直請け水準のエンジニアを1名から供給できるSES会社です。React/Vue.js/Next.js/TypeScriptを専門とするエンジニア約40名が在籍し、国内最大級の美容予約サービスの開発にも参画しています。

中途採用に数か月かけずとも、大規模BtoCで培った開発フローと品質基準をそのまま持ち込めるため、リリースを止めずにUI品質を底上げできます。採用が長引く間も他社は機能改善を進めており、今動くかで次四半期の速度が変わります。

現状の開発体制について、「相談したい」の5文字だけご返信ください。折り返しご連絡します。

株式会社Lei Hau'oli 開発支援事業部","380","92","汎用（非パーソナライズ・マギ1回生成）",""
"2026-09-11T18:19:46+09:00","株式会社DEPARTURE","開発部","ご担当者","【1名から常駐】フロントエンド専任エンジニア40名、採用に頼らず体制強化","開発部 ご担当者様

UI改修や新機能開発を進めたくても、フロントエンド専任エンジニアの採用が進まず、着手が遅れていないでしょうか。

株式会社Lei Hau'oliは、フロントエンド特化で国内大手BtoC直請け水準のエンジニアを1名から供給できるSES会社です。React/Vue.js/Next.js/TypeScriptを専門とするエンジニア約40名が在籍し、国内最大級の美容予約サービスの開発にも参画しています。

中途採用に数か月かけずとも、大規模BtoCで培った開発フローと品質基準をそのまま持ち込めるため、リリースを止めずにUI品質を底上げできます。採用が長引く間も他社は機能改善を進めており、今動くかで次四半期の速度が変わります。

現状の開発体制について、「相談したい」の5文字だけご返信ください。折り返しご連絡します。

株式会社Lei Hau'oli 開発支援事業部","380","92","汎用（非パーソナライズ・マギ1回生成）",""
"2026-09-11T18:19:46+09:00","AppsFlyer Japan株式会社","開発部","ご担当者","【1名から常駐】フロントエンド専任エンジニア40名、採用に頼らず体制強化","開発部 ご担当者様

UI改修や新機能開発を進めたくても、フロントエンド専任エンジニアの採用が進まず、着手が遅れていないでしょうか。

株式会社Lei Hau'oliは、フロントエンド特化で国内大手BtoC直請け水準のエンジニアを1名から供給できるSES会社です。React/Vue.js/Next.js/TypeScriptを専門とするエンジニア約40名が在籍し、国内最大級の美容予約サービスの開発にも参画しています。

中途採用に数か月かけずとも、大規模BtoCで培った開発フローと品質基準をそのまま持ち込めるため、リリースを止めずにUI品質を底上げできます。採用が長引く間も他社は機能改善を進めており、今動くかで次四半期の速度が変わります。

現状の開発体制について、「相談したい」の5文字だけご返信ください。折り返しご連絡します。

株式会社Lei Hau'oli 開発支援事業部","380","92","汎用（非パーソナライズ・マギ1回生成）",""
"2026-09-11T18:19:46+09:00","株式会社スマイルアンドトゥース","情報システム部","ご担当者","【1名から常駐】フロントエンド専任エンジニア40名、採用に頼らず体制強化","情報システム部 ご担当者様

UI改修や新機能開発を進めたくても、フロントエンド専任エンジニアの採用が進まず、着手が遅れていないでしょうか。

株式会社Lei Hau'oliは、フロントエンド特化で国内大手BtoC直請け水準のエンジニアを1名から供給できるSES会社です。React/Vue.js/Next.js/TypeScriptを専門とするエンジニア約40名が在籍し、国内最大級の美容予約サービスの開発にも参画しています。

中途採用に数か月かけずとも、大規模BtoCで培った開発フローと品質基準をそのまま持ち込めるため、リリースを止めずにUI品質を底上げできます。採用が長引く間も他社は機能改善を進めており、今動くかで次四半期の速度が変わります。

現状の開発体制について、「相談したい」の5文字だけご返信ください。折り返しご連絡します。

株式会社Lei Hau'oli 開発支援事業部","384","92","汎用（非パーソナライズ・マギ1回生成）",""
"2026-09-11T18:19:46+09:00","SELF株式会社","開発部","ご担当者","【1名から常駐】フロントエンド専任エンジニア40名、採用に頼らず体制強化","開発部 ご担当者様

UI改修や新機能開発を進めたくても、フロントエンド専任エンジニアの採用が進まず、着手が遅れていないでしょうか。

株式会社Lei Hau'oliは、フロントエンド特化で国内大手BtoC直請け水準のエンジニアを1名から供給できるSES会社です。React/Vue.js/Next.js/TypeScriptを専門とするエンジニア約40名が在籍し、国内最大級の美容予約サービスの開発にも参画しています。

中途採用に数か月かけずとも、大規模BtoCで培った開発フローと品質基準をそのまま持ち込めるため、リリースを止めずにUI品質を底上げできます。採用が長引く間も他社は機能改善を進めており、今動くかで次四半期の速度が変わります。

現状の開発体制について、「相談したい」の5文字だけご返信ください。折り返しご連絡します。

株式会社Lei Hau'oli 開発支援事業部","380","92","汎用（非パーソナライズ・マギ1回生成）",""
"2026-09-11T18:19:46+09:00","株式会社EMoshU","開発部","ご担当者","【1名から常駐】フロントエンド専任エンジニア40名、採用に頼らず体制強化","開発部 ご担当者様

UI改修や新機能開発を進めたくても、フロントエンド専任エンジニアの採用が進まず、着手が遅れていないでしょうか。

株式会社Lei Hau'oliは、フロントエンド特化で国内大手BtoC直請け水準のエンジニアを1名から供給できるSES会社です。React/Vue.js/Next.js/TypeScriptを専門とするエンジニア約40名が在籍し、国内最大級の美容予約サービスの開発にも参画しています。

中途採用に数か月かけずとも、大規模BtoCで培った開発フローと品質基準をそのまま持ち込めるため、リリースを止めずにUI品質を底上げできます。採用が長引く間も他社は機能改善を進めており、今動くかで次四半期の速度が変わります。

現状の開発体制について、「相談したい」の5文字だけご返信ください。折り返しご連絡します。

株式会社Lei Hau'oli 開発支援事業部","380","92","汎用（非パーソナライズ・マギ1回生成）",""
"2026-09-11T18:19:46+09:00","メドメイン株式会社","開発部","ご担当者","【1名から常駐】フロントエンド専任エンジニア40名、採用に頼らず体制強化","開発部 ご担当者様

UI改修や新機能開発を進めたくても、フロントエンド専任エンジニアの採用が進まず、着手が遅れていないでしょうか。

株式会社Lei Hau'oliは、フロントエンド特化で国内大手BtoC直請け水準のエンジニアを1名から供給できるSES会社です。React/Vue.js/Next.js/TypeScriptを専門とするエンジニア約40名が在籍し、国内最大級の美容予約サービスの開発にも参画しています。

中途採用に数か月かけずとも、大規模BtoCで培った開発フローと品質基準をそのまま持ち込めるため、リリースを止めずにUI品質を底上げできます。採用が長引く間も他社は機能改善を進めており、今動くかで次四半期の速度が変わります。

現状の開発体制について、「相談したい」の5文字だけご返信ください。折り返しご連絡します。

株式会社Lei Hau'oli 開発支援事業部","380","92","汎用（非パーソナライズ・マギ1回生成）",""
"2026-09-11T18:19:46+09:00","BionicM株式会社","情報システム部","ご担当者","【1名から常駐】フロントエンド専任エンジニア40名、採用に頼らず体制強化","情報システム部 ご担当者様

UI改修や新機能開発を進めたくても、フロントエンド専任エンジニアの採用が進まず、着手が遅れていないでしょうか。

株式会社Lei Hau'oliは、フロントエンド特化で国内大手BtoC直請け水準のエンジニアを1名から供給できるSES会社です。React/Vue.js/Next.js/TypeScriptを専門とするエンジニア約40名が在籍し、国内最大級の美容予約サービスの開発にも参画しています。

中途採用に数か月かけずとも、大規模BtoCで培った開発フローと品質基準をそのまま持ち込めるため、リリースを止めずにUI品質を底上げできます。採用が長引く間も他社は機能改善を進めており、今動くかで次四半期の速度が変わります。

現状の開発体制について、「相談したい」の5文字だけご返信ください。折り返しご連絡します。

株式会社Lei Hau'oli 開発支援事業部","384","92","汎用（非パーソナライズ・マギ1回生成）",""
"2026-09-11T18:19:46+09:00","Collab Japan株式会社","開発部","ご担当者","【1名から常駐】フロントエンド専任エンジニア40名、採用に頼らず体制強化","開発部 ご担当者様

UI改修や新機能開発を進めたくても、フロントエンド専任エンジニアの採用が進まず、着手が遅れていないでしょうか。

株式会社Lei Hau'oliは、フロントエンド特化で国内大手BtoC直請け水準のエンジニアを1名から供給できるSES会社です。React/Vue.js/Next.js/TypeScriptを専門とするエンジニア約40名が在籍し、国内最大級の美容予約サービスの開発にも参画しています。

中途採用に数か月かけずとも、大規模BtoCで培った開発フローと品質基準をそのまま持ち込めるため、リリースを止めずにUI品質を底上げできます。採用が長引く間も他社は機能改善を進めており、今動くかで次四半期の速度が変わります。

現状の開発体制について、「相談したい」の5文字だけご返信ください。折り返しご連絡します。

株式会社Lei Hau'oli 開発支援事業部","380","92","汎用（非パーソナライズ・マギ1回生成）",""
"2026-09-11T18:19:46+09:00","プラス・フリー株式会社","開発部","ご担当者","【1名から常駐】フロントエンド専任エンジニア40名、採用に頼らず体制強化","開発部 ご担当者様

UI改修や新機能開発を進めたくても、フロントエンド専任エンジニアの採用が進まず、着手が遅れていないでしょうか。

株式会社Lei Hau'oliは、フロントエンド特化で国内大手BtoC直請け水準のエンジニアを1名から供給できるSES会社です。React/Vue.js/Next.js/TypeScriptを専門とするエンジニア約40名が在籍し、国内最大級の美容予約サービスの開発にも参画しています。

中途採用に数か月かけずとも、大規模BtoCで培った開発フローと品質基準をそのまま持ち込めるため、リリースを止めずにUI品質を底上げできます。採用が長引く間も他社は機能改善を進めており、今動くかで次四半期の速度が変わります。

現状の開発体制について、「相談したい」の5文字だけご返信ください。折り返しご連絡します。

株式会社Lei Hau'oli 開発支援事業部","380","92","汎用（非パーソナライズ・マギ1回生成）",""
"2026-09-11T18:19:46+09:00","株式会社JOB PAY","開発部","ご担当者","【1名から常駐】フロントエンド専任エンジニア40名、採用に頼らず体制強化","開発部 ご担当者様

UI改修や新機能開発を進めたくても、フロントエンド専任エンジニアの採用が進まず、着手が遅れていないでしょうか。

株式会社Lei Hau'oliは、フロントエンド特化で国内大手BtoC直請け水準のエンジニアを1名から供給できるSES会社です。React/Vue.js/Next.js/TypeScriptを専門とするエンジニア約40名が在籍し、国内最大級の美容予約サービスの開発にも参画しています。

中途採用に数か月かけずとも、大規模BtoCで培った開発フローと品質基準をそのまま持ち込めるため、リリースを止めずにUI品質を底上げできます。採用が長引く間も他社は機能改善を進めており、今動くかで次四半期の速度が変わります。

現状の開発体制について、「相談したい」の5文字だけご返信ください。折り返しご連絡します。

株式会社Lei Hau'oli 開発支援事業部","380","92","汎用（非パーソナライズ・マギ1回生成）",""
"2026-09-11T18:19:46+09:00","キーウェストコーポレーション株式会社","開発部","ご担当者","【1名から常駐】フロントエンド専任エンジニア40名、採用に頼らず体制強化","開発部 ご担当者様

UI改修や新機能開発を進めたくても、フロントエンド専任エンジニアの採用が進まず、着手が遅れていないでしょうか。

株式会社Lei Hau'oliは、フロントエンド特化で国内大手BtoC直請け水準のエンジニアを1名から供給できるSES会社です。React/Vue.js/Next.js/TypeScriptを専門とするエンジニア約40名が在籍し、国内最大級の美容予約サービスの開発にも参画しています。

中途採用に数か月かけずとも、大規模BtoCで培った開発フローと品質基準をそのまま持ち込めるため、リリースを止めずにUI品質を底上げできます。採用が長引く間も他社は機能改善を進めており、今動くかで次四半期の速度が変わります。

現状の開発体制について、「相談したい」の5文字だけご返信ください。折り返しご連絡します。

株式会社Lei Hau'oli 開発支援事業部","380","92","汎用（非パーソナライズ・マギ1回生成）",""
"2026-09-11T18:19:46+09:00","ファーストブレイン株式会社","開発部","ご担当者","【1名から常駐】フロントエンド専任エンジニア40名、採用に頼らず体制強化","開発部 ご担当者様

UI改修や新機能開発を進めたくても、フロントエンド専任エンジニアの採用が進まず、着手が遅れていないでしょうか。

株式会社Lei Hau'oliは、フロントエンド特化で国内大手BtoC直請け水準のエンジニアを1名から供給できるSES会社です。React/Vue.js/Next.js/TypeScriptを専門とするエンジニア約40名が在籍し、国内最大級の美容予約サービスの開発にも参画しています。

中途採用に数か月かけずとも、大規模BtoCで培った開発フローと品質基準をそのまま持ち込めるため、リリースを止めずにUI品質を底上げできます。採用が長引く間も他社は機能改善を進めており、今動くかで次四半期の速度が変わります。

現状の開発体制について、「相談したい」の5文字だけご返信ください。折り返しご連絡します。

株式会社Lei Hau'oli 開発支援事業部","380","92","汎用（非パーソナライズ・マギ1回生成）",""
"2026-09-11T18:19:46+09:00","株式会社ヴィジョナリーバンガード","開発部","ご担当者","【1名から常駐】フロントエンド専任エンジニア40名、採用に頼らず体制強化","開発部 ご担当者様

UI改修や新機能開発を進めたくても、フロントエンド専任エンジニアの採用が進まず、着手が遅れていないでしょうか。

株式会社Lei Hau'oliは、フロントエンド特化で国内大手BtoC直請け水準のエンジニアを1名から供給できるSES会社です。React/Vue.js/Next.js/TypeScriptを専門とするエンジニア約40名が在籍し、国内最大級の美容予約サービスの開発にも参画しています。

中途採用に数か月かけずとも、大規模BtoCで培った開発フローと品質基準をそのまま持ち込めるため、リリースを止めずにUI品質を底上げできます。採用が長引く間も他社は機能改善を進めており、今動くかで次四半期の速度が変わります。

現状の開発体制について、「相談したい」の5文字だけご返信ください。折り返しご連絡します。

株式会社Lei Hau'oli 開発支援事業部","380","92","汎用（非パーソナライズ・マギ1回生成）",""
"2026-09-11T18:19:46+09:00","ライフワンズメディア株式会社","開発部","ご担当者","【1名から常駐】フロントエンド専任エンジニア40名、採用に頼らず体制強化","開発部 ご担当者様

UI改修や新機能開発を進めたくても、フロントエンド専任エンジニアの採用が進まず、着手が遅れていないでしょうか。

株式会社Lei Hau'oliは、フロントエンド特化で国内大手BtoC直請け水準のエンジニアを1名から供給できるSES会社です。React/Vue.js/Next.js/TypeScriptを専門とするエンジニア約40名が在籍し、国内最大級の美容予約サービスの開発にも参画しています。

中途採用に数か月かけずとも、大規模BtoCで培った開発フローと品質基準をそのまま持ち込めるため、リリースを止めずにUI品質を底上げできます。採用が長引く間も他社は機能改善を進めており、今動くかで次四半期の速度が変わります。

現状の開発体制について、「相談したい」の5文字だけご返信ください。折り返しご連絡します。

株式会社Lei Hau'oli 開発支援事業部","380","92","汎用（非パーソナライズ・マギ1回生成）",""
"2026-09-11T18:19:46+09:00","株式会社スタートアッププラス","開発部","ご担当者","【1名から常駐】フロントエンド専任エンジニア40名、採用に頼らず体制強化","開発部 ご担当者様

UI改修や新機能開発を進めたくても、フロントエンド専任エンジニアの採用が進まず、着手が遅れていないでしょうか。

株式会社Lei Hau'oliは、フロントエンド特化で国内大手BtoC直請け水準のエンジニアを1名から供給できるSES会社です。React/Vue.js/Next.js/TypeScriptを専門とするエンジニア約40名が在籍し、国内最大級の美容予約サービスの開発にも参画しています。

中途採用に数か月かけずとも、大規模BtoCで培った開発フローと品質基準をそのまま持ち込めるため、リリースを止めずにUI品質を底上げできます。採用が長引く間も他社は機能改善を進めており、今動くかで次四半期の速度が変わります。

現状の開発体制について、「相談したい」の5文字だけご返信ください。折り返しご連絡します。

株式会社Lei Hau'oli 開発支援事業部","380","92","汎用（非パーソナライズ・マギ1回生成）",""
"2026-09-11T18:19:46+09:00","ルート株式会社","開発部","ご担当者","【1名から常駐】フロントエンド専任エンジニア40名、採用に頼らず体制強化","開発部 ご担当者様

UI改修や新機能開発を進めたくても、フロントエンド専任エンジニアの採用が進まず、着手が遅れていないでしょうか。

株式会社Lei Hau'oliは、フロントエンド特化で国内大手BtoC直請け水準のエンジニアを1名から供給できるSES会社です。React/Vue.js/Next.js/TypeScriptを専門とするエンジニア約40名が在籍し、国内最大級の美容予約サービスの開発にも参画しています。

中途採用に数か月かけずとも、大規模BtoCで培った開発フローと品質基準をそのまま持ち込めるため、リリースを止めずにUI品質を底上げできます。採用が長引く間も他社は機能改善を進めており、今動くかで次四半期の速度が変わります。

現状の開発体制について、「相談したい」の5文字だけご返信ください。折り返しご連絡します。

株式会社Lei Hau'oli 開発支援事業部","380","92","汎用（非パーソナライズ・マギ1回生成）",""
"2026-09-11T18:19:46+09:00","株式会社ラクソル","開発部","ご担当者","【1名から常駐】フロントエンド専任エンジニア40名、採用に頼らず体制強化","開発部 ご担当者様

UI改修や新機能開発を進めたくても、フロントエンド専任エンジニアの採用が進まず、着手が遅れていないでしょうか。

株式会社Lei Hau'oliは、フロントエンド特化で国内大手BtoC直請け水準のエンジニアを1名から供給できるSES会社です。React/Vue.js/Next.js/TypeScriptを専門とするエンジニア約40名が在籍し、国内最大級の美容予約サービスの開発にも参画しています。

中途採用に数か月かけずとも、大規模BtoCで培った開発フローと品質基準をそのまま持ち込めるため、リリースを止めずにUI品質を底上げできます。採用が長引く間も他社は機能改善を進めており、今動くかで次四半期の速度が変わります。

現状の開発体制について、「相談したい」の5文字だけご返信ください。折り返しご連絡します。

株式会社Lei Hau'oli 開発支援事業部","380","92","汎用（非パーソナライズ・マギ1回生成）",""
"2026-09-11T18:19:46+09:00","GreenSnap株式会社","開発部","ご担当者","【1名から常駐】フロントエンド専任エンジニア40名、採用に頼らず体制強化","開発部 ご担当者様

UI改修や新機能開発を進めたくても、フロントエンド専任エンジニアの採用が進まず、着手が遅れていないでしょうか。

株式会社Lei Hau'oliは、フロントエンド特化で国内大手BtoC直請け水準のエンジニアを1名から供給できるSES会社です。React/Vue.js/Next.js/TypeScriptを専門とするエンジニア約40名が在籍し、国内最大級の美容予約サービスの開発にも参画しています。

中途採用に数か月かけずとも、大規模BtoCで培った開発フローと品質基準をそのまま持ち込めるため、リリースを止めずにUI品質を底上げできます。採用が長引く間も他社は機能改善を進めており、今動くかで次四半期の速度が変わります。

現状の開発体制について、「相談したい」の5文字だけご返信ください。折り返しご連絡します。

株式会社Lei Hau'oli 開発支援事業部","380","92","汎用（非パーソナライズ・マギ1回生成）",""
"2026-09-11T18:19:46+09:00","ファーマックメディカル株式会社","情報システム部","ご担当者","【1名から常駐】フロントエンド専任エンジニア40名、採用に頼らず体制強化","情報システム部 ご担当者様

UI改修や新機能開発を進めたくても、フロントエンド専任エンジニアの採用が進まず、着手が遅れていないでしょうか。

株式会社Lei Hau'oliは、フロントエンド特化で国内大手BtoC直請け水準のエンジニアを1名から供給できるSES会社です。React/Vue.js/Next.js/TypeScriptを専門とするエンジニア約40名が在籍し、国内最大級の美容予約サービスの開発にも参画しています。

中途採用に数か月かけずとも、大規模BtoCで培った開発フローと品質基準をそのまま持ち込めるため、リリースを止めずにUI品質を底上げできます。採用が長引く間も他社は機能改善を進めており、今動くかで次四半期の速度が変わります。

現状の開発体制について、「相談したい」の5文字だけご返信ください。折り返しご連絡します。

株式会社Lei Hau'oli 開発支援事業部","384","92","汎用（非パーソナライズ・マギ1回生成）",""
"2026-09-11T18:19:46+09:00","アクシズフロンティア株式会社","開発部","ご担当者","【1名から常駐】フロントエンド専任エンジニア40名、採用に頼らず体制強化","開発部 ご担当者様

UI改修や新機能開発を進めたくても、フロントエンド専任エンジニアの採用が進まず、着手が遅れていないでしょうか。

株式会社Lei Hau'oliは、フロントエンド特化で国内大手BtoC直請け水準のエンジニアを1名から供給できるSES会社です。React/Vue.js/Next.js/TypeScriptを専門とするエンジニア約40名が在籍し、国内最大級の美容予約サービスの開発にも参画しています。

中途採用に数か月かけずとも、大規模BtoCで培った開発フローと品質基準をそのまま持ち込めるため、リリースを止めずにUI品質を底上げできます。採用が長引く間も他社は機能改善を進めており、今動くかで次四半期の速度が変わります。

現状の開発体制について、「相談したい」の5文字だけご返信ください。折り返しご連絡します。

株式会社Lei Hau'oli 開発支援事業部","380","92","汎用（非パーソナライズ・マギ1回生成）",""
"2026-09-11T18:19:46+09:00","株式会社スキルコネクト","開発部","ご担当者","【1名から常駐】フロントエンド専任エンジニア40名、採用に頼らず体制強化","開発部 ご担当者様

UI改修や新機能開発を進めたくても、フロントエンド専任エンジニアの採用が進まず、着手が遅れていないでしょうか。

株式会社Lei Hau'oliは、フロントエンド特化で国内大手BtoC直請け水準のエンジニアを1名から供給できるSES会社です。React/Vue.js/Next.js/TypeScriptを専門とするエンジニア約40名が在籍し、国内最大級の美容予約サービスの開発にも参画しています。

中途採用に数か月かけずとも、大規模BtoCで培った開発フローと品質基準をそのまま持ち込めるため、リリースを止めずにUI品質を底上げできます。採用が長引く間も他社は機能改善を進めており、今動くかで次四半期の速度が変わります。

現状の開発体制について、「相談したい」の5文字だけご返信ください。折り返しご連絡します。

株式会社Lei Hau'oli 開発支援事業部","380","92","汎用（非パーソナライズ・マギ1回生成）",""
"2026-09-11T18:19:46+09:00","アルゴリンクス株式会社","開発部","ご担当者","【1名から常駐】フロントエンド専任エンジニア40名、採用に頼らず体制強化","開発部 ご担当者様

UI改修や新機能開発を進めたくても、フロントエンド専任エンジニアの採用が進まず、着手が遅れていないでしょうか。

株式会社Lei Hau'oliは、フロントエンド特化で国内大手BtoC直請け水準のエンジニアを1名から供給できるSES会社です。React/Vue.js/Next.js/TypeScriptを専門とするエンジニア約40名が在籍し、国内最大級の美容予約サービスの開発にも参画しています。

中途採用に数か月かけずとも、大規模BtoCで培った開発フローと品質基準をそのまま持ち込めるため、リリースを止めずにUI品質を底上げできます。採用が長引く間も他社は機能改善を進めており、今動くかで次四半期の速度が変わります。

現状の開発体制について、「相談したい」の5文字だけご返信ください。折り返しご連絡します。

株式会社Lei Hau'oli 開発支援事業部","380","92","汎用（非パーソナライズ・マギ1回生成）",""
"2026-09-11T18:19:46+09:00","ヱビス株式会社","開発部","ご担当者","【1名から常駐】フロントエンド専任エンジニア40名、採用に頼らず体制強化","開発部 ご担当者様

UI改修や新機能開発を進めたくても、フロントエンド専任エンジニアの採用が進まず、着手が遅れていないでしょうか。

株式会社Lei Hau'oliは、フロントエンド特化で国内大手BtoC直請け水準のエンジニアを1名から供給できるSES会社です。React/Vue.js/Next.js/TypeScriptを専門とするエンジニア約40名が在籍し、国内最大級の美容予約サービスの開発にも参画しています。

中途採用に数か月かけずとも、大規模BtoCで培った開発フローと品質基準をそのまま持ち込めるため、リリースを止めずにUI品質を底上げできます。採用が長引く間も他社は機能改善を進めており、今動くかで次四半期の速度が変わります。

現状の開発体制について、「相談したい」の5文字だけご返信ください。折り返しご連絡します。

株式会社Lei Hau'oli 開発支援事業部","380","92","汎用（非パーソナライズ・マギ1回生成）",""
"2026-09-11T18:19:46+09:00","ボーダー株式会社","開発部","ご担当者","【1名から常駐】フロントエンド専任エンジニア40名、採用に頼らず体制強化","開発部 ご担当者様

UI改修や新機能開発を進めたくても、フロントエンド専任エンジニアの採用が進まず、着手が遅れていないでしょうか。

株式会社Lei Hau'oliは、フロントエンド特化で国内大手BtoC直請け水準のエンジニアを1名から供給できるSES会社です。React/Vue.js/Next.js/TypeScriptを専門とするエンジニア約40名が在籍し、国内最大級の美容予約サービスの開発にも参画しています。

中途採用に数か月かけずとも、大規模BtoCで培った開発フローと品質基準をそのまま持ち込めるため、リリースを止めずにUI品質を底上げできます。採用が長引く間も他社は機能改善を進めており、今動くかで次四半期の速度が変わります。

現状の開発体制について、「相談したい」の5文字だけご返信ください。折り返しご連絡します。

株式会社Lei Hau'oli 開発支援事業部","380","92","汎用（非パーソナライズ・マギ1回生成）",""
"2026-09-11T18:19:46+09:00","Wrike Japan株式会社","開発部","ご担当者","【1名から常駐】フロントエンド専任エンジニア40名、採用に頼らず体制強化","開発部 ご担当者様

UI改修や新機能開発を進めたくても、フロントエンド専任エンジニアの採用が進まず、着手が遅れていないでしょうか。

株式会社Lei Hau'oliは、フロントエンド特化で国内大手BtoC直請け水準のエンジニアを1名から供給できるSES会社です。React/Vue.js/Next.js/TypeScriptを専門とするエンジニア約40名が在籍し、国内最大級の美容予約サービスの開発にも参画しています。

中途採用に数か月かけずとも、大規模BtoCで培った開発フローと品質基準をそのまま持ち込めるため、リリースを止めずにUI品質を底上げできます。採用が長引く間も他社は機能改善を進めており、今動くかで次四半期の速度が変わります。

現状の開発体制について、「相談したい」の5文字だけご返信ください。折り返しご連絡します。

株式会社Lei Hau'oli 開発支援事業部","380","92","汎用（非パーソナライズ・マギ1回生成）",""
"2026-09-11T18:19:46+09:00","株式会社ビズフォース","開発部","ご担当者","【1名から常駐】フロントエンド専任エンジニア40名、採用に頼らず体制強化","開発部 ご担当者様

UI改修や新機能開発を進めたくても、フロントエンド専任エンジニアの採用が進まず、着手が遅れていないでしょうか。

株式会社Lei Hau'oliは、フロントエンド特化で国内大手BtoC直請け水準のエンジニアを1名から供給できるSES会社です。React/Vue.js/Next.js/TypeScriptを専門とするエンジニア約40名が在籍し、国内最大級の美容予約サービスの開発にも参画しています。

中途採用に数か月かけずとも、大規模BtoCで培った開発フローと品質基準をそのまま持ち込めるため、リリースを止めずにUI品質を底上げできます。採用が長引く間も他社は機能改善を進めており、今動くかで次四半期の速度が変わります。

現状の開発体制について、「相談したい」の5文字だけご返信ください。折り返しご連絡します。

株式会社Lei Hau'oli 開発支援事業部","380","92","汎用（非パーソナライズ・マギ1回生成）",""
"2026-09-11T18:19:46+09:00","株式会社トライン","開発部","ご担当者","【1名から常駐】フロントエンド専任エンジニア40名、採用に頼らず体制強化","開発部 ご担当者様

UI改修や新機能開発を進めたくても、フロントエンド専任エンジニアの採用が進まず、着手が遅れていないでしょうか。

株式会社Lei Hau'oliは、フロントエンド特化で国内大手BtoC直請け水準のエンジニアを1名から供給できるSES会社です。React/Vue.js/Next.js/TypeScriptを専門とするエンジニア約40名が在籍し、国内最大級の美容予約サービスの開発にも参画しています。

中途採用に数か月かけずとも、大規模BtoCで培った開発フローと品質基準をそのまま持ち込めるため、リリースを止めずにUI品質を底上げできます。採用が長引く間も他社は機能改善を進めており、今動くかで次四半期の速度が変わります。

現状の開発体制について、「相談したい」の5文字だけご返信ください。折り返しご連絡します。

株式会社Lei Hau'oli 開発支援事業部","380","92","汎用（非パーソナライズ・マギ1回生成）",""
"2026-09-11T18:19:46+09:00","株式会社WINNERS","開発部","ご担当者","【1名から常駐】フロントエンド専任エンジニア40名、採用に頼らず体制強化","開発部 ご担当者様

UI改修や新機能開発を進めたくても、フロントエンド専任エンジニアの採用が進まず、着手が遅れていないでしょうか。

株式会社Lei Hau'oliは、フロントエンド特化で国内大手BtoC直請け水準のエンジニアを1名から供給できるSES会社です。React/Vue.js/Next.js/TypeScriptを専門とするエンジニア約40名が在籍し、国内最大級の美容予約サービスの開発にも参画しています。

中途採用に数か月かけずとも、大規模BtoCで培った開発フローと品質基準をそのまま持ち込めるため、リリースを止めずにUI品質を底上げできます。採用が長引く間も他社は機能改善を進めており、今動くかで次四半期の速度が変わります。

現状の開発体制について、「相談したい」の5文字だけご返信ください。折り返しご連絡します。

株式会社Lei Hau'oli 開発支援事業部","380","92","汎用（非パーソナライズ・マギ1回生成）",""
"2026-09-11T18:19:46+09:00","株式会社ジェイクラフト","情報システム部","ご担当者","【1名から常駐】フロントエンド専任エンジニア40名、採用に頼らず体制強化","情報システム部 ご担当者様

UI改修や新機能開発を進めたくても、フロントエンド専任エンジニアの採用が進まず、着手が遅れていないでしょうか。

株式会社Lei Hau'oliは、フロントエンド特化で国内大手BtoC直請け水準のエンジニアを1名から供給できるSES会社です。React/Vue.js/Next.js/TypeScriptを専門とするエンジニア約40名が在籍し、国内最大級の美容予約サービスの開発にも参画しています。

中途採用に数か月かけずとも、大規模BtoCで培った開発フローと品質基準をそのまま持ち込めるため、リリースを止めずにUI品質を底上げできます。採用が長引く間も他社は機能改善を進めており、今動くかで次四半期の速度が変わります。

現状の開発体制について、「相談したい」の5文字だけご返信ください。折り返しご連絡します。

株式会社Lei Hau'oli 開発支援事業部","384","92","汎用（非パーソナライズ・マギ1回生成）",""
"2026-09-11T18:19:46+09:00","株式会社トランビ","開発部","ご担当者","【1名から常駐】フロントエンド専任エンジニア40名、採用に頼らず体制強化","開発部 ご担当者様

UI改修や新機能開発を進めたくても、フロントエンド専任エンジニアの採用が進まず、着手が遅れていないでしょうか。

株式会社Lei Hau'oliは、フロントエンド特化で国内大手BtoC直請け水準のエンジニアを1名から供給できるSES会社です。React/Vue.js/Next.js/TypeScriptを専門とするエンジニア約40名が在籍し、国内最大級の美容予約サービスの開発にも参画しています。

中途採用に数か月かけずとも、大規模BtoCで培った開発フローと品質基準をそのまま持ち込めるため、リリースを止めずにUI品質を底上げできます。採用が長引く間も他社は機能改善を進めており、今動くかで次四半期の速度が変わります。

現状の開発体制について、「相談したい」の5文字だけご返信ください。折り返しご連絡します。

株式会社Lei Hau'oli 開発支援事業部","380","92","汎用（非パーソナライズ・マギ1回生成）",""
"2026-09-11T18:19:46+09:00","FlipNine株式会社","開発部","ご担当者","【1名から常駐】フロントエンド専任エンジニア40名、採用に頼らず体制強化","開発部 ご担当者様

UI改修や新機能開発を進めたくても、フロントエンド専任エンジニアの採用が進まず、着手が遅れていないでしょうか。

株式会社Lei Hau'oliは、フロントエンド特化で国内大手BtoC直請け水準のエンジニアを1名から供給できるSES会社です。React/Vue.js/Next.js/TypeScriptを専門とするエンジニア約40名が在籍し、国内最大級の美容予約サービスの開発にも参画しています。

中途採用に数か月かけずとも、大規模BtoCで培った開発フローと品質基準をそのまま持ち込めるため、リリースを止めずにUI品質を底上げできます。採用が長引く間も他社は機能改善を進めており、今動くかで次四半期の速度が変わります。

現状の開発体制について、「相談したい」の5文字だけご返信ください。折り返しご連絡します。

株式会社Lei Hau'oli 開発支援事業部","380","92","汎用（非パーソナライズ・マギ1回生成）",""
"2026-09-11T18:19:46+09:00","アンドロボディオーナ株式会社","開発部","ご担当者","【1名から常駐】フロントエンド専任エンジニア40名、採用に頼らず体制強化","開発部 ご担当者様

UI改修や新機能開発を進めたくても、フロントエンド専任エンジニアの採用が進まず、着手が遅れていないでしょうか。

株式会社Lei Hau'oliは、フロントエンド特化で国内大手BtoC直請け水準のエンジニアを1名から供給できるSES会社です。React/Vue.js/Next.js/TypeScriptを専門とするエンジニア約40名が在籍し、国内最大級の美容予約サービスの開発にも参画しています。

中途採用に数か月かけずとも、大規模BtoCで培った開発フローと品質基準をそのまま持ち込めるため、リリースを止めずにUI品質を底上げできます。採用が長引く間も他社は機能改善を進めており、今動くかで次四半期の速度が変わります。

現状の開発体制について、「相談したい」の5文字だけご返信ください。折り返しご連絡します。

株式会社Lei Hau'oli 開発支援事業部","380","92","汎用（非パーソナライズ・マギ1回生成）",""
"2026-09-11T18:19:46+09:00","株式会社ユニ・トランド","開発部","ご担当者","【1名から常駐】フロントエンド専任エンジニア40名、採用に頼らず体制強化","開発部 ご担当者様

UI改修や新機能開発を進めたくても、フロントエンド専任エンジニアの採用が進まず、着手が遅れていないでしょうか。

株式会社Lei Hau'oliは、フロントエンド特化で国内大手BtoC直請け水準のエンジニアを1名から供給できるSES会社です。React/Vue.js/Next.js/TypeScriptを専門とするエンジニア約40名が在籍し、国内最大級の美容予約サービスの開発にも参画しています。

中途採用に数か月かけずとも、大規模BtoCで培った開発フローと品質基準をそのまま持ち込めるため、リリースを止めずにUI品質を底上げできます。採用が長引く間も他社は機能改善を進めており、今動くかで次四半期の速度が変わります。

現状の開発体制について、「相談したい」の5文字だけご返信ください。折り返しご連絡します。

株式会社Lei Hau'oli 開発支援事業部","380","92","汎用（非パーソナライズ・マギ1回生成）",""
"2026-09-11T18:19:46+09:00","Smart Solutions株式会社","開発部","ご担当者","【1名から常駐】フロントエンド専任エンジニア40名、採用に頼らず体制強化","開発部 ご担当者様

UI改修や新機能開発を進めたくても、フロントエンド専任エンジニアの採用が進まず、着手が遅れていないでしょうか。

株式会社Lei Hau'oliは、フロントエンド特化で国内大手BtoC直請け水準のエンジニアを1名から供給できるSES会社です。React/Vue.js/Next.js/TypeScriptを専門とするエンジニア約40名が在籍し、国内最大級の美容予約サービスの開発にも参画しています。

中途採用に数か月かけずとも、大規模BtoCで培った開発フローと品質基準をそのまま持ち込めるため、リリースを止めずにUI品質を底上げできます。採用が長引く間も他社は機能改善を進めており、今動くかで次四半期の速度が変わります。

現状の開発体制について、「相談したい」の5文字だけご返信ください。折り返しご連絡します。

株式会社Lei Hau'oli 開発支援事業部","380","92","汎用（非パーソナライズ・マギ1回生成）",""
"2026-09-11T18:19:46+09:00","百易ソフト東京株式会社","開発部","ご担当者","【1名から常駐】フロントエンド専任エンジニア40名、採用に頼らず体制強化","開発部 ご担当者様

UI改修や新機能開発を進めたくても、フロントエンド専任エンジニアの採用が進まず、着手が遅れていないでしょうか。

株式会社Lei Hau'oliは、フロントエンド特化で国内大手BtoC直請け水準のエンジニアを1名から供給できるSES会社です。React/Vue.js/Next.js/TypeScriptを専門とするエンジニア約40名が在籍し、国内最大級の美容予約サービスの開発にも参画しています。

中途採用に数か月かけずとも、大規模BtoCで培った開発フローと品質基準をそのまま持ち込めるため、リリースを止めずにUI品質を底上げできます。採用が長引く間も他社は機能改善を進めており、今動くかで次四半期の速度が変わります。

現状の開発体制について、「相談したい」の5文字だけご返信ください。折り返しご連絡します。

株式会社Lei Hau'oli 開発支援事業部","380","92","汎用（非パーソナライズ・マギ1回生成）",""
"2026-09-11T18:19:46+09:00","株式会社ウミガメ","開発部","ご担当者","【1名から常駐】フロントエンド専任エンジニア40名、採用に頼らず体制強化","開発部 ご担当者様

UI改修や新機能開発を進めたくても、フロントエンド専任エンジニアの採用が進まず、着手が遅れていないでしょうか。

株式会社Lei Hau'oliは、フロントエンド特化で国内大手BtoC直請け水準のエンジニアを1名から供給できるSES会社です。React/Vue.js/Next.js/TypeScriptを専門とするエンジニア約40名が在籍し、国内最大級の美容予約サービスの開発にも参画しています。

中途採用に数か月かけずとも、大規模BtoCで培った開発フローと品質基準をそのまま持ち込めるため、リリースを止めずにUI品質を底上げできます。採用が長引く間も他社は機能改善を進めており、今動くかで次四半期の速度が変わります。

現状の開発体制について、「相談したい」の5文字だけご返信ください。折り返しご連絡します。

株式会社Lei Hau'oli 開発支援事業部","380","92","汎用（非パーソナライズ・マギ1回生成）",""
"2026-09-11T18:19:46+09:00","株式会社マカルーデジタル","開発部","ご担当者","【1名から常駐】フロントエンド専任エンジニア40名、採用に頼らず体制強化","開発部 ご担当者様

UI改修や新機能開発を進めたくても、フロントエンド専任エンジニアの採用が進まず、着手が遅れていないでしょうか。

株式会社Lei Hau'oliは、フロントエンド特化で国内大手BtoC直請け水準のエンジニアを1名から供給できるSES会社です。React/Vue.js/Next.js/TypeScriptを専門とするエンジニア約40名が在籍し、国内最大級の美容予約サービスの開発にも参画しています。

中途採用に数か月かけずとも、大規模BtoCで培った開発フローと品質基準をそのまま持ち込めるため、リリースを止めずにUI品質を底上げできます。採用が長引く間も他社は機能改善を進めており、今動くかで次四半期の速度が変わります。

現状の開発体制について、「相談したい」の5文字だけご返信ください。折り返しご連絡します。

株式会社Lei Hau'oli 開発支援事業部","380","92","汎用（非パーソナライズ・マギ1回生成）",""
"2026-09-11T18:19:46+09:00","メディカルエッジ株式会社","開発部","ご担当者","【1名から常駐】フロントエンド専任エンジニア40名、採用に頼らず体制強化","開発部 ご担当者様

UI改修や新機能開発を進めたくても、フロントエンド専任エンジニアの採用が進まず、着手が遅れていないでしょうか。

株式会社Lei Hau'oliは、フロントエンド特化で国内大手BtoC直請け水準のエンジニアを1名から供給できるSES会社です。React/Vue.js/Next.js/TypeScriptを専門とするエンジニア約40名が在籍し、国内最大級の美容予約サービスの開発にも参画しています。

中途採用に数か月かけずとも、大規模BtoCで培った開発フローと品質基準をそのまま持ち込めるため、リリースを止めずにUI品質を底上げできます。採用が長引く間も他社は機能改善を進めており、今動くかで次四半期の速度が変わります。

現状の開発体制について、「相談したい」の5文字だけご返信ください。折り返しご連絡します。

株式会社Lei Hau'oli 開発支援事業部","380","92","汎用（非パーソナライズ・マギ1回生成）",""
"2026-09-11T18:19:46+09:00","K&Kソフト株式会社","開発部","ご担当者","【1名から常駐】フロントエンド専任エンジニア40名、採用に頼らず体制強化","開発部 ご担当者様

UI改修や新機能開発を進めたくても、フロントエンド専任エンジニアの採用が進まず、着手が遅れていないでしょうか。

株式会社Lei Hau'oliは、フロントエンド特化で国内大手BtoC直請け水準のエンジニアを1名から供給できるSES会社です。React/Vue.js/Next.js/TypeScriptを専門とするエンジニア約40名が在籍し、国内最大級の美容予約サービスの開発にも参画しています。

中途採用に数か月かけずとも、大規模BtoCで培った開発フローと品質基準をそのまま持ち込めるため、リリースを止めずにUI品質を底上げできます。採用が長引く間も他社は機能改善を進めており、今動くかで次四半期の速度が変わります。

現状の開発体制について、「相談したい」の5文字だけご返信ください。折り返しご連絡します。

株式会社Lei Hau'oli 開発支援事業部","380","92","汎用（非パーソナライズ・マギ1回生成）",""
"2026-09-11T18:19:46+09:00","ジェミー株式会社","開発部","ご担当者","【1名から常駐】フロントエンド専任エンジニア40名、採用に頼らず体制強化","開発部 ご担当者様

UI改修や新機能開発を進めたくても、フロントエンド専任エンジニアの採用が進まず、着手が遅れていないでしょうか。

株式会社Lei Hau'oliは、フロントエンド特化で国内大手BtoC直請け水準のエンジニアを1名から供給できるSES会社です。React/Vue.js/Next.js/TypeScriptを専門とするエンジニア約40名が在籍し、国内最大級の美容予約サービスの開発にも参画しています。

中途採用に数か月かけずとも、大規模BtoCで培った開発フローと品質基準をそのまま持ち込めるため、リリースを止めずにUI品質を底上げできます。採用が長引く間も他社は機能改善を進めており、今動くかで次四半期の速度が変わります。

現状の開発体制について、「相談したい」の5文字だけご返信ください。折り返しご連絡します。

株式会社Lei Hau'oli 開発支援事業部","380","92","汎用（非パーソナライズ・マギ1回生成）",""
"2026-09-11T18:19:46+09:00","株式会社ookami","開発部","ご担当者","【1名から常駐】フロントエンド専任エンジニア40名、採用に頼らず体制強化","開発部 ご担当者様

UI改修や新機能開発を進めたくても、フロントエンド専任エンジニアの採用が進まず、着手が遅れていないでしょうか。

株式会社Lei Hau'oliは、フロントエンド特化で国内大手BtoC直請け水準のエンジニアを1名から供給できるSES会社です。React/Vue.js/Next.js/TypeScriptを専門とするエンジニア約40名が在籍し、国内最大級の美容予約サービスの開発にも参画しています。

中途採用に数か月かけずとも、大規模BtoCで培った開発フローと品質基準をそのまま持ち込めるため、リリースを止めずにUI品質を底上げできます。採用が長引く間も他社は機能改善を進めており、今動くかで次四半期の速度が変わります。

現状の開発体制について、「相談したい」の5文字だけご返信ください。折り返しご連絡します。

株式会社Lei Hau'oli 開発支援事業部","380","92","汎用（非パーソナライズ・マギ1回生成）",""
"2026-09-11T18:19:46+09:00","株式会社ROBON","開発部","ご担当者","【1名から常駐】フロントエンド専任エンジニア40名、採用に頼らず体制強化","開発部 ご担当者様

UI改修や新機能開発を進めたくても、フロントエンド専任エンジニアの採用が進まず、着手が遅れていないでしょうか。

株式会社Lei Hau'oliは、フロントエンド特化で国内大手BtoC直請け水準のエンジニアを1名から供給できるSES会社です。React/Vue.js/Next.js/TypeScriptを専門とするエンジニア約40名が在籍し、国内最大級の美容予約サービスの開発にも参画しています。

中途採用に数か月かけずとも、大規模BtoCで培った開発フローと品質基準をそのまま持ち込めるため、リリースを止めずにUI品質を底上げできます。採用が長引く間も他社は機能改善を進めており、今動くかで次四半期の速度が変わります。

現状の開発体制について、「相談したい」の5文字だけご返信ください。折り返しご連絡します。

株式会社Lei Hau'oli 開発支援事業部","380","92","汎用（非パーソナライズ・マギ1回生成）",""
"2026-09-11T18:19:46+09:00","株式会社souco","開発部","ご担当者","【1名から常駐】フロントエンド専任エンジニア40名、採用に頼らず体制強化","開発部 ご担当者様

UI改修や新機能開発を進めたくても、フロントエンド専任エンジニアの採用が進まず、着手が遅れていないでしょうか。

株式会社Lei Hau'oliは、フロントエンド特化で国内大手BtoC直請け水準のエンジニアを1名から供給できるSES会社です。React/Vue.js/Next.js/TypeScriptを専門とするエンジニア約40名が在籍し、国内最大級の美容予約サービスの開発にも参画しています。

中途採用に数か月かけずとも、大規模BtoCで培った開発フローと品質基準をそのまま持ち込めるため、リリースを止めずにUI品質を底上げできます。採用が長引く間も他社は機能改善を進めており、今動くかで次四半期の速度が変わります。

現状の開発体制について、「相談したい」の5文字だけご返信ください。折り返しご連絡します。

株式会社Lei Hau'oli 開発支援事業部","380","92","汎用（非パーソナライズ・マギ1回生成）",""
"2026-09-11T18:19:46+09:00","アイマトリックス株式会社","技術部","ご担当者","【1名から常駐】フロントエンド専任エンジニア40名、採用に頼らず体制強化","技術部 ご担当者様

UI改修や新機能開発を進めたくても、フロントエンド専任エンジニアの採用が進まず、着手が遅れていないでしょうか。

株式会社Lei Hau'oliは、フロントエンド特化で国内大手BtoC直請け水準のエンジニアを1名から供給できるSES会社です。React/Vue.js/Next.js/TypeScriptを専門とするエンジニア約40名が在籍し、国内最大級の美容予約サービスの開発にも参画しています。

中途採用に数か月かけずとも、大規模BtoCで培った開発フローと品質基準をそのまま持ち込めるため、リリースを止めずにUI品質を底上げできます。採用が長引く間も他社は機能改善を進めており、今動くかで次四半期の速度が変わります。

現状の開発体制について、「相談したい」の5文字だけご返信ください。折り返しご連絡します。

株式会社Lei Hau'oli 開発支援事業部","380","92","汎用（非パーソナライズ・マギ1回生成）",""
"2026-09-11T18:19:46+09:00","株式会社ロケットエンジン","開発部","ご担当者","【1名から常駐】フロントエンド専任エンジニア40名、採用に頼らず体制強化","開発部 ご担当者様

UI改修や新機能開発を進めたくても、フロントエンド専任エンジニアの採用が進まず、着手が遅れていないでしょうか。

株式会社Lei Hau'oliは、フロントエンド特化で国内大手BtoC直請け水準のエンジニアを1名から供給できるSES会社です。React/Vue.js/Next.js/TypeScriptを専門とするエンジニア約40名が在籍し、国内最大級の美容予約サービスの開発にも参画しています。

中途採用に数か月かけずとも、大規模BtoCで培った開発フローと品質基準をそのまま持ち込めるため、リリースを止めずにUI品質を底上げできます。採用が長引く間も他社は機能改善を進めており、今動くかで次四半期の速度が変わります。

現状の開発体制について、「相談したい」の5文字だけご返信ください。折り返しご連絡します。

株式会社Lei Hau'oli 開発支援事業部","380","92","汎用（非パーソナライズ・マギ1回生成）",""
"2026-09-11T18:19:46+09:00","株式会社セナネットワークス","開発部","ご担当者","【1名から常駐】フロントエンド専任エンジニア40名、採用に頼らず体制強化","開発部 ご担当者様

UI改修や新機能開発を進めたくても、フロントエンド専任エンジニアの採用が進まず、着手が遅れていないでしょうか。

株式会社Lei Hau'oliは、フロントエンド特化で国内大手BtoC直請け水準のエンジニアを1名から供給できるSES会社です。React/Vue.js/Next.js/TypeScriptを専門とするエンジニア約40名が在籍し、国内最大級の美容予約サービスの開発にも参画しています。

中途採用に数か月かけずとも、大規模BtoCで培った開発フローと品質基準をそのまま持ち込めるため、リリースを止めずにUI品質を底上げできます。採用が長引く間も他社は機能改善を進めており、今動くかで次四半期の速度が変わります。

現状の開発体制について、「相談したい」の5文字だけご返信ください。折り返しご連絡します。

株式会社Lei Hau'oli 開発支援事業部","380","92","汎用（非パーソナライズ・マギ1回生成）",""
"2026-09-11T18:19:46+09:00","Sinumy株式会社","開発部","ご担当者","【1名から常駐】フロントエンド専任エンジニア40名、採用に頼らず体制強化","開発部 ご担当者様

UI改修や新機能開発を進めたくても、フロントエンド専任エンジニアの採用が進まず、着手が遅れていないでしょうか。

株式会社Lei Hau'oliは、フロントエンド特化で国内大手BtoC直請け水準のエンジニアを1名から供給できるSES会社です。React/Vue.js/Next.js/TypeScriptを専門とするエンジニア約40名が在籍し、国内最大級の美容予約サービスの開発にも参画しています。

中途採用に数か月かけずとも、大規模BtoCで培った開発フローと品質基準をそのまま持ち込めるため、リリースを止めずにUI品質を底上げできます。採用が長引く間も他社は機能改善を進めており、今動くかで次四半期の速度が変わります。

現状の開発体制について、「相談したい」の5文字だけご返信ください。折り返しご連絡します。

株式会社Lei Hau'oli 開発支援事業部","380","92","汎用（非パーソナライズ・マギ1回生成）",""
"2026-09-11T18:19:46+09:00","株式会社Hexabase","開発部","ご担当者","【1名から常駐】フロントエンド専任エンジニア40名、採用に頼らず体制強化","開発部 ご担当者様

UI改修や新機能開発を進めたくても、フロントエンド専任エンジニアの採用が進まず、着手が遅れていないでしょうか。

株式会社Lei Hau'oliは、フロントエンド特化で国内大手BtoC直請け水準のエンジニアを1名から供給できるSES会社です。React/Vue.js/Next.js/TypeScriptを専門とするエンジニア約40名が在籍し、国内最大級の美容予約サービスの開発にも参画しています。

中途採用に数か月かけずとも、大規模BtoCで培った開発フローと品質基準をそのまま持ち込めるため、リリースを止めずにUI品質を底上げできます。採用が長引く間も他社は機能改善を進めており、今動くかで次四半期の速度が変わります。

現状の開発体制について、「相談したい」の5文字だけご返信ください。折り返しご連絡します。

株式会社Lei Hau'oli 開発支援事業部","380","92","汎用（非パーソナライズ・マギ1回生成）",""
"2026-09-11T18:19:46+09:00","ミクステンド株式会社","開発部","ご担当者","【1名から常駐】フロントエンド専任エンジニア40名、採用に頼らず体制強化","開発部 ご担当者様

UI改修や新機能開発を進めたくても、フロントエンド専任エンジニアの採用が進まず、着手が遅れていないでしょうか。

株式会社Lei Hau'oliは、フロントエンド特化で国内大手BtoC直請け水準のエンジニアを1名から供給できるSES会社です。React/Vue.js/Next.js/TypeScriptを専門とするエンジニア約40名が在籍し、国内最大級の美容予約サービスの開発にも参画しています。

中途採用に数か月かけずとも、大規模BtoCで培った開発フローと品質基準をそのまま持ち込めるため、リリースを止めずにUI品質を底上げできます。採用が長引く間も他社は機能改善を進めており、今動くかで次四半期の速度が変わります。

現状の開発体制について、「相談したい」の5文字だけご返信ください。折り返しご連絡します。

株式会社Lei Hau'oli 開発支援事業部","380","92","汎用（非パーソナライズ・マギ1回生成）",""
"2026-09-11T18:19:46+09:00","プラスビリーフ株式会社","開発部","ご担当者","【1名から常駐】フロントエンド専任エンジニア40名、採用に頼らず体制強化","開発部 ご担当者様

UI改修や新機能開発を進めたくても、フロントエンド専任エンジニアの採用が進まず、着手が遅れていないでしょうか。

株式会社Lei Hau'oliは、フロントエンド特化で国内大手BtoC直請け水準のエンジニアを1名から供給できるSES会社です。React/Vue.js/Next.js/TypeScriptを専門とするエンジニア約40名が在籍し、国内最大級の美容予約サービスの開発にも参画しています。

中途採用に数か月かけずとも、大規模BtoCで培った開発フローと品質基準をそのまま持ち込めるため、リリースを止めずにUI品質を底上げできます。採用が長引く間も他社は機能改善を進めており、今動くかで次四半期の速度が変わります。

現状の開発体制について、「相談したい」の5文字だけご返信ください。折り返しご連絡します。

株式会社Lei Hau'oli 開発支援事業部","380","92","汎用（非パーソナライズ・マギ1回生成）",""
"2026-09-11T18:19:46+09:00","ネットスマイル株式会社","開発部","ご担当者","【1名から常駐】フロントエンド専任エンジニア40名、採用に頼らず体制強化","開発部 ご担当者様

UI改修や新機能開発を進めたくても、フロントエンド専任エンジニアの採用が進まず、着手が遅れていないでしょうか。

株式会社Lei Hau'oliは、フロントエンド特化で国内大手BtoC直請け水準のエンジニアを1名から供給できるSES会社です。React/Vue.js/Next.js/TypeScriptを専門とするエンジニア約40名が在籍し、国内最大級の美容予約サービスの開発にも参画しています。

中途採用に数か月かけずとも、大規模BtoCで培った開発フローと品質基準をそのまま持ち込めるため、リリースを止めずにUI品質を底上げできます。採用が長引く間も他社は機能改善を進めており、今動くかで次四半期の速度が変わります。

現状の開発体制について、「相談したい」の5文字だけご返信ください。折り返しご連絡します。

株式会社Lei Hau'oli 開発支援事業部","380","92","汎用（非パーソナライズ・マギ1回生成）",""
"2026-09-11T18:19:46+09:00","DeSCヘルスケア株式会社","開発部","ご担当者","【1名から常駐】フロントエンド専任エンジニア40名、採用に頼らず体制強化","開発部 ご担当者様

UI改修や新機能開発を進めたくても、フロントエンド専任エンジニアの採用が進まず、着手が遅れていないでしょうか。

株式会社Lei Hau'oliは、フロントエンド特化で国内大手BtoC直請け水準のエンジニアを1名から供給できるSES会社です。React/Vue.js/Next.js/TypeScriptを専門とするエンジニア約40名が在籍し、国内最大級の美容予約サービスの開発にも参画しています。

中途採用に数か月かけずとも、大規模BtoCで培った開発フローと品質基準をそのまま持ち込めるため、リリースを止めずにUI品質を底上げできます。採用が長引く間も他社は機能改善を進めており、今動くかで次四半期の速度が変わります。

現状の開発体制について、「相談したい」の5文字だけご返信ください。折り返しご連絡します。

株式会社Lei Hau'oli 開発支援事業部","380","92","汎用（非パーソナライズ・マギ1回生成）",""
"2026-09-11T18:19:46+09:00","株式会社ゼロベースファクト","開発部","ご担当者","【1名から常駐】フロントエンド専任エンジニア40名、採用に頼らず体制強化","開発部 ご担当者様

UI改修や新機能開発を進めたくても、フロントエンド専任エンジニアの採用が進まず、着手が遅れていないでしょうか。

株式会社Lei Hau'oliは、フロントエンド特化で国内大手BtoC直請け水準のエンジニアを1名から供給できるSES会社です。React/Vue.js/Next.js/TypeScriptを専門とするエンジニア約40名が在籍し、国内最大級の美容予約サービスの開発にも参画しています。

中途採用に数か月かけずとも、大規模BtoCで培った開発フローと品質基準をそのまま持ち込めるため、リリースを止めずにUI品質を底上げできます。採用が長引く間も他社は機能改善を進めており、今動くかで次四半期の速度が変わります。

現状の開発体制について、「相談したい」の5文字だけご返信ください。折り返しご連絡します。

株式会社Lei Hau'oli 開発支援事業部","380","92","汎用（非パーソナライズ・マギ1回生成）",""
"2026-09-11T18:19:46+09:00","イーソルトリニティ株式会社","開発部","ご担当者","【1名から常駐】フロントエンド専任エンジニア40名、採用に頼らず体制強化","開発部 ご担当者様

UI改修や新機能開発を進めたくても、フロントエンド専任エンジニアの採用が進まず、着手が遅れていないでしょうか。

株式会社Lei Hau'oliは、フロントエンド特化で国内大手BtoC直請け水準のエンジニアを1名から供給できるSES会社です。React/Vue.js/Next.js/TypeScriptを専門とするエンジニア約40名が在籍し、国内最大級の美容予約サービスの開発にも参画しています。

中途採用に数か月かけずとも、大規模BtoCで培った開発フローと品質基準をそのまま持ち込めるため、リリースを止めずにUI品質を底上げできます。採用が長引く間も他社は機能改善を進めており、今動くかで次四半期の速度が変わります。

現状の開発体制について、「相談したい」の5文字だけご返信ください。折り返しご連絡します。

株式会社Lei Hau'oli 開発支援事業部","380","92","汎用（非パーソナライズ・マギ1回生成）",""
"2026-09-11T18:19:46+09:00","株式会社クロスメディカル","情報システム部","ご担当者","【1名から常駐】フロントエンド専任エンジニア40名、採用に頼らず体制強化","情報システム部 ご担当者様

UI改修や新機能開発を進めたくても、フロントエンド専任エンジニアの採用が進まず、着手が遅れていないでしょうか。

株式会社Lei Hau'oliは、フロントエンド特化で国内大手BtoC直請け水準のエンジニアを1名から供給できるSES会社です。React/Vue.js/Next.js/TypeScriptを専門とするエンジニア約40名が在籍し、国内最大級の美容予約サービスの開発にも参画しています。

中途採用に数か月かけずとも、大規模BtoCで培った開発フローと品質基準をそのまま持ち込めるため、リリースを止めずにUI品質を底上げできます。採用が長引く間も他社は機能改善を進めており、今動くかで次四半期の速度が変わります。

現状の開発体制について、「相談したい」の5文字だけご返信ください。折り返しご連絡します。

株式会社Lei Hau'oli 開発支援事業部","384","92","汎用（非パーソナライズ・マギ1回生成）",""
"2026-09-11T18:19:46+09:00","ハーモナイズ株式会社","情報システム部","ご担当者","【1名から常駐】フロントエンド専任エンジニア40名、採用に頼らず体制強化","情報システム部 ご担当者様

UI改修や新機能開発を進めたくても、フロントエンド専任エンジニアの採用が進まず、着手が遅れていないでしょうか。

株式会社Lei Hau'oliは、フロントエンド特化で国内大手BtoC直請け水準のエンジニアを1名から供給できるSES会社です。React/Vue.js/Next.js/TypeScriptを専門とするエンジニア約40名が在籍し、国内最大級の美容予約サービスの開発にも参画しています。

中途採用に数か月かけずとも、大規模BtoCで培った開発フローと品質基準をそのまま持ち込めるため、リリースを止めずにUI品質を底上げできます。採用が長引く間も他社は機能改善を進めており、今動くかで次四半期の速度が変わります。

現状の開発体制について、「相談したい」の5文字だけご返信ください。折り返しご連絡します。

株式会社Lei Hau'oli 開発支援事業部","384","92","汎用（非パーソナライズ・マギ1回生成）",""
"2026-09-11T18:19:46+09:00","株式会社MaaS Tech Japan","開発部","ご担当者","【1名から常駐】フロントエンド専任エンジニア40名、採用に頼らず体制強化","開発部 ご担当者様

UI改修や新機能開発を進めたくても、フロントエンド専任エンジニアの採用が進まず、着手が遅れていないでしょうか。

株式会社Lei Hau'oliは、フロントエンド特化で国内大手BtoC直請け水準のエンジニアを1名から供給できるSES会社です。React/Vue.js/Next.js/TypeScriptを専門とするエンジニア約40名が在籍し、国内最大級の美容予約サービスの開発にも参画しています。

中途採用に数か月かけずとも、大規模BtoCで培った開発フローと品質基準をそのまま持ち込めるため、リリースを止めずにUI品質を底上げできます。採用が長引く間も他社は機能改善を進めており、今動くかで次四半期の速度が変わります。

現状の開発体制について、「相談したい」の5文字だけご返信ください。折り返しご連絡します。

株式会社Lei Hau'oli 開発支援事業部","380","92","汎用（非パーソナライズ・マギ1回生成）",""
"2026-09-11T18:19:46+09:00","株式会社Argano","開発部","ご担当者","【1名から常駐】フロントエンド専任エンジニア40名、採用に頼らず体制強化","開発部 ご担当者様

UI改修や新機能開発を進めたくても、フロントエンド専任エンジニアの採用が進まず、着手が遅れていないでしょうか。

株式会社Lei Hau'oliは、フロントエンド特化で国内大手BtoC直請け水準のエンジニアを1名から供給できるSES会社です。React/Vue.js/Next.js/TypeScriptを専門とするエンジニア約40名が在籍し、国内最大級の美容予約サービスの開発にも参画しています。

中途採用に数か月かけずとも、大規模BtoCで培った開発フローと品質基準をそのまま持ち込めるため、リリースを止めずにUI品質を底上げできます。採用が長引く間も他社は機能改善を進めており、今動くかで次四半期の速度が変わります。

現状の開発体制について、「相談したい」の5文字だけご返信ください。折り返しご連絡します。

株式会社Lei Hau'oli 開発支援事業部","380","92","汎用（非パーソナライズ・マギ1回生成）",""
"2026-09-11T18:19:46+09:00","株式会社アドストリームジャパン","開発部","ご担当者","【1名から常駐】フロントエンド専任エンジニア40名、採用に頼らず体制強化","開発部 ご担当者様

UI改修や新機能開発を進めたくても、フロントエンド専任エンジニアの採用が進まず、着手が遅れていないでしょうか。

株式会社Lei Hau'oliは、フロントエンド特化で国内大手BtoC直請け水準のエンジニアを1名から供給できるSES会社です。React/Vue.js/Next.js/TypeScriptを専門とするエンジニア約40名が在籍し、国内最大級の美容予約サービスの開発にも参画しています。

中途採用に数か月かけずとも、大規模BtoCで培った開発フローと品質基準をそのまま持ち込めるため、リリースを止めずにUI品質を底上げできます。採用が長引く間も他社は機能改善を進めており、今動くかで次四半期の速度が変わります。

現状の開発体制について、「相談したい」の5文字だけご返信ください。折り返しご連絡します。

株式会社Lei Hau'oli 開発支援事業部","380","92","汎用（非パーソナライズ・マギ1回生成）",""
"2026-09-11T18:19:46+09:00","アドバンス柏株式会社","情報システム部","ご担当者","【1名から常駐】フロントエンド専任エンジニア40名、採用に頼らず体制強化","情報システム部 ご担当者様

UI改修や新機能開発を進めたくても、フロントエンド専任エンジニアの採用が進まず、着手が遅れていないでしょうか。

株式会社Lei Hau'oliは、フロントエンド特化で国内大手BtoC直請け水準のエンジニアを1名から供給できるSES会社です。React/Vue.js/Next.js/TypeScriptを専門とするエンジニア約40名が在籍し、国内最大級の美容予約サービスの開発にも参画しています。

中途採用に数か月かけずとも、大規模BtoCで培った開発フローと品質基準をそのまま持ち込めるため、リリースを止めずにUI品質を底上げできます。採用が長引く間も他社は機能改善を進めており、今動くかで次四半期の速度が変わります。

現状の開発体制について、「相談したい」の5文字だけご返信ください。折り返しご連絡します。

株式会社Lei Hau'oli 開発支援事業部","384","92","汎用（非パーソナライズ・マギ1回生成）",""
"2026-09-11T18:19:46+09:00","株式会社Momo","開発部","ご担当者","【1名から常駐】フロントエンド専任エンジニア40名、採用に頼らず体制強化","開発部 ご担当者様

UI改修や新機能開発を進めたくても、フロントエンド専任エンジニアの採用が進まず、着手が遅れていないでしょうか。

株式会社Lei Hau'oliは、フロントエンド特化で国内大手BtoC直請け水準のエンジニアを1名から供給できるSES会社です。React/Vue.js/Next.js/TypeScriptを専門とするエンジニア約40名が在籍し、国内最大級の美容予約サービスの開発にも参画しています。

中途採用に数か月かけずとも、大規模BtoCで培った開発フローと品質基準をそのまま持ち込めるため、リリースを止めずにUI品質を底上げできます。採用が長引く間も他社は機能改善を進めており、今動くかで次四半期の速度が変わります。

現状の開発体制について、「相談したい」の5文字だけご返信ください。折り返しご連絡します。

株式会社Lei Hau'oli 開発支援事業部","380","92","汎用（非パーソナライズ・マギ1回生成）",""
"2026-09-11T18:19:46+09:00","株式会社chaintope","開発部","ご担当者","【1名から常駐】フロントエンド専任エンジニア40名、採用に頼らず体制強化","開発部 ご担当者様

UI改修や新機能開発を進めたくても、フロントエンド専任エンジニアの採用が進まず、着手が遅れていないでしょうか。

株式会社Lei Hau'oliは、フロントエンド特化で国内大手BtoC直請け水準のエンジニアを1名から供給できるSES会社です。React/Vue.js/Next.js/TypeScriptを専門とするエンジニア約40名が在籍し、国内最大級の美容予約サービスの開発にも参画しています。

中途採用に数か月かけずとも、大規模BtoCで培った開発フローと品質基準をそのまま持ち込めるため、リリースを止めずにUI品質を底上げできます。採用が長引く間も他社は機能改善を進めており、今動くかで次四半期の速度が変わります。

現状の開発体制について、「相談したい」の5文字だけご返信ください。折り返しご連絡します。

株式会社Lei Hau'oli 開発支援事業部","380","92","汎用（非パーソナライズ・マギ1回生成）",""
"2026-09-11T18:19:46+09:00","株式会社ソーシャルキャピタル・プロダクション","開発部","ご担当者","【1名から常駐】フロントエンド専任エンジニア40名、採用に頼らず体制強化","開発部 ご担当者様

UI改修や新機能開発を進めたくても、フロントエンド専任エンジニアの採用が進まず、着手が遅れていないでしょうか。

株式会社Lei Hau'oliは、フロントエンド特化で国内大手BtoC直請け水準のエンジニアを1名から供給できるSES会社です。React/Vue.js/Next.js/TypeScriptを専門とするエンジニア約40名が在籍し、国内最大級の美容予約サービスの開発にも参画しています。

中途採用に数か月かけずとも、大規模BtoCで培った開発フローと品質基準をそのまま持ち込めるため、リリースを止めずにUI品質を底上げできます。採用が長引く間も他社は機能改善を進めており、今動くかで次四半期の速度が変わります。

現状の開発体制について、「相談したい」の5文字だけご返信ください。折り返しご連絡します。

株式会社Lei Hau'oli 開発支援事業部","380","92","汎用（非パーソナライズ・マギ1回生成）",""
"2026-09-11T18:19:46+09:00","Keeyls株式会社","開発部","ご担当者","【1名から常駐】フロントエンド専任エンジニア40名、採用に頼らず体制強化","開発部 ご担当者様

UI改修や新機能開発を進めたくても、フロントエンド専任エンジニアの採用が進まず、着手が遅れていないでしょうか。

株式会社Lei Hau'oliは、フロントエンド特化で国内大手BtoC直請け水準のエンジニアを1名から供給できるSES会社です。React/Vue.js/Next.js/TypeScriptを専門とするエンジニア約40名が在籍し、国内最大級の美容予約サービスの開発にも参画しています。

中途採用に数か月かけずとも、大規模BtoCで培った開発フローと品質基準をそのまま持ち込めるため、リリースを止めずにUI品質を底上げできます。採用が長引く間も他社は機能改善を進めており、今動くかで次四半期の速度が変わります。

現状の開発体制について、「相談したい」の5文字だけご返信ください。折り返しご連絡します。

株式会社Lei Hau'oli 開発支援事業部","380","92","汎用（非パーソナライズ・マギ1回生成）",""
"2026-09-11T18:19:46+09:00","株式会社Azit","開発部","ご担当者","【1名から常駐】フロントエンド専任エンジニア40名、採用に頼らず体制強化","開発部 ご担当者様

UI改修や新機能開発を進めたくても、フロントエンド専任エンジニアの採用が進まず、着手が遅れていないでしょうか。

株式会社Lei Hau'oliは、フロントエンド特化で国内大手BtoC直請け水準のエンジニアを1名から供給できるSES会社です。React/Vue.js/Next.js/TypeScriptを専門とするエンジニア約40名が在籍し、国内最大級の美容予約サービスの開発にも参画しています。

中途採用に数か月かけずとも、大規模BtoCで培った開発フローと品質基準をそのまま持ち込めるため、リリースを止めずにUI品質を底上げできます。採用が長引く間も他社は機能改善を進めており、今動くかで次四半期の速度が変わります。

現状の開発体制について、「相談したい」の5文字だけご返信ください。折り返しご連絡します。

株式会社Lei Hau'oli 開発支援事業部","380","92","汎用（非パーソナライズ・マギ1回生成）",""
"2026-09-11T18:19:46+09:00","株式会社ScopeNext","開発部","ご担当者","【1名から常駐】フロントエンド専任エンジニア40名、採用に頼らず体制強化","開発部 ご担当者様

UI改修や新機能開発を進めたくても、フロントエンド専任エンジニアの採用が進まず、着手が遅れていないでしょうか。

株式会社Lei Hau'oliは、フロントエンド特化で国内大手BtoC直請け水準のエンジニアを1名から供給できるSES会社です。React/Vue.js/Next.js/TypeScriptを専門とするエンジニア約40名が在籍し、国内最大級の美容予約サービスの開発にも参画しています。

中途採用に数か月かけずとも、大規模BtoCで培った開発フローと品質基準をそのまま持ち込めるため、リリースを止めずにUI品質を底上げできます。採用が長引く間も他社は機能改善を進めており、今動くかで次四半期の速度が変わります。

現状の開発体制について、「相談したい」の5文字だけご返信ください。折り返しご連絡します。

株式会社Lei Hau'oli 開発支援事業部","380","92","汎用（非パーソナライズ・マギ1回生成）",""
"2026-09-11T18:19:46+09:00","サイトンジャパン合同会社","情報システム部","ご担当者","【1名から常駐】フロントエンド専任エンジニア40名、採用に頼らず体制強化","情報システム部 ご担当者様

UI改修や新機能開発を進めたくても、フロントエンド専任エンジニアの採用が進まず、着手が遅れていないでしょうか。

株式会社Lei Hau'oliは、フロントエンド特化で国内大手BtoC直請け水準のエンジニアを1名から供給できるSES会社です。React/Vue.js/Next.js/TypeScriptを専門とするエンジニア約40名が在籍し、国内最大級の美容予約サービスの開発にも参画しています。

中途採用に数か月かけずとも、大規模BtoCで培った開発フローと品質基準をそのまま持ち込めるため、リリースを止めずにUI品質を底上げできます。採用が長引く間も他社は機能改善を進めており、今動くかで次四半期の速度が変わります。

現状の開発体制について、「相談したい」の5文字だけご返信ください。折り返しご連絡します。

株式会社Lei Hau'oli 開発支援事業部","384","92","汎用（非パーソナライズ・マギ1回生成）",""
"2026-09-11T18:19:46+09:00","株式会社シーラベル","開発部","ご担当者","【1名から常駐】フロントエンド専任エンジニア40名、採用に頼らず体制強化","開発部 ご担当者様

UI改修や新機能開発を進めたくても、フロントエンド専任エンジニアの採用が進まず、着手が遅れていないでしょうか。

株式会社Lei Hau'oliは、フロントエンド特化で国内大手BtoC直請け水準のエンジニアを1名から供給できるSES会社です。React/Vue.js/Next.js/TypeScriptを専門とするエンジニア約40名が在籍し、国内最大級の美容予約サービスの開発にも参画しています。

中途採用に数か月かけずとも、大規模BtoCで培った開発フローと品質基準をそのまま持ち込めるため、リリースを止めずにUI品質を底上げできます。採用が長引く間も他社は機能改善を進めており、今動くかで次四半期の速度が変わります。

現状の開発体制について、「相談したい」の5文字だけご返信ください。折り返しご連絡します。

株式会社Lei Hau'oli 開発支援事業部","380","92","汎用（非パーソナライズ・マギ1回生成）",""
"2026-09-11T18:19:46+09:00","PharmaX株式会社","開発部","ご担当者","【1名から常駐】フロントエンド専任エンジニア40名、採用に頼らず体制強化","開発部 ご担当者様

UI改修や新機能開発を進めたくても、フロントエンド専任エンジニアの採用が進まず、着手が遅れていないでしょうか。

株式会社Lei Hau'oliは、フロントエンド特化で国内大手BtoC直請け水準のエンジニアを1名から供給できるSES会社です。React/Vue.js/Next.js/TypeScriptを専門とするエンジニア約40名が在籍し、国内最大級の美容予約サービスの開発にも参画しています。

中途採用に数か月かけずとも、大規模BtoCで培った開発フローと品質基準をそのまま持ち込めるため、リリースを止めずにUI品質を底上げできます。採用が長引く間も他社は機能改善を進めており、今動くかで次四半期の速度が変わります。

現状の開発体制について、「相談したい」の5文字だけご返信ください。折り返しご連絡します。

株式会社Lei Hau'oli 開発支援事業部","380","92","汎用（非パーソナライズ・マギ1回生成）",""
"2026-09-11T18:19:46+09:00","ウィメンズヘルス・ジャパン株式会社","情報システム部","ご担当者","【1名から常駐】フロントエンド専任エンジニア40名、採用に頼らず体制強化","情報システム部 ご担当者様

UI改修や新機能開発を進めたくても、フロントエンド専任エンジニアの採用が進まず、着手が遅れていないでしょうか。

株式会社Lei Hau'oliは、フロントエンド特化で国内大手BtoC直請け水準のエンジニアを1名から供給できるSES会社です。React/Vue.js/Next.js/TypeScriptを専門とするエンジニア約40名が在籍し、国内最大級の美容予約サービスの開発にも参画しています。

中途採用に数か月かけずとも、大規模BtoCで培った開発フローと品質基準をそのまま持ち込めるため、リリースを止めずにUI品質を底上げできます。採用が長引く間も他社は機能改善を進めており、今動くかで次四半期の速度が変わります。

現状の開発体制について、「相談したい」の5文字だけご返信ください。折り返しご連絡します。

株式会社Lei Hau'oli 開発支援事業部","384","92","汎用（非パーソナライズ・マギ1回生成）",""
"2026-09-11T18:19:46+09:00","シーイヤー株式会社","開発部","ご担当者","【1名から常駐】フロントエンド専任エンジニア40名、採用に頼らず体制強化","開発部 ご担当者様

UI改修や新機能開発を進めたくても、フロントエンド専任エンジニアの採用が進まず、着手が遅れていないでしょうか。

株式会社Lei Hau'oliは、フロントエンド特化で国内大手BtoC直請け水準のエンジニアを1名から供給できるSES会社です。React/Vue.js/Next.js/TypeScriptを専門とするエンジニア約40名が在籍し、国内最大級の美容予約サービスの開発にも参画しています。

中途採用に数か月かけずとも、大規模BtoCで培った開発フローと品質基準をそのまま持ち込めるため、リリースを止めずにUI品質を底上げできます。採用が長引く間も他社は機能改善を進めており、今動くかで次四半期の速度が変わります。

現状の開発体制について、「相談したい」の5文字だけご返信ください。折り返しご連絡します。

株式会社Lei Hau'oli 開発支援事業部","380","92","汎用（非パーソナライズ・マギ1回生成）",""
"2026-09-11T18:19:46+09:00","Willbox株式会社","開発部","ご担当者","【1名から常駐】フロントエンド専任エンジニア40名、採用に頼らず体制強化","開発部 ご担当者様

UI改修や新機能開発を進めたくても、フロントエンド専任エンジニアの採用が進まず、着手が遅れていないでしょうか。

株式会社Lei Hau'oliは、フロントエンド特化で国内大手BtoC直請け水準のエンジニアを1名から供給できるSES会社です。React/Vue.js/Next.js/TypeScriptを専門とするエンジニア約40名が在籍し、国内最大級の美容予約サービスの開発にも参画しています。

中途採用に数か月かけずとも、大規模BtoCで培った開発フローと品質基準をそのまま持ち込めるため、リリースを止めずにUI品質を底上げできます。採用が長引く間も他社は機能改善を進めており、今動くかで次四半期の速度が変わります。

現状の開発体制について、「相談したい」の5文字だけご返信ください。折り返しご連絡します。

株式会社Lei Hau'oli 開発支援事業部","380","92","汎用（非パーソナライズ・マギ1回生成）",""
"2026-09-11T18:19:46+09:00","ネオメディカル株式会社","情報システム部","ご担当者","【1名から常駐】フロントエンド専任エンジニア40名、採用に頼らず体制強化","情報システム部 ご担当者様

UI改修や新機能開発を進めたくても、フロントエンド専任エンジニアの採用が進まず、着手が遅れていないでしょうか。

株式会社Lei Hau'oliは、フロントエンド特化で国内大手BtoC直請け水準のエンジニアを1名から供給できるSES会社です。React/Vue.js/Next.js/TypeScriptを専門とするエンジニア約40名が在籍し、国内最大級の美容予約サービスの開発にも参画しています。

中途採用に数か月かけずとも、大規模BtoCで培った開発フローと品質基準をそのまま持ち込めるため、リリースを止めずにUI品質を底上げできます。採用が長引く間も他社は機能改善を進めており、今動くかで次四半期の速度が変わります。

現状の開発体制について、「相談したい」の5文字だけご返信ください。折り返しご連絡します。

株式会社Lei Hau'oli 開発支援事業部","384","92","汎用（非パーソナライズ・マギ1回生成）",""
"2026-09-11T18:19:46+09:00","イノベーティブ・デザイン合同会社","開発部","ご担当者","【1名から常駐】フロントエンド専任エンジニア40名、採用に頼らず体制強化","開発部 ご担当者様

UI改修や新機能開発を進めたくても、フロントエンド専任エンジニアの採用が進まず、着手が遅れていないでしょうか。

株式会社Lei Hau'oliは、フロントエンド特化で国内大手BtoC直請け水準のエンジニアを1名から供給できるSES会社です。React/Vue.js/Next.js/TypeScriptを専門とするエンジニア約40名が在籍し、国内最大級の美容予約サービスの開発にも参画しています。

中途採用に数か月かけずとも、大規模BtoCで培った開発フローと品質基準をそのまま持ち込めるため、リリースを止めずにUI品質を底上げできます。採用が長引く間も他社は機能改善を進めており、今動くかで次四半期の速度が変わります。

現状の開発体制について、「相談したい」の5文字だけご返信ください。折り返しご連絡します。

株式会社Lei Hau'oli 開発支援事業部","380","92","汎用（非パーソナライズ・マギ1回生成）",""
"2026-09-11T18:19:46+09:00","株式会社トランスソフト","開発部","ご担当者","【1名から常駐】フロントエンド専任エンジニア40名、採用に頼らず体制強化","開発部 ご担当者様

UI改修や新機能開発を進めたくても、フロントエンド専任エンジニアの採用が進まず、着手が遅れていないでしょうか。

株式会社Lei Hau'oliは、フロントエンド特化で国内大手BtoC直請け水準のエンジニアを1名から供給できるSES会社です。React/Vue.js/Next.js/TypeScriptを専門とするエンジニア約40名が在籍し、国内最大級の美容予約サービスの開発にも参画しています。

中途採用に数か月かけずとも、大規模BtoCで培った開発フローと品質基準をそのまま持ち込めるため、リリースを止めずにUI品質を底上げできます。採用が長引く間も他社は機能改善を進めており、今動くかで次四半期の速度が変わります。

現状の開発体制について、「相談したい」の5文字だけご返信ください。折り返しご連絡します。

株式会社Lei Hau'oli 開発支援事業部","380","92","汎用（非パーソナライズ・マギ1回生成）",""
"2026-09-11T18:19:46+09:00","センシン株式会社","開発部","ご担当者","【1名から常駐】フロントエンド専任エンジニア40名、採用に頼らず体制強化","開発部 ご担当者様

UI改修や新機能開発を進めたくても、フロントエンド専任エンジニアの採用が進まず、着手が遅れていないでしょうか。

株式会社Lei Hau'oliは、フロントエンド特化で国内大手BtoC直請け水準のエンジニアを1名から供給できるSES会社です。React/Vue.js/Next.js/TypeScriptを専門とするエンジニア約40名が在籍し、国内最大級の美容予約サービスの開発にも参画しています。

中途採用に数か月かけずとも、大規模BtoCで培った開発フローと品質基準をそのまま持ち込めるため、リリースを止めずにUI品質を底上げできます。採用が長引く間も他社は機能改善を進めており、今動くかで次四半期の速度が変わります。

現状の開発体制について、「相談したい」の5文字だけご返信ください。折り返しご連絡します。

株式会社Lei Hau'oli 開発支援事業部","380","92","汎用（非パーソナライズ・マギ1回生成）",""
"2026-09-11T18:19:46+09:00","タイムクラウド株式会社","開発部","ご担当者","【1名から常駐】フロントエンド専任エンジニア40名、採用に頼らず体制強化","開発部 ご担当者様

UI改修や新機能開発を進めたくても、フロントエンド専任エンジニアの採用が進まず、着手が遅れていないでしょうか。

株式会社Lei Hau'oliは、フロントエンド特化で国内大手BtoC直請け水準のエンジニアを1名から供給できるSES会社です。React/Vue.js/Next.js/TypeScriptを専門とするエンジニア約40名が在籍し、国内最大級の美容予約サービスの開発にも参画しています。

中途採用に数か月かけずとも、大規模BtoCで培った開発フローと品質基準をそのまま持ち込めるため、リリースを止めずにUI品質を底上げできます。採用が長引く間も他社は機能改善を進めており、今動くかで次四半期の速度が変わります。

現状の開発体制について、「相談したい」の5文字だけご返信ください。折り返しご連絡します。

株式会社Lei Hau'oli 開発支援事業部","380","92","汎用（非パーソナライズ・マギ1回生成）",""
"2026-09-11T18:19:46+09:00","株式会社overflow","開発部","ご担当者","【1名から常駐】フロントエンド専任エンジニア40名、採用に頼らず体制強化","開発部 ご担当者様

UI改修や新機能開発を進めたくても、フロントエンド専任エンジニアの採用が進まず、着手が遅れていないでしょうか。

株式会社Lei Hau'oliは、フロントエンド特化で国内大手BtoC直請け水準のエンジニアを1名から供給できるSES会社です。React/Vue.js/Next.js/TypeScriptを専門とするエンジニア約40名が在籍し、国内最大級の美容予約サービスの開発にも参画しています。

中途採用に数か月かけずとも、大規模BtoCで培った開発フローと品質基準をそのまま持ち込めるため、リリースを止めずにUI品質を底上げできます。採用が長引く間も他社は機能改善を進めており、今動くかで次四半期の速度が変わります。

現状の開発体制について、「相談したい」の5文字だけご返信ください。折り返しご連絡します。

株式会社Lei Hau'oli 開発支援事業部","380","92","汎用（非パーソナライズ・マギ1回生成）",""
"2026-09-11T18:19:46+09:00","株式会社ジョインハンズスポーツ","開発部","ご担当者","【1名から常駐】フロントエンド専任エンジニア40名、採用に頼らず体制強化","開発部 ご担当者様

UI改修や新機能開発を進めたくても、フロントエンド専任エンジニアの採用が進まず、着手が遅れていないでしょうか。

株式会社Lei Hau'oliは、フロントエンド特化で国内大手BtoC直請け水準のエンジニアを1名から供給できるSES会社です。React/Vue.js/Next.js/TypeScriptを専門とするエンジニア約40名が在籍し、国内最大級の美容予約サービスの開発にも参画しています。

中途採用に数か月かけずとも、大規模BtoCで培った開発フローと品質基準をそのまま持ち込めるため、リリースを止めずにUI品質を底上げできます。採用が長引く間も他社は機能改善を進めており、今動くかで次四半期の速度が変わります。

現状の開発体制について、「相談したい」の5文字だけご返信ください。折り返しご連絡します。

株式会社Lei Hau'oli 開発支援事業部","380","92","汎用（非パーソナライズ・マギ1回生成）",""
"2026-09-11T18:19:46+09:00","RFルーカス株式会社","開発部","ご担当者","【1名から常駐】フロントエンド専任エンジニア40名、採用に頼らず体制強化","開発部 ご担当者様

UI改修や新機能開発を進めたくても、フロントエンド専任エンジニアの採用が進まず、着手が遅れていないでしょうか。

株式会社Lei Hau'oliは、フロントエンド特化で国内大手BtoC直請け水準のエンジニアを1名から供給できるSES会社です。React/Vue.js/Next.js/TypeScriptを専門とするエンジニア約40名が在籍し、国内最大級の美容予約サービスの開発にも参画しています。

中途採用に数か月かけずとも、大規模BtoCで培った開発フローと品質基準をそのまま持ち込めるため、リリースを止めずにUI品質を底上げできます。採用が長引く間も他社は機能改善を進めており、今動くかで次四半期の速度が変わります。

現状の開発体制について、「相談したい」の5文字だけご返信ください。折り返しご連絡します。

株式会社Lei Hau'oli 開発支援事業部","380","92","汎用（非パーソナライズ・マギ1回生成）",""
"2026-09-11T18:19:46+09:00","エンゲート株式会社","開発部","ご担当者","【1名から常駐】フロントエンド専任エンジニア40名、採用に頼らず体制強化","開発部 ご担当者様

UI改修や新機能開発を進めたくても、フロントエンド専任エンジニアの採用が進まず、着手が遅れていないでしょうか。

株式会社Lei Hau'oliは、フロントエンド特化で国内大手BtoC直請け水準のエンジニアを1名から供給できるSES会社です。React/Vue.js/Next.js/TypeScriptを専門とするエンジニア約40名が在籍し、国内最大級の美容予約サービスの開発にも参画しています。

中途採用に数か月かけずとも、大規模BtoCで培った開発フローと品質基準をそのまま持ち込めるため、リリースを止めずにUI品質を底上げできます。採用が長引く間も他社は機能改善を進めており、今動くかで次四半期の速度が変わります。

現状の開発体制について、「相談したい」の5文字だけご返信ください。折り返しご連絡します。

株式会社Lei Hau'oli 開発支援事業部","380","92","汎用（非パーソナライズ・マギ1回生成）",""
"2026-09-11T18:19:46+09:00","株式会社タグバンガーズ","開発部","ご担当者","【1名から常駐】フロントエンド専任エンジニア40名、採用に頼らず体制強化","開発部 ご担当者様

UI改修や新機能開発を進めたくても、フロントエンド専任エンジニアの採用が進まず、着手が遅れていないでしょうか。

株式会社Lei Hau'oliは、フロントエンド特化で国内大手BtoC直請け水準のエンジニアを1名から供給できるSES会社です。React/Vue.js/Next.js/TypeScriptを専門とするエンジニア約40名が在籍し、国内最大級の美容予約サービスの開発にも参画しています。

中途採用に数か月かけずとも、大規模BtoCで培った開発フローと品質基準をそのまま持ち込めるため、リリースを止めずにUI品質を底上げできます。採用が長引く間も他社は機能改善を進めており、今動くかで次四半期の速度が変わります。

現状の開発体制について、「相談したい」の5文字だけご返信ください。折り返しご連絡します。

株式会社Lei Hau'oli 開発支援事業部","380","92","汎用（非パーソナライズ・マギ1回生成）",""
"2026-09-11T18:19:46+09:00","株式会社京都システム技研","開発部","ご担当者","【1名から常駐】フロントエンド専任エンジニア40名、採用に頼らず体制強化","開発部 ご担当者様

UI改修や新機能開発を進めたくても、フロントエンド専任エンジニアの採用が進まず、着手が遅れていないでしょうか。

株式会社Lei Hau'oliは、フロントエンド特化で国内大手BtoC直請け水準のエンジニアを1名から供給できるSES会社です。React/Vue.js/Next.js/TypeScriptを専門とするエンジニア約40名が在籍し、国内最大級の美容予約サービスの開発にも参画しています。

中途採用に数か月かけずとも、大規模BtoCで培った開発フローと品質基準をそのまま持ち込めるため、リリースを止めずにUI品質を底上げできます。採用が長引く間も他社は機能改善を進めており、今動くかで次四半期の速度が変わります。

現状の開発体制について、「相談したい」の5文字だけご返信ください。折り返しご連絡します。

株式会社Lei Hau'oli 開発支援事業部","380","92","汎用（非パーソナライズ・マギ1回生成）",""
"2026-09-11T18:19:46+09:00","株式会社ポセイドンCAE","開発部","ご担当者","【1名から常駐】フロントエンド専任エンジニア40名、採用に頼らず体制強化","開発部 ご担当者様

UI改修や新機能開発を進めたくても、フロントエンド専任エンジニアの採用が進まず、着手が遅れていないでしょうか。

株式会社Lei Hau'oliは、フロントエンド特化で国内大手BtoC直請け水準のエンジニアを1名から供給できるSES会社です。React/Vue.js/Next.js/TypeScriptを専門とするエンジニア約40名が在籍し、国内最大級の美容予約サービスの開発にも参画しています。

中途採用に数か月かけずとも、大規模BtoCで培った開発フローと品質基準をそのまま持ち込めるため、リリースを止めずにUI品質を底上げできます。採用が長引く間も他社は機能改善を進めており、今動くかで次四半期の速度が変わります。

現状の開発体制について、「相談したい」の5文字だけご返信ください。折り返しご連絡します。

株式会社Lei Hau'oli 開発支援事業部","380","92","汎用（非パーソナライズ・マギ1回生成）",""
"2026-09-11T18:19:46+09:00","株式会社ユナイテッドウィル","開発部","ご担当者","【1名から常駐】フロントエンド専任エンジニア40名、採用に頼らず体制強化","開発部 ご担当者様

UI改修や新機能開発を進めたくても、フロントエンド専任エンジニアの採用が進まず、着手が遅れていないでしょうか。

株式会社Lei Hau'oliは、フロントエンド特化で国内大手BtoC直請け水準のエンジニアを1名から供給できるSES会社です。React/Vue.js/Next.js/TypeScriptを専門とするエンジニア約40名が在籍し、国内最大級の美容予約サービスの開発にも参画しています。

中途採用に数か月かけずとも、大規模BtoCで培った開発フローと品質基準をそのまま持ち込めるため、リリースを止めずにUI品質を底上げできます。採用が長引く間も他社は機能改善を進めており、今動くかで次四半期の速度が変わります。

現状の開発体制について、「相談したい」の5文字だけご返信ください。折り返しご連絡します。

株式会社Lei Hau'oli 開発支援事業部","380","92","汎用（非パーソナライズ・マギ1回生成）",""
"2026-09-11T18:19:46+09:00","株式会社Greed","開発部","ご担当者","【1名から常駐】フロントエンド専任エンジニア40名、採用に頼らず体制強化","開発部 ご担当者様

UI改修や新機能開発を進めたくても、フロントエンド専任エンジニアの採用が進まず、着手が遅れていないでしょうか。

株式会社Lei Hau'oliは、フロントエンド特化で国内大手BtoC直請け水準のエンジニアを1名から供給できるSES会社です。React/Vue.js/Next.js/TypeScriptを専門とするエンジニア約40名が在籍し、国内最大級の美容予約サービスの開発にも参画しています。

中途採用に数か月かけずとも、大規模BtoCで培った開発フローと品質基準をそのまま持ち込めるため、リリースを止めずにUI品質を底上げできます。採用が長引く間も他社は機能改善を進めており、今動くかで次四半期の速度が変わります。

現状の開発体制について、「相談したい」の5文字だけご返信ください。折り返しご連絡します。

株式会社Lei Hau'oli 開発支援事業部","380","92","汎用（非パーソナライズ・マギ1回生成）",""
"2026-09-11T18:19:46+09:00","株式会社CONNEXT","開発部","ご担当者","【1名から常駐】フロントエンド専任エンジニア40名、採用に頼らず体制強化","開発部 ご担当者様

UI改修や新機能開発を進めたくても、フロントエンド専任エンジニアの採用が進まず、着手が遅れていないでしょうか。

株式会社Lei Hau'oliは、フロントエンド特化で国内大手BtoC直請け水準のエンジニアを1名から供給できるSES会社です。React/Vue.js/Next.js/TypeScriptを専門とするエンジニア約40名が在籍し、国内最大級の美容予約サービスの開発にも参画しています。

中途採用に数か月かけずとも、大規模BtoCで培った開発フローと品質基準をそのまま持ち込めるため、リリースを止めずにUI品質を底上げできます。採用が長引く間も他社は機能改善を進めており、今動くかで次四半期の速度が変わります。

現状の開発体制について、「相談したい」の5文字だけご返信ください。折り返しご連絡します。

株式会社Lei Hau'oli 開発支援事業部","380","92","汎用（非パーソナライズ・マギ1回生成）",""
"2026-09-11T18:19:46+09:00","株式会社イノフィス","情報システム部","ご担当者","【1名から常駐】フロントエンド専任エンジニア40名、採用に頼らず体制強化","情報システム部 ご担当者様

UI改修や新機能開発を進めたくても、フロントエンド専任エンジニアの採用が進まず、着手が遅れていないでしょうか。

株式会社Lei Hau'oliは、フロントエンド特化で国内大手BtoC直請け水準のエンジニアを1名から供給できるSES会社です。React/Vue.js/Next.js/TypeScriptを専門とするエンジニア約40名が在籍し、国内最大級の美容予約サービスの開発にも参画しています。

中途採用に数か月かけずとも、大規模BtoCで培った開発フローと品質基準をそのまま持ち込めるため、リリースを止めずにUI品質を底上げできます。採用が長引く間も他社は機能改善を進めており、今動くかで次四半期の速度が変わります。

現状の開発体制について、「相談したい」の5文字だけご返信ください。折り返しご連絡します。

株式会社Lei Hau'oli 開発支援事業部","384","92","汎用（非パーソナライズ・マギ1回生成）",""
"2026-09-11T18:19:46+09:00","株式会社KiZUKAI","開発部","ご担当者","【1名から常駐】フロントエンド専任エンジニア40名、採用に頼らず体制強化","開発部 ご担当者様

UI改修や新機能開発を進めたくても、フロントエンド専任エンジニアの採用が進まず、着手が遅れていないでしょうか。

株式会社Lei Hau'oliは、フロントエンド特化で国内大手BtoC直請け水準のエンジニアを1名から供給できるSES会社です。React/Vue.js/Next.js/TypeScriptを専門とするエンジニア約40名が在籍し、国内最大級の美容予約サービスの開発にも参画しています。

中途採用に数か月かけずとも、大規模BtoCで培った開発フローと品質基準をそのまま持ち込めるため、リリースを止めずにUI品質を底上げできます。採用が長引く間も他社は機能改善を進めており、今動くかで次四半期の速度が変わります。

現状の開発体制について、「相談したい」の5文字だけご返信ください。折り返しご連絡します。

株式会社Lei Hau'oli 開発支援事業部","380","92","汎用（非パーソナライズ・マギ1回生成）",""
"2026-09-11T18:19:46+09:00","インフォシェア株式会社","開発部","ご担当者","【1名から常駐】フロントエンド専任エンジニア40名、採用に頼らず体制強化","開発部 ご担当者様

UI改修や新機能開発を進めたくても、フロントエンド専任エンジニアの採用が進まず、着手が遅れていないでしょうか。

株式会社Lei Hau'oliは、フロントエンド特化で国内大手BtoC直請け水準のエンジニアを1名から供給できるSES会社です。React/Vue.js/Next.js/TypeScriptを専門とするエンジニア約40名が在籍し、国内最大級の美容予約サービスの開発にも参画しています。

中途採用に数か月かけずとも、大規模BtoCで培った開発フローと品質基準をそのまま持ち込めるため、リリースを止めずにUI品質を底上げできます。採用が長引く間も他社は機能改善を進めており、今動くかで次四半期の速度が変わります。

現状の開発体制について、「相談したい」の5文字だけご返信ください。折り返しご連絡します。

株式会社Lei Hau'oli 開発支援事業部","380","92","汎用（非パーソナライズ・マギ1回生成）",""
"2026-09-11T18:19:46+09:00","株式会社ファンコーポレーション","開発部","ご担当者","【1名から常駐】フロントエンド専任エンジニア40名、採用に頼らず体制強化","開発部 ご担当者様

UI改修や新機能開発を進めたくても、フロントエンド専任エンジニアの採用が進まず、着手が遅れていないでしょうか。

株式会社Lei Hau'oliは、フロントエンド特化で国内大手BtoC直請け水準のエンジニアを1名から供給できるSES会社です。React/Vue.js/Next.js/TypeScriptを専門とするエンジニア約40名が在籍し、国内最大級の美容予約サービスの開発にも参画しています。

中途採用に数か月かけずとも、大規模BtoCで培った開発フローと品質基準をそのまま持ち込めるため、リリースを止めずにUI品質を底上げできます。採用が長引く間も他社は機能改善を進めており、今動くかで次四半期の速度が変わります。

現状の開発体制について、「相談したい」の5文字だけご返信ください。折り返しご連絡します。

株式会社Lei Hau'oli 開発支援事業部","380","92","汎用（非パーソナライズ・マギ1回生成）",""
"2026-09-11T18:19:46+09:00","株式会社トレス","開発部","ご担当者","【1名から常駐】フロントエンド専任エンジニア40名、採用に頼らず体制強化","開発部 ご担当者様

UI改修や新機能開発を進めたくても、フロントエンド専任エンジニアの採用が進まず、着手が遅れていないでしょうか。

株式会社Lei Hau'oliは、フロントエンド特化で国内大手BtoC直請け水準のエンジニアを1名から供給できるSES会社です。React/Vue.js/Next.js/TypeScriptを専門とするエンジニア約40名が在籍し、国内最大級の美容予約サービスの開発にも参画しています。

中途採用に数か月かけずとも、大規模BtoCで培った開発フローと品質基準をそのまま持ち込めるため、リリースを止めずにUI品質を底上げできます。採用が長引く間も他社は機能改善を進めており、今動くかで次四半期の速度が変わります。

現状の開発体制について、「相談したい」の5文字だけご返信ください。折り返しご連絡します。

株式会社Lei Hau'oli 開発支援事業部","380","92","汎用（非パーソナライズ・マギ1回生成）",""
"2026-09-11T18:19:46+09:00","株式会社TRINUS","開発部","ご担当者","【1名から常駐】フロントエンド専任エンジニア40名、採用に頼らず体制強化","開発部 ご担当者様

UI改修や新機能開発を進めたくても、フロントエンド専任エンジニアの採用が進まず、着手が遅れていないでしょうか。

株式会社Lei Hau'oliは、フロントエンド特化で国内大手BtoC直請け水準のエンジニアを1名から供給できるSES会社です。React/Vue.js/Next.js/TypeScriptを専門とするエンジニア約40名が在籍し、国内最大級の美容予約サービスの開発にも参画しています。

中途採用に数か月かけずとも、大規模BtoCで培った開発フローと品質基準をそのまま持ち込めるため、リリースを止めずにUI品質を底上げできます。採用が長引く間も他社は機能改善を進めており、今動くかで次四半期の速度が変わります。

現状の開発体制について、「相談したい」の5文字だけご返信ください。折り返しご連絡します。

株式会社Lei Hau'oli 開発支援事業部","380","92","汎用（非パーソナライズ・マギ1回生成）",""
"2026-09-11T18:19:46+09:00","株式会社イーアイアイ","開発部","ご担当者","【1名から常駐】フロントエンド専任エンジニア40名、採用に頼らず体制強化","開発部 ご担当者様

UI改修や新機能開発を進めたくても、フロントエンド専任エンジニアの採用が進まず、着手が遅れていないでしょうか。

株式会社Lei Hau'oliは、フロントエンド特化で国内大手BtoC直請け水準のエンジニアを1名から供給できるSES会社です。React/Vue.js/Next.js/TypeScriptを専門とするエンジニア約40名が在籍し、国内最大級の美容予約サービスの開発にも参画しています。

中途採用に数か月かけずとも、大規模BtoCで培った開発フローと品質基準をそのまま持ち込めるため、リリースを止めずにUI品質を底上げできます。採用が長引く間も他社は機能改善を進めており、今動くかで次四半期の速度が変わります。

現状の開発体制について、「相談したい」の5文字だけご返信ください。折り返しご連絡します。

株式会社Lei Hau'oli 開発支援事業部","380","92","汎用（非パーソナライズ・マギ1回生成）",""
"2026-09-11T18:19:46+09:00","株式会社NiCO","技術部","ご担当者","【1名から常駐】フロントエンド専任エンジニア40名、採用に頼らず体制強化","技術部 ご担当者様

UI改修や新機能開発を進めたくても、フロントエンド専任エンジニアの採用が進まず、着手が遅れていないでしょうか。

株式会社Lei Hau'oliは、フロントエンド特化で国内大手BtoC直請け水準のエンジニアを1名から供給できるSES会社です。React/Vue.js/Next.js/TypeScriptを専門とするエンジニア約40名が在籍し、国内最大級の美容予約サービスの開発にも参画しています。

中途採用に数か月かけずとも、大規模BtoCで培った開発フローと品質基準をそのまま持ち込めるため、リリースを止めずにUI品質を底上げできます。採用が長引く間も他社は機能改善を進めており、今動くかで次四半期の速度が変わります。

現状の開発体制について、「相談したい」の5文字だけご返信ください。折り返しご連絡します。

株式会社Lei Hau'oli 開発支援事業部","380","92","汎用（非パーソナライズ・マギ1回生成）",""
"2026-09-11T18:19:46+09:00","シェンペクス・インターナショナル株式会社","情報システム部","ご担当者","【1名から常駐】フロントエンド専任エンジニア40名、採用に頼らず体制強化","情報システム部 ご担当者様

UI改修や新機能開発を進めたくても、フロントエンド専任エンジニアの採用が進まず、着手が遅れていないでしょうか。

株式会社Lei Hau'oliは、フロントエンド特化で国内大手BtoC直請け水準のエンジニアを1名から供給できるSES会社です。React/Vue.js/Next.js/TypeScriptを専門とするエンジニア約40名が在籍し、国内最大級の美容予約サービスの開発にも参画しています。

中途採用に数か月かけずとも、大規模BtoCで培った開発フローと品質基準をそのまま持ち込めるため、リリースを止めずにUI品質を底上げできます。採用が長引く間も他社は機能改善を進めており、今動くかで次四半期の速度が変わります。

現状の開発体制について、「相談したい」の5文字だけご返信ください。折り返しご連絡します。

株式会社Lei Hau'oli 開発支援事業部","384","92","汎用（非パーソナライズ・マギ1回生成）",""
"2026-09-11T18:19:46+09:00","株式会社Mountain Gorilla","開発部","ご担当者","【1名から常駐】フロントエンド専任エンジニア40名、採用に頼らず体制強化","開発部 ご担当者様

UI改修や新機能開発を進めたくても、フロントエンド専任エンジニアの採用が進まず、着手が遅れていないでしょうか。

株式会社Lei Hau'oliは、フロントエンド特化で国内大手BtoC直請け水準のエンジニアを1名から供給できるSES会社です。React/Vue.js/Next.js/TypeScriptを専門とするエンジニア約40名が在籍し、国内最大級の美容予約サービスの開発にも参画しています。

中途採用に数か月かけずとも、大規模BtoCで培った開発フローと品質基準をそのまま持ち込めるため、リリースを止めずにUI品質を底上げできます。採用が長引く間も他社は機能改善を進めており、今動くかで次四半期の速度が変わります。

現状の開発体制について、「相談したい」の5文字だけご返信ください。折り返しご連絡します。

株式会社Lei Hau'oli 開発支援事業部","380","92","汎用（非パーソナライズ・マギ1回生成）",""
"2026-09-11T18:19:46+09:00","MYG Build株式会社","開発部","ご担当者","【1名から常駐】フロントエンド専任エンジニア40名、採用に頼らず体制強化","開発部 ご担当者様

UI改修や新機能開発を進めたくても、フロントエンド専任エンジニアの採用が進まず、着手が遅れていないでしょうか。

株式会社Lei Hau'oliは、フロントエンド特化で国内大手BtoC直請け水準のエンジニアを1名から供給できるSES会社です。React/Vue.js/Next.js/TypeScriptを専門とするエンジニア約40名が在籍し、国内最大級の美容予約サービスの開発にも参画しています。

中途採用に数か月かけずとも、大規模BtoCで培った開発フローと品質基準をそのまま持ち込めるため、リリースを止めずにUI品質を底上げできます。採用が長引く間も他社は機能改善を進めており、今動くかで次四半期の速度が変わります。

現状の開発体制について、「相談したい」の5文字だけご返信ください。折り返しご連絡します。

株式会社Lei Hau'oli 開発支援事業部","380","92","汎用（非パーソナライズ・マギ1回生成）",""
"2026-09-11T18:19:46+09:00","シンビオス株式会社","開発部","ご担当者","【1名から常駐】フロントエンド専任エンジニア40名、採用に頼らず体制強化","開発部 ご担当者様

UI改修や新機能開発を進めたくても、フロントエンド専任エンジニアの採用が進まず、着手が遅れていないでしょうか。

株式会社Lei Hau'oliは、フロントエンド特化で国内大手BtoC直請け水準のエンジニアを1名から供給できるSES会社です。React/Vue.js/Next.js/TypeScriptを専門とするエンジニア約40名が在籍し、国内最大級の美容予約サービスの開発にも参画しています。

中途採用に数か月かけずとも、大規模BtoCで培った開発フローと品質基準をそのまま持ち込めるため、リリースを止めずにUI品質を底上げできます。採用が長引く間も他社は機能改善を進めており、今動くかで次四半期の速度が変わります。

現状の開発体制について、「相談したい」の5文字だけご返信ください。折り返しご連絡します。

株式会社Lei Hau'oli 開発支援事業部","380","92","汎用（非パーソナライズ・マギ1回生成）",""
"2026-09-11T18:19:46+09:00","株式会社ハイクラウド","開発部","ご担当者","【1名から常駐】フロントエンド専任エンジニア40名、採用に頼らず体制強化","開発部 ご担当者様

UI改修や新機能開発を進めたくても、フロントエンド専任エンジニアの採用が進まず、着手が遅れていないでしょうか。

株式会社Lei Hau'oliは、フロントエンド特化で国内大手BtoC直請け水準のエンジニアを1名から供給できるSES会社です。React/Vue.js/Next.js/TypeScriptを専門とするエンジニア約40名が在籍し、国内最大級の美容予約サービスの開発にも参画しています。

中途採用に数か月かけずとも、大規模BtoCで培った開発フローと品質基準をそのまま持ち込めるため、リリースを止めずにUI品質を底上げできます。採用が長引く間も他社は機能改善を進めており、今動くかで次四半期の速度が変わります。

現状の開発体制について、「相談したい」の5文字だけご返信ください。折り返しご連絡します。

株式会社Lei Hau'oli 開発支援事業部","380","92","汎用（非パーソナライズ・マギ1回生成）",""
"2026-09-11T18:19:46+09:00","株式会社チカク","開発部","ご担当者","【1名から常駐】フロントエンド専任エンジニア40名、採用に頼らず体制強化","開発部 ご担当者様

UI改修や新機能開発を進めたくても、フロントエンド専任エンジニアの採用が進まず、着手が遅れていないでしょうか。

株式会社Lei Hau'oliは、フロントエンド特化で国内大手BtoC直請け水準のエンジニアを1名から供給できるSES会社です。React/Vue.js/Next.js/TypeScriptを専門とするエンジニア約40名が在籍し、国内最大級の美容予約サービスの開発にも参画しています。

中途採用に数か月かけずとも、大規模BtoCで培った開発フローと品質基準をそのまま持ち込めるため、リリースを止めずにUI品質を底上げできます。採用が長引く間も他社は機能改善を進めており、今動くかで次四半期の速度が変わります。

現状の開発体制について、「相談したい」の5文字だけご返信ください。折り返しご連絡します。

株式会社Lei Hau'oli 開発支援事業部","380","92","汎用（非パーソナライズ・マギ1回生成）",""
"2026-09-11T18:19:46+09:00","ネプラ株式会社","開発部","ご担当者","【1名から常駐】フロントエンド専任エンジニア40名、採用に頼らず体制強化","開発部 ご担当者様

UI改修や新機能開発を進めたくても、フロントエンド専任エンジニアの採用が進まず、着手が遅れていないでしょうか。

株式会社Lei Hau'oliは、フロントエンド特化で国内大手BtoC直請け水準のエンジニアを1名から供給できるSES会社です。React/Vue.js/Next.js/TypeScriptを専門とするエンジニア約40名が在籍し、国内最大級の美容予約サービスの開発にも参画しています。

中途採用に数か月かけずとも、大規模BtoCで培った開発フローと品質基準をそのまま持ち込めるため、リリースを止めずにUI品質を底上げできます。採用が長引く間も他社は機能改善を進めており、今動くかで次四半期の速度が変わります。

現状の開発体制について、「相談したい」の5文字だけご返信ください。折り返しご連絡します。

株式会社Lei Hau'oli 開発支援事業部","380","92","汎用（非パーソナライズ・マギ1回生成）",""
"2026-09-11T18:19:46+09:00","マクニカソリューションズ株式会社","開発部","ご担当者","【1名から常駐】フロントエンド専任エンジニア40名、採用に頼らず体制強化","開発部 ご担当者様

UI改修や新機能開発を進めたくても、フロントエンド専任エンジニアの採用が進まず、着手が遅れていないでしょうか。

株式会社Lei Hau'oliは、フロントエンド特化で国内大手BtoC直請け水準のエンジニアを1名から供給できるSES会社です。React/Vue.js/Next.js/TypeScriptを専門とするエンジニア約40名が在籍し、国内最大級の美容予約サービスの開発にも参画しています。

中途採用に数か月かけずとも、大規模BtoCで培った開発フローと品質基準をそのまま持ち込めるため、リリースを止めずにUI品質を底上げできます。採用が長引く間も他社は機能改善を進めており、今動くかで次四半期の速度が変わります。

現状の開発体制について、「相談したい」の5文字だけご返信ください。折り返しご連絡します。

株式会社Lei Hau'oli 開発支援事業部","380","92","汎用（非パーソナライズ・マギ1回生成）",""
"2026-09-11T18:19:46+09:00","株式会社ゼロプラス","開発部","ご担当者","【1名から常駐】フロントエンド専任エンジニア40名、採用に頼らず体制強化","開発部 ご担当者様

UI改修や新機能開発を進めたくても、フロントエンド専任エンジニアの採用が進まず、着手が遅れていないでしょうか。

株式会社Lei Hau'oliは、フロントエンド特化で国内大手BtoC直請け水準のエンジニアを1名から供給できるSES会社です。React/Vue.js/Next.js/TypeScriptを専門とするエンジニア約40名が在籍し、国内最大級の美容予約サービスの開発にも参画しています。

中途採用に数か月かけずとも、大規模BtoCで培った開発フローと品質基準をそのまま持ち込めるため、リリースを止めずにUI品質を底上げできます。採用が長引く間も他社は機能改善を進めており、今動くかで次四半期の速度が変わります。

現状の開発体制について、「相談したい」の5文字だけご返信ください。折り返しご連絡します。

株式会社Lei Hau'oli 開発支援事業部","380","92","汎用（非パーソナライズ・マギ1回生成）",""
"2026-09-11T18:19:46+09:00","サナメディ株式会社","情報システム部","ご担当者","【1名から常駐】フロントエンド専任エンジニア40名、採用に頼らず体制強化","情報システム部 ご担当者様

UI改修や新機能開発を進めたくても、フロントエンド専任エンジニアの採用が進まず、着手が遅れていないでしょうか。

株式会社Lei Hau'oliは、フロントエンド特化で国内大手BtoC直請け水準のエンジニアを1名から供給できるSES会社です。React/Vue.js/Next.js/TypeScriptを専門とするエンジニア約40名が在籍し、国内最大級の美容予約サービスの開発にも参画しています。

中途採用に数か月かけずとも、大規模BtoCで培った開発フローと品質基準をそのまま持ち込めるため、リリースを止めずにUI品質を底上げできます。採用が長引く間も他社は機能改善を進めており、今動くかで次四半期の速度が変わります。

現状の開発体制について、「相談したい」の5文字だけご返信ください。折り返しご連絡します。

株式会社Lei Hau'oli 開発支援事業部","384","92","汎用（非パーソナライズ・マギ1回生成）",""
"2026-09-11T18:19:46+09:00","株式会社テミスゲート","開発部","ご担当者","【1名から常駐】フロントエンド専任エンジニア40名、採用に頼らず体制強化","開発部 ご担当者様

UI改修や新機能開発を進めたくても、フロントエンド専任エンジニアの採用が進まず、着手が遅れていないでしょうか。

株式会社Lei Hau'oliは、フロントエンド特化で国内大手BtoC直請け水準のエンジニアを1名から供給できるSES会社です。React/Vue.js/Next.js/TypeScriptを専門とするエンジニア約40名が在籍し、国内最大級の美容予約サービスの開発にも参画しています。

中途採用に数か月かけずとも、大規模BtoCで培った開発フローと品質基準をそのまま持ち込めるため、リリースを止めずにUI品質を底上げできます。採用が長引く間も他社は機能改善を進めており、今動くかで次四半期の速度が変わります。

現状の開発体制について、「相談したい」の5文字だけご返信ください。折り返しご連絡します。

株式会社Lei Hau'oli 開発支援事業部","380","92","汎用（非パーソナライズ・マギ1回生成）",""
"2026-09-11T18:19:46+09:00","株式会社エーテル","開発部","ご担当者","【1名から常駐】フロントエンド専任エンジニア40名、採用に頼らず体制強化","開発部 ご担当者様

UI改修や新機能開発を進めたくても、フロントエンド専任エンジニアの採用が進まず、着手が遅れていないでしょうか。

株式会社Lei Hau'oliは、フロントエンド特化で国内大手BtoC直請け水準のエンジニアを1名から供給できるSES会社です。React/Vue.js/Next.js/TypeScriptを専門とするエンジニア約40名が在籍し、国内最大級の美容予約サービスの開発にも参画しています。

中途採用に数か月かけずとも、大規模BtoCで培った開発フローと品質基準をそのまま持ち込めるため、リリースを止めずにUI品質を底上げできます。採用が長引く間も他社は機能改善を進めており、今動くかで次四半期の速度が変わります。

現状の開発体制について、「相談したい」の5文字だけご返信ください。折り返しご連絡します。

株式会社Lei Hau'oli 開発支援事業部","380","92","汎用（非パーソナライズ・マギ1回生成）",""
"2026-09-11T18:19:46+09:00","株式会社ブライブ","開発部","ご担当者","【1名から常駐】フロントエンド専任エンジニア40名、採用に頼らず体制強化","開発部 ご担当者様

UI改修や新機能開発を進めたくても、フロントエンド専任エンジニアの採用が進まず、着手が遅れていないでしょうか。

株式会社Lei Hau'oliは、フロントエンド特化で国内大手BtoC直請け水準のエンジニアを1名から供給できるSES会社です。React/Vue.js/Next.js/TypeScriptを専門とするエンジニア約40名が在籍し、国内最大級の美容予約サービスの開発にも参画しています。

中途採用に数か月かけずとも、大規模BtoCで培った開発フローと品質基準をそのまま持ち込めるため、リリースを止めずにUI品質を底上げできます。採用が長引く間も他社は機能改善を進めており、今動くかで次四半期の速度が変わります。

現状の開発体制について、「相談したい」の5文字だけご返信ください。折り返しご連絡します。

株式会社Lei Hau'oli 開発支援事業部","380","92","汎用（非パーソナライズ・マギ1回生成）",""
"2026-09-11T18:19:46+09:00","Linklet株式会社","開発部","ご担当者","【1名から常駐】フロントエンド専任エンジニア40名、採用に頼らず体制強化","開発部 ご担当者様

UI改修や新機能開発を進めたくても、フロントエンド専任エンジニアの採用が進まず、着手が遅れていないでしょうか。

株式会社Lei Hau'oliは、フロントエンド特化で国内大手BtoC直請け水準のエンジニアを1名から供給できるSES会社です。React/Vue.js/Next.js/TypeScriptを専門とするエンジニア約40名が在籍し、国内最大級の美容予約サービスの開発にも参画しています。

中途採用に数か月かけずとも、大規模BtoCで培った開発フローと品質基準をそのまま持ち込めるため、リリースを止めずにUI品質を底上げできます。採用が長引く間も他社は機能改善を進めており、今動くかで次四半期の速度が変わります。

現状の開発体制について、「相談したい」の5文字だけご返信ください。折り返しご連絡します。

株式会社Lei Hau'oli 開発支援事業部","380","92","汎用（非パーソナライズ・マギ1回生成）",""
"2026-09-11T18:19:46+09:00","ユニバーサルアドネットワーク株式会社","開発部","ご担当者","【1名から常駐】フロントエンド専任エンジニア40名、採用に頼らず体制強化","開発部 ご担当者様

UI改修や新機能開発を進めたくても、フロントエンド専任エンジニアの採用が進まず、着手が遅れていないでしょうか。

株式会社Lei Hau'oliは、フロントエンド特化で国内大手BtoC直請け水準のエンジニアを1名から供給できるSES会社です。React/Vue.js/Next.js/TypeScriptを専門とするエンジニア約40名が在籍し、国内最大級の美容予約サービスの開発にも参画しています。

中途採用に数か月かけずとも、大規模BtoCで培った開発フローと品質基準をそのまま持ち込めるため、リリースを止めずにUI品質を底上げできます。採用が長引く間も他社は機能改善を進めており、今動くかで次四半期の速度が変わります。

現状の開発体制について、「相談したい」の5文字だけご返信ください。折り返しご連絡します。

株式会社Lei Hau'oli 開発支援事業部","380","92","汎用（非パーソナライズ・マギ1回生成）",""
"2026-09-11T18:19:46+09:00","株式会社ベルーナツーリズム","開発部","ご担当者","【1名から常駐】フロントエンド専任エンジニア40名、採用に頼らず体制強化","開発部 ご担当者様

UI改修や新機能開発を進めたくても、フロントエンド専任エンジニアの採用が進まず、着手が遅れていないでしょうか。

株式会社Lei Hau'oliは、フロントエンド特化で国内大手BtoC直請け水準のエンジニアを1名から供給できるSES会社です。React/Vue.js/Next.js/TypeScriptを専門とするエンジニア約40名が在籍し、国内最大級の美容予約サービスの開発にも参画しています。

中途採用に数か月かけずとも、大規模BtoCで培った開発フローと品質基準をそのまま持ち込めるため、リリースを止めずにUI品質を底上げできます。採用が長引く間も他社は機能改善を進めており、今動くかで次四半期の速度が変わります。

現状の開発体制について、「相談したい」の5文字だけご返信ください。折り返しご連絡します。

株式会社Lei Hau'oli 開発支援事業部","380","92","汎用（非パーソナライズ・マギ1回生成）",""
"2026-09-11T18:19:46+09:00","Y-PU ENTERTAINMENT株式会社","開発部","ご担当者","【1名から常駐】フロントエンド専任エンジニア40名、採用に頼らず体制強化","開発部 ご担当者様

UI改修や新機能開発を進めたくても、フロントエンド専任エンジニアの採用が進まず、着手が遅れていないでしょうか。

株式会社Lei Hau'oliは、フロントエンド特化で国内大手BtoC直請け水準のエンジニアを1名から供給できるSES会社です。React/Vue.js/Next.js/TypeScriptを専門とするエンジニア約40名が在籍し、国内最大級の美容予約サービスの開発にも参画しています。

中途採用に数か月かけずとも、大規模BtoCで培った開発フローと品質基準をそのまま持ち込めるため、リリースを止めずにUI品質を底上げできます。採用が長引く間も他社は機能改善を進めており、今動くかで次四半期の速度が変わります。

現状の開発体制について、「相談したい」の5文字だけご返信ください。折り返しご連絡します。

株式会社Lei Hau'oli 開発支援事業部","380","92","汎用（非パーソナライズ・マギ1回生成）",""
"2026-09-11T18:19:46+09:00","株式会社ソノリテ","開発部","ご担当者","【1名から常駐】フロントエンド専任エンジニア40名、採用に頼らず体制強化","開発部 ご担当者様

UI改修や新機能開発を進めたくても、フロントエンド専任エンジニアの採用が進まず、着手が遅れていないでしょうか。

株式会社Lei Hau'oliは、フロントエンド特化で国内大手BtoC直請け水準のエンジニアを1名から供給できるSES会社です。React/Vue.js/Next.js/TypeScriptを専門とするエンジニア約40名が在籍し、国内最大級の美容予約サービスの開発にも参画しています。

中途採用に数か月かけずとも、大規模BtoCで培った開発フローと品質基準をそのまま持ち込めるため、リリースを止めずにUI品質を底上げできます。採用が長引く間も他社は機能改善を進めており、今動くかで次四半期の速度が変わります。

現状の開発体制について、「相談したい」の5文字だけご返信ください。折り返しご連絡します。

株式会社Lei Hau'oli 開発支援事業部","380","92","汎用（非パーソナライズ・マギ1回生成）",""
"2026-09-11T18:19:46+09:00","株式会社PIJIN","開発部","ご担当者","【1名から常駐】フロントエンド専任エンジニア40名、採用に頼らず体制強化","開発部 ご担当者様

UI改修や新機能開発を進めたくても、フロントエンド専任エンジニアの採用が進まず、着手が遅れていないでしょうか。

株式会社Lei Hau'oliは、フロントエンド特化で国内大手BtoC直請け水準のエンジニアを1名から供給できるSES会社です。React/Vue.js/Next.js/TypeScriptを専門とするエンジニア約40名が在籍し、国内最大級の美容予約サービスの開発にも参画しています。

中途採用に数か月かけずとも、大規模BtoCで培った開発フローと品質基準をそのまま持ち込めるため、リリースを止めずにUI品質を底上げできます。採用が長引く間も他社は機能改善を進めており、今動くかで次四半期の速度が変わります。

現状の開発体制について、「相談したい」の5文字だけご返信ください。折り返しご連絡します。

株式会社Lei Hau'oli 開発支援事業部","380","92","汎用（非パーソナライズ・マギ1回生成）",""
"2026-09-11T18:19:46+09:00","株式会社Insity","開発部","ご担当者","【1名から常駐】フロントエンド専任エンジニア40名、採用に頼らず体制強化","開発部 ご担当者様

UI改修や新機能開発を進めたくても、フロントエンド専任エンジニアの採用が進まず、着手が遅れていないでしょうか。

株式会社Lei Hau'oliは、フロントエンド特化で国内大手BtoC直請け水準のエンジニアを1名から供給できるSES会社です。React/Vue.js/Next.js/TypeScriptを専門とするエンジニア約40名が在籍し、国内最大級の美容予約サービスの開発にも参画しています。

中途採用に数か月かけずとも、大規模BtoCで培った開発フローと品質基準をそのまま持ち込めるため、リリースを止めずにUI品質を底上げできます。採用が長引く間も他社は機能改善を進めており、今動くかで次四半期の速度が変わります。

現状の開発体制について、「相談したい」の5文字だけご返信ください。折り返しご連絡します。

株式会社Lei Hau'oli 開発支援事業部","380","92","汎用（非パーソナライズ・マギ1回生成）",""
"2026-09-11T18:19:46+09:00","ミドクラジャパン株式会社","開発部","ご担当者","【1名から常駐】フロントエンド専任エンジニア40名、採用に頼らず体制強化","開発部 ご担当者様

UI改修や新機能開発を進めたくても、フロントエンド専任エンジニアの採用が進まず、着手が遅れていないでしょうか。

株式会社Lei Hau'oliは、フロントエンド特化で国内大手BtoC直請け水準のエンジニアを1名から供給できるSES会社です。React/Vue.js/Next.js/TypeScriptを専門とするエンジニア約40名が在籍し、国内最大級の美容予約サービスの開発にも参画しています。

中途採用に数か月かけずとも、大規模BtoCで培った開発フローと品質基準をそのまま持ち込めるため、リリースを止めずにUI品質を底上げできます。採用が長引く間も他社は機能改善を進めており、今動くかで次四半期の速度が変わります。

現状の開発体制について、「相談したい」の5文字だけご返信ください。折り返しご連絡します。

株式会社Lei Hau'oli 開発支援事業部","380","92","汎用（非パーソナライズ・マギ1回生成）",""
"2026-09-11T18:19:46+09:00","株式会社リボルバー","開発部","ご担当者","【1名から常駐】フロントエンド専任エンジニア40名、採用に頼らず体制強化","開発部 ご担当者様

UI改修や新機能開発を進めたくても、フロントエンド専任エンジニアの採用が進まず、着手が遅れていないでしょうか。

株式会社Lei Hau'oliは、フロントエンド特化で国内大手BtoC直請け水準のエンジニアを1名から供給できるSES会社です。React/Vue.js/Next.js/TypeScriptを専門とするエンジニア約40名が在籍し、国内最大級の美容予約サービスの開発にも参画しています。

中途採用に数か月かけずとも、大規模BtoCで培った開発フローと品質基準をそのまま持ち込めるため、リリースを止めずにUI品質を底上げできます。採用が長引く間も他社は機能改善を進めており、今動くかで次四半期の速度が変わります。

現状の開発体制について、「相談したい」の5文字だけご返信ください。折り返しご連絡します。

株式会社Lei Hau'oli 開発支援事業部","380","92","汎用（非パーソナライズ・マギ1回生成）",""
"2026-09-11T18:19:46+09:00","株式会社リンクキット","開発部","ご担当者","【1名から常駐】フロントエンド専任エンジニア40名、採用に頼らず体制強化","開発部 ご担当者様

UI改修や新機能開発を進めたくても、フロントエンド専任エンジニアの採用が進まず、着手が遅れていないでしょうか。

株式会社Lei Hau'oliは、フロントエンド特化で国内大手BtoC直請け水準のエンジニアを1名から供給できるSES会社です。React/Vue.js/Next.js/TypeScriptを専門とするエンジニア約40名が在籍し、国内最大級の美容予約サービスの開発にも参画しています。

中途採用に数か月かけずとも、大規模BtoCで培った開発フローと品質基準をそのまま持ち込めるため、リリースを止めずにUI品質を底上げできます。採用が長引く間も他社は機能改善を進めており、今動くかで次四半期の速度が変わります。

現状の開発体制について、「相談したい」の5文字だけご返信ください。折り返しご連絡します。

株式会社Lei Hau'oli 開発支援事業部","380","92","汎用（非パーソナライズ・マギ1回生成）",""
"2026-09-11T18:19:46+09:00","株式会社タップル","開発部","ご担当者","【1名から常駐】フロントエンド専任エンジニア40名、採用に頼らず体制強化","開発部 ご担当者様

UI改修や新機能開発を進めたくても、フロントエンド専任エンジニアの採用が進まず、着手が遅れていないでしょうか。

株式会社Lei Hau'oliは、フロントエンド特化で国内大手BtoC直請け水準のエンジニアを1名から供給できるSES会社です。React/Vue.js/Next.js/TypeScriptを専門とするエンジニア約40名が在籍し、国内最大級の美容予約サービスの開発にも参画しています。

中途採用に数か月かけずとも、大規模BtoCで培った開発フローと品質基準をそのまま持ち込めるため、リリースを止めずにUI品質を底上げできます。採用が長引く間も他社は機能改善を進めており、今動くかで次四半期の速度が変わります。

現状の開発体制について、「相談したい」の5文字だけご返信ください。折り返しご連絡します。

株式会社Lei Hau'oli 開発支援事業部","380","92","汎用（非パーソナライズ・マギ1回生成）",""
"2026-09-11T18:19:46+09:00","株式会社アライアンスクラウド","開発部","ご担当者","【1名から常駐】フロントエンド専任エンジニア40名、採用に頼らず体制強化","開発部 ご担当者様

UI改修や新機能開発を進めたくても、フロントエンド専任エンジニアの採用が進まず、着手が遅れていないでしょうか。

株式会社Lei Hau'oliは、フロントエンド特化で国内大手BtoC直請け水準のエンジニアを1名から供給できるSES会社です。React/Vue.js/Next.js/TypeScriptを専門とするエンジニア約40名が在籍し、国内最大級の美容予約サービスの開発にも参画しています。

中途採用に数か月かけずとも、大規模BtoCで培った開発フローと品質基準をそのまま持ち込めるため、リリースを止めずにUI品質を底上げできます。採用が長引く間も他社は機能改善を進めており、今動くかで次四半期の速度が変わります。

現状の開発体制について、「相談したい」の5文字だけご返信ください。折り返しご連絡します。

株式会社Lei Hau'oli 開発支援事業部","380","92","汎用（非パーソナライズ・マギ1回生成）",""
"2026-09-11T18:19:46+09:00","株式会社Koccoro","開発部","ご担当者","【1名から常駐】フロントエンド専任エンジニア40名、採用に頼らず体制強化","開発部 ご担当者様

UI改修や新機能開発を進めたくても、フロントエンド専任エンジニアの採用が進まず、着手が遅れていないでしょうか。

株式会社Lei Hau'oliは、フロントエンド特化で国内大手BtoC直請け水準のエンジニアを1名から供給できるSES会社です。React/Vue.js/Next.js/TypeScriptを専門とするエンジニア約40名が在籍し、国内最大級の美容予約サービスの開発にも参画しています。

中途採用に数か月かけずとも、大規模BtoCで培った開発フローと品質基準をそのまま持ち込めるため、リリースを止めずにUI品質を底上げできます。採用が長引く間も他社は機能改善を進めており、今動くかで次四半期の速度が変わります。

現状の開発体制について、「相談したい」の5文字だけご返信ください。折り返しご連絡します。

株式会社Lei Hau'oli 開発支援事業部","380","92","汎用（非パーソナライズ・マギ1回生成）",""
"2026-09-11T18:19:46+09:00","株式会社リーバー","開発部","ご担当者","【1名から常駐】フロントエンド専任エンジニア40名、採用に頼らず体制強化","開発部 ご担当者様

UI改修や新機能開発を進めたくても、フロントエンド専任エンジニアの採用が進まず、着手が遅れていないでしょうか。

株式会社Lei Hau'oliは、フロントエンド特化で国内大手BtoC直請け水準のエンジニアを1名から供給できるSES会社です。React/Vue.js/Next.js/TypeScriptを専門とするエンジニア約40名が在籍し、国内最大級の美容予約サービスの開発にも参画しています。

中途採用に数か月かけずとも、大規模BtoCで培った開発フローと品質基準をそのまま持ち込めるため、リリースを止めずにUI品質を底上げできます。採用が長引く間も他社は機能改善を進めており、今動くかで次四半期の速度が変わります。

現状の開発体制について、「相談したい」の5文字だけご返信ください。折り返しご連絡します。

株式会社Lei Hau'oli 開発支援事業部","380","92","汎用（非パーソナライズ・マギ1回生成）",""
"2026-09-11T18:19:46+09:00","株式会社京翔","開発部","ご担当者","【1名から常駐】フロントエンド専任エンジニア40名、採用に頼らず体制強化","開発部 ご担当者様

UI改修や新機能開発を進めたくても、フロントエンド専任エンジニアの採用が進まず、着手が遅れていないでしょうか。

株式会社Lei Hau'oliは、フロントエンド特化で国内大手BtoC直請け水準のエンジニアを1名から供給できるSES会社です。React/Vue.js/Next.js/TypeScriptを専門とするエンジニア約40名が在籍し、国内最大級の美容予約サービスの開発にも参画しています。

中途採用に数か月かけずとも、大規模BtoCで培った開発フローと品質基準をそのまま持ち込めるため、リリースを止めずにUI品質を底上げできます。採用が長引く間も他社は機能改善を進めており、今動くかで次四半期の速度が変わります。

現状の開発体制について、「相談したい」の5文字だけご返信ください。折り返しご連絡します。

株式会社Lei Hau'oli 開発支援事業部","380","92","汎用（非パーソナライズ・マギ1回生成）",""
"2026-09-11T18:19:46+09:00","株式会社ママスキー","開発部","ご担当者","【1名から常駐】フロントエンド専任エンジニア40名、採用に頼らず体制強化","開発部 ご担当者様

UI改修や新機能開発を進めたくても、フロントエンド専任エンジニアの採用が進まず、着手が遅れていないでしょうか。

株式会社Lei Hau'oliは、フロントエンド特化で国内大手BtoC直請け水準のエンジニアを1名から供給できるSES会社です。React/Vue.js/Next.js/TypeScriptを専門とするエンジニア約40名が在籍し、国内最大級の美容予約サービスの開発にも参画しています。

中途採用に数か月かけずとも、大規模BtoCで培った開発フローと品質基準をそのまま持ち込めるため、リリースを止めずにUI品質を底上げできます。採用が長引く間も他社は機能改善を進めており、今動くかで次四半期の速度が変わります。

現状の開発体制について、「相談したい」の5文字だけご返信ください。折り返しご連絡します。

株式会社Lei Hau'oli 開発支援事業部","380","92","汎用（非パーソナライズ・マギ1回生成）",""
"2026-09-11T18:19:46+09:00","ジャパンインテグレーション株式会社","開発部","ご担当者","【1名から常駐】フロントエンド専任エンジニア40名、採用に頼らず体制強化","開発部 ご担当者様

UI改修や新機能開発を進めたくても、フロントエンド専任エンジニアの採用が進まず、着手が遅れていないでしょうか。

株式会社Lei Hau'oliは、フロントエンド特化で国内大手BtoC直請け水準のエンジニアを1名から供給できるSES会社です。React/Vue.js/Next.js/TypeScriptを専門とするエンジニア約40名が在籍し、国内最大級の美容予約サービスの開発にも参画しています。

中途採用に数か月かけずとも、大規模BtoCで培った開発フローと品質基準をそのまま持ち込めるため、リリースを止めずにUI品質を底上げできます。採用が長引く間も他社は機能改善を進めており、今動くかで次四半期の速度が変わります。

現状の開発体制について、「相談したい」の5文字だけご返信ください。折り返しご連絡します。

株式会社Lei Hau'oli 開発支援事業部","380","92","汎用（非パーソナライズ・マギ1回生成）",""
"2026-09-11T18:19:46+09:00","バーズ・ビュー株式会社","開発部","ご担当者","【1名から常駐】フロントエンド専任エンジニア40名、採用に頼らず体制強化","開発部 ご担当者様

UI改修や新機能開発を進めたくても、フロントエンド専任エンジニアの採用が進まず、着手が遅れていないでしょうか。

株式会社Lei Hau'oliは、フロントエンド特化で国内大手BtoC直請け水準のエンジニアを1名から供給できるSES会社です。React/Vue.js/Next.js/TypeScriptを専門とするエンジニア約40名が在籍し、国内最大級の美容予約サービスの開発にも参画しています。

中途採用に数か月かけずとも、大規模BtoCで培った開発フローと品質基準をそのまま持ち込めるため、リリースを止めずにUI品質を底上げできます。採用が長引く間も他社は機能改善を進めており、今動くかで次四半期の速度が変わります。

現状の開発体制について、「相談したい」の5文字だけご返信ください。折り返しご連絡します。

株式会社Lei Hau'oli 開発支援事業部","380","92","汎用（非パーソナライズ・マギ1回生成）",""
"2026-09-11T18:19:46+09:00","株式会社円簿インターネットサービス","開発部","ご担当者","【1名から常駐】フロントエンド専任エンジニア40名、採用に頼らず体制強化","開発部 ご担当者様

UI改修や新機能開発を進めたくても、フロントエンド専任エンジニアの採用が進まず、着手が遅れていないでしょうか。

株式会社Lei Hau'oliは、フロントエンド特化で国内大手BtoC直請け水準のエンジニアを1名から供給できるSES会社です。React/Vue.js/Next.js/TypeScriptを専門とするエンジニア約40名が在籍し、国内最大級の美容予約サービスの開発にも参画しています。

中途採用に数か月かけずとも、大規模BtoCで培った開発フローと品質基準をそのまま持ち込めるため、リリースを止めずにUI品質を底上げできます。採用が長引く間も他社は機能改善を進めており、今動くかで次四半期の速度が変わります。

現状の開発体制について、「相談したい」の5文字だけご返信ください。折り返しご連絡します。

株式会社Lei Hau'oli 開発支援事業部","380","92","汎用（非パーソナライズ・マギ1回生成）",""
"2026-09-11T18:19:46+09:00","株式会社シグニティ","開発部","ご担当者","【1名から常駐】フロントエンド専任エンジニア40名、採用に頼らず体制強化","開発部 ご担当者様

UI改修や新機能開発を進めたくても、フロントエンド専任エンジニアの採用が進まず、着手が遅れていないでしょうか。

株式会社Lei Hau'oliは、フロントエンド特化で国内大手BtoC直請け水準のエンジニアを1名から供給できるSES会社です。React/Vue.js/Next.js/TypeScriptを専門とするエンジニア約40名が在籍し、国内最大級の美容予約サービスの開発にも参画しています。

中途採用に数か月かけずとも、大規模BtoCで培った開発フローと品質基準をそのまま持ち込めるため、リリースを止めずにUI品質を底上げできます。採用が長引く間も他社は機能改善を進めており、今動くかで次四半期の速度が変わります。

現状の開発体制について、「相談したい」の5文字だけご返信ください。折り返しご連絡します。

株式会社Lei Hau'oli 開発支援事業部","380","92","汎用（非パーソナライズ・マギ1回生成）",""
"2026-09-11T18:19:46+09:00","株式会社AUS","技術部","ご担当者","【1名から常駐】フロントエンド専任エンジニア40名、採用に頼らず体制強化","技術部 ご担当者様

UI改修や新機能開発を進めたくても、フロントエンド専任エンジニアの採用が進まず、着手が遅れていないでしょうか。

株式会社Lei Hau'oliは、フロントエンド特化で国内大手BtoC直請け水準のエンジニアを1名から供給できるSES会社です。React/Vue.js/Next.js/TypeScriptを専門とするエンジニア約40名が在籍し、国内最大級の美容予約サービスの開発にも参画しています。

中途採用に数か月かけずとも、大規模BtoCで培った開発フローと品質基準をそのまま持ち込めるため、リリースを止めずにUI品質を底上げできます。採用が長引く間も他社は機能改善を進めており、今動くかで次四半期の速度が変わります。

現状の開発体制について、「相談したい」の5文字だけご返信ください。折り返しご連絡します。

株式会社Lei Hau'oli 開発支援事業部","380","92","汎用（非パーソナライズ・マギ1回生成）",""
"2026-09-11T18:19:46+09:00","株式会社FRONE","開発部","ご担当者","【1名から常駐】フロントエンド専任エンジニア40名、採用に頼らず体制強化","開発部 ご担当者様

UI改修や新機能開発を進めたくても、フロントエンド専任エンジニアの採用が進まず、着手が遅れていないでしょうか。

株式会社Lei Hau'oliは、フロントエンド特化で国内大手BtoC直請け水準のエンジニアを1名から供給できるSES会社です。React/Vue.js/Next.js/TypeScriptを専門とするエンジニア約40名が在籍し、国内最大級の美容予約サービスの開発にも参画しています。

中途採用に数か月かけずとも、大規模BtoCで培った開発フローと品質基準をそのまま持ち込めるため、リリースを止めずにUI品質を底上げできます。採用が長引く間も他社は機能改善を進めており、今動くかで次四半期の速度が変わります。

現状の開発体制について、「相談したい」の5文字だけご返信ください。折り返しご連絡します。

株式会社Lei Hau'oli 開発支援事業部","380","92","汎用（非パーソナライズ・マギ1回生成）",""
"2026-09-11T18:19:46+09:00","株式会社ペイルド","開発部","ご担当者","【1名から常駐】フロントエンド専任エンジニア40名、採用に頼らず体制強化","開発部 ご担当者様

UI改修や新機能開発を進めたくても、フロントエンド専任エンジニアの採用が進まず、着手が遅れていないでしょうか。

株式会社Lei Hau'oliは、フロントエンド特化で国内大手BtoC直請け水準のエンジニアを1名から供給できるSES会社です。React/Vue.js/Next.js/TypeScriptを専門とするエンジニア約40名が在籍し、国内最大級の美容予約サービスの開発にも参画しています。

中途採用に数か月かけずとも、大規模BtoCで培った開発フローと品質基準をそのまま持ち込めるため、リリースを止めずにUI品質を底上げできます。採用が長引く間も他社は機能改善を進めており、今動くかで次四半期の速度が変わります。

現状の開発体制について、「相談したい」の5文字だけご返信ください。折り返しご連絡します。

株式会社Lei Hau'oli 開発支援事業部","380","92","汎用（非パーソナライズ・マギ1回生成）",""
"2026-09-11T18:19:46+09:00","アイイーファイヴ株式会社","開発部","ご担当者","【1名から常駐】フロントエンド専任エンジニア40名、採用に頼らず体制強化","開発部 ご担当者様

UI改修や新機能開発を進めたくても、フロントエンド専任エンジニアの採用が進まず、着手が遅れていないでしょうか。

株式会社Lei Hau'oliは、フロントエンド特化で国内大手BtoC直請け水準のエンジニアを1名から供給できるSES会社です。React/Vue.js/Next.js/TypeScriptを専門とするエンジニア約40名が在籍し、国内最大級の美容予約サービスの開発にも参画しています。

中途採用に数か月かけずとも、大規模BtoCで培った開発フローと品質基準をそのまま持ち込めるため、リリースを止めずにUI品質を底上げできます。採用が長引く間も他社は機能改善を進めており、今動くかで次四半期の速度が変わります。

現状の開発体制について、「相談したい」の5文字だけご返信ください。折り返しご連絡します。

株式会社Lei Hau'oli 開発支援事業部","380","92","汎用（非パーソナライズ・マギ1回生成）",""
"2026-09-11T18:19:46+09:00","株式会社SYNAPS","開発部","ご担当者","【1名から常駐】フロントエンド専任エンジニア40名、採用に頼らず体制強化","開発部 ご担当者様

UI改修や新機能開発を進めたくても、フロントエンド専任エンジニアの採用が進まず、着手が遅れていないでしょうか。

株式会社Lei Hau'oliは、フロントエンド特化で国内大手BtoC直請け水準のエンジニアを1名から供給できるSES会社です。React/Vue.js/Next.js/TypeScriptを専門とするエンジニア約40名が在籍し、国内最大級の美容予約サービスの開発にも参画しています。

中途採用に数か月かけずとも、大規模BtoCで培った開発フローと品質基準をそのまま持ち込めるため、リリースを止めずにUI品質を底上げできます。採用が長引く間も他社は機能改善を進めており、今動くかで次四半期の速度が変わります。

現状の開発体制について、「相談したい」の5文字だけご返信ください。折り返しご連絡します。

株式会社Lei Hau'oli 開発支援事業部","380","92","汎用（非パーソナライズ・マギ1回生成）",""
"2026-09-11T18:19:46+09:00","株式会社デジタルコマース","開発部","ご担当者","【1名から常駐】フロントエンド専任エンジニア40名、採用に頼らず体制強化","開発部 ご担当者様

UI改修や新機能開発を進めたくても、フロントエンド専任エンジニアの採用が進まず、着手が遅れていないでしょうか。

株式会社Lei Hau'oliは、フロントエンド特化で国内大手BtoC直請け水準のエンジニアを1名から供給できるSES会社です。React/Vue.js/Next.js/TypeScriptを専門とするエンジニア約40名が在籍し、国内最大級の美容予約サービスの開発にも参画しています。

中途採用に数か月かけずとも、大規模BtoCで培った開発フローと品質基準をそのまま持ち込めるため、リリースを止めずにUI品質を底上げできます。採用が長引く間も他社は機能改善を進めており、今動くかで次四半期の速度が変わります。

現状の開発体制について、「相談したい」の5文字だけご返信ください。折り返しご連絡します。

株式会社Lei Hau'oli 開発支援事業部","380","92","汎用（非パーソナライズ・マギ1回生成）",""
"2026-09-11T18:19:46+09:00","Stibo Systems株式会社","開発部","ご担当者","【1名から常駐】フロントエンド専任エンジニア40名、採用に頼らず体制強化","開発部 ご担当者様

UI改修や新機能開発を進めたくても、フロントエンド専任エンジニアの採用が進まず、着手が遅れていないでしょうか。

株式会社Lei Hau'oliは、フロントエンド特化で国内大手BtoC直請け水準のエンジニアを1名から供給できるSES会社です。React/Vue.js/Next.js/TypeScriptを専門とするエンジニア約40名が在籍し、国内最大級の美容予約サービスの開発にも参画しています。

中途採用に数か月かけずとも、大規模BtoCで培った開発フローと品質基準をそのまま持ち込めるため、リリースを止めずにUI品質を底上げできます。採用が長引く間も他社は機能改善を進めており、今動くかで次四半期の速度が変わります。

現状の開発体制について、「相談したい」の5文字だけご返信ください。折り返しご連絡します。

株式会社Lei Hau'oli 開発支援事業部","380","92","汎用（非パーソナライズ・マギ1回生成）",""
"2026-09-11T18:19:46+09:00","Talknote株式会社","開発部","ご担当者","【1名から常駐】フロントエンド専任エンジニア40名、採用に頼らず体制強化","開発部 ご担当者様

UI改修や新機能開発を進めたくても、フロントエンド専任エンジニアの採用が進まず、着手が遅れていないでしょうか。

株式会社Lei Hau'oliは、フロントエンド特化で国内大手BtoC直請け水準のエンジニアを1名から供給できるSES会社です。React/Vue.js/Next.js/TypeScriptを専門とするエンジニア約40名が在籍し、国内最大級の美容予約サービスの開発にも参画しています。

中途採用に数か月かけずとも、大規模BtoCで培った開発フローと品質基準をそのまま持ち込めるため、リリースを止めずにUI品質を底上げできます。採用が長引く間も他社は機能改善を進めており、今動くかで次四半期の速度が変わります。

現状の開発体制について、「相談したい」の5文字だけご返信ください。折り返しご連絡します。

株式会社Lei Hau'oli 開発支援事業部","380","92","汎用（非パーソナライズ・マギ1回生成）",""
"2026-09-11T18:19:46+09:00","コースベース株式会社","開発部","ご担当者","【1名から常駐】フロントエンド専任エンジニア40名、採用に頼らず体制強化","開発部 ご担当者様

UI改修や新機能開発を進めたくても、フロントエンド専任エンジニアの採用が進まず、着手が遅れていないでしょうか。

株式会社Lei Hau'oliは、フロントエンド特化で国内大手BtoC直請け水準のエンジニアを1名から供給できるSES会社です。React/Vue.js/Next.js/TypeScriptを専門とするエンジニア約40名が在籍し、国内最大級の美容予約サービスの開発にも参画しています。

中途採用に数か月かけずとも、大規模BtoCで培った開発フローと品質基準をそのまま持ち込めるため、リリースを止めずにUI品質を底上げできます。採用が長引く間も他社は機能改善を進めており、今動くかで次四半期の速度が変わります。

現状の開発体制について、「相談したい」の5文字だけご返信ください。折り返しご連絡します。

株式会社Lei Hau'oli 開発支援事業部","380","92","汎用（非パーソナライズ・マギ1回生成）",""
"2026-09-11T18:19:46+09:00","グリッジ株式会社","開発部","ご担当者","【1名から常駐】フロントエンド専任エンジニア40名、採用に頼らず体制強化","開発部 ご担当者様

UI改修や新機能開発を進めたくても、フロントエンド専任エンジニアの採用が進まず、着手が遅れていないでしょうか。

株式会社Lei Hau'oliは、フロントエンド特化で国内大手BtoC直請け水準のエンジニアを1名から供給できるSES会社です。React/Vue.js/Next.js/TypeScriptを専門とするエンジニア約40名が在籍し、国内最大級の美容予約サービスの開発にも参画しています。

中途採用に数か月かけずとも、大規模BtoCで培った開発フローと品質基準をそのまま持ち込めるため、リリースを止めずにUI品質を底上げできます。採用が長引く間も他社は機能改善を進めており、今動くかで次四半期の速度が変わります。

現状の開発体制について、「相談したい」の5文字だけご返信ください。折り返しご連絡します。

株式会社Lei Hau'oli 開発支援事業部","380","92","汎用（非パーソナライズ・マギ1回生成）",""
"2026-09-11T18:19:46+09:00","株式会社Blue World Unlimited","開発部","ご担当者","【1名から常駐】フロントエンド専任エンジニア40名、採用に頼らず体制強化","開発部 ご担当者様

UI改修や新機能開発を進めたくても、フロントエンド専任エンジニアの採用が進まず、着手が遅れていないでしょうか。

株式会社Lei Hau'oliは、フロントエンド特化で国内大手BtoC直請け水準のエンジニアを1名から供給できるSES会社です。React/Vue.js/Next.js/TypeScriptを専門とするエンジニア約40名が在籍し、国内最大級の美容予約サービスの開発にも参画しています。

中途採用に数か月かけずとも、大規模BtoCで培った開発フローと品質基準をそのまま持ち込めるため、リリースを止めずにUI品質を底上げできます。採用が長引く間も他社は機能改善を進めており、今動くかで次四半期の速度が変わります。

現状の開発体制について、「相談したい」の5文字だけご返信ください。折り返しご連絡します。

株式会社Lei Hau'oli 開発支援事業部","380","92","汎用（非パーソナライズ・マギ1回生成）",""
"2026-09-11T18:19:46+09:00","AppBank株式会社","開発部","ご担当者","【1名から常駐】フロントエンド専任エンジニア40名、採用に頼らず体制強化","開発部 ご担当者様

UI改修や新機能開発を進めたくても、フロントエンド専任エンジニアの採用が進まず、着手が遅れていないでしょうか。

株式会社Lei Hau'oliは、フロントエンド特化で国内大手BtoC直請け水準のエンジニアを1名から供給できるSES会社です。React/Vue.js/Next.js/TypeScriptを専門とするエンジニア約40名が在籍し、国内最大級の美容予約サービスの開発にも参画しています。

中途採用に数か月かけずとも、大規模BtoCで培った開発フローと品質基準をそのまま持ち込めるため、リリースを止めずにUI品質を底上げできます。採用が長引く間も他社は機能改善を進めており、今動くかで次四半期の速度が変わります。

現状の開発体制について、「相談したい」の5文字だけご返信ください。折り返しご連絡します。

株式会社Lei Hau'oli 開発支援事業部","380","92","汎用（非パーソナライズ・マギ1回生成）",""
"2026-09-11T18:19:46+09:00","株式会社MJ","開発部","ご担当者","【1名から常駐】フロントエンド専任エンジニア40名、採用に頼らず体制強化","開発部 ご担当者様

UI改修や新機能開発を進めたくても、フロントエンド専任エンジニアの採用が進まず、着手が遅れていないでしょうか。

株式会社Lei Hau'oliは、フロントエンド特化で国内大手BtoC直請け水準のエンジニアを1名から供給できるSES会社です。React/Vue.js/Next.js/TypeScriptを専門とするエンジニア約40名が在籍し、国内最大級の美容予約サービスの開発にも参画しています。

中途採用に数か月かけずとも、大規模BtoCで培った開発フローと品質基準をそのまま持ち込めるため、リリースを止めずにUI品質を底上げできます。採用が長引く間も他社は機能改善を進めており、今動くかで次四半期の速度が変わります。

現状の開発体制について、「相談したい」の5文字だけご返信ください。折り返しご連絡します。

株式会社Lei Hau'oli 開発支援事業部","380","92","汎用（非パーソナライズ・マギ1回生成）",""
"2026-09-11T18:19:46+09:00","Alleeks株式会社","開発部","ご担当者","【1名から常駐】フロントエンド専任エンジニア40名、採用に頼らず体制強化","開発部 ご担当者様

UI改修や新機能開発を進めたくても、フロントエンド専任エンジニアの採用が進まず、着手が遅れていないでしょうか。

株式会社Lei Hau'oliは、フロントエンド特化で国内大手BtoC直請け水準のエンジニアを1名から供給できるSES会社です。React/Vue.js/Next.js/TypeScriptを専門とするエンジニア約40名が在籍し、国内最大級の美容予約サービスの開発にも参画しています。

中途採用に数か月かけずとも、大規模BtoCで培った開発フローと品質基準をそのまま持ち込めるため、リリースを止めずにUI品質を底上げできます。採用が長引く間も他社は機能改善を進めており、今動くかで次四半期の速度が変わります。

現状の開発体制について、「相談したい」の5文字だけご返信ください。折り返しご連絡します。

株式会社Lei Hau'oli 開発支援事業部","380","92","汎用（非パーソナライズ・マギ1回生成）",""
"2026-09-11T18:19:46+09:00","株式会社ローカルワークス","開発部","ご担当者","【1名から常駐】フロントエンド専任エンジニア40名、採用に頼らず体制強化","開発部 ご担当者様

UI改修や新機能開発を進めたくても、フロントエンド専任エンジニアの採用が進まず、着手が遅れていないでしょうか。

株式会社Lei Hau'oliは、フロントエンド特化で国内大手BtoC直請け水準のエンジニアを1名から供給できるSES会社です。React/Vue.js/Next.js/TypeScriptを専門とするエンジニア約40名が在籍し、国内最大級の美容予約サービスの開発にも参画しています。

中途採用に数か月かけずとも、大規模BtoCで培った開発フローと品質基準をそのまま持ち込めるため、リリースを止めずにUI品質を底上げできます。採用が長引く間も他社は機能改善を進めており、今動くかで次四半期の速度が変わります。

現状の開発体制について、「相談したい」の5文字だけご返信ください。折り返しご連絡します。

株式会社Lei Hau'oli 開発支援事業部","380","92","汎用（非パーソナライズ・マギ1回生成）",""
"2026-09-11T18:19:46+09:00","株式会社ポルト","技術部","ご担当者","【1名から常駐】フロントエンド専任エンジニア40名、採用に頼らず体制強化","技術部 ご担当者様

UI改修や新機能開発を進めたくても、フロントエンド専任エンジニアの採用が進まず、着手が遅れていないでしょうか。

株式会社Lei Hau'oliは、フロントエンド特化で国内大手BtoC直請け水準のエンジニアを1名から供給できるSES会社です。React/Vue.js/Next.js/TypeScriptを専門とするエンジニア約40名が在籍し、国内最大級の美容予約サービスの開発にも参画しています。

中途採用に数か月かけずとも、大規模BtoCで培った開発フローと品質基準をそのまま持ち込めるため、リリースを止めずにUI品質を底上げできます。採用が長引く間も他社は機能改善を進めており、今動くかで次四半期の速度が変わります。

現状の開発体制について、「相談したい」の5文字だけご返信ください。折り返しご連絡します。

株式会社Lei Hau'oli 開発支援事業部","380","92","汎用（非パーソナライズ・マギ1回生成）",""
"2026-09-11T18:19:46+09:00","株式会社スペイシー","開発部","ご担当者","【1名から常駐】フロントエンド専任エンジニア40名、採用に頼らず体制強化","開発部 ご担当者様

UI改修や新機能開発を進めたくても、フロントエンド専任エンジニアの採用が進まず、着手が遅れていないでしょうか。

株式会社Lei Hau'oliは、フロントエンド特化で国内大手BtoC直請け水準のエンジニアを1名から供給できるSES会社です。React/Vue.js/Next.js/TypeScriptを専門とするエンジニア約40名が在籍し、国内最大級の美容予約サービスの開発にも参画しています。

中途採用に数か月かけずとも、大規模BtoCで培った開発フローと品質基準をそのまま持ち込めるため、リリースを止めずにUI品質を底上げできます。採用が長引く間も他社は機能改善を進めており、今動くかで次四半期の速度が変わります。

現状の開発体制について、「相談したい」の5文字だけご返信ください。折り返しご連絡します。

株式会社Lei Hau'oli 開発支援事業部","380","92","汎用（非パーソナライズ・マギ1回生成）",""
"2026-09-11T18:19:46+09:00","techners株式会社","開発部","ご担当者","【1名から常駐】フロントエンド専任エンジニア40名、採用に頼らず体制強化","開発部 ご担当者様

UI改修や新機能開発を進めたくても、フロントエンド専任エンジニアの採用が進まず、着手が遅れていないでしょうか。

株式会社Lei Hau'oliは、フロントエンド特化で国内大手BtoC直請け水準のエンジニアを1名から供給できるSES会社です。React/Vue.js/Next.js/TypeScriptを専門とするエンジニア約40名が在籍し、国内最大級の美容予約サービスの開発にも参画しています。

中途採用に数か月かけずとも、大規模BtoCで培った開発フローと品質基準をそのまま持ち込めるため、リリースを止めずにUI品質を底上げできます。採用が長引く間も他社は機能改善を進めており、今動くかで次四半期の速度が変わります。

現状の開発体制について、「相談したい」の5文字だけご返信ください。折り返しご連絡します。

株式会社Lei Hau'oli 開発支援事業部","380","92","汎用（非パーソナライズ・マギ1回生成）",""
"2026-09-11T18:19:46+09:00","株式会社Sozi","開発部","ご担当者","【1名から常駐】フロントエンド専任エンジニア40名、採用に頼らず体制強化","開発部 ご担当者様

UI改修や新機能開発を進めたくても、フロントエンド専任エンジニアの採用が進まず、着手が遅れていないでしょうか。

株式会社Lei Hau'oliは、フロントエンド特化で国内大手BtoC直請け水準のエンジニアを1名から供給できるSES会社です。React/Vue.js/Next.js/TypeScriptを専門とするエンジニア約40名が在籍し、国内最大級の美容予約サービスの開発にも参画しています。

中途採用に数か月かけずとも、大規模BtoCで培った開発フローと品質基準をそのまま持ち込めるため、リリースを止めずにUI品質を底上げできます。採用が長引く間も他社は機能改善を進めており、今動くかで次四半期の速度が変わります。

現状の開発体制について、「相談したい」の5文字だけご返信ください。折り返しご連絡します。

株式会社Lei Hau'oli 開発支援事業部","380","92","汎用（非パーソナライズ・マギ1回生成）",""
"2026-09-11T18:19:46+09:00","CO-NECT株式会社","開発部","ご担当者","【1名から常駐】フロントエンド専任エンジニア40名、採用に頼らず体制強化","開発部 ご担当者様

UI改修や新機能開発を進めたくても、フロントエンド専任エンジニアの採用が進まず、着手が遅れていないでしょうか。

株式会社Lei Hau'oliは、フロントエンド特化で国内大手BtoC直請け水準のエンジニアを1名から供給できるSES会社です。React/Vue.js/Next.js/TypeScriptを専門とするエンジニア約40名が在籍し、国内最大級の美容予約サービスの開発にも参画しています。

中途採用に数か月かけずとも、大規模BtoCで培った開発フローと品質基準をそのまま持ち込めるため、リリースを止めずにUI品質を底上げできます。採用が長引く間も他社は機能改善を進めており、今動くかで次四半期の速度が変わります。

現状の開発体制について、「相談したい」の5文字だけご返信ください。折り返しご連絡します。

株式会社Lei Hau'oli 開発支援事業部","380","92","汎用（非パーソナライズ・マギ1回生成）",""
"2026-09-11T18:19:46+09:00","ウェストイノベーション株式会社","開発部","ご担当者","【1名から常駐】フロントエンド専任エンジニア40名、採用に頼らず体制強化","開発部 ご担当者様

UI改修や新機能開発を進めたくても、フロントエンド専任エンジニアの採用が進まず、着手が遅れていないでしょうか。

株式会社Lei Hau'oliは、フロントエンド特化で国内大手BtoC直請け水準のエンジニアを1名から供給できるSES会社です。React/Vue.js/Next.js/TypeScriptを専門とするエンジニア約40名が在籍し、国内最大級の美容予約サービスの開発にも参画しています。

中途採用に数か月かけずとも、大規模BtoCで培った開発フローと品質基準をそのまま持ち込めるため、リリースを止めずにUI品質を底上げできます。採用が長引く間も他社は機能改善を進めており、今動くかで次四半期の速度が変わります。

現状の開発体制について、「相談したい」の5文字だけご返信ください。折り返しご連絡します。

株式会社Lei Hau'oli 開発支援事業部","380","92","汎用（非パーソナライズ・マギ1回生成）",""
"2026-09-11T18:19:46+09:00","株式会社ジーム","開発部","ご担当者","【1名から常駐】フロントエンド専任エンジニア40名、採用に頼らず体制強化","開発部 ご担当者様

UI改修や新機能開発を進めたくても、フロントエンド専任エンジニアの採用が進まず、着手が遅れていないでしょうか。

株式会社Lei Hau'oliは、フロントエンド特化で国内大手BtoC直請け水準のエンジニアを1名から供給できるSES会社です。React/Vue.js/Next.js/TypeScriptを専門とするエンジニア約40名が在籍し、国内最大級の美容予約サービスの開発にも参画しています。

中途採用に数か月かけずとも、大規模BtoCで培った開発フローと品質基準をそのまま持ち込めるため、リリースを止めずにUI品質を底上げできます。採用が長引く間も他社は機能改善を進めており、今動くかで次四半期の速度が変わります。

現状の開発体制について、「相談したい」の5文字だけご返信ください。折り返しご連絡します。

株式会社Lei Hau'oli 開発支援事業部","380","92","汎用（非パーソナライズ・マギ1回生成）",""
"2026-09-11T18:19:46+09:00","株式会社activo","開発部","ご担当者","【1名から常駐】フロントエンド専任エンジニア40名、採用に頼らず体制強化","開発部 ご担当者様

UI改修や新機能開発を進めたくても、フロントエンド専任エンジニアの採用が進まず、着手が遅れていないでしょうか。

株式会社Lei Hau'oliは、フロントエンド特化で国内大手BtoC直請け水準のエンジニアを1名から供給できるSES会社です。React/Vue.js/Next.js/TypeScriptを専門とするエンジニア約40名が在籍し、国内最大級の美容予約サービスの開発にも参画しています。

中途採用に数か月かけずとも、大規模BtoCで培った開発フローと品質基準をそのまま持ち込めるため、リリースを止めずにUI品質を底上げできます。採用が長引く間も他社は機能改善を進めており、今動くかで次四半期の速度が変わります。

現状の開発体制について、「相談したい」の5文字だけご返信ください。折り返しご連絡します。

株式会社Lei Hau'oli 開発支援事業部","380","92","汎用（非パーソナライズ・マギ1回生成）",""
"2026-09-11T18:19:46+09:00","キュレーションズ株式会社","開発部","ご担当者","【1名から常駐】フロントエンド専任エンジニア40名、採用に頼らず体制強化","開発部 ご担当者様

UI改修や新機能開発を進めたくても、フロントエンド専任エンジニアの採用が進まず、着手が遅れていないでしょうか。

株式会社Lei Hau'oliは、フロントエンド特化で国内大手BtoC直請け水準のエンジニアを1名から供給できるSES会社です。React/Vue.js/Next.js/TypeScriptを専門とするエンジニア約40名が在籍し、国内最大級の美容予約サービスの開発にも参画しています。

中途採用に数か月かけずとも、大規模BtoCで培った開発フローと品質基準をそのまま持ち込めるため、リリースを止めずにUI品質を底上げできます。採用が長引く間も他社は機能改善を進めており、今動くかで次四半期の速度が変わります。

現状の開発体制について、「相談したい」の5文字だけご返信ください。折り返しご連絡します。

株式会社Lei Hau'oli 開発支援事業部","380","92","汎用（非パーソナライズ・マギ1回生成）",""
"2026-09-11T18:19:46+09:00","株式会社テクノトゥルース","開発部","ご担当者","【1名から常駐】フロントエンド専任エンジニア40名、採用に頼らず体制強化","開発部 ご担当者様

UI改修や新機能開発を進めたくても、フロントエンド専任エンジニアの採用が進まず、着手が遅れていないでしょうか。

株式会社Lei Hau'oliは、フロントエンド特化で国内大手BtoC直請け水準のエンジニアを1名から供給できるSES会社です。React/Vue.js/Next.js/TypeScriptを専門とするエンジニア約40名が在籍し、国内最大級の美容予約サービスの開発にも参画しています。

中途採用に数か月かけずとも、大規模BtoCで培った開発フローと品質基準をそのまま持ち込めるため、リリースを止めずにUI品質を底上げできます。採用が長引く間も他社は機能改善を進めており、今動くかで次四半期の速度が変わります。

現状の開発体制について、「相談したい」の5文字だけご返信ください。折り返しご連絡します。

株式会社Lei Hau'oli 開発支援事業部","380","92","汎用（非パーソナライズ・マギ1回生成）",""
"2026-09-11T18:19:46+09:00","株式会社リハビテック","情報システム部","ご担当者","【1名から常駐】フロントエンド専任エンジニア40名、採用に頼らず体制強化","情報システム部 ご担当者様

UI改修や新機能開発を進めたくても、フロントエンド専任エンジニアの採用が進まず、着手が遅れていないでしょうか。

株式会社Lei Hau'oliは、フロントエンド特化で国内大手BtoC直請け水準のエンジニアを1名から供給できるSES会社です。React/Vue.js/Next.js/TypeScriptを専門とするエンジニア約40名が在籍し、国内最大級の美容予約サービスの開発にも参画しています。

中途採用に数か月かけずとも、大規模BtoCで培った開発フローと品質基準をそのまま持ち込めるため、リリースを止めずにUI品質を底上げできます。採用が長引く間も他社は機能改善を進めており、今動くかで次四半期の速度が変わります。

現状の開発体制について、「相談したい」の5文字だけご返信ください。折り返しご連絡します。

株式会社Lei Hau'oli 開発支援事業部","384","92","汎用（非パーソナライズ・マギ1回生成）",""
"2026-09-11T18:19:46+09:00","株式会社グリーンカード","開発部","ご担当者","【1名から常駐】フロントエンド専任エンジニア40名、採用に頼らず体制強化","開発部 ご担当者様

UI改修や新機能開発を進めたくても、フロントエンド専任エンジニアの採用が進まず、着手が遅れていないでしょうか。

株式会社Lei Hau'oliは、フロントエンド特化で国内大手BtoC直請け水準のエンジニアを1名から供給できるSES会社です。React/Vue.js/Next.js/TypeScriptを専門とするエンジニア約40名が在籍し、国内最大級の美容予約サービスの開発にも参画しています。

中途採用に数か月かけずとも、大規模BtoCで培った開発フローと品質基準をそのまま持ち込めるため、リリースを止めずにUI品質を底上げできます。採用が長引く間も他社は機能改善を進めており、今動くかで次四半期の速度が変わります。

現状の開発体制について、「相談したい」の5文字だけご返信ください。折り返しご連絡します。

株式会社Lei Hau'oli 開発支援事業部","380","92","汎用（非パーソナライズ・マギ1回生成）",""
"2026-09-11T18:19:46+09:00","株式会社エムファーム","開発部","ご担当者","【1名から常駐】フロントエンド専任エンジニア40名、採用に頼らず体制強化","開発部 ご担当者様

UI改修や新機能開発を進めたくても、フロントエンド専任エンジニアの採用が進まず、着手が遅れていないでしょうか。

株式会社Lei Hau'oliは、フロントエンド特化で国内大手BtoC直請け水準のエンジニアを1名から供給できるSES会社です。React/Vue.js/Next.js/TypeScriptを専門とするエンジニア約40名が在籍し、国内最大級の美容予約サービスの開発にも参画しています。

中途採用に数か月かけずとも、大規模BtoCで培った開発フローと品質基準をそのまま持ち込めるため、リリースを止めずにUI品質を底上げできます。採用が長引く間も他社は機能改善を進めており、今動くかで次四半期の速度が変わります。

現状の開発体制について、「相談したい」の5文字だけご返信ください。折り返しご連絡します。

株式会社Lei Hau'oli 開発支援事業部","380","92","汎用（非パーソナライズ・マギ1回生成）",""
"2026-09-11T18:19:46+09:00","FinGo株式会社","開発部","ご担当者","【1名から常駐】フロントエンド専任エンジニア40名、採用に頼らず体制強化","開発部 ご担当者様

UI改修や新機能開発を進めたくても、フロントエンド専任エンジニアの採用が進まず、着手が遅れていないでしょうか。

株式会社Lei Hau'oliは、フロントエンド特化で国内大手BtoC直請け水準のエンジニアを1名から供給できるSES会社です。React/Vue.js/Next.js/TypeScriptを専門とするエンジニア約40名が在籍し、国内最大級の美容予約サービスの開発にも参画しています。

中途採用に数か月かけずとも、大規模BtoCで培った開発フローと品質基準をそのまま持ち込めるため、リリースを止めずにUI品質を底上げできます。採用が長引く間も他社は機能改善を進めており、今動くかで次四半期の速度が変わります。

現状の開発体制について、「相談したい」の5文字だけご返信ください。折り返しご連絡します。

株式会社Lei Hau'oli 開発支援事業部","380","92","汎用（非パーソナライズ・マギ1回生成）",""
"2026-09-11T18:19:46+09:00","ファンファーレ株式会社","開発部","ご担当者","【1名から常駐】フロントエンド専任エンジニア40名、採用に頼らず体制強化","開発部 ご担当者様

UI改修や新機能開発を進めたくても、フロントエンド専任エンジニアの採用が進まず、着手が遅れていないでしょうか。

株式会社Lei Hau'oliは、フロントエンド特化で国内大手BtoC直請け水準のエンジニアを1名から供給できるSES会社です。React/Vue.js/Next.js/TypeScriptを専門とするエンジニア約40名が在籍し、国内最大級の美容予約サービスの開発にも参画しています。

中途採用に数か月かけずとも、大規模BtoCで培った開発フローと品質基準をそのまま持ち込めるため、リリースを止めずにUI品質を底上げできます。採用が長引く間も他社は機能改善を進めており、今動くかで次四半期の速度が変わります。

現状の開発体制について、「相談したい」の5文字だけご返信ください。折り返しご連絡します。

株式会社Lei Hau'oli 開発支援事業部","380","92","汎用（非パーソナライズ・マギ1回生成）",""
"2026-09-11T18:19:46+09:00","株式会社ラリーズ","開発部","ご担当者","【1名から常駐】フロントエンド専任エンジニア40名、採用に頼らず体制強化","開発部 ご担当者様

UI改修や新機能開発を進めたくても、フロントエンド専任エンジニアの採用が進まず、着手が遅れていないでしょうか。

株式会社Lei Hau'oliは、フロントエンド特化で国内大手BtoC直請け水準のエンジニアを1名から供給できるSES会社です。React/Vue.js/Next.js/TypeScriptを専門とするエンジニア約40名が在籍し、国内最大級の美容予約サービスの開発にも参画しています。

中途採用に数か月かけずとも、大規模BtoCで培った開発フローと品質基準をそのまま持ち込めるため、リリースを止めずにUI品質を底上げできます。採用が長引く間も他社は機能改善を進めており、今動くかで次四半期の速度が変わります。

現状の開発体制について、「相談したい」の5文字だけご返信ください。折り返しご連絡します。

株式会社Lei Hau'oli 開発支援事業部","380","92","汎用（非パーソナライズ・マギ1回生成）",""
"2026-09-11T18:19:46+09:00","株式会社アリストル","開発部","ご担当者","【1名から常駐】フロントエンド専任エンジニア40名、採用に頼らず体制強化","開発部 ご担当者様

UI改修や新機能開発を進めたくても、フロントエンド専任エンジニアの採用が進まず、着手が遅れていないでしょうか。

株式会社Lei Hau'oliは、フロントエンド特化で国内大手BtoC直請け水準のエンジニアを1名から供給できるSES会社です。React/Vue.js/Next.js/TypeScriptを専門とするエンジニア約40名が在籍し、国内最大級の美容予約サービスの開発にも参画しています。

中途採用に数か月かけずとも、大規模BtoCで培った開発フローと品質基準をそのまま持ち込めるため、リリースを止めずにUI品質を底上げできます。採用が長引く間も他社は機能改善を進めており、今動くかで次四半期の速度が変わります。

現状の開発体制について、「相談したい」の5文字だけご返信ください。折り返しご連絡します。

株式会社Lei Hau'oli 開発支援事業部","380","92","汎用（非パーソナライズ・マギ1回生成）",""
"2026-09-11T18:19:46+09:00","TTU株式会社","開発部","ご担当者","【1名から常駐】フロントエンド専任エンジニア40名、採用に頼らず体制強化","開発部 ご担当者様

UI改修や新機能開発を進めたくても、フロントエンド専任エンジニアの採用が進まず、着手が遅れていないでしょうか。

株式会社Lei Hau'oliは、フロントエンド特化で国内大手BtoC直請け水準のエンジニアを1名から供給できるSES会社です。React/Vue.js/Next.js/TypeScriptを専門とするエンジニア約40名が在籍し、国内最大級の美容予約サービスの開発にも参画しています。

中途採用に数か月かけずとも、大規模BtoCで培った開発フローと品質基準をそのまま持ち込めるため、リリースを止めずにUI品質を底上げできます。採用が長引く間も他社は機能改善を進めており、今動くかで次四半期の速度が変わります。

現状の開発体制について、「相談したい」の5文字だけご返信ください。折り返しご連絡します。

株式会社Lei Hau'oli 開発支援事業部","380","92","汎用（非パーソナライズ・マギ1回生成）",""
"2026-09-11T18:19:46+09:00","カムイ・イノベーション株式会社","開発部","ご担当者","【1名から常駐】フロントエンド専任エンジニア40名、採用に頼らず体制強化","開発部 ご担当者様

UI改修や新機能開発を進めたくても、フロントエンド専任エンジニアの採用が進まず、着手が遅れていないでしょうか。

株式会社Lei Hau'oliは、フロントエンド特化で国内大手BtoC直請け水準のエンジニアを1名から供給できるSES会社です。React/Vue.js/Next.js/TypeScriptを専門とするエンジニア約40名が在籍し、国内最大級の美容予約サービスの開発にも参画しています。

中途採用に数か月かけずとも、大規模BtoCで培った開発フローと品質基準をそのまま持ち込めるため、リリースを止めずにUI品質を底上げできます。採用が長引く間も他社は機能改善を進めており、今動くかで次四半期の速度が変わります。

現状の開発体制について、「相談したい」の5文字だけご返信ください。折り返しご連絡します。

株式会社Lei Hau'oli 開発支援事業部","380","92","汎用（非パーソナライズ・マギ1回生成）",""
"2026-09-11T18:19:46+09:00","株式会社Moff","開発部","ご担当者","【1名から常駐】フロントエンド専任エンジニア40名、採用に頼らず体制強化","開発部 ご担当者様

UI改修や新機能開発を進めたくても、フロントエンド専任エンジニアの採用が進まず、着手が遅れていないでしょうか。

株式会社Lei Hau'oliは、フロントエンド特化で国内大手BtoC直請け水準のエンジニアを1名から供給できるSES会社です。React/Vue.js/Next.js/TypeScriptを専門とするエンジニア約40名が在籍し、国内最大級の美容予約サービスの開発にも参画しています。

中途採用に数か月かけずとも、大規模BtoCで培った開発フローと品質基準をそのまま持ち込めるため、リリースを止めずにUI品質を底上げできます。採用が長引く間も他社は機能改善を進めており、今動くかで次四半期の速度が変わります。

現状の開発体制について、「相談したい」の5文字だけご返信ください。折り返しご連絡します。

株式会社Lei Hau'oli 開発支援事業部","380","92","汎用（非パーソナライズ・マギ1回生成）",""
"2026-09-11T18:19:46+09:00","株式会社co-meeting","開発部","ご担当者","【1名から常駐】フロントエンド専任エンジニア40名、採用に頼らず体制強化","開発部 ご担当者様

UI改修や新機能開発を進めたくても、フロントエンド専任エンジニアの採用が進まず、着手が遅れていないでしょうか。

株式会社Lei Hau'oliは、フロントエンド特化で国内大手BtoC直請け水準のエンジニアを1名から供給できるSES会社です。React/Vue.js/Next.js/TypeScriptを専門とするエンジニア約40名が在籍し、国内最大級の美容予約サービスの開発にも参画しています。

中途採用に数か月かけずとも、大規模BtoCで培った開発フローと品質基準をそのまま持ち込めるため、リリースを止めずにUI品質を底上げできます。採用が長引く間も他社は機能改善を進めており、今動くかで次四半期の速度が変わります。

現状の開発体制について、「相談したい」の5文字だけご返信ください。折り返しご連絡します。

株式会社Lei Hau'oli 開発支援事業部","380","92","汎用（非パーソナライズ・マギ1回生成）",""
"2026-09-11T18:19:46+09:00","株式会社Agoora","開発部","ご担当者","【1名から常駐】フロントエンド専任エンジニア40名、採用に頼らず体制強化","開発部 ご担当者様

UI改修や新機能開発を進めたくても、フロントエンド専任エンジニアの採用が進まず、着手が遅れていないでしょうか。

株式会社Lei Hau'oliは、フロントエンド特化で国内大手BtoC直請け水準のエンジニアを1名から供給できるSES会社です。React/Vue.js/Next.js/TypeScriptを専門とするエンジニア約40名が在籍し、国内最大級の美容予約サービスの開発にも参画しています。

中途採用に数か月かけずとも、大規模BtoCで培った開発フローと品質基準をそのまま持ち込めるため、リリースを止めずにUI品質を底上げできます。採用が長引く間も他社は機能改善を進めており、今動くかで次四半期の速度が変わります。

現状の開発体制について、「相談したい」の5文字だけご返信ください。折り返しご連絡します。

株式会社Lei Hau'oli 開発支援事業部","380","92","汎用（非パーソナライズ・マギ1回生成）",""
"2026-09-11T18:19:46+09:00","システックITソリューション株式会社","開発部","ご担当者","【1名から常駐】フロントエンド専任エンジニア40名、採用に頼らず体制強化","開発部 ご担当者様

UI改修や新機能開発を進めたくても、フロントエンド専任エンジニアの採用が進まず、着手が遅れていないでしょうか。

株式会社Lei Hau'oliは、フロントエンド特化で国内大手BtoC直請け水準のエンジニアを1名から供給できるSES会社です。React/Vue.js/Next.js/TypeScriptを専門とするエンジニア約40名が在籍し、国内最大級の美容予約サービスの開発にも参画しています。

中途採用に数か月かけずとも、大規模BtoCで培った開発フローと品質基準をそのまま持ち込めるため、リリースを止めずにUI品質を底上げできます。採用が長引く間も他社は機能改善を進めており、今動くかで次四半期の速度が変わります。

現状の開発体制について、「相談したい」の5文字だけご返信ください。折り返しご連絡します。

株式会社Lei Hau'oli 開発支援事業部","380","92","汎用（非パーソナライズ・マギ1回生成）",""
"2026-09-11T18:19:46+09:00","株式会社モビイクス","開発部","ご担当者","【1名から常駐】フロントエンド専任エンジニア40名、採用に頼らず体制強化","開発部 ご担当者様

UI改修や新機能開発を進めたくても、フロントエンド専任エンジニアの採用が進まず、着手が遅れていないでしょうか。

株式会社Lei Hau'oliは、フロントエンド特化で国内大手BtoC直請け水準のエンジニアを1名から供給できるSES会社です。React/Vue.js/Next.js/TypeScriptを専門とするエンジニア約40名が在籍し、国内最大級の美容予約サービスの開発にも参画しています。

中途採用に数か月かけずとも、大規模BtoCで培った開発フローと品質基準をそのまま持ち込めるため、リリースを止めずにUI品質を底上げできます。採用が長引く間も他社は機能改善を進めており、今動くかで次四半期の速度が変わります。

現状の開発体制について、「相談したい」の5文字だけご返信ください。折り返しご連絡します。

株式会社Lei Hau'oli 開発支援事業部","380","92","汎用（非パーソナライズ・マギ1回生成）",""
"2026-09-11T18:19:46+09:00","株式会社ビューン","開発部","ご担当者","【1名から常駐】フロントエンド専任エンジニア40名、採用に頼らず体制強化","開発部 ご担当者様

UI改修や新機能開発を進めたくても、フロントエンド専任エンジニアの採用が進まず、着手が遅れていないでしょうか。

株式会社Lei Hau'oliは、フロントエンド特化で国内大手BtoC直請け水準のエンジニアを1名から供給できるSES会社です。React/Vue.js/Next.js/TypeScriptを専門とするエンジニア約40名が在籍し、国内最大級の美容予約サービスの開発にも参画しています。

中途採用に数か月かけずとも、大規模BtoCで培った開発フローと品質基準をそのまま持ち込めるため、リリースを止めずにUI品質を底上げできます。採用が長引く間も他社は機能改善を進めており、今動くかで次四半期の速度が変わります。

現状の開発体制について、「相談したい」の5文字だけご返信ください。折り返しご連絡します。

株式会社Lei Hau'oli 開発支援事業部","380","92","汎用（非パーソナライズ・マギ1回生成）",""
"2026-09-11T18:19:46+09:00","株式会社コミュニケーション・プロジェクト","開発部","ご担当者","【1名から常駐】フロントエンド専任エンジニア40名、採用に頼らず体制強化","開発部 ご担当者様

UI改修や新機能開発を進めたくても、フロントエンド専任エンジニアの採用が進まず、着手が遅れていないでしょうか。

株式会社Lei Hau'oliは、フロントエンド特化で国内大手BtoC直請け水準のエンジニアを1名から供給できるSES会社です。React/Vue.js/Next.js/TypeScriptを専門とするエンジニア約40名が在籍し、国内最大級の美容予約サービスの開発にも参画しています。

中途採用に数か月かけずとも、大規模BtoCで培った開発フローと品質基準をそのまま持ち込めるため、リリースを止めずにUI品質を底上げできます。採用が長引く間も他社は機能改善を進めており、今動くかで次四半期の速度が変わります。

現状の開発体制について、「相談したい」の5文字だけご返信ください。折り返しご連絡します。

株式会社Lei Hau'oli 開発支援事業部","380","92","汎用（非パーソナライズ・マギ1回生成）",""
"2026-09-11T18:19:46+09:00","株式会社オンラインスクール","開発部","ご担当者","【1名から常駐】フロントエンド専任エンジニア40名、採用に頼らず体制強化","開発部 ご担当者様

UI改修や新機能開発を進めたくても、フロントエンド専任エンジニアの採用が進まず、着手が遅れていないでしょうか。

株式会社Lei Hau'oliは、フロントエンド特化で国内大手BtoC直請け水準のエンジニアを1名から供給できるSES会社です。React/Vue.js/Next.js/TypeScriptを専門とするエンジニア約40名が在籍し、国内最大級の美容予約サービスの開発にも参画しています。

中途採用に数か月かけずとも、大規模BtoCで培った開発フローと品質基準をそのまま持ち込めるため、リリースを止めずにUI品質を底上げできます。採用が長引く間も他社は機能改善を進めており、今動くかで次四半期の速度が変わります。

現状の開発体制について、「相談したい」の5文字だけご返信ください。折り返しご連絡します。

株式会社Lei Hau'oli 開発支援事業部","380","92","汎用（非パーソナライズ・マギ1回生成）",""
"2026-09-11T18:19:46+09:00","株式会社ポート","開発部","ご担当者","【1名から常駐】フロントエンド専任エンジニア40名、採用に頼らず体制強化","開発部 ご担当者様

UI改修や新機能開発を進めたくても、フロントエンド専任エンジニアの採用が進まず、着手が遅れていないでしょうか。

株式会社Lei Hau'oliは、フロントエンド特化で国内大手BtoC直請け水準のエンジニアを1名から供給できるSES会社です。React/Vue.js/Next.js/TypeScriptを専門とするエンジニア約40名が在籍し、国内最大級の美容予約サービスの開発にも参画しています。

中途採用に数か月かけずとも、大規模BtoCで培った開発フローと品質基準をそのまま持ち込めるため、リリースを止めずにUI品質を底上げできます。採用が長引く間も他社は機能改善を進めており、今動くかで次四半期の速度が変わります。

現状の開発体制について、「相談したい」の5文字だけご返信ください。折り返しご連絡します。

株式会社Lei Hau'oli 開発支援事業部","380","92","汎用（非パーソナライズ・マギ1回生成）",""
"2026-09-11T18:19:46+09:00","Uni-Voice事業企画株式会社","開発部","ご担当者","【1名から常駐】フロントエンド専任エンジニア40名、採用に頼らず体制強化","開発部 ご担当者様

UI改修や新機能開発を進めたくても、フロントエンド専任エンジニアの採用が進まず、着手が遅れていないでしょうか。

株式会社Lei Hau'oliは、フロントエンド特化で国内大手BtoC直請け水準のエンジニアを1名から供給できるSES会社です。React/Vue.js/Next.js/TypeScriptを専門とするエンジニア約40名が在籍し、国内最大級の美容予約サービスの開発にも参画しています。

中途採用に数か月かけずとも、大規模BtoCで培った開発フローと品質基準をそのまま持ち込めるため、リリースを止めずにUI品質を底上げできます。採用が長引く間も他社は機能改善を進めており、今動くかで次四半期の速度が変わります。

現状の開発体制について、「相談したい」の5文字だけご返信ください。折り返しご連絡します。

株式会社Lei Hau'oli 開発支援事業部","380","92","汎用（非パーソナライズ・マギ1回生成）",""
"2026-09-11T18:19:46+09:00","株式会社ベンチャーリパブリック","開発部","ご担当者","【1名から常駐】フロントエンド専任エンジニア40名、採用に頼らず体制強化","開発部 ご担当者様

UI改修や新機能開発を進めたくても、フロントエンド専任エンジニアの採用が進まず、着手が遅れていないでしょうか。

株式会社Lei Hau'oliは、フロントエンド特化で国内大手BtoC直請け水準のエンジニアを1名から供給できるSES会社です。React/Vue.js/Next.js/TypeScriptを専門とするエンジニア約40名が在籍し、国内最大級の美容予約サービスの開発にも参画しています。

中途採用に数か月かけずとも、大規模BtoCで培った開発フローと品質基準をそのまま持ち込めるため、リリースを止めずにUI品質を底上げできます。採用が長引く間も他社は機能改善を進めており、今動くかで次四半期の速度が変わります。

現状の開発体制について、「相談したい」の5文字だけご返信ください。折り返しご連絡します。

株式会社Lei Hau'oli 開発支援事業部","380","92","汎用（非パーソナライズ・マギ1回生成）",""
"2026-09-11T18:19:46+09:00","ものレボ株式会社","開発部","ご担当者","【1名から常駐】フロントエンド専任エンジニア40名、採用に頼らず体制強化","開発部 ご担当者様

UI改修や新機能開発を進めたくても、フロントエンド専任エンジニアの採用が進まず、着手が遅れていないでしょうか。

株式会社Lei Hau'oliは、フロントエンド特化で国内大手BtoC直請け水準のエンジニアを1名から供給できるSES会社です。React/Vue.js/Next.js/TypeScriptを専門とするエンジニア約40名が在籍し、国内最大級の美容予約サービスの開発にも参画しています。

中途採用に数か月かけずとも、大規模BtoCで培った開発フローと品質基準をそのまま持ち込めるため、リリースを止めずにUI品質を底上げできます。採用が長引く間も他社は機能改善を進めており、今動くかで次四半期の速度が変わります。

現状の開発体制について、「相談したい」の5文字だけご返信ください。折り返しご連絡します。

株式会社Lei Hau'oli 開発支援事業部","380","92","汎用（非パーソナライズ・マギ1回生成）",""
"2026-09-11T18:19:46+09:00","株式会社FISTBUMP","開発部","ご担当者","【1名から常駐】フロントエンド専任エンジニア40名、採用に頼らず体制強化","開発部 ご担当者様

UI改修や新機能開発を進めたくても、フロントエンド専任エンジニアの採用が進まず、着手が遅れていないでしょうか。

株式会社Lei Hau'oliは、フロントエンド特化で国内大手BtoC直請け水準のエンジニアを1名から供給できるSES会社です。React/Vue.js/Next.js/TypeScriptを専門とするエンジニア約40名が在籍し、国内最大級の美容予約サービスの開発にも参画しています。

中途採用に数か月かけずとも、大規模BtoCで培った開発フローと品質基準をそのまま持ち込めるため、リリースを止めずにUI品質を底上げできます。採用が長引く間も他社は機能改善を進めており、今動くかで次四半期の速度が変わります。

現状の開発体制について、「相談したい」の5文字だけご返信ください。折り返しご連絡します。

株式会社Lei Hau'oli 開発支援事業部","380","92","汎用（非パーソナライズ・マギ1回生成）",""
"2026-09-11T18:19:46+09:00","noco株式会社","開発部","ご担当者","【1名から常駐】フロントエンド専任エンジニア40名、採用に頼らず体制強化","開発部 ご担当者様

UI改修や新機能開発を進めたくても、フロントエンド専任エンジニアの採用が進まず、着手が遅れていないでしょうか。

株式会社Lei Hau'oliは、フロントエンド特化で国内大手BtoC直請け水準のエンジニアを1名から供給できるSES会社です。React/Vue.js/Next.js/TypeScriptを専門とするエンジニア約40名が在籍し、国内最大級の美容予約サービスの開発にも参画しています。

中途採用に数か月かけずとも、大規模BtoCで培った開発フローと品質基準をそのまま持ち込めるため、リリースを止めずにUI品質を底上げできます。採用が長引く間も他社は機能改善を進めており、今動くかで次四半期の速度が変わります。

現状の開発体制について、「相談したい」の5文字だけご返信ください。折り返しご連絡します。

株式会社Lei Hau'oli 開発支援事業部","380","92","汎用（非パーソナライズ・マギ1回生成）",""
"2026-09-11T18:19:46+09:00","株式会社rh labo","開発部","ご担当者","【1名から常駐】フロントエンド専任エンジニア40名、採用に頼らず体制強化","開発部 ご担当者様

UI改修や新機能開発を進めたくても、フロントエンド専任エンジニアの採用が進まず、着手が遅れていないでしょうか。

株式会社Lei Hau'oliは、フロントエンド特化で国内大手BtoC直請け水準のエンジニアを1名から供給できるSES会社です。React/Vue.js/Next.js/TypeScriptを専門とするエンジニア約40名が在籍し、国内最大級の美容予約サービスの開発にも参画しています。

中途採用に数か月かけずとも、大規模BtoCで培った開発フローと品質基準をそのまま持ち込めるため、リリースを止めずにUI品質を底上げできます。採用が長引く間も他社は機能改善を進めており、今動くかで次四半期の速度が変わります。

現状の開発体制について、「相談したい」の5文字だけご返信ください。折り返しご連絡します。

株式会社Lei Hau'oli 開発支援事業部","380","92","汎用（非パーソナライズ・マギ1回生成）",""
"2026-09-11T18:19:46+09:00","emol株式会社","開発部","ご担当者","【1名から常駐】フロントエンド専任エンジニア40名、採用に頼らず体制強化","開発部 ご担当者様

UI改修や新機能開発を進めたくても、フロントエンド専任エンジニアの採用が進まず、着手が遅れていないでしょうか。

株式会社Lei Hau'oliは、フロントエンド特化で国内大手BtoC直請け水準のエンジニアを1名から供給できるSES会社です。React/Vue.js/Next.js/TypeScriptを専門とするエンジニア約40名が在籍し、国内最大級の美容予約サービスの開発にも参画しています。

中途採用に数か月かけずとも、大規模BtoCで培った開発フローと品質基準をそのまま持ち込めるため、リリースを止めずにUI品質を底上げできます。採用が長引く間も他社は機能改善を進めており、今動くかで次四半期の速度が変わります。

現状の開発体制について、「相談したい」の5文字だけご返信ください。折り返しご連絡します。

株式会社Lei Hau'oli 開発支援事業部","380","92","汎用（非パーソナライズ・マギ1回生成）",""
"2026-09-11T18:19:46+09:00","アブログ合同会社","開発部","ご担当者","【1名から常駐】フロントエンド専任エンジニア40名、採用に頼らず体制強化","開発部 ご担当者様

UI改修や新機能開発を進めたくても、フロントエンド専任エンジニアの採用が進まず、着手が遅れていないでしょうか。

株式会社Lei Hau'oliは、フロントエンド特化で国内大手BtoC直請け水準のエンジニアを1名から供給できるSES会社です。React/Vue.js/Next.js/TypeScriptを専門とするエンジニア約40名が在籍し、国内最大級の美容予約サービスの開発にも参画しています。

中途採用に数か月かけずとも、大規模BtoCで培った開発フローと品質基準をそのまま持ち込めるため、リリースを止めずにUI品質を底上げできます。採用が長引く間も他社は機能改善を進めており、今動くかで次四半期の速度が変わります。

現状の開発体制について、「相談したい」の5文字だけご返信ください。折り返しご連絡します。

株式会社Lei Hau'oli 開発支援事業部","380","92","汎用（非パーソナライズ・マギ1回生成）",""
"2026-09-11T18:19:46+09:00","株式会社ティラドコネクト","開発部","ご担当者","【1名から常駐】フロントエンド専任エンジニア40名、採用に頼らず体制強化","開発部 ご担当者様

UI改修や新機能開発を進めたくても、フロントエンド専任エンジニアの採用が進まず、着手が遅れていないでしょうか。

株式会社Lei Hau'oliは、フロントエンド特化で国内大手BtoC直請け水準のエンジニアを1名から供給できるSES会社です。React/Vue.js/Next.js/TypeScriptを専門とするエンジニア約40名が在籍し、国内最大級の美容予約サービスの開発にも参画しています。

中途採用に数か月かけずとも、大規模BtoCで培った開発フローと品質基準をそのまま持ち込めるため、リリースを止めずにUI品質を底上げできます。採用が長引く間も他社は機能改善を進めており、今動くかで次四半期の速度が変わります。

現状の開発体制について、「相談したい」の5文字だけご返信ください。折り返しご連絡します。

株式会社Lei Hau'oli 開発支援事業部","380","92","汎用（非パーソナライズ・マギ1回生成）",""
"2026-09-11T18:19:46+09:00","Alche株式会社","開発部","ご担当者","【1名から常駐】フロントエンド専任エンジニア40名、採用に頼らず体制強化","開発部 ご担当者様

UI改修や新機能開発を進めたくても、フロントエンド専任エンジニアの採用が進まず、着手が遅れていないでしょうか。

株式会社Lei Hau'oliは、フロントエンド特化で国内大手BtoC直請け水準のエンジニアを1名から供給できるSES会社です。React/Vue.js/Next.js/TypeScriptを専門とするエンジニア約40名が在籍し、国内最大級の美容予約サービスの開発にも参画しています。

中途採用に数か月かけずとも、大規模BtoCで培った開発フローと品質基準をそのまま持ち込めるため、リリースを止めずにUI品質を底上げできます。採用が長引く間も他社は機能改善を進めており、今動くかで次四半期の速度が変わります。

現状の開発体制について、「相談したい」の5文字だけご返信ください。折り返しご連絡します。

株式会社Lei Hau'oli 開発支援事業部","380","92","汎用（非パーソナライズ・マギ1回生成）",""
"2026-09-11T18:19:46+09:00","スジテク合同会社","開発部","ご担当者","【1名から常駐】フロントエンド専任エンジニア40名、採用に頼らず体制強化","開発部 ご担当者様

UI改修や新機能開発を進めたくても、フロントエンド専任エンジニアの採用が進まず、着手が遅れていないでしょうか。

株式会社Lei Hau'oliは、フロントエンド特化で国内大手BtoC直請け水準のエンジニアを1名から供給できるSES会社です。React/Vue.js/Next.js/TypeScriptを専門とするエンジニア約40名が在籍し、国内最大級の美容予約サービスの開発にも参画しています。

中途採用に数か月かけずとも、大規模BtoCで培った開発フローと品質基準をそのまま持ち込めるため、リリースを止めずにUI品質を底上げできます。採用が長引く間も他社は機能改善を進めており、今動くかで次四半期の速度が変わります。

現状の開発体制について、「相談したい」の5文字だけご返信ください。折り返しご連絡します。

株式会社Lei Hau'oli 開発支援事業部","380","92","汎用（非パーソナライズ・マギ1回生成）",""
"2026-09-11T18:19:46+09:00","株式会社Project","情報システム部","ご担当者","【1名から常駐】フロントエンド専任エンジニア40名、採用に頼らず体制強化","情報システム部 ご担当者様

UI改修や新機能開発を進めたくても、フロントエンド専任エンジニアの採用が進まず、着手が遅れていないでしょうか。

株式会社Lei Hau'oliは、フロントエンド特化で国内大手BtoC直請け水準のエンジニアを1名から供給できるSES会社です。React/Vue.js/Next.js/TypeScriptを専門とするエンジニア約40名が在籍し、国内最大級の美容予約サービスの開発にも参画しています。

中途採用に数か月かけずとも、大規模BtoCで培った開発フローと品質基準をそのまま持ち込めるため、リリースを止めずにUI品質を底上げできます。採用が長引く間も他社は機能改善を進めており、今動くかで次四半期の速度が変わります。

現状の開発体制について、「相談したい」の5文字だけご返信ください。折り返しご連絡します。

株式会社Lei Hau'oli 開発支援事業部","384","92","汎用（非パーソナライズ・マギ1回生成）",""
"2026-09-11T18:19:46+09:00","株式会社タワシテック","開発部","ご担当者","【1名から常駐】フロントエンド専任エンジニア40名、採用に頼らず体制強化","開発部 ご担当者様

UI改修や新機能開発を進めたくても、フロントエンド専任エンジニアの採用が進まず、着手が遅れていないでしょうか。

株式会社Lei Hau'oliは、フロントエンド特化で国内大手BtoC直請け水準のエンジニアを1名から供給できるSES会社です。React/Vue.js/Next.js/TypeScriptを専門とするエンジニア約40名が在籍し、国内最大級の美容予約サービスの開発にも参画しています。

中途採用に数か月かけずとも、大規模BtoCで培った開発フローと品質基準をそのまま持ち込めるため、リリースを止めずにUI品質を底上げできます。採用が長引く間も他社は機能改善を進めており、今動くかで次四半期の速度が変わります。

現状の開発体制について、「相談したい」の5文字だけご返信ください。折り返しご連絡します。

株式会社Lei Hau'oli 開発支援事業部","380","92","汎用（非パーソナライズ・マギ1回生成）",""
"2026-09-11T18:19:46+09:00","山陽ファースト株式会社","開発部","ご担当者","【1名から常駐】フロントエンド専任エンジニア40名、採用に頼らず体制強化","開発部 ご担当者様

UI改修や新機能開発を進めたくても、フロントエンド専任エンジニアの採用が進まず、着手が遅れていないでしょうか。

株式会社Lei Hau'oliは、フロントエンド特化で国内大手BtoC直請け水準のエンジニアを1名から供給できるSES会社です。React/Vue.js/Next.js/TypeScriptを専門とするエンジニア約40名が在籍し、国内最大級の美容予約サービスの開発にも参画しています。

中途採用に数か月かけずとも、大規模BtoCで培った開発フローと品質基準をそのまま持ち込めるため、リリースを止めずにUI品質を底上げできます。採用が長引く間も他社は機能改善を進めており、今動くかで次四半期の速度が変わります。

現状の開発体制について、「相談したい」の5文字だけご返信ください。折り返しご連絡します。

株式会社Lei Hau'oli 開発支援事業部","380","92","汎用（非パーソナライズ・マギ1回生成）",""
"2026-09-11T18:19:46+09:00","株式会社デンタルラボ・アジール","情報システム部","ご担当者","【1名から常駐】フロントエンド専任エンジニア40名、採用に頼らず体制強化","情報システム部 ご担当者様

UI改修や新機能開発を進めたくても、フロントエンド専任エンジニアの採用が進まず、着手が遅れていないでしょうか。

株式会社Lei Hau'oliは、フロントエンド特化で国内大手BtoC直請け水準のエンジニアを1名から供給できるSES会社です。React/Vue.js/Next.js/TypeScriptを専門とするエンジニア約40名が在籍し、国内最大級の美容予約サービスの開発にも参画しています。

中途採用に数か月かけずとも、大規模BtoCで培った開発フローと品質基準をそのまま持ち込めるため、リリースを止めずにUI品質を底上げできます。採用が長引く間も他社は機能改善を進めており、今動くかで次四半期の速度が変わります。

現状の開発体制について、「相談したい」の5文字だけご返信ください。折り返しご連絡します。

株式会社Lei Hau'oli 開発支援事業部","384","92","汎用（非パーソナライズ・マギ1回生成）",""
"2026-09-11T18:19:46+09:00","Ambii株式会社","開発部","ご担当者","【1名から常駐】フロントエンド専任エンジニア40名、採用に頼らず体制強化","開発部 ご担当者様

UI改修や新機能開発を進めたくても、フロントエンド専任エンジニアの採用が進まず、着手が遅れていないでしょうか。

株式会社Lei Hau'oliは、フロントエンド特化で国内大手BtoC直請け水準のエンジニアを1名から供給できるSES会社です。React/Vue.js/Next.js/TypeScriptを専門とするエンジニア約40名が在籍し、国内最大級の美容予約サービスの開発にも参画しています。

中途採用に数か月かけずとも、大規模BtoCで培った開発フローと品質基準をそのまま持ち込めるため、リリースを止めずにUI品質を底上げできます。採用が長引く間も他社は機能改善を進めており、今動くかで次四半期の速度が変わります。

現状の開発体制について、「相談したい」の5文字だけご返信ください。折り返しご連絡します。

株式会社Lei Hau'oli 開発支援事業部","380","92","汎用（非パーソナライズ・マギ1回生成）",""
"2026-09-11T18:19:46+09:00","株式会社DC7","開発部","ご担当者","【1名から常駐】フロントエンド専任エンジニア40名、採用に頼らず体制強化","開発部 ご担当者様

UI改修や新機能開発を進めたくても、フロントエンド専任エンジニアの採用が進まず、着手が遅れていないでしょうか。

株式会社Lei Hau'oliは、フロントエンド特化で国内大手BtoC直請け水準のエンジニアを1名から供給できるSES会社です。React/Vue.js/Next.js/TypeScriptを専門とするエンジニア約40名が在籍し、国内最大級の美容予約サービスの開発にも参画しています。

中途採用に数か月かけずとも、大規模BtoCで培った開発フローと品質基準をそのまま持ち込めるため、リリースを止めずにUI品質を底上げできます。採用が長引く間も他社は機能改善を進めており、今動くかで次四半期の速度が変わります。

現状の開発体制について、「相談したい」の5文字だけご返信ください。折り返しご連絡します。

株式会社Lei Hau'oli 開発支援事業部","380","92","汎用（非パーソナライズ・マギ1回生成）",""
"2026-09-11T18:19:46+09:00","株式会社イオタ","開発部","ご担当者","【1名から常駐】フロントエンド専任エンジニア40名、採用に頼らず体制強化","開発部 ご担当者様

UI改修や新機能開発を進めたくても、フロントエンド専任エンジニアの採用が進まず、着手が遅れていないでしょうか。

株式会社Lei Hau'oliは、フロントエンド特化で国内大手BtoC直請け水準のエンジニアを1名から供給できるSES会社です。React/Vue.js/Next.js/TypeScriptを専門とするエンジニア約40名が在籍し、国内最大級の美容予約サービスの開発にも参画しています。

中途採用に数か月かけずとも、大規模BtoCで培った開発フローと品質基準をそのまま持ち込めるため、リリースを止めずにUI品質を底上げできます。採用が長引く間も他社は機能改善を進めており、今動くかで次四半期の速度が変わります。

現状の開発体制について、「相談したい」の5文字だけご返信ください。折り返しご連絡します。

株式会社Lei Hau'oli 開発支援事業部","380","92","汎用（非パーソナライズ・マギ1回生成）",""
"2026-09-11T18:19:46+09:00","株式会社エム・アイ・アール","開発部","ご担当者","【1名から常駐】フロントエンド専任エンジニア40名、採用に頼らず体制強化","開発部 ご担当者様

UI改修や新機能開発を進めたくても、フロントエンド専任エンジニアの採用が進まず、着手が遅れていないでしょうか。

株式会社Lei Hau'oliは、フロントエンド特化で国内大手BtoC直請け水準のエンジニアを1名から供給できるSES会社です。React/Vue.js/Next.js/TypeScriptを専門とするエンジニア約40名が在籍し、国内最大級の美容予約サービスの開発にも参画しています。

中途採用に数か月かけずとも、大規模BtoCで培った開発フローと品質基準をそのまま持ち込めるため、リリースを止めずにUI品質を底上げできます。採用が長引く間も他社は機能改善を進めており、今動くかで次四半期の速度が変わります。

現状の開発体制について、「相談したい」の5文字だけご返信ください。折り返しご連絡します。

株式会社Lei Hau'oli 開発支援事業部","380","92","汎用（非パーソナライズ・マギ1回生成）",""
"2026-09-11T18:19:46+09:00","アウラクリエイティブ株式会社","開発部","ご担当者","【1名から常駐】フロントエンド専任エンジニア40名、採用に頼らず体制強化","開発部 ご担当者様

UI改修や新機能開発を進めたくても、フロントエンド専任エンジニアの採用が進まず、着手が遅れていないでしょうか。

株式会社Lei Hau'oliは、フロントエンド特化で国内大手BtoC直請け水準のエンジニアを1名から供給できるSES会社です。React/Vue.js/Next.js/TypeScriptを専門とするエンジニア約40名が在籍し、国内最大級の美容予約サービスの開発にも参画しています。

中途採用に数か月かけずとも、大規模BtoCで培った開発フローと品質基準をそのまま持ち込めるため、リリースを止めずにUI品質を底上げできます。採用が長引く間も他社は機能改善を進めており、今動くかで次四半期の速度が変わります。

現状の開発体制について、「相談したい」の5文字だけご返信ください。折り返しご連絡します。

株式会社Lei Hau'oli 開発支援事業部","380","92","汎用（非パーソナライズ・マギ1回生成）",""
"2026-09-11T18:19:46+09:00","株式会社ネットリソースマネジメント","開発部","ご担当者","【1名から常駐】フロントエンド専任エンジニア40名、採用に頼らず体制強化","開発部 ご担当者様

UI改修や新機能開発を進めたくても、フロントエンド専任エンジニアの採用が進まず、着手が遅れていないでしょうか。

株式会社Lei Hau'oliは、フロントエンド特化で国内大手BtoC直請け水準のエンジニアを1名から供給できるSES会社です。React/Vue.js/Next.js/TypeScriptを専門とするエンジニア約40名が在籍し、国内最大級の美容予約サービスの開発にも参画しています。

中途採用に数か月かけずとも、大規模BtoCで培った開発フローと品質基準をそのまま持ち込めるため、リリースを止めずにUI品質を底上げできます。採用が長引く間も他社は機能改善を進めており、今動くかで次四半期の速度が変わります。

現状の開発体制について、「相談したい」の5文字だけご返信ください。折り返しご連絡します。

株式会社Lei Hau'oli 開発支援事業部","380","92","汎用（非パーソナライズ・マギ1回生成）",""
"2026-09-11T18:19:46+09:00","株式会社アジャイルHR","開発部","ご担当者","【1名から常駐】フロントエンド専任エンジニア40名、採用に頼らず体制強化","開発部 ご担当者様

UI改修や新機能開発を進めたくても、フロントエンド専任エンジニアの採用が進まず、着手が遅れていないでしょうか。

株式会社Lei Hau'oliは、フロントエンド特化で国内大手BtoC直請け水準のエンジニアを1名から供給できるSES会社です。React/Vue.js/Next.js/TypeScriptを専門とするエンジニア約40名が在籍し、国内最大級の美容予約サービスの開発にも参画しています。

中途採用に数か月かけずとも、大規模BtoCで培った開発フローと品質基準をそのまま持ち込めるため、リリースを止めずにUI品質を底上げできます。採用が長引く間も他社は機能改善を進めており、今動くかで次四半期の速度が変わります。

現状の開発体制について、「相談したい」の5文字だけご返信ください。折り返しご連絡します。

株式会社Lei Hau'oli 開発支援事業部","380","92","汎用（非パーソナライズ・マギ1回生成）",""
"2026-09-11T18:19:46+09:00","ゴールドバッハ株式会社","開発部","ご担当者","【1名から常駐】フロントエンド専任エンジニア40名、採用に頼らず体制強化","開発部 ご担当者様

UI改修や新機能開発を進めたくても、フロントエンド専任エンジニアの採用が進まず、着手が遅れていないでしょうか。

株式会社Lei Hau'oliは、フロントエンド特化で国内大手BtoC直請け水準のエンジニアを1名から供給できるSES会社です。React/Vue.js/Next.js/TypeScriptを専門とするエンジニア約40名が在籍し、国内最大級の美容予約サービスの開発にも参画しています。

中途採用に数か月かけずとも、大規模BtoCで培った開発フローと品質基準をそのまま持ち込めるため、リリースを止めずにUI品質を底上げできます。採用が長引く間も他社は機能改善を進めており、今動くかで次四半期の速度が変わります。

現状の開発体制について、「相談したい」の5文字だけご返信ください。折り返しご連絡します。

株式会社Lei Hau'oli 開発支援事業部","380","92","汎用（非パーソナライズ・マギ1回生成）",""
"2026-09-11T18:19:46+09:00","OTAKA株式会社","開発部","ご担当者","【1名から常駐】フロントエンド専任エンジニア40名、採用に頼らず体制強化","開発部 ご担当者様

UI改修や新機能開発を進めたくても、フロントエンド専任エンジニアの採用が進まず、着手が遅れていないでしょうか。

株式会社Lei Hau'oliは、フロントエンド特化で国内大手BtoC直請け水準のエンジニアを1名から供給できるSES会社です。React/Vue.js/Next.js/TypeScriptを専門とするエンジニア約40名が在籍し、国内最大級の美容予約サービスの開発にも参画しています。

中途採用に数か月かけずとも、大規模BtoCで培った開発フローと品質基準をそのまま持ち込めるため、リリースを止めずにUI品質を底上げできます。採用が長引く間も他社は機能改善を進めており、今動くかで次四半期の速度が変わります。

現状の開発体制について、「相談したい」の5文字だけご返信ください。折り返しご連絡します。

株式会社Lei Hau'oli 開発支援事業部","380","92","汎用（非パーソナライズ・マギ1回生成）",""
"2026-09-11T18:19:46+09:00","TC3株式会社","開発部","ご担当者","【1名から常駐】フロントエンド専任エンジニア40名、採用に頼らず体制強化","開発部 ご担当者様

UI改修や新機能開発を進めたくても、フロントエンド専任エンジニアの採用が進まず、着手が遅れていないでしょうか。

株式会社Lei Hau'oliは、フロントエンド特化で国内大手BtoC直請け水準のエンジニアを1名から供給できるSES会社です。React/Vue.js/Next.js/TypeScriptを専門とするエンジニア約40名が在籍し、国内最大級の美容予約サービスの開発にも参画しています。

中途採用に数か月かけずとも、大規模BtoCで培った開発フローと品質基準をそのまま持ち込めるため、リリースを止めずにUI品質を底上げできます。採用が長引く間も他社は機能改善を進めており、今動くかで次四半期の速度が変わります。

現状の開発体制について、「相談したい」の5文字だけご返信ください。折り返しご連絡します。

株式会社Lei Hau'oli 開発支援事業部","380","92","汎用（非パーソナライズ・マギ1回生成）",""
"2026-09-11T18:19:46+09:00","株式会社ルックス","開発部","ご担当者","【1名から常駐】フロントエンド専任エンジニア40名、採用に頼らず体制強化","開発部 ご担当者様

UI改修や新機能開発を進めたくても、フロントエンド専任エンジニアの採用が進まず、着手が遅れていないでしょうか。

株式会社Lei Hau'oliは、フロントエンド特化で国内大手BtoC直請け水準のエンジニアを1名から供給できるSES会社です。React/Vue.js/Next.js/TypeScriptを専門とするエンジニア約40名が在籍し、国内最大級の美容予約サービスの開発にも参画しています。

中途採用に数か月かけずとも、大規模BtoCで培った開発フローと品質基準をそのまま持ち込めるため、リリースを止めずにUI品質を底上げできます。採用が長引く間も他社は機能改善を進めており、今動くかで次四半期の速度が変わります。

現状の開発体制について、「相談したい」の5文字だけご返信ください。折り返しご連絡します。

株式会社Lei Hau'oli 開発支援事業部","380","92","汎用（非パーソナライズ・マギ1回生成）",""
"2026-09-11T18:19:46+09:00","AcrossOver合同会社","開発部","ご担当者","【1名から常駐】フロントエンド専任エンジニア40名、採用に頼らず体制強化","開発部 ご担当者様

UI改修や新機能開発を進めたくても、フロントエンド専任エンジニアの採用が進まず、着手が遅れていないでしょうか。

株式会社Lei Hau'oliは、フロントエンド特化で国内大手BtoC直請け水準のエンジニアを1名から供給できるSES会社です。React/Vue.js/Next.js/TypeScriptを専門とするエンジニア約40名が在籍し、国内最大級の美容予約サービスの開発にも参画しています。

中途採用に数か月かけずとも、大規模BtoCで培った開発フローと品質基準をそのまま持ち込めるため、リリースを止めずにUI品質を底上げできます。採用が長引く間も他社は機能改善を進めており、今動くかで次四半期の速度が変わります。

現状の開発体制について、「相談したい」の5文字だけご返信ください。折り返しご連絡します。

株式会社Lei Hau'oli 開発支援事業部","380","92","汎用（非パーソナライズ・マギ1回生成）",""
"2026-09-11T18:19:46+09:00","株式会社PRIDIST","開発部","ご担当者","【1名から常駐】フロントエンド専任エンジニア40名、採用に頼らず体制強化","開発部 ご担当者様

UI改修や新機能開発を進めたくても、フロントエンド専任エンジニアの採用が進まず、着手が遅れていないでしょうか。

株式会社Lei Hau'oliは、フロントエンド特化で国内大手BtoC直請け水準のエンジニアを1名から供給できるSES会社です。React/Vue.js/Next.js/TypeScriptを専門とするエンジニア約40名が在籍し、国内最大級の美容予約サービスの開発にも参画しています。

中途採用に数か月かけずとも、大規模BtoCで培った開発フローと品質基準をそのまま持ち込めるため、リリースを止めずにUI品質を底上げできます。採用が長引く間も他社は機能改善を進めており、今動くかで次四半期の速度が変わります。

現状の開発体制について、「相談したい」の5文字だけご返信ください。折り返しご連絡します。

株式会社Lei Hau'oli 開発支援事業部","380","92","汎用（非パーソナライズ・マギ1回生成）",""
"2026-09-11T18:19:46+09:00","HYPグループ株式会社","開発部","ご担当者","【1名から常駐】フロントエンド専任エンジニア40名、採用に頼らず体制強化","開発部 ご担当者様

UI改修や新機能開発を進めたくても、フロントエンド専任エンジニアの採用が進まず、着手が遅れていないでしょうか。

株式会社Lei Hau'oliは、フロントエンド特化で国内大手BtoC直請け水準のエンジニアを1名から供給できるSES会社です。React/Vue.js/Next.js/TypeScriptを専門とするエンジニア約40名が在籍し、国内最大級の美容予約サービスの開発にも参画しています。

中途採用に数か月かけずとも、大規模BtoCで培った開発フローと品質基準をそのまま持ち込めるため、リリースを止めずにUI品質を底上げできます。採用が長引く間も他社は機能改善を進めており、今動くかで次四半期の速度が変わります。

現状の開発体制について、「相談したい」の5文字だけご返信ください。折り返しご連絡します。

株式会社Lei Hau'oli 開発支援事業部","380","92","汎用（非パーソナライズ・マギ1回生成）",""
"2026-09-11T18:19:46+09:00","株式会社しーま","開発部","ご担当者","【1名から常駐】フロントエンド専任エンジニア40名、採用に頼らず体制強化","開発部 ご担当者様

UI改修や新機能開発を進めたくても、フロントエンド専任エンジニアの採用が進まず、着手が遅れていないでしょうか。

株式会社Lei Hau'oliは、フロントエンド特化で国内大手BtoC直請け水準のエンジニアを1名から供給できるSES会社です。React/Vue.js/Next.js/TypeScriptを専門とするエンジニア約40名が在籍し、国内最大級の美容予約サービスの開発にも参画しています。

中途採用に数か月かけずとも、大規模BtoCで培った開発フローと品質基準をそのまま持ち込めるため、リリースを止めずにUI品質を底上げできます。採用が長引く間も他社は機能改善を進めており、今動くかで次四半期の速度が変わります。

現状の開発体制について、「相談したい」の5文字だけご返信ください。折り返しご連絡します。

株式会社Lei Hau'oli 開発支援事業部","380","92","汎用（非パーソナライズ・マギ1回生成）",""
"2026-09-11T18:19:46+09:00","株式会社ZERO","情報システム部","ご担当者","【1名から常駐】フロントエンド専任エンジニア40名、採用に頼らず体制強化","情報システム部 ご担当者様

UI改修や新機能開発を進めたくても、フロントエンド専任エンジニアの採用が進まず、着手が遅れていないでしょうか。

株式会社Lei Hau'oliは、フロントエンド特化で国内大手BtoC直請け水準のエンジニアを1名から供給できるSES会社です。React/Vue.js/Next.js/TypeScriptを専門とするエンジニア約40名が在籍し、国内最大級の美容予約サービスの開発にも参画しています。

中途採用に数か月かけずとも、大規模BtoCで培った開発フローと品質基準をそのまま持ち込めるため、リリースを止めずにUI品質を底上げできます。採用が長引く間も他社は機能改善を進めており、今動くかで次四半期の速度が変わります。

現状の開発体制について、「相談したい」の5文字だけご返信ください。折り返しご連絡します。

株式会社Lei Hau'oli 開発支援事業部","384","92","汎用（非パーソナライズ・マギ1回生成）",""
"2026-09-11T18:19:46+09:00","株式会社リアンコネクション","開発部","ご担当者","【1名から常駐】フロントエンド専任エンジニア40名、採用に頼らず体制強化","開発部 ご担当者様

UI改修や新機能開発を進めたくても、フロントエンド専任エンジニアの採用が進まず、着手が遅れていないでしょうか。

株式会社Lei Hau'oliは、フロントエンド特化で国内大手BtoC直請け水準のエンジニアを1名から供給できるSES会社です。React/Vue.js/Next.js/TypeScriptを専門とするエンジニア約40名が在籍し、国内最大級の美容予約サービスの開発にも参画しています。

中途採用に数か月かけずとも、大規模BtoCで培った開発フローと品質基準をそのまま持ち込めるため、リリースを止めずにUI品質を底上げできます。採用が長引く間も他社は機能改善を進めており、今動くかで次四半期の速度が変わります。

現状の開発体制について、「相談したい」の5文字だけご返信ください。折り返しご連絡します。

株式会社Lei Hau'oli 開発支援事業部","380","92","汎用（非パーソナライズ・マギ1回生成）",""
"2026-09-11T18:19:46+09:00","Lab&Design株式会社","開発部","ご担当者","【1名から常駐】フロントエンド専任エンジニア40名、採用に頼らず体制強化","開発部 ご担当者様

UI改修や新機能開発を進めたくても、フロントエンド専任エンジニアの採用が進まず、着手が遅れていないでしょうか。

株式会社Lei Hau'oliは、フロントエンド特化で国内大手BtoC直請け水準のエンジニアを1名から供給できるSES会社です。React/Vue.js/Next.js/TypeScriptを専門とするエンジニア約40名が在籍し、国内最大級の美容予約サービスの開発にも参画しています。

中途採用に数か月かけずとも、大規模BtoCで培った開発フローと品質基準をそのまま持ち込めるため、リリースを止めずにUI品質を底上げできます。採用が長引く間も他社は機能改善を進めており、今動くかで次四半期の速度が変わります。

現状の開発体制について、「相談したい」の5文字だけご返信ください。折り返しご連絡します。

株式会社Lei Hau'oli 開発支援事業部","380","92","汎用（非パーソナライズ・マギ1回生成）",""
"2026-09-11T18:19:46+09:00","株式会社インフォプラス","開発部","ご担当者","【1名から常駐】フロントエンド専任エンジニア40名、採用に頼らず体制強化","開発部 ご担当者様

UI改修や新機能開発を進めたくても、フロントエンド専任エンジニアの採用が進まず、着手が遅れていないでしょうか。

株式会社Lei Hau'oliは、フロントエンド特化で国内大手BtoC直請け水準のエンジニアを1名から供給できるSES会社です。React/Vue.js/Next.js/TypeScriptを専門とするエンジニア約40名が在籍し、国内最大級の美容予約サービスの開発にも参画しています。

中途採用に数か月かけずとも、大規模BtoCで培った開発フローと品質基準をそのまま持ち込めるため、リリースを止めずにUI品質を底上げできます。採用が長引く間も他社は機能改善を進めており、今動くかで次四半期の速度が変わります。

現状の開発体制について、「相談したい」の5文字だけご返信ください。折り返しご連絡します。

株式会社Lei Hau'oli 開発支援事業部","380","92","汎用（非パーソナライズ・マギ1回生成）",""
"2026-09-11T18:19:46+09:00","株式会社JOINT","開発部","ご担当者","【1名から常駐】フロントエンド専任エンジニア40名、採用に頼らず体制強化","開発部 ご担当者様

UI改修や新機能開発を進めたくても、フロントエンド専任エンジニアの採用が進まず、着手が遅れていないでしょうか。

株式会社Lei Hau'oliは、フロントエンド特化で国内大手BtoC直請け水準のエンジニアを1名から供給できるSES会社です。React/Vue.js/Next.js/TypeScriptを専門とするエンジニア約40名が在籍し、国内最大級の美容予約サービスの開発にも参画しています。

中途採用に数か月かけずとも、大規模BtoCで培った開発フローと品質基準をそのまま持ち込めるため、リリースを止めずにUI品質を底上げできます。採用が長引く間も他社は機能改善を進めており、今動くかで次四半期の速度が変わります。

現状の開発体制について、「相談したい」の5文字だけご返信ください。折り返しご連絡します。

株式会社Lei Hau'oli 開発支援事業部","380","92","汎用（非パーソナライズ・マギ1回生成）",""
"2026-09-11T18:19:46+09:00","ITI株式会社","開発部","ご担当者","【1名から常駐】フロントエンド専任エンジニア40名、採用に頼らず体制強化","開発部 ご担当者様

UI改修や新機能開発を進めたくても、フロントエンド専任エンジニアの採用が進まず、着手が遅れていないでしょうか。

株式会社Lei Hau'oliは、フロントエンド特化で国内大手BtoC直請け水準のエンジニアを1名から供給できるSES会社です。React/Vue.js/Next.js/TypeScriptを専門とするエンジニア約40名が在籍し、国内最大級の美容予約サービスの開発にも参画しています。

中途採用に数か月かけずとも、大規模BtoCで培った開発フローと品質基準をそのまま持ち込めるため、リリースを止めずにUI品質を底上げできます。採用が長引く間も他社は機能改善を進めており、今動くかで次四半期の速度が変わります。

現状の開発体制について、「相談したい」の5文字だけご返信ください。折り返しご連絡します。

株式会社Lei Hau'oli 開発支援事業部","380","92","汎用（非パーソナライズ・マギ1回生成）",""
"2026-09-11T18:19:46+09:00","株式会社ペイメントゲート","開発部","ご担当者","【1名から常駐】フロントエンド専任エンジニア40名、採用に頼らず体制強化","開発部 ご担当者様

UI改修や新機能開発を進めたくても、フロントエンド専任エンジニアの採用が進まず、着手が遅れていないでしょうか。

株式会社Lei Hau'oliは、フロントエンド特化で国内大手BtoC直請け水準のエンジニアを1名から供給できるSES会社です。React/Vue.js/Next.js/TypeScriptを専門とするエンジニア約40名が在籍し、国内最大級の美容予約サービスの開発にも参画しています。

中途採用に数か月かけずとも、大規模BtoCで培った開発フローと品質基準をそのまま持ち込めるため、リリースを止めずにUI品質を底上げできます。採用が長引く間も他社は機能改善を進めており、今動くかで次四半期の速度が変わります。

現状の開発体制について、「相談したい」の5文字だけご返信ください。折り返しご連絡します。

株式会社Lei Hau'oli 開発支援事業部","380","92","汎用（非パーソナライズ・マギ1回生成）",""
"2026-09-11T18:19:46+09:00","株式会社AI Samurai","開発部","ご担当者","【1名から常駐】フロントエンド専任エンジニア40名、採用に頼らず体制強化","開発部 ご担当者様

UI改修や新機能開発を進めたくても、フロントエンド専任エンジニアの採用が進まず、着手が遅れていないでしょうか。

株式会社Lei Hau'oliは、フロントエンド特化で国内大手BtoC直請け水準のエンジニアを1名から供給できるSES会社です。React/Vue.js/Next.js/TypeScriptを専門とするエンジニア約40名が在籍し、国内最大級の美容予約サービスの開発にも参画しています。

中途採用に数か月かけずとも、大規模BtoCで培った開発フローと品質基準をそのまま持ち込めるため、リリースを止めずにUI品質を底上げできます。採用が長引く間も他社は機能改善を進めており、今動くかで次四半期の速度が変わります。

現状の開発体制について、「相談したい」の5文字だけご返信ください。折り返しご連絡します。

株式会社Lei Hau'oli 開発支援事業部","380","92","汎用（非パーソナライズ・マギ1回生成）",""
"2026-09-11T18:19:46+09:00","オーリック・システムズ・ジャパン株式会社","開発部","ご担当者","【1名から常駐】フロントエンド専任エンジニア40名、採用に頼らず体制強化","開発部 ご担当者様

UI改修や新機能開発を進めたくても、フロントエンド専任エンジニアの採用が進まず、着手が遅れていないでしょうか。

株式会社Lei Hau'oliは、フロントエンド特化で国内大手BtoC直請け水準のエンジニアを1名から供給できるSES会社です。React/Vue.js/Next.js/TypeScriptを専門とするエンジニア約40名が在籍し、国内最大級の美容予約サービスの開発にも参画しています。

中途採用に数か月かけずとも、大規模BtoCで培った開発フローと品質基準をそのまま持ち込めるため、リリースを止めずにUI品質を底上げできます。採用が長引く間も他社は機能改善を進めており、今動くかで次四半期の速度が変わります。

現状の開発体制について、「相談したい」の5文字だけご返信ください。折り返しご連絡します。

株式会社Lei Hau'oli 開発支援事業部","380","92","汎用（非パーソナライズ・マギ1回生成）",""
"2026-09-11T18:19:46+09:00","株式会社ObotAI","開発部","ご担当者","【1名から常駐】フロントエンド専任エンジニア40名、採用に頼らず体制強化","開発部 ご担当者様

UI改修や新機能開発を進めたくても、フロントエンド専任エンジニアの採用が進まず、着手が遅れていないでしょうか。

株式会社Lei Hau'oliは、フロントエンド特化で国内大手BtoC直請け水準のエンジニアを1名から供給できるSES会社です。React/Vue.js/Next.js/TypeScriptを専門とするエンジニア約40名が在籍し、国内最大級の美容予約サービスの開発にも参画しています。

中途採用に数か月かけずとも、大規模BtoCで培った開発フローと品質基準をそのまま持ち込めるため、リリースを止めずにUI品質を底上げできます。採用が長引く間も他社は機能改善を進めており、今動くかで次四半期の速度が変わります。

現状の開発体制について、「相談したい」の5文字だけご返信ください。折り返しご連絡します。

株式会社Lei Hau'oli 開発支援事業部","380","92","汎用（非パーソナライズ・マギ1回生成）",""
"2026-09-11T18:19:46+09:00","株式会社サイシード","開発部","ご担当者","【1名から常駐】フロントエンド専任エンジニア40名、採用に頼らず体制強化","開発部 ご担当者様

UI改修や新機能開発を進めたくても、フロントエンド専任エンジニアの採用が進まず、着手が遅れていないでしょうか。

株式会社Lei Hau'oliは、フロントエンド特化で国内大手BtoC直請け水準のエンジニアを1名から供給できるSES会社です。React/Vue.js/Next.js/TypeScriptを専門とするエンジニア約40名が在籍し、国内最大級の美容予約サービスの開発にも参画しています。

中途採用に数か月かけずとも、大規模BtoCで培った開発フローと品質基準をそのまま持ち込めるため、リリースを止めずにUI品質を底上げできます。採用が長引く間も他社は機能改善を進めており、今動くかで次四半期の速度が変わります。

現状の開発体制について、「相談したい」の5文字だけご返信ください。折り返しご連絡します。

株式会社Lei Hau'oli 開発支援事業部","380","92","汎用（非パーソナライズ・マギ1回生成）",""
"2026-09-11T18:19:46+09:00","株式会社Sally","開発部","ご担当者","【1名から常駐】フロントエンド専任エンジニア40名、採用に頼らず体制強化","開発部 ご担当者様

UI改修や新機能開発を進めたくても、フロントエンド専任エンジニアの採用が進まず、着手が遅れていないでしょうか。

株式会社Lei Hau'oliは、フロントエンド特化で国内大手BtoC直請け水準のエンジニアを1名から供給できるSES会社です。React/Vue.js/Next.js/TypeScriptを専門とするエンジニア約40名が在籍し、国内最大級の美容予約サービスの開発にも参画しています。

中途採用に数か月かけずとも、大規模BtoCで培った開発フローと品質基準をそのまま持ち込めるため、リリースを止めずにUI品質を底上げできます。採用が長引く間も他社は機能改善を進めており、今動くかで次四半期の速度が変わります。

現状の開発体制について、「相談したい」の5文字だけご返信ください。折り返しご連絡します。

株式会社Lei Hau'oli 開発支援事業部","380","92","汎用（非パーソナライズ・マギ1回生成）",""
"2026-09-11T18:19:46+09:00","株式会社スプレッドオフィス","開発部","ご担当者","【1名から常駐】フロントエンド専任エンジニア40名、採用に頼らず体制強化","開発部 ご担当者様

UI改修や新機能開発を進めたくても、フロントエンド専任エンジニアの採用が進まず、着手が遅れていないでしょうか。

株式会社Lei Hau'oliは、フロントエンド特化で国内大手BtoC直請け水準のエンジニアを1名から供給できるSES会社です。React/Vue.js/Next.js/TypeScriptを専門とするエンジニア約40名が在籍し、国内最大級の美容予約サービスの開発にも参画しています。

中途採用に数か月かけずとも、大規模BtoCで培った開発フローと品質基準をそのまま持ち込めるため、リリースを止めずにUI品質を底上げできます。採用が長引く間も他社は機能改善を進めており、今動くかで次四半期の速度が変わります。

現状の開発体制について、「相談したい」の5文字だけご返信ください。折り返しご連絡します。

株式会社Lei Hau'oli 開発支援事業部","380","92","汎用（非パーソナライズ・マギ1回生成）",""
"2026-09-11T18:19:46+09:00","マックスコネクト株式会社","開発部","ご担当者","【1名から常駐】フロントエンド専任エンジニア40名、採用に頼らず体制強化","開発部 ご担当者様

UI改修や新機能開発を進めたくても、フロントエンド専任エンジニアの採用が進まず、着手が遅れていないでしょうか。

株式会社Lei Hau'oliは、フロントエンド特化で国内大手BtoC直請け水準のエンジニアを1名から供給できるSES会社です。React/Vue.js/Next.js/TypeScriptを専門とするエンジニア約40名が在籍し、国内最大級の美容予約サービスの開発にも参画しています。

中途採用に数か月かけずとも、大規模BtoCで培った開発フローと品質基準をそのまま持ち込めるため、リリースを止めずにUI品質を底上げできます。採用が長引く間も他社は機能改善を進めており、今動くかで次四半期の速度が変わります。

現状の開発体制について、「相談したい」の5文字だけご返信ください。折り返しご連絡します。

株式会社Lei Hau'oli 開発支援事業部","380","92","汎用（非パーソナライズ・マギ1回生成）",""
"2026-09-11T18:19:46+09:00","ジャパンベビーバス株式会社","開発部","ご担当者","【1名から常駐】フロントエンド専任エンジニア40名、採用に頼らず体制強化","開発部 ご担当者様

UI改修や新機能開発を進めたくても、フロントエンド専任エンジニアの採用が進まず、着手が遅れていないでしょうか。

株式会社Lei Hau'oliは、フロントエンド特化で国内大手BtoC直請け水準のエンジニアを1名から供給できるSES会社です。React/Vue.js/Next.js/TypeScriptを専門とするエンジニア約40名が在籍し、国内最大級の美容予約サービスの開発にも参画しています。

中途採用に数か月かけずとも、大規模BtoCで培った開発フローと品質基準をそのまま持ち込めるため、リリースを止めずにUI品質を底上げできます。採用が長引く間も他社は機能改善を進めており、今動くかで次四半期の速度が変わります。

現状の開発体制について、「相談したい」の5文字だけご返信ください。折り返しご連絡します。

株式会社Lei Hau'oli 開発支援事業部","380","92","汎用（非パーソナライズ・マギ1回生成）",""
"2026-09-11T18:19:46+09:00","株式会社ポム","開発部","ご担当者","【1名から常駐】フロントエンド専任エンジニア40名、採用に頼らず体制強化","開発部 ご担当者様

UI改修や新機能開発を進めたくても、フロントエンド専任エンジニアの採用が進まず、着手が遅れていないでしょうか。

株式会社Lei Hau'oliは、フロントエンド特化で国内大手BtoC直請け水準のエンジニアを1名から供給できるSES会社です。React/Vue.js/Next.js/TypeScriptを専門とするエンジニア約40名が在籍し、国内最大級の美容予約サービスの開発にも参画しています。

中途採用に数か月かけずとも、大規模BtoCで培った開発フローと品質基準をそのまま持ち込めるため、リリースを止めずにUI品質を底上げできます。採用が長引く間も他社は機能改善を進めており、今動くかで次四半期の速度が変わります。

現状の開発体制について、「相談したい」の5文字だけご返信ください。折り返しご連絡します。

株式会社Lei Hau'oli 開発支援事業部","380","92","汎用（非パーソナライズ・マギ1回生成）",""
"2026-09-11T18:19:46+09:00","iChain株式会社","開発部","ご担当者","【1名から常駐】フロントエンド専任エンジニア40名、採用に頼らず体制強化","開発部 ご担当者様

UI改修や新機能開発を進めたくても、フロントエンド専任エンジニアの採用が進まず、着手が遅れていないでしょうか。

株式会社Lei Hau'oliは、フロントエンド特化で国内大手BtoC直請け水準のエンジニアを1名から供給できるSES会社です。React/Vue.js/Next.js/TypeScriptを専門とするエンジニア約40名が在籍し、国内最大級の美容予約サービスの開発にも参画しています。

中途採用に数か月かけずとも、大規模BtoCで培った開発フローと品質基準をそのまま持ち込めるため、リリースを止めずにUI品質を底上げできます。採用が長引く間も他社は機能改善を進めており、今動くかで次四半期の速度が変わります。

現状の開発体制について、「相談したい」の5文字だけご返信ください。折り返しご連絡します。

株式会社Lei Hau'oli 開発支援事業部","380","92","汎用（非パーソナライズ・マギ1回生成）",""
"2026-09-11T18:19:46+09:00","テクノベース株式会社","開発部","ご担当者","【1名から常駐】フロントエンド専任エンジニア40名、採用に頼らず体制強化","開発部 ご担当者様

UI改修や新機能開発を進めたくても、フロントエンド専任エンジニアの採用が進まず、着手が遅れていないでしょうか。

株式会社Lei Hau'oliは、フロントエンド特化で国内大手BtoC直請け水準のエンジニアを1名から供給できるSES会社です。React/Vue.js/Next.js/TypeScriptを専門とするエンジニア約40名が在籍し、国内最大級の美容予約サービスの開発にも参画しています。

中途採用に数か月かけずとも、大規模BtoCで培った開発フローと品質基準をそのまま持ち込めるため、リリースを止めずにUI品質を底上げできます。採用が長引く間も他社は機能改善を進めており、今動くかで次四半期の速度が変わります。

現状の開発体制について、「相談したい」の5文字だけご返信ください。折り返しご連絡します。

株式会社Lei Hau'oli 開発支援事業部","380","92","汎用（非パーソナライズ・マギ1回生成）",""
"2026-09-11T18:19:46+09:00","株式会社インプット","開発部","ご担当者","【1名から常駐】フロントエンド専任エンジニア40名、採用に頼らず体制強化","開発部 ご担当者様

UI改修や新機能開発を進めたくても、フロントエンド専任エンジニアの採用が進まず、着手が遅れていないでしょうか。

株式会社Lei Hau'oliは、フロントエンド特化で国内大手BtoC直請け水準のエンジニアを1名から供給できるSES会社です。React/Vue.js/Next.js/TypeScriptを専門とするエンジニア約40名が在籍し、国内最大級の美容予約サービスの開発にも参画しています。

中途採用に数か月かけずとも、大規模BtoCで培った開発フローと品質基準をそのまま持ち込めるため、リリースを止めずにUI品質を底上げできます。採用が長引く間も他社は機能改善を進めており、今動くかで次四半期の速度が変わります。

現状の開発体制について、「相談したい」の5文字だけご返信ください。折り返しご連絡します。

株式会社Lei Hau'oli 開発支援事業部","380","92","汎用（非パーソナライズ・マギ1回生成）",""
"2026-09-11T18:19:46+09:00","セルン株式会社","開発部","ご担当者","【1名から常駐】フロントエンド専任エンジニア40名、採用に頼らず体制強化","開発部 ご担当者様

UI改修や新機能開発を進めたくても、フロントエンド専任エンジニアの採用が進まず、着手が遅れていないでしょうか。

株式会社Lei Hau'oliは、フロントエンド特化で国内大手BtoC直請け水準のエンジニアを1名から供給できるSES会社です。React/Vue.js/Next.js/TypeScriptを専門とするエンジニア約40名が在籍し、国内最大級の美容予約サービスの開発にも参画しています。

中途採用に数か月かけずとも、大規模BtoCで培った開発フローと品質基準をそのまま持ち込めるため、リリースを止めずにUI品質を底上げできます。採用が長引く間も他社は機能改善を進めており、今動くかで次四半期の速度が変わります。

現状の開発体制について、「相談したい」の5文字だけご返信ください。折り返しご連絡します。

株式会社Lei Hau'oli 開発支援事業部","380","92","汎用（非パーソナライズ・マギ1回生成）",""
