"処理日時","会社名","部署","担当者","件名","本文","本文字数","opener_score","replier_score","closer_score","final_score","モード","差し戻し回数","採用理由","備考"
"2026-09-09T14:33:56+09:00","Earth Technology株式会社","開発部","ご担当者","【0→1から伴走】複数プロダクトのUI改修・レガシー刷新を止めない体制づくり","開発部 ご担当者様

UI改修や機能追加が続く中、レガシー刷新と新機能開発の負荷が偏っていないでしょうか。

私たち株式会社レイハウオリは、Web領域を中心に、ITリソースや専門人材が不足しているお客様を支援しています。
社内には、エンジニア・デザイナー・ディレクター・PMなど、各分野のエキスパートが在籍しています。
「何を作ればいいのかわからない」「IT周りをまとめて任せたい」といった0→1のご相談から、「社員の退職に伴うリソース不足を補いたい」といったSESのご要望まで、課題やフェーズに応じて幅広く対応しています。

年度後半に要望が積み上がる前に体制を整えておくと安心です。

ご興味があれば、ご返信ください。

株式会社Lei Hau'oli
（tel）050-5497-3411
（mail）ml.account-sales@leihauoli.com","368","71","80","82","90","合成","0","- モード: 合成 - 部品ごとの採用元: ①件名=closer ②宛名＋冒頭2行=replier ③パーソナライズ／課題提示=replier ④自社紹介＋USP=closer ⑤FAB+E＋実績=closer ⑥なぜ今=closer ⑦CTA=replier ⑧署名=共通 - opener: 件名の「複数プロダクト×大規模UI」は最も自社宛て感が強く開封力は3案中最高。ただし A3 を落としてお","修正パス(2026-09-18)"
"2026-09-09T14:16:30+09:00","株式会社グラスホッパー・マニファクチュア","開発部","ご担当者","【ゲーム開発部向け】本体開発を止めずに進めるWeb刷新、0→1のご相談も対応","開発部 ご担当者様

ゲーム開発の貴社で、公式サイトや運営管理ツールの改修が後回しになっていませんか。

私たち株式会社レイハウオリは、Web領域を中心に、ITリソースや専門人材が不足しているお客様を支援しています。
社内には、エンジニア・デザイナー・ディレクター・PMなど、各分野のエキスパートが在籍しています。
「何を作ればいいのかわからない」「IT周りをまとめて任せたい」といった0→1のご相談から、「社員の退職に伴うリソース不足を補いたい」といったSESのご要望まで、課題やフェーズに応じて幅広く対応しています。

年内着手なら今が動く時期です。

ご興味があれば、このフォームにご返信ください。

株式会社Lei Hau'oli
（tel）050-5497-3411
（mail）ml.account-sales@leihauoli.com","359","80","79","80","88","合成","0","件名と冒頭2行はopener、USP言い切りとFAB+E線はcloser、「年内着手なら9月の今」の不急潰しと4文字CTAはreplierから合成。共通の弱点はゲーム業界事例が自社プロフィールに無く不適の壁を埋められない点。","自社プロフィールにゲーム業界事例なし（契約力の上限要因） 修正パス(2026-09-18)"
"2026-09-09T14:15:58+09:00","パロニム株式会社","開発部","ご担当者","【フロント兼任の開発部向け】UI改修を止めない、0→1の相談も可能な専門人材","開発部 ご担当者様

パロニム株式会社様のように少人数運営の開発部では、UI改修の要望が後回しになっていないでしょうか。

私たち株式会社レイハウオリは、Web領域を中心に、ITリソースや専門人材が不足しているお客様を支援しています。
社内には、エンジニア・デザイナー・ディレクター・PMなど、各分野のエキスパートが在籍しています。
「何を作ればいいのかわからない」「IT周りをまとめて任せたい」といった0→1のご相談から、「社員の退職に伴うリソース不足を補いたい」といったSESのご要望まで、課題やフェーズに応じて幅広く対応しています。

年末の繁忙期前の対応が、下期の進行を左右します。

ご興味があれば、このフォームにご返信ください。

株式会社Lei Hau'oli
（tel）050-5497-3411
（mail）ml.account-sales@leihauoli.com","377","78","84","80","89","合成","0","件名はopener（固有ワードと「1名から」）、冒頭の「フロントの手が空くまで待ち」と不急潰し・4文字CTAはreplier、USP→準委任で即戦力→リリースを止めない→美容予約サービス実績のFAB+E線と不適潰しはcloserから合成。","修正パス(2026-09-18)"
"2026-09-09T14:15:58+09:00","セーフィー株式会社","開発部","ご担当者","【防犯機器×クラウドSaaS向け】管理画面・ダッシュボード改修のバックログに、0→1から伴走できる体制を","開発部 ご担当者様

防犯機器とクラウドの複数プロダクトで管理画面・ダッシュボードを内製し、顧客要望の機能追加とレガシー刷新が並走する貴社へ。

私たち株式会社レイハウオリは、Web領域を中心に、ITリソースや専門人材が不足しているお客様を支援しています。
社内には、エンジニア・デザイナー・ディレクター・PMなど、各分野のエキスパートが在籍しています。
「何を作ればいいのかわからない」「IT周りをまとめて任せたい」といった0→1のご相談から、「社員の退職に伴うリソース不足を補いたい」といったSESのご要望まで、課題やフェーズに応じて幅広く対応しています。

固まる前の今なら、要員込みでご提案できます。

ご興味があれば、このフォームにご返信ください。

株式会社Lei Hau'oli
（tel）050-5497-3411
（mail）ml.account-sales@leihauoli.com","386","82","85","79","88","合成","0","件名・冒頭のパーソナライズはopener、USP言い切りとFAB+E・不適潰し（SaaS管理画面刷新）はcloser、なぜ今の補強と「詳細希望」4文字CTAはreplierから合成。replierの「防犯カメラ」は入力にない推測のため除去。","修正パス(2026-09-18)"
"2026-09-09T14:53:34+09:00","株式会社FLUX","開発部","ご担当者","【FLUX開発部様】UI負荷の分散、15分で相談可能","開発部 ご担当者様

複数プロダクトのUI改修要望が積み上がっていないでしょうか。

私たち株式会社レイハウオリは、Web領域を中心に、ITリソースや専門人材が不足しているお客様を支援しています。
社内には、エンジニア・デザイナー・ディレクター・PMなど、各分野のエキスパートが在籍しています。
「何を作ればいいのかわからない」「IT周りをまとめて任せたい」といった0→1のご相談から、「社員の退職に伴うリソース不足を補いたい」といったSESのご要望まで、課題やフェーズに応じて幅広く対応しています。

下期の開発計画が固まる前に、15分お話を伺えないでしょうか。

ご興味があれば、このフォームにご返信ください。

株式会社Lei Hau'oli
（tel）050-5497-3411
（mail）ml.account-sales@leihauoli.com","364","81","83","82","90","合成","0","- モード: 合成 - 部品ごとの採用元: ①件名=closer ②宛名＋冒頭=closer＋replier ③課題提示=replier ④自社紹介＋USP=closer ⑤FAB+E＋実績=opener＋closer ⑥なぜ今=opener（下期計画）＋closer（採用待ちの機会損失） ⑦CTA=opener ⑧署名=共通 - opener: 課題仮説の固有ワードを件名・冒頭に集中させた点が最","修正パス(2026-09-18)"
"2026-09-09T14:53:57+09:00","株式会社ecbeing","開発部","ご担当者","【0→1からSESまで】レガシー刷新と新機能の並走を支援します","開発部 ご担当者様

複数プロダクトの大規模UIを運営し、レガシー刷新と新機能開発を並走される御社の体制に注目しています。

私たち株式会社レイハウオリは、Web領域を中心に、ITリソースや専門人材が不足しているお客様を支援しています。
社内には、エンジニア・デザイナー・ディレクター・PMなど、各分野のエキスパートが在籍しています。
「何を作ればいいのかわからない」「IT周りをまとめて任せたい」といった0→1のご相談から、「社員の退職に伴うリソース不足を補いたい」といったSESのご要望まで、課題やフェーズに応じて幅広く対応しています。

繁忙期に入る前に、今から合流させておくと安心です。

ご興味があれば本メールにご返信ください。

株式会社Lei Hau'oli
（tel）050-5497-3411
（mail）ml.account-sales@leihauoli.com","376","85","78","82","92","合成","0","- モード: 合成 - 部品ごとの採用元: ①件名=opener＋replier合成（「約40名」の数字＋課題ワード） ②宛名＋冒頭=closer（問いかけ型で当事者化） ③課題提示=closer ④自社紹介＋USP=closer ⑤FAB+E＋実績=closer＋opener ⑥なぜ今=replier（「繁忙期に入ってからでは間に合わない」） ⑦CTA=replier（「相談したい」の一言返信）","修正パス(2026-09-18)"
"2026-09-09T14:56:46+09:00","株式会社JVCケンウッド・公共産業システム","技術部","ご担当者","【0→1対応】管理コンソールUIの開発、切り出しませんか","技術部 ご担当者様

無線通信機器や防犯機器のセキュリティが強みの御社ですが、管理コンソールのUI実装まで手が回っていないのでは。

私たち株式会社レイハウオリは、Web領域を中心に、ITリソースや専門人材が不足しているお客様を支援しています。
社内には、エンジニア・デザイナー・ディレクター・PMなど、各分野のエキスパートが在籍しています。
「何を作ればいいのかわからない」「IT周りをまとめて任せたい」といった0→1のご相談から、「社員の退職に伴うリソース不足を補いたい」といったSESのご要望まで、課題やフェーズに応じて幅広く対応しています。

下期の体制を組むこの時期に、ご興味があればご返信ください。

株式会社Lei Hau'oli
（tel）050-5497-3411
（mail）ml.account-sales@leihauoli.com","364","85","86","82","92","合成","0","- モード: 合成 - 部品ごとの採用元: ①件名=replier（【フロントエンド約40名】）＋closer（「切り出しませんか」の切り口）／②宛名＋冒頭2行=replier／③パーソナライズ・課題提示=replier／④自社紹介＋USP=closer（1名からチーム単位）＋opener（2008年設立18年目）／⑤FAB+E・実績=closer／⑥なぜ今=closer（下期の体制）／⑦CTA=","修正パス(2026-09-18)"
"2026-09-09T14:53:58+09:00","株式会社LegalOn Technologies","開発部","ご担当者","【複数プロダクト運用のSaaS向け】改修バックログを解消する0→1支援体制","開発部 ご担当者様

複数プロダクトの管理画面やダッシュボードを内製で運用されている貴社の開発チームへのご案内です。

私たち株式会社レイハウオリは、Web領域を中心に、ITリソースや専門人材が不足しているお客様を支援しています。
社内には、エンジニア・デザイナー・ディレクター・PMなど、各分野のエキスパートが在籍しています。
「何を作ればいいのかわからない」「IT周りをまとめて任せたい」といった0→1のご相談から、「社員の退職に伴うリソース不足を補いたい」といったSESのご要望まで、課題やフェーズに応じて幅広く対応しています。

改修放置はコスト増加に繋がります。

ご興味があれば、このフォームにご返信ください。

株式会社Lei Hau'oli
（tel）050-5497-3411
（mail）ml.account-sales@leihauoli.com","368","85","84","86","93","合成","0","- モード: 合成 - 部品ごとの採用元: ①件名=opener ②宛名＋冒頭=opener ③課題提示=closer ④自社紹介＋USP=opener＋closer ⑤FAB+E=closer ⑥なぜ今=closer ⑦CTA=closer ⑧署名=共通 - opener: 件名の【】内が「複数プロダクト運用のSaaS向け」と**相手側の属性**になっており3案中最も転送されやすい。冒頭の「貴社","修正パス(2026-09-18)"
"2026-09-09T14:57:23+09:00","株式会社IIJグローバルソリューションズ","開発部","ご担当者","【0→1のご相談も】SaaS/ASPのレガシー刷新と新機能開発を並走させる体制","開発部 ご担当者様

複数のSaaS/ASPを内製チームで運用し、刷新と新機能開発の並走で人手が足りない場面はないでしょうか。

私たち株式会社レイハウオリは、Web領域を中心に、ITリソースや専門人材が不足しているお客様を支援しています。
社内には、エンジニア・デザイナー・ディレクター・PMなど、各分野のエキスパートが在籍しています。
「何を作ればいいのかわからない」「IT周りをまとめて任せたい」といった0→1のご相談から、「社員の退職に伴うリソース不足を補いたい」といったSESのご要望まで、課題やフェーズに応じて幅広く対応しています。

下期計画を固める今、着手が遅れると後手に回りかねません。

ご興味があれば、本メールにご返信ください。

株式会社Lei Hau'oli
（tel）050-5497-3411
（mail）ml.account-sales@leihauoli.com","382","81","79","85","91","合成","0","- モード: 合成 - 部品ごとの採用元: ①件名=closer（【約40名】）+opener（SaaS/ASPの固有ワード） ②宛名＋冒頭2行=opener ③課題提示=opener/replier ④自社紹介＋USP=closer ⑤FAB+E＋実績=replier/closer ⑥なぜ今=closer ⑦CTA=closer ⑧署名=共通 - opener: 強み=件名に「SaaS/ASP運","修正パス(2026-09-18)"
"2026-09-09T14:57:28+09:00","アディッシュ株式会社","開発部","ご担当者","【0→1のご相談も】複数プロダクトのUI改修とレガシー刷新のご支援","開発部 ご担当者様

複数プロダクトの大規模UIを内製で抱え、レガシー刷新と新機能開発を並走させ、フロントエンドの手が足りていないでしょうか。

私たち株式会社レイハウオリは、Web領域を中心に、ITリソースや専門人材が不足しているお客様を支援しています。
社内には、エンジニア・デザイナー・ディレクター・PMなど、各分野のエキスパートが在籍しています。
「何を作ればいいのかわからない」「IT周りをまとめて任せたい」といった0→1のご相談から、「社員の退職に伴うリソース不足を補いたい」といったSESのご要望まで、課題やフェーズに応じて幅広く対応しています。

下期の改修需要が増える前に体制確保をおすすめします。

ご興味があれば、このフォームにご返信ください。

株式会社Lei Hau'oli
（tel）050-5497-3411
（mail）ml.account-sales@leihauoli.com","390","84","83","86","93","合成","0","- モード: 合成 - 部品ごとの採用元: ①件名=replier の型＋opener/closer の固有ワード ②宛名＋冒頭=closer ③課題提示=closer＋replier ④自社紹介＝closer ⑤USP＝closer ⑥FAB+E＝closer＋replier（得意領域）⑦なぜ今＝closer ⑧CTA＝closer ⑨署名＝共通 - opener: 件名の固有ワード（複数プロダ","修正パス(2026-09-18)"
"2026-09-09T14:57:02+09:00","株式会社アバント","開発部","ご担当者","【UI改修と新機能開発】15分で開発体制のご相談を","開発部 ご担当者様

複数プロダクトのUIを内製で抱え、刷新と新機能追加を同時に回す中、人手が常に足りない状況ではないでしょうか。

私たち株式会社レイハウオリは、Web領域を中心に、ITリソースや専門人材が不足しているお客様を支援しています。
社内には、エンジニア・デザイナー・ディレクター・PMなど、各分野のエキスパートが在籍しています。
「何を作ればいいのかわからない」「IT周りをまとめて任せたい」といった0→1のご相談から、「社員の退職に伴うリソース不足を補いたい」といったSESのご要望まで、課題やフェーズに応じて幅広く対応しています。

下期の要望が積み上がる前の今なら、先に体制を組めます。

ご興味があれば本メールにご返信ください。

株式会社Lei Hau'oli
（tel）050-5497-3411
（mail）ml.account-sales@leihauoli.com","382","82","85","85","91","合成","0","- モード: 合成 - 部品ごとの採用元: ①件名=replier ②宛名＋冒頭2行=replier ③パーソナライズ／課題提示=replier ④自社紹介＋USP=closer ⑤FAB+E＋実績=closer（技術スタック列挙は字数調整で削除）⑥なぜ今=replier ⑦CTA=closer（決裁者言及は削り摩擦を低減）⑧署名=opener/closer - opener: 冒頭に課題仮説の固","修正パス(2026-09-18)"
"2026-09-09T14:58:17+09:00","株式会社プレイド","開発部","ご担当者","【複数プロダクトの開発負荷】15分のオンライン相談で開発体制をご提案","開発部 ご担当者様

複数プロダクトを大規模UIで内製運営される貴社では、フロントエンドの手が足りない場面が増えていないでしょうか。

私たち株式会社レイハウオリは、Web領域を中心に、ITリソースや専門人材が不足しているお客様を支援しています。
社内には、エンジニア・デザイナー・ディレクター・PMなど、各分野のエキスパートが在籍しています。
「何を作ればいいのかわからない」「IT周りをまとめて任せたい」といった0→1のご相談から、「社員の退職に伴うリソース不足を補いたい」といったSESのご要望まで、課題やフェーズに応じて幅広く対応しています。

並走が続くほど後の立て直しコストは増えていきます。

15分のオンライン相談にご返信ください。

株式会社Lei Hau'oli
（tel）050-5497-3411
（mail）ml.account-sales@leihauoli.com","381","81","72","86","89","合成","0","- モード: 合成 - 部品ごとの採用元: ①件名=closer ②宛名＋冒頭=closer＋replier（課題の疑問形フックを合流） ③パーソナライズ／課題提示=replier ④自社紹介＋USP=closer ⑤FAB+E＋実績=closer ⑥なぜ今=closer（負荷蓄積）＋replier（下期の時間軸） ⑦CTA=closer（15分情報交換）＋replierのハードル低減表現 ⑧署名","修正パス(2026-09-18)"
"2026-09-09T15:00:13+09:00","ニフティ株式会社","開発部","ご担当者","【0→1開発】複数プロダクトのUI改修、内製チームだけで回せていますか","開発部 ご担当者様

複数プロダクトの大規模UIを内製で抱え、レガシー刷新と新機能開発を同じ人手で並走させる体制かと存じます。

私たち株式会社レイハウオリは、Web領域を中心に、ITリソースや専門人材が不足しているお客様を支援しています。
社内には、エンジニア・デザイナー・ディレクター・PMなど、各分野のエキスパートが在籍しています。
「何を作ればいいのかわからない」「IT周りをまとめて任せたい」といった0→1のご相談から、「社員の退職に伴うリソース不足を補いたい」といったSESのご要望まで、課題やフェーズに応じて幅広く対応しています。

下期が始まる今、体制を整えることが重要です。

ご興味があれば、このフォームにご返信ください。

株式会社Lei Hau'oli
（tel）050-5497-3411
（mail）ml.account-sales@leihauoli.com","378","82","90","86","95","合成","0","- モード: 合成 - 部品ごとの採用元: ①件名=replier（短縮リライト） ②宛名＋冒頭2行=replier ③パーソナライズ／課題提示=replier ④自社紹介＋USP=closer ⑤FAB+E＋実績=replier＋closer ⑥なぜ今=replier ⑦CTA=replier（4文字返信）＋closer（決裁者指定） ⑧署名=共通 - opener: 課題仮説の固有ワードを件名","修正パス(2026-09-18)"
"2026-09-09T15:00:09+09:00","株式会社アイ・ディ・エイチ","開発部","ご担当者","【10月からの並走負荷に】必要な人材を増員できます","開発部 ご担当者様

複数プロダクトを内製チームで運用しながら、UI改修と新機能開発の両立にリソースが足りていませんか。

私たち株式会社レイハウオリは、Web領域を中心に、ITリソースや専門人材が不足しているお客様を支援しています。
社内には、エンジニア・デザイナー・ディレクター・PMなど、各分野のエキスパートが在籍しています。
「何を作ればいいのかわからない」「IT周りをまとめて任せたい」といった0→1のご相談から、「社員の退職に伴うリソース不足を補いたい」といったSESのご要望まで、課題やフェーズに応じて幅広く対応しています。

下期計画を組む今、10月以降の負荷を軽減できます。ご返信いただければ、詳しくご説明します。

株式会社Lei Hau'oli
（tel）050-5497-3411
（mail）ml.account-sales@leihauoli.com","375","75","84","82","91","合成","0","- モード: 合成 - 部品ごとの採用元: ①件名=replier（時間軸＋数字）②冒頭2行=replier ③課題提示=replier ④自社紹介＋USP=closer ⑤FAB+E＋実績=closer（美容予約サービスの事例はopener/replierから補強）⑥なぜ今=replier ⑦CTA=closer寄り（15分＋返信を「返信1つ」に統合）⑧署名=opener - opener: 件","修正パス(2026-09-18)"
"2026-09-09T15:00:25+09:00","シンプレクス株式会社","開発部","ご担当者","【複数プロダクトの大規模UI刷新】15分で体制のご相談","開発部 ご担当者様

複数プロダクトの大規模UI刷新と新機能開発の並走で、負荷が平準化できていないのではないでしょうか。

私たち株式会社レイハウオリは、Web領域を中心に、ITリソースや専門人材が不足しているお客様を支援しています。
社内には、エンジニア・デザイナー・ディレクター・PMなど、各分野のエキスパートが在籍しています。
「何を作ればいいのかわからない」「IT周りをまとめて任せたい」といった0→1のご相談から、「社員の退職に伴うリソース不足を補いたい」といったSESのご要望まで、課題やフェーズに応じて幅広く対応しています。

下期の体制を組む今のタイミングで、15分の情報交換をさせてください。ご興味があれば、ご返信ください。

株式会社Lei Hau'oli
（tel）050-5497-3411
（mail）ml.account-sales@leihauoli.com","380","82","87","82","91","合成","0","- モード: 合成 - 部品ごとの採用元: ①件名=opener（課題ワード）＋closer（数字を前に出す構造）を圧縮 ②宛名＋冒頭=opener ③パーソナライズ／課題提示=replier ④自社紹介＋USP=closer（「9割」除去）＋replier ⑤FAB+E=closer ⑥なぜ今=replier（中途採用の数か月）＋closer（下期の体制） ⑦CTA=replier（返信文言固定","修正パス(2026-09-18)"
"2026-09-09T15:00:41+09:00","株式会社アトラス","開発部","ご担当者","【ゲーム本体開発を止めない】公式サイト・Web版改修を15分でご相談","開発部 ご担当者様

ゲーム本体の開発に集中させたい一方、公式サイトやWeb版の改修は後回しになりがちではないでしょうか。

私たち株式会社レイハウオリは、Web領域を中心に、ITリソースや専門人材が不足しているお客様を支援しています。
社内には、エンジニア・デザイナー・ディレクター・PMなど、各分野のエキスパートが在籍しています。
「何を作ればいいのかわからない」「IT周りをまとめて任せたい」といった0→1のご相談から、「社員の退職に伴うリソース不足を補いたい」といったSESのご要望まで、課題やフェーズに応じて幅広く対応しています。

Web領域だけ切り出せば、本体開発にリソースを集中できます。

ご興味があれば、このフォームにご返信ください。

株式会社Lei Hau'oli
（tel）050-5497-3411
（mail）ml.account-sales@leihauoli.com","384","84","80","86","93","合成","0","- モード: 合成 - 部品ごとの採用元: ①件名=opener（closerの「1名から」要素を圧縮して統合） ②宛名＋冒頭2行=opener ③課題提示=closer ④自社紹介＋USP=closer＋opener（USP一言はopenerの言い切りを採用） ⑤FAB+E=closer ⑥なぜ今=closer ⑦CTA=closer（文長を短縮） ⑧署名=replier（〇〇（要確認）を落とし","修正パス(2026-09-18)"
"2026-09-09T15:02:45+09:00","東芝テリー株式会社","開発部","ご担当者","【0→1相談も歓迎】複数プロダクトのUI改修と新機能開発の並走に","開発部 ご担当者様

複数プロダクトを内製で抱えつつ、UI改修と新機能開発の並走で負荷が平準化できずにいませんか。

私たち株式会社レイハウオリは、Web領域を中心に、ITリソースや専門人材が不足しているお客様を支援しています。
社内には、エンジニア・デザイナー・ディレクター・PMなど、各分野のエキスパートが在籍しています。
「何を作ればいいのかわからない」「IT周りをまとめて任せたい」といった0→1のご相談から、「社員の退職に伴うリソース不足を補いたい」といったSESのご要望まで、課題やフェーズに応じて幅広く対応しています。

下期の体制が固まる前の今が重要です。ご興味があれば、このフォームにご返信ください。

株式会社Lei Hau'oli
（tel）050-5497-3411
（mail）ml.account-sales@leihauoli.com","368","78","85","88","90","合成","0","- モード: 合成 - 部品ごとの採用元: ①件名=closer（骨格）＋opener（「複数プロダクト」の固有ワード） ②宛名＋冒頭2行=closer ③パーソナライズ／課題提示=closer ④自社紹介＋USP=closer（USP一言が明示的で最も強い） ⑤FAB+E=closer＋opener（Benefit「内製チームはコア機能に集中」を opener から採用） ⑥なぜ今=closer","修正パス(2026-09-18)"
"2026-09-09T15:00:35+09:00","株式会社ジーニー","開発部","ご担当者","【0→1】SaaS/ASP複数運営の御社へ、必要な体制をスピーディにご提供","開発部 ご担当者様

複数プロダクトのUI改修と新機能開発が並走し、フロントエンドの人手が足りない時期はありませんか。受託案件の波で稼働が上下する今、必要な体制を整えておくことが重要です。

私たち株式会社レイハウオリは、Web領域を中心に、ITリソースや専門人材が不足しているお客様を支援しています。
社内には、エンジニア・デザイナー・ディレクター・PMなど、各分野のエキスパートが在籍しています。
「何を作ればいいのかわからない」「IT周りをまとめて任せたい」といった0→1のご相談から、「社員の退職に伴うリソース不足を補いたい」といったSESのご要望まで、課題やフェーズに応じて幅広く対応しています。

ご興味があれば、このメールにご返信ください。

株式会社Lei Hau'oli
（tel）050-5497-3411
（mail）ml.account-sales@leihauoli.com","386","79","87","84","92","合成","0","- モード: 合成 - 部品ごとの採用元: ①件名=replier（+closer「繁忙期だけ」を付加） ②宛名＋冒頭2行=replier ③課題提示=replier ④自社紹介＋USP=closer（「フロントエンド特化」「1名からチーム単位」を明示） ⑤FAB+E＝closer（開発フローごと持ち込む）＋replier（Benefit2点） ⑥なぜ今=replier ⑦CTA=replier ","修正パス(2026-09-18)"
"2026-09-09T15:04:15+09:00","株式会社PKSHA Technology","開発部","ご担当者","【0→1から繁忙期対応まで】複数プロダクトの開発リソース不足、埋めませんか","開発部 ご担当者様

複数プロダクトを内製運営されており、開発リソースの不足にお悩みではないでしょうか。

私たち株式会社レイハウオリは、Web領域を中心に、ITリソースや専門人材が不足しているお客様を支援しています。
社内には、エンジニア・デザイナー・ディレクター・PMなど、各分野のエキスパートが在籍しています。
「何を作ればいいのかわからない」「IT周りをまとめて任せたい」といった0→1のご相談から、「社員の退職に伴うリソース不足を補いたい」といったSESのご要望まで、課題やフェーズに応じて幅広く対応しています。

このまま放置すると、リリース遅延のリスクが高まります。

ご興味があれば、このフォームにご返信ください。

株式会社Lei Hau'oli
（tel）050-5497-3411
（mail）ml.account-sales@leihauoli.com","372","79","86","86","91","合成","0","- モード: 合成 - 部品ごとの採用元: ①件名=replier ②宛名＋冒頭2行=replier ③パーソナライズ／課題提示=replier ④自社紹介＋USP=closer ⑤FAB+E＋実績=closer（opener の「2008年設立」を接合） ⑥なぜ今=closer ⑦CTA=replier（closer の15分要素を返信1本に統合） ⑧署名=closer（字数制約で部署までに短縮","修正パス(2026-09-18)"
"2026-09-09T15:02:59+09:00","株式会社Preferred Networks","開発部","ご担当者","【UI改修とレガシー刷新の並走に】15分で体制例をご紹介","開発部 ご担当者様

レガシー刷新と新機能開発の並走で、UI改修の手が回っていないのではないでしょうか。

私たち株式会社レイハウオリは、Web領域を中心に、ITリソースや専門人材が不足しているお客様を支援しています。
社内には、エンジニア・デザイナー・ディレクター・PMなど、各分野のエキスパートが在籍しています。
「何を作ればいいのかわからない」「IT周りをまとめて任せたい」といった0→1のご相談から、「社員の退職に伴うリソース不足を補いたい」といったSESのご要望まで、課題やフェーズに応じて幅広く対応しています。

着手が遅れるほど、選択肢は狭まります。15分のオンライン情報交換で体制の一例をお示しします。ご興味があれば、このフォームにご返信ください。

株式会社Lei Hau'oli
（tel）050-5497-3411
（mail）ml.account-sales@leihauoli.com","391","74","86","84","91","合成","0","- モード: 合成 - 部品ごとの採用元: ①件名=replier ②宛名＋冒頭2行=replier ③パーソナライズ／課題提示=replier ④自社紹介＋USP=closer ⑤FAB+E＋実績=closer（Feature部は§4準拠に是正） ⑥なぜ今=replier ⑦CTA=closer ⑧署名=共通 - opener: 件名の「複数プロダクト内製開発向け」は転送性が高く開封力最上位。し","修正パス(2026-09-18)"
"2026-09-09T15:04:57+09:00","株式会社ドキドキグルーヴワークス","開発部","ご担当者","【ゲーム開発企業向け】0→1のご相談から公式サイト・運営ツール改修まで幅広く対応","開発部 ご担当者様

ゲーム本体の開発にエンジニアを集中させたい一方、公式サイトや運営管理ツールの改修が後回しになっていないでしょうか。着手が遅れるほどリリース計画に影響します。

私たち株式会社レイハウオリは、Web領域を中心に、ITリソースや専門人材が不足しているお客様を支援しています。
社内には、エンジニア・デザイナー・ディレクター・PMなど、各分野のエキスパートが在籍しています。
「何を作ればいいのかわからない」「IT周りをまとめて任せたい」といった0→1のご相談から、「社員の退職に伴うリソース不足を補いたい」といったSESのご要望まで、課題やフェーズに応じて幅広く対応しています。

ご興味があれば、このフォームにご返信ください。

株式会社Lei Hau'oli
（tel）050-5497-3411
（mail）ml.account-sales@leihauoli.com","382","71","80","83","89","合成","0","- モード: 合成 - 部品ごとの採用元: ①件名=opener（数字を「約40名」に是正） ②宛名＋冒頭2行=replier ③パーソナライズ／課題提示=replier ④自社紹介＋USP=closer ⑤FAB+E＋実績=closer（Feature列挙を圧縮） ⑥なぜ今=replier（「着手が遅れるほどリリース計画に響きます」） ⑦CTA=replier ⑧署名=共通 - opener: ","修正パス(2026-09-18)"
"2026-09-09T15:05:55+09:00","株式会社TOKIUM","開発部","ご担当者","【0→1からSESまで】複数プロダクトのUI改修とレガシー刷新の並走を支えます","開発部 ご担当者様

複数のSaaSを内製で抱える御社では、負荷を平準化しにくい構造かと存じます。

私たち株式会社レイハウオリは、Web領域を中心に、ITリソースや専門人材が不足しているお客様を支援しています。
社内には、エンジニア・デザイナー・ディレクター・PMなど、各分野のエキスパートが在籍しています。
「何を作ればいいのかわからない」「IT周りをまとめて任せたい」といった0→1のご相談から、「社員の退職に伴うリソース不足を補いたい」といったSESのご要望まで、課題やフェーズに応じて幅広く対応しています。

負荷の偏りは放置するほど蓄積します。

ご興味があれば、このフォームにご返信ください。

株式会社Lei Hau'oli
（tel）050-5497-3411
（mail）ml.account-sales@leihauoli.com","360","84","86","82","92","合成","0","- モード: 合成 - 部品ごとの採用元: ①件名=replier（【フロントエンド専門40名】）＋opener（課題ワード）②宛名＋冒頭2行=replier ③パーソナライズ／課題提示=replier ④自社紹介＋USP=closer ⑤FAB+E＋実績=closer ⑥なぜ今=closer（負荷の偏りは放置するほど蓄積）⑦CTA=closer（15分＋切り出し方）＋opener（返信一本化）⑧","修正パス(2026-09-18)"
"2026-09-09T15:05:27+09:00","日本ウェブサービス株式会社","開発部","ご担当者","【日本ウェブサービス様】フロントエンド並走の負荷、15分でご相談可能","開発部 ご担当者様

複数プロダクト・大規模UIを内製で抱える御社では、フロントエンドの負荷が偏りやすいのではないでしょうか。

私たち株式会社レイハウオリは、Web領域を中心に、ITリソースや専門人材が不足しているお客様を支援しています。
社内には、エンジニア・デザイナー・ディレクター・PMなど、各分野のエキスパートが在籍しています。
「何を作ればいいのかわからない」「IT周りをまとめて任せたい」といった0→1のご相談から、「社員の退職に伴うリソース不足を補いたい」といったSESのご要望まで、課題やフェーズに応じて幅広く対応しています。

並走したまま下期を越えると、どちらも中途半端になりかねません。ご興味があれば、このフォームにご返信ください。

株式会社Lei Hau'oli
（tel）050-5497-3411
（mail）ml.account-sales@leihauoli.com","387","80","86","87","91","合成","0","- モード: 合成 - 部品ごとの採用元: ①件名=closer（社名冠）+replier（短文化・数字1） ②宛名＋冒頭=replier ③パーソナライズ／課題提示=replier ④自社紹介＋USP=closer ⑤FAB+E＋実績=closer ⑥なぜ今=replier（下期基準） ⑦CTA=replier（「詳細希望」低ハードル）+closer（15分） ⑧署名=opener - open","修正パス(2026-09-18)"
"2026-09-09T15:11:36+09:00","丸紅ITソリューションズ株式会社","開発部","ご担当者","【0→1からSESまで】複数プロダクトのUI改修と新機能開発を支援","開発部 ご担当者様

複数プロダクトのUI改修と新機能開発を内製体制で並走させるのは、負荷の波をならしにくいものと存じます。

私たち株式会社レイハウオリは、Web領域を中心に、ITリソースや専門人材が不足しているお客様を支援しています。
社内には、エンジニア・デザイナー・ディレクター・PMなど、各分野のエキスパートが在籍しています。
「何を作ればいいのかわからない」「IT周りをまとめて任せたい」といった0→1のご相談から、「社員の退職に伴うリソース不足を補いたい」といったSESのご要望まで、課題やフェーズに応じて幅広く対応しています。

繁忙期に入ってから探しても間に合いません。ご興味があれば、ご返信ください。

株式会社Lei Hau'oli
（tel）050-5497-3411
（mail）ml.account-sales@leihauoli.com","369","82","80","79","89","合成","0","- モード: 合成 - 部品ごとの採用元: ①件名=opener（課題語）＋replier（数字の置き方） ②宛名＝共通 ③パーソナライズ／課題提示=replier ④自社紹介＋USP=replier（技術スタック）＋closer（USP言い切り） ⑤FAB+E=closer（中途採用不要→即戦力）＋opener（両輪を支える） ⑥なぜ今=closer（繁忙期に入ってから探しても間に合わない） ⑦","修正パス(2026-09-18)"
"2026-09-09T15:06:29+09:00","株式会社ワンキャリア","開発部","ご担当者","【開発支援】複数プロダクト運営、UI改修のリソース不足に0→1から対応","開発部 ご担当者様

複数プロダクトを運営される御社では、UI改修と新機能対応でフロントエンドの手が足りないのではないでしょうか。

私たち株式会社レイハウオリは、Web領域を中心に、ITリソースや専門人材が不足しているお客様を支援しています。
社内には、エンジニア・デザイナー・ディレクター・PMなど、各分野のエキスパートが在籍しています。
「何を作ればいいのかわからない」「IT周りをまとめて任せたい」といった0→1のご相談から、「社員の退職に伴うリソース不足を補いたい」といったSESのご要望まで、課題やフェーズに応じて幅広く対応しています。

リソース不足を放置すれば、改修要望は積み上がる一方です。

ご興味があれば、ご返信ください。

株式会社Lei Hau'oli
（tel）050-5497-3411
（mail）ml.account-sales@leihauoli.com","379","84","87","80","89","合成","0","- モード: 合成 - 部品ごとの採用元: ①件名=opener（固有ワード）＋replier（【1名から常駐可】の数字入り短冠） ②宛名＋冒頭=replier ③パーソナライズ／課題提示=replier ④自社紹介＋USP=replier ⑤FAB+E＝replier（Feature/Advantage）＋opener（Benefit「UI改修と新機能開発を止めない体制」） ⑥なぜ今=opene","修正パス(2026-09-18)"
"2026-09-09T15:11:47+09:00","株式会社クラウドワークス","開発部","ご担当者","【0→1〜SES】複数プロダクト並走の負荷分散をご支援","開発部 ご担当者様

複数プロダクトを内製運営される中、フロントエンド要員の不足に悩まれる場面があるのではないでしょうか。

私たち株式会社レイハウオリは、Web領域を中心に、ITリソースや専門人材が不足しているお客様を支援しています。
社内には、エンジニア・デザイナー・ディレクター・PMなど、各分野のエキスパートが在籍しています。
「何を作ればいいのかわからない」「IT周りをまとめて任せたい」といった0→1のご相談から、「社員の退職に伴うリソース不足を補いたい」といったSESのご要望まで、課題やフェーズに応じて幅広く対応しています。

下期の体制見直しが進む今こそ、確保しておく価値があります。

ご興味があれば、このフォームにご返信ください。

株式会社Lei Hau'oli
（tel）050-5497-3411
（mail）ml.account-sales@leihauoli.com","383","76","83","86","91","合成","0","- モード: 合成 - 部品ごとの採用元: ①件名=closer ②宛名＋冒頭=replier ③パーソナライズ／課題提示=replier ④自社紹介＋USP=closer ⑤FAB+E＋実績=closer ⑥なぜ今=closer ⑦CTA=replier（4文字返信）＋closer（決裁者名指し）⑧署名=closer - opener: 強み＝件名の業種ワードと課題ワードが事業内容に直結。弱み＝","修正パス(2026-09-18)"
"2026-09-09T15:12:26+09:00","デンツプライシロナ株式会社","情報システム部","ご担当者","【0→1からSESまで】レガシー刷新と新機能開発を並走させる開発体制","情報システム部 ご担当者様

製品情報サイトや顧客向けポータル、社内システムのWeb化を進める中、専任者が不在で品質にばらつきが出ていませんか。

私たち株式会社レイハウオリは、Web領域を中心に、ITリソースや専門人材が不足しているお客様を支援しています。
社内には、エンジニア・デザイナー・ディレクター・PMなど、各分野のエキスパートが在籍しています。
「何を作ればいいのかわからない」「IT周りをまとめて任せたい」といった0→1のご相談から、「社員の退職に伴うリソース不足を補いたい」といったSESのご要望まで、課題やフェーズに応じて幅広く対応しています。

今期中に体制を整えないと来期も後回しになりかねません。ご興味があれば本メールにご返信ください。

株式会社Lei Hau'oli
（tel）050-5497-3411
（mail）ml.account-sales@leihauoli.com","389","83","88","82","94","合成","0","- モード: 合成 - 部品ごとの採用元: ①件名=replier の【1名から常駐】＋opener の課題ワード（レガシー刷新／新機能開発の並走）を合成 ②宛名＋冒頭2行=opener ③パーソナライズ／課題提示=replier ④自社紹介＋USP=closer（冒頭一言でSES特化を言い切る型） ⑤FAB+E＋実績=closer＋replier ⑥なぜ今=replier（今期／来期の対比） ⑦","修正パス(2026-09-18)"
"2026-09-09T15:12:23+09:00","株式会社イルカ","開発部","ご担当者","【ゲーム開発企業向け】公式サイト・運営ツール改修の停滞を、0→1の体制で解消","開発部 ご担当者様

公式サイトや運営管理ツールの改修が、本体開発の陰で後回しになっていないでしょうか。

私たち株式会社レイハウオリは、Web領域を中心に、ITリソースや専門人材が不足しているお客様を支援しています。
社内には、エンジニア・デザイナー・ディレクター・PMなど、各分野のエキスパートが在籍しています。
「何を作ればいいのかわからない」「IT周りをまとめて任せたい」といった0→1のご相談から、「社員の退職に伴うリソース不足を補いたい」といったSESのご要望まで、課題やフェーズに応じて幅広く対応しています。

放置が延びるほど刷新コストは膨らみます。

ご興味があれば、ご返信ください。

株式会社Lei Hau'oli
（tel）050-5497-3411
（mail）ml.account-sales@leihauoli.com","358","78","86","80","91","合成","0","- モード: 合成 - 部品ごとの採用元: ①件名=opener（＋replierの「フロントエンド専門40名」を接合） ②宛名＋冒頭2行=opener ③課題提示=opener／replier ④自社紹介＋USP=replier（数字表現が§4に忠実） ⑤FAB+E＝closer＋replier（SaaS管理画面・jQuery資産のSPA化で「不適」を補強） ⑥なぜ今=closer（放置＝刷新コ","修正パス(2026-09-18)"
"2026-09-09T15:14:19+09:00","株式会社SUPER STUDIO","開発部","ご担当者","【SUPER STUDIO様】管理画面改修の滞留を、0→1のご相談から解消","開発部 ご担当者様

複数プロダクトの管理画面・ダッシュボードで機能追加が続き、内製チームの負荷が平準化できていない状況ではないでしょうか。

私たち株式会社レイハウオリは、Web領域を中心に、ITリソースや専門人材が不足しているお客様を支援しています。
社内には、エンジニア・デザイナー・ディレクター・PMなど、各分野のエキスパートが在籍しています。
「何を作ればいいのかわからない」「IT周りをまとめて任せたい」といった0→1のご相談から、「社員の退職に伴うリソース不足を補いたい」といったSESのご要望まで、課題やフェーズに応じて幅広く対応しています。

9月は下期体制を組む最後のタイミングです。ご興味があれば、ご返信ください。

株式会社Lei Hau'oli
（tel）050-5497-3411
（mail）ml.account-sales@leihauoli.com","377","77","85","88","91","合成","0","- モード: 合成 - 部品ごとの採用元: ①件名=closer（社名＋40名／要素を圧縮して短縮）②宛名＋冒頭=closer ③課題提示=closer＋replier ④自社紹介＋USP=replier ⑤FAB+E・実績=replier＋closer ⑥なぜ今=replier（9月・下期体制）⑦CTA=closer（15分＋返信1本）⑧署名=opener/closer - opener: 件名","修正パス(2026-09-18)"
"2026-09-09T15:13:04+09:00","クラレノリタケデンタル株式会社","情報システム部","ご担当者","【製品情報サイト・ポータル刷新向け】0→1のご相談からSESまで、外注品質のばらつきを解消","情報システム部 ご担当者様

製品情報サイトや顧客ポータルのWeb化を進めたいが、フロントエンド専任者が社内におらず外注先の品質もばらつく。

私たち株式会社レイハウオリは、Web領域を中心に、ITリソースや専門人材が不足しているお客様を支援しています。
社内には、エンジニア・デザイナー・ディレクター・PMなど、各分野のエキスパートが在籍しています。
「何を作ればいいのかわからない」「IT周りをまとめて任せたい」といった0→1のご相談から、「社員の退職に伴うリソース不足を補いたい」といったSESのご要望まで、課題やフェーズに応じて幅広く対応しています。

負荷は着手が遅れるほど積み上がります。ご興味があれば、このフォームにご返信ください。

株式会社Lei Hau'oli
（tel）050-5497-3411
（mail）ml.account-sales@leihauoli.com","382","83","81","87","91","合成","0","- モード: 合成 - 部品ごとの採用元: ①件名=opener（相手固有ワード「製品情報サイト・ポータル刷新」を残し短縮） ②宛名＋冒頭2行=opener ③課題提示=replier＋closer（複数プロダクト／大規模UI／並走負荷） ④自社紹介＋USP=closer（「フロントエンドだけに特化」へ言い切りを強化） ⑤FAB+E=closer ⑥なぜ今=replier（積み上がる負荷）＋clo","修正パス(2026-09-18)"
"2026-09-09T15:15:13+09:00","株式会社ROXX","開発部","ご担当者","【0→1対応】ROXX様｜レガシー刷新と新機能開発、両立できていますか","開発部 ご担当者様

複数プロダクトの大規模UIで、レガシー刷新と新機能開発を同時に進めるのは負荷が大きいのではないでしょうか。

私たち株式会社レイハウオリは、Web領域を中心に、ITリソースや専門人材が不足しているお客様を支援しています。
社内には、エンジニア・デザイナー・ディレクター・PMなど、各分野のエキスパートが在籍しています。
「何を作ればいいのかわからない」「IT周りをまとめて任せたい」といった0→1のご相談から、「社員の退職に伴うリソース不足を補いたい」といったSESのご要望まで、課題やフェーズに応じて幅広く対応しています。

負荷が偏っている今こそ、体制を見直す好機です。ご興味があれば、このフォームにご返信ください。

株式会社Lei Hau'oli
（tel）050-5497-3411
（mail）ml.account-sales@leihauoli.com","380","73","86","83","91","合成","0","- モード: 合成 - 部品ごとの採用元: ①件名=replier ②宛名＋冒頭2行=replier ③パーソナライズ／課題提示=replier ④自社紹介＋USP=closer ⑤FAB+E＋実績=closer ⑥なぜ今=closer ⑦CTA=replier（15分の情報交換をreplierの一言返信で受ける形に統合） ⑧署名=closer - opener: 件名の「複数プロダクト運営×人材","修正パス(2026-09-18)"
"2026-09-09T15:15:34+09:00","AnyMind Japan株式会社","開発部","ご担当者","【AnyMind Japan開発部様】0→1の開発体制構築も伴走支援","開発部 ご担当者様

複数プロダクトの改修が同時進行し、内製チームだけでは負荷が平準化できていないのではないでしょうか。

私たち株式会社レイハウオリは、Web領域を中心に、ITリソースや専門人材が不足しているお客様を支援しています。
社内には、エンジニア・デザイナー・ディレクター・PMなど、各分野のエキスパートが在籍しています。
「何を作ればいいのかわからない」「IT周りをまとめて任せたい」といった0→1のご相談から、「社員の退職に伴うリソース不足を補いたい」といったSESのご要望まで、課題やフェーズに応じて幅広く対応しています。

下期の開発体制を今組めるかで、年内の進捗が変わります。

ご興味があれば、このフォームにご返信ください。

株式会社Lei Hau'oli
（tel）050-5497-3411
（mail）ml.account-sales@leihauoli.com","380","72","87","79","91","合成","0","- モード: 合成 - 部品ごとの採用元: ①件名=replier（社名＋数字、短く転送しやすい）②宛名＋冒頭2行=replier ③パーソナライズ／課題提示=replier（opener/closer と同趣旨のため最も自然な語り口を採用）④自社紹介＋USP=replier＋closer ⑤FAB+E＋実績=closer（「直請けで参画」の表現を採用）⑥なぜ今=replier（「下期の開発計画が","修正パス(2026-09-18)"
"2026-09-09T15:16:01+09:00","株式会社コドモン","開発部","ご担当者","【複数プロダクト×大規模UI】0→1のご相談からリソース支援まで","開発部 ご担当者様

複数プロダクトの大規模UIを内製で抱える御社では、フロントエンドの手が足りない場面もあるのではないでしょうか。

私たち株式会社レイハウオリは、Web領域を中心に、ITリソースや専門人材が不足しているお客様を支援しています。
社内には、エンジニア・デザイナー・ディレクター・PMなど、各分野のエキスパートが在籍しています。
「何を作ればいいのかわからない」「IT周りをまとめて任せたい」といった0→1のご相談から、「社員の退職に伴うリソース不足を補いたい」といったSESのご要望まで、課題やフェーズに応じて幅広く対応しています。

UI改修の滞留は利用者体験に直結します。ご興味があれば、このフォームにご返信ください。

株式会社Lei Hau'oli
（tel）050-5497-3411
（mail）ml.account-sales@leihauoli.com","379","82","87","87","92","合成","0","- モード: 合成 - 部品ごとの採用元: ①件名=opener ②宛名＋冒頭2行=replier ③課題提示=replier ④自社紹介＋USP=closer/replier ⑤FAB+E＋実績=replier（技術スタック）＋closer（Benefit「内製チームがコア機能に集中」） ⑥なぜ今=closer ⑦CTA=replier（低ハードル返信）にcloserの15分情報交換を接続し1ア","修正パス(2026-09-18)"
"2026-09-09T15:14:41+09:00","Supership株式会社","開発部","ご担当者","【SaaS管理画面の改修バックログ解消】0→1の相談から伴走支援","開発部 ご担当者様

貴社ではSaaS管理画面の機能追加が続き、フロントエンド改修がバックログに積み上がっていませんか。

私たち株式会社レイハウオリは、Web領域を中心に、ITリソースや専門人材が不足しているお客様を支援しています。
社内には、エンジニア・デザイナー・ディレクター・PMなど、各分野のエキスパートが在籍しています。
「何を作ればいいのかわからない」「IT周りをまとめて任せたい」といった0→1のご相談から、「社員の退職に伴うリソース不足を補いたい」といったSESのご要望まで、課題やフェーズに応じて幅広く対応しています。

バックログは放置するほど改修コストが膨らみます。

ご興味があれば、このメールにご返信ください。

株式会社Lei Hau'oli
（tel）050-5497-3411
（mail）ml.account-sales@leihauoli.com","376","83","87","79","91","合成","0","- モード: 合成 - 部品ごとの採用元: ①件名=opener（課題ワードを冒頭に置き数字2種を含む形へ微修正） ②宛名＋冒頭2行=opener ③パーソナライズ／課題提示=opener＋replier（複数プロダクト・顧客要望を統合） ④自社紹介＋USP=closer（USP一言をそのまま骨格に） ⑤FAB+E＋実績=closer＋replier ⑥なぜ今=closer（放置するほど改修コスト","修正パス(2026-09-18)"
"2026-09-09T15:17:31+09:00","株式会社ビザスク","開発部","ご担当者","【15分で体制診断】複数プロダクトのUI改修、止まっていませんか","開発部 ご担当者様

複数プロダクトを運営される御社では、UI改修と新機能開発が同時に発生していませんか。

私たち株式会社レイハウオリは、Web領域を中心に、ITリソースや専門人材が不足しているお客様を支援しています。
社内には、エンジニア・デザイナー・ディレクター・PMなど、各分野のエキスパートが在籍しています。
「何を作ればいいのかわからない」「IT周りをまとめて任せたい」といった0→1のご相談から、「社員の退職に伴うリソース不足を補いたい」といったSESのご要望まで、課題やフェーズに応じて幅広く対応しています。

下期にUI改修と機能追加が本格化すると、負荷が広がります。ご興味があれば、このフォームにご返信ください。

株式会社Lei Hau'oli
（tel）050-5497-3411
（mail）ml.account-sales@leihauoli.com","375","73","86","81","90","合成","0","- モード: 合成 - 部品ごとの採用元: ①件名=replier ②宛名＋冒頭=replier ③パーソナライズ／課題提示=replier ④自社紹介＋USP=closer ⑤FAB+E＋実績=closer ⑥なぜ今=replier（下期の負荷拡大）＋closer（本格化前） ⑦CTA=replier（一言返信）＋closer（15分）を1動作に統合 ⑧署名=共通 - opener: 強み＝件名","修正パス(2026-09-18)"
"2026-09-09T15:18:32+09:00","株式会社ツクルバ","開発部","ご担当者","【0→1のご相談も】複数プロダクトのフロント開発、負荷平準化のご提案","開発部 ご担当者様

複数のWebサービスを内製で運営される貴社では、フロントエンドの負荷が偏りがちではないでしょうか。

私たち株式会社レイハウオリは、Web領域を中心に、ITリソースや専門人材が不足しているお客様を支援しています。
社内には、エンジニア・デザイナー・ディレクター・PMなど、各分野のエキスパートが在籍しています。
「何を作ればいいのかわからない」「IT周りをまとめて任せたい」といった0→1のご相談から、「社員の退職に伴うリソース不足を補いたい」といったSESのご要望まで、課題やフェーズに応じて幅広く対応しています。

下期の要望が積み上がる今、体制の検討が必要です。ご興味があれば、このフォームにご返信ください。

株式会社Lei Hau'oli
（tel）050-5497-3411
（mail）ml.account-sales@leihauoli.com","377","85","86","86","94","合成","0","- モード: 合成 - 部品ごとの採用元: ①件名=closer ②宛名＋冒頭2行=replier ③課題提示=replier ④自社紹介＋USP=opener（§4 原文表現） ⑤FAB+E＋実績=closer ⑥なぜ今=closer ⑦CTA=replier＋closer ⑧署名=共通 - opener: 冒頭で複数プロダクト内製運営に触れる導入は最良だが、件名が45字と長く受信一覧で末尾が切","修正パス(2026-09-18)"
"2026-09-09T15:19:12+09:00","GMOサイバーセキュリティbyイエラエ株式会社","技術部","ご担当者","【0→1からSESまで対応】管理コンソールのUI、セキュリティ人材の負荷になっていませんか","技術部 ご担当者様

セキュリティ専門のエンジニアが管理コンソールのUI実装まで抱え込み、開発が止まっていませんか。UI負債は放置するほど改善コストが膨らみます。

私たち株式会社レイハウオリは、Web領域を中心に、ITリソースや専門人材が不足しているお客様を支援しています。
社内には、エンジニア・デザイナー・ディレクター・PMなど、各分野のエキスパートが在籍しています。
「何を作ればいいのかわからない」「IT周りをまとめて任せたい」といった0→1のご相談から、「社員の退職に伴うリソース不足を補いたい」といったSESのご要望まで、課題やフェーズに応じて幅広く対応しています。

ご興味があれば、ご返信ください。

株式会社Lei Hau'oli
（tel）050-5497-3411
（mail）ml.account-sales@leihauoli.com","367","84","84","86","91","合成","0","- モード: 合成 - 部品ごとの採用元: ①件名=closer（【フロントエンド専任40名】）＋replier（問いかけ型の後半）／②宛名＋冒頭2行=replier／③パーソナライズ・課題提示=replier／④自社紹介＋USP=closer（「外付けできる」）＋opener（設立年・専任数）／⑤FAB+E=closer＋replier（SaaS管理画面）／⑥なぜ今=closer（UI負債・改善","修正パス(2026-09-18)"
"2026-09-09T15:19:05+09:00","レバテック株式会社","開発部","ご担当者","【複数プロダクトのUI改修に】0→1からSESまで幅広く対応","開発部 ご担当者様

複数プロダクトを内製で抱える御社では、フロントエンドの手が足りない場面もあるのではないでしょうか。

私たち株式会社レイハウオリは、Web領域を中心に、ITリソースや専門人材が不足しているお客様を支援しています。
社内には、エンジニア・デザイナー・ディレクター・PMなど、各分野のエキスパートが在籍しています。
「何を作ればいいのかわからない」「IT周りをまとめて任せたい」といった0→1のご相談から、「社員の退職に伴うリソース不足を補いたい」といったSESのご要望まで、課題やフェーズに応じて幅広く対応しています。

下期の開発計画を固める今なら、負荷を分散できます。

ご興味があれば、ご返信ください。

株式会社Lei Hau'oli
（tel）050-5497-3411
（mail）ml.account-sales@leihauoli.com","371","83","82","80","92","合成","0","- モード: 合成 - 部品ごとの採用元: ①件名=opener ②宛名=共通 ③冒頭パーソナライズ／課題提示=replier ④自社紹介＋USP=closer ⑤FAB+E＋実績=closer ⑥なぜ今＝replier（下期計画＋クライアント案件補強） ⑦CTA=replier＋closer統合（返信1アクションで15分に接続） ⑧署名=closer形式（字数優先で2行） - opener: 件","修正パス(2026-09-18)"
"2026-09-09T15:18:14+09:00","株式会社ログラス","開発部","ご担当者","【SaaS管理画面向け】フロントエンド改修バックログ、0→1のご相談も伴走","開発部 ご担当者様

管理画面・ダッシュボードの改修がバックログに積み上がっていないでしょうか。

私たち株式会社レイハウオリは、Web領域を中心に、ITリソースや専門人材が不足しているお客様を支援しています。
社内には、エンジニア・デザイナー・ディレクター・PMなど、各分野のエキスパートが在籍しています。
「何を作ればいいのかわからない」「IT周りをまとめて任せたい」といった0→1のご相談から、「社員の退職に伴うリソース不足を補いたい」といったSESのご要望まで、課題やフェーズに応じて幅広く対応しています。

下期の計画を固める前に、体制の選択肢を持てます。

ご興味があれば、このフォームにご返信ください。

株式会社Lei Hau'oli
（tel）050-5497-3411
（mail）ml.account-sales@leihauoli.com","365","81","82","85","91","合成","0","- モード: 合成 - 部品ごとの採用元: ①件名=opener（課題ワード＋数字を相手起点で凝縮）②宛名＋冒頭2行=closer（簡潔で自分事化が速い）③課題提示=opener＋closer（「平準化」の語で課題仮説に密着）④自社紹介＋USP=closer ⑤FAB+E＋実績=closer（美容予約サービスの具体実績）⑥なぜ今=replier（「下期の計画を固める前に」）⑦CTA=closer（","修正パス(2026-09-18)"
"2026-09-09T15:20:21+09:00","ウェルスナビ株式会社","開発部","ご担当者","【管理画面・ダッシュボード改修】15分で進め方を整理","開発部 ご担当者様

管理画面・ダッシュボードのフロントエンド改修がバックログに積み上がっていませんか。

私たち株式会社レイハウオリは、Web領域を中心に、ITリソースや専門人材が不足しているお客様を支援しています。
社内には、エンジニア・デザイナー・ディレクター・PMなど、各分野のエキスパートが在籍しています。
「何を作ればいいのかわからない」「IT周りをまとめて任せたい」といった0→1のご相談から、「社員の退職に伴うリソース不足を補いたい」といったSESのご要望まで、課題やフェーズに応じて幅広く対応しています。

バックログが積み上がるほど機会損失が広がります。まずは15分で進め方を整理させてください。ご興味があれば、このフォームにご返信ください。

株式会社Lei Hau'oli
（tel）050-5497-3411
（mail）ml.account-sales@leihauoli.com","390","84","83","85","92","合成","0","- モード: **合成** - 部品ごとの採用元: ①件名=opener（課題固有ワード＋数字を圧縮） ②宛名＋冒頭2行=opener/replier ③パーソナライズ・課題提示=replier ④自社紹介＋USP=closer ⑤FAB+E＋実績=closer ⑥なぜ今=closer ⑦CTA=replier（15分の枠組みはcloserから拝借し、行動は返信1つに統合） ⑧署名=共通 - op","修正パス(2026-09-18)"
"2026-09-09T15:20:45+09:00","STORES株式会社","開発部","ご担当者","【複数プロダクト運営の開発部様へ】15分で体制構築のご相談","開発部 ご担当者様

複数プロダクトの大規模UIを内製で抱えると、刷新と新機能開発の同時進行は負荷が偏りがちです。

私たち株式会社レイハウオリは、Web領域を中心に、ITリソースや専門人材が不足しているお客様を支援しています。
社内には、エンジニア・デザイナー・ディレクター・PMなど、各分野のエキスパートが在籍しています。
「何を作ればいいのかわからない」「IT周りをまとめて任せたい」といった0→1のご相談から、「社員の退職に伴うリソース不足を補いたい」といったSESのご要望まで、課題やフェーズに応じて幅広く対応しています。

新機能開発が本格化する前の今こそ、体制構築の好機です。

まずは15分のオンライン相談はいかがでしょうか。

株式会社Lei Hau'oli
（tel）050-5497-3411
（mail）ml.account-sales@leihauoli.com","378","85","84","80","90","合成","0","- モード: 合成 - 部品ごとの採用元: ①件名=opener（固有課題ワード）＋closer（短さ）を折衷 ②宛名＝共通 ③冒頭2行・課題提示=replier ④自社紹介＋USP=closer/replier ⑤FAB+E＋実績=closer ⑥なぜ今=replier＋closer（リリース遅延防止）⑦CTA=opener ⑧署名=opener - opener: 件名の固有課題ワードと実績提","修正パス(2026-09-18)"
"2026-09-09T15:21:41+09:00","GROOVE X株式会社","開発部","ご担当者","【複数プロダクトのUI開発向け】0→1のご相談からSESまで幅広く対応","開発部 ご担当者様

複数プロダクトのUI改修とレガシー刷新を内製チームで並走され、フロントエンドの人員不足が慢性化していないでしょうか。

私たち株式会社レイハウオリは、Web領域を中心に、ITリソースや専門人材が不足しているお客様を支援しています。
社内には、エンジニア・デザイナー・ディレクター・PMなど、各分野のエキスパートが在籍しています。
「何を作ればいいのかわからない」「IT周りをまとめて任せたい」といった0→1のご相談から、「社員の退職に伴うリソース不足を補いたい」といったSESのご要望まで、課題やフェーズに応じて幅広く対応しています。

中途採用に数か月かかる間も、負荷は積み上がります。ご興味があれば、ご返信ください。

株式会社Lei Hau'oli
（tel）050-5497-3411
（mail）ml.account-sales@leihauoli.com","380","82","81","80","91","合成","0","- モード: 合成 - 部品ごとの採用元: ①件名=opener ②宛名＋冒頭2行=closer ③課題提示=closer ④自社紹介＋USP=closer ⑤FAB+E＋実績=closer（重複部を圧縮） ⑥なぜ今=opener ⑦CTA=closer＋replier（決裁者指定を外しハードルを下げた折衷） ⑧署名=opener - opener: 件名が課題語＋数字＋「1名から」で最も開封され","修正パス(2026-09-18)"
"2026-09-09T15:25:32+09:00","株式会社ニーリー","開発部","ご担当者","【複数プロダクト×繁忙期対応】0→1のご相談からSESまで柔軟対応","開発部 ご担当者様

複数プロダクトのUI改修と新機能開発を内製で並走させ、繁忙期だけ即戦力を確保できず稼働が波打っていませんか。

私たち株式会社レイハウオリは、Web領域を中心に、ITリソースや専門人材が不足しているお客様を支援しています。
社内には、エンジニア・デザイナー・ディレクター・PMなど、各分野のエキスパートが在籍しています。
「何を作ればいいのかわからない」「IT周りをまとめて任せたい」といった0→1のご相談から、「社員の退職に伴うリソース不足を補いたい」といったSESのご要望まで、課題やフェーズに応じて幅広く対応しています。

繁忙期が本格化する前の今、ご興味があれば、このフォームにご返信ください。

株式会社Lei Hau'oli
（tel）050-5497-3411
（mail）ml.account-sales@leihauoli.com","371","84","79","86","92","合成","0","- モード: 合成 - 部品ごとの採用元: ①件名=opener ②宛名＋冒頭=closer ③パーソナライズ／課題提示=closer ④自社紹介＋USP=closer ⑤FAB+E＋実績=closer ⑥なぜ今=opener（中途採用に数か月）＋closer（繁忙期が本格化する前） ⑦CTA=opener（このメールへの返信）＋closer（15分の情報交換） ⑧署名=closer - open","修正パス(2026-09-18)"
"2026-09-09T15:21:51+09:00","株式会社hacomono","開発部","ご担当者","【0→1相談】複数プロダクト並走のUI開発、体制は足りていますか","開発部 ご担当者様

hacomono様は複数プロダクトの大規模UIを内製チームで抱え、開発を並走させていらっしゃると拝察します。

私たち株式会社レイハウオリは、Web領域を中心に、ITリソースや専門人材が不足しているお客様を支援しています。
社内には、エンジニア・デザイナー・ディレクター・PMなど、各分野のエキスパートが在籍しています。
「何を作ればいいのかわからない」「IT周りをまとめて任せたい」といった0→1のご相談から、「社員の退職に伴うリソース不足を補いたい」といったSESのご要望まで、課題やフェーズに応じて幅広く対応しています。

中途採用を待つ間も要望は積み上がります。ご興味があれば、このフォームにご返信ください。

株式会社Lei Hau'oli
（tel）050-5497-3411
（mail）ml.account-sales@leihauoli.com","378","85","85","81","93","合成","0","- モード: 合成 - 部品ごとの採用元: ①件名=opener（【】＋40名）×replier（疑問形フック）を統合 ②宛名＋冒頭=replier（社名明示） ③課題提示=replier（社内の口ぐせに翻訳） ④自社紹介＋USP=opener（USP言い切り） ⑤FAB+E=closer（1文圧縮のFeature→Advantage→Benefit） ⑥なぜ今=replier（採用待ちの機会損失","修正パス(2026-09-18)"
"2026-09-09T15:21:45+09:00","eBASE-PLUS株式会社","開発部","ご担当者","【eBASE-PLUS開発部様】0→1相談からSES対応まで、繁忙期の負荷平準化","開発部 ご担当者様

レガシー刷新と新機能開発を並走させ、繁忙期の稼働確保に苦労されていませんか。

私たち株式会社レイハウオリは、Web領域を中心に、ITリソースや専門人材が不足しているお客様を支援しています。
社内には、エンジニア・デザイナー・ディレクター・PMなど、各分野のエキスパートが在籍しています。
「何を作ればいいのかわからない」「IT周りをまとめて任せたい」といった0→1のご相談から、「社員の退職に伴うリソース不足を補いたい」といったSESのご要望まで、課題やフェーズに応じて幅広く対応しています。

繁忙期に入ってからでは間に合いません。

ご興味あればご返信ください。

株式会社Lei Hau'oli
（tel）050-5497-3411
（mail）ml.account-sales@leihauoli.com","352","82","82","87","90","合成","0","- モード: 合成 - 部品ごとの採用元: ①件名=closer（社名入りを短縮） ②宛名＋冒頭2行=closer ③課題提示=replier（「受託案件の波で稼働が上下」を追加） ④自社紹介＋USP=closer ⑤FAB+E＋実績=closer ⑥なぜ今=replier（「繁忙期に入ってから探し始めても間に合いません」） ⑦CTA=closer骨格＋replierの低ハードル化 ⑧署名=共通 ","修正パス(2026-09-18)"
"2026-09-09T15:25:45+09:00","株式会社カケハシ","開発部","ご担当者","【複数プロダクト・大規模UI刷新】0→1から支援できる体制","開発部 ご担当者様

複数のプロダクトのUI改修と新機能開発を並走させると、レガシー刷新が後回しになりがちではないでしょうか。

私たち株式会社レイハウオリは、Web領域を中心に、ITリソースや専門人材が不足しているお客様を支援しています。
社内には、エンジニア・デザイナー・ディレクター・PMなど、各分野のエキスパートが在籍しています。
「何を作ればいいのかわからない」「IT周りをまとめて任せたい」といった0→1のご相談から、「社員の退職に伴うリソース不足を補いたい」といったSESのご要望まで、課題やフェーズに応じて幅広く対応しています。

下期の開発計画を固めるこの時期にご検討ください。ご興味があれば本フォームにご返信ください。

株式会社Lei Hau'oli
（tel）050-5497-3411
（mail）ml.account-sales@leihauoli.com","378","78","83","81","91","合成","0","- モード: 合成 - 部品ごとの採用元: ①件名=opener（表示長を考慮し末尾のみ圧縮／主張は不変） ②宛名＝共通 ③パーソナライズ＝replier ④自社紹介＋USP＝closer＋opener ⑤FAB+E＝opener（大手直請けフロー）＋closer（実績） ⑥なぜ今＝closer ⑦CTA＝replier ⑧署名＝共通 - opener: 件名の固有ワード＋「40名」が最も自分事化","修正パス(2026-09-18)"
"2026-09-09T22:37:47+09:00","テックファーム株式会社","開発部","ご担当者","【複数プロダクト・大規模UI運営向け】繁忙期だけ専門人材を増強する方法（相談は15分）","開発部 ご担当者様

複数プロダクトの大規模UI改修と新機能開発を、限られた人数で並走されていませんか。

私たち株式会社レイハウオリは、Web領域を中心に、ITリソースや専門人材が不足しているお客様を支援しています。
社内には、エンジニア・デザイナー・ディレクター・PMなど、各分野のエキスパートが在籍しています。
「何を作ればいいのかわからない」「IT周りをまとめて任せたい」といった0→1のご相談から、「社員の退職に伴うリソース不足を補いたい」といったSESのご要望まで、課題やフェーズに応じて幅広く対応しています。

繁忙期に入ってからでは確保が間に合いません。

ご興味があれば、このフォームにご返信ください。

株式会社Lei Hau'oli
（tel）050-5497-3411
（mail）ml.account-sales@leihauoli.com","367","84","83","86","94","合成","0","- モード: 合成 - 部品ごとの採用元: ①件名=opener ②宛名＋冒頭=closer ③課題提示=replier（受託案件の波） ④自社紹介＋USP=opener（USP一言）＋closer（会社定義） ⑤FAB+E=closer ⑥なぜ今=opener（繁忙期前でないと間に合わない） ⑦CTA=replier（「検討したい」一言返信）＋closer（15分）を1アクションに統合 ⑧署名=","修正パス(2026-09-18)"
"2026-09-09T15:25:34+09:00","サークレイス株式会社","開発部","ご担当者","【複数プロダクトのUI開発向け】0→1から繁忙期の補強まで","開発部 ご担当者様

複数プロダクトのUI改修や新機能開発が並走し、フロントエンドの体制確保にお困りではないでしょうか。

私たち株式会社レイハウオリは、Web領域を中心に、ITリソースや専門人材が不足しているお客様を支援しています。
社内には、エンジニア・デザイナー・ディレクター・PMなど、各分野のエキスパートが在籍しています。
「何を作ればいいのかわからない」「IT周りをまとめて任せたい」といった0→1のご相談から、「社員の退職に伴うリソース不足を補いたい」といったSESのご要望まで、課題やフェーズに応じて幅広く対応しています。

下期の開発計画が固まる前の今が、体制を整える好機です。ご興味があれば、このフォームにご返信ください。

株式会社Lei Hau'oli
（tel）050-5497-3411
（mail）ml.account-sales@leihauoli.com","380","84","86","78","90","合成","0","- モード: 合成 - 部品ごとの採用元: ①件名=opener（固有語）＋replier（繁忙期軸）を圧縮 ②冒頭2行=replier ③課題提示=replier ④自社紹介＋USP=replier ⑤FAB+E＝opener（中途採用〜並走）＋replier（コア機能集中） ⑥なぜ今=opener「開発計画が固まる時期」＋replier「下期」 ⑦CTA=opener（返信＋次に何が起きるか明","修正パス(2026-09-18)"
"2026-09-09T22:37:06+09:00","株式会社ヤプリ","開発部","ご担当者","【0→1からSESまで】複数プロダクト運営の負荷を平準化する支援","開発部 ご担当者様

複数プロダクトのUI改修や機能追加が重なり、開発リソースが逼迫しているのではないでしょうか。

私たち株式会社レイハウオリは、Web領域を中心に、ITリソースや専門人材が不足しているお客様を支援しています。
社内には、エンジニア・デザイナー・ディレクター・PMなど、各分野のエキスパートが在籍しています。
「何を作ればいいのかわからない」「IT周りをまとめて任せたい」といった0→1のご相談から、「社員の退職に伴うリソース不足を補いたい」といったSESのご要望まで、課題やフェーズに応じて幅広く対応しています。

下期の体制を組む今が、来期の開発速度を左右します。

ご興味があれば、このフォームにご返信ください。

株式会社Lei Hau'oli
（tel）050-5497-3411
（mail）ml.account-sales@leihauoli.com","375","76","83","83","89","合成","0","- モード: 合成 - 部品ごとの採用元: ①件名=closer ②宛名＋冒頭=replier ③パーソナライズ／課題提示=replier ④自社紹介＋USP=closer（「フロントエンド特化の開発支援会社」の言い切り） ⑤FAB+E=closer ⑥なぜ今=replier（下期計画期→来期リリース速度） ⑦CTA=replier（4文字返信）＋closerの体制案提示 ⑧署名=共通 - ope","修正パス(2026-09-18)"
"2026-09-09T22:36:47+09:00","株式会社マイベスト","開発部","ご担当者","【複数プロダクトのUI改修】0→1から伴走する専門人材体制","開発部 ご担当者様

複数プロダクトの大規模UIを内製で抱えながら、刷新と新機能開発を並走させるのは難しくないでしょうか。

私たち株式会社レイハウオリは、Web領域を中心に、ITリソースや専門人材が不足しているお客様を支援しています。
社内には、エンジニア・デザイナー・ディレクター・PMなど、各分野のエキスパートが在籍しています。
「何を作ればいいのかわからない」「IT周りをまとめて任せたい」といった0→1のご相談から、「社員の退職に伴うリソース不足を補いたい」といったSESのご要望まで、課題やフェーズに応じて幅広く対応しています。

中途採用には時間がかかり、要望は積み上がります。

ご興味があれば、ご返信ください。

株式会社Lei Hau'oli
（tel）050-5497-3411
（mail）ml.account-sales@leihauoli.com","371","80","86","82","93","合成","0","- モード: 合成 - 部品ごとの採用元: ①件名=opener（骨格）＋closer（約40名の具体）＋replier（1名から） ②宛名=共通 ③冒頭2行・課題提示=replier ④自社紹介＋USP=closer ⑤FAB+E＋実績=closer＋replier ⑥なぜ今=replier ⑦CTA=replier（ハードル）＋closer（15分で商談化） ⑧署名=共通 - opener: ","修正パス(2026-09-18)"
"2026-09-09T22:40:11+09:00","株式会社スタディスト","開発部","ご担当者","【0→1のご相談から】UI刷新と新機能開発、並走できていますか","開発部 ご担当者様

UI改修と新機能開発、レガシー刷新の並走でリソース不足を感じていませんか。

私たち株式会社レイハウオリは、Web領域を中心に、ITリソースや専門人材が不足しているお客様を支援しています。
社内には、エンジニア・デザイナー・ディレクター・PMなど、各分野のエキスパートが在籍しています。
「何を作ればいいのかわからない」「IT周りをまとめて任せたい」といった0→1のご相談から、「社員の退職に伴うリソース不足を補いたい」といったSESのご要望まで、課題やフェーズに応じて幅広く対応しています。

下期の開発計画を固める前の今なら、選択肢が広がります。ご興味があれば、このフォームにご返信ください。

株式会社Lei Hau'oli
（tel）050-5497-3411
（mail）ml.account-sales@leihauoli.com","368","84","86","85","92","合成","0","- モード: 合成 - 部品ごとの採用元: ①件名=replier ②宛名＋冒頭2行=replier ③課題提示=replier ④自社紹介＋USP=closer ⑤FAB+E＋実績=closer ⑥なぜ今=opener ⑦CTA=opener（replierの低ハードル思想を反映し「返信で可否を一言」に統合） ⑧署名=共通 - opener: 件名に課題仮説の固有ワードを詰め込み転送耐性は高いが","修正パス(2026-09-18)"
"2026-09-09T22:38:17+09:00","株式会社TYL","開発部","ご担当者","【0→1対応】求人媒体のUI改修とレガシー刷新、両立できていますか","開発部 ご担当者様

人材紹介・求人媒体など複数プロダクトを内製運営する貴社では、UI改修とレガシー刷新の並走が難しくなっていませんか。

私たち株式会社レイハウオリは、Web領域を中心に、ITリソースや専門人材が不足しているお客様を支援しています。
社内には、エンジニア・デザイナー・ディレクター・PMなど、各分野のエキスパートが在籍しています。
「何を作ればいいのかわからない」「IT周りをまとめて任せたい」といった0→1のご相談から、「社員の退職に伴うリソース不足を補いたい」といったSESのご要望まで、課題やフェーズに応じて幅広く対応しています。

年末の開発計画が固まる前の今、選択肢が広がります。

ご興味があればご返信ください。

株式会社Lei Hau'oli
（tel）050-5497-3411
（mail）ml.account-sales@leihauoli.com","378","77","82","82","89","合成","0","- モード: 合成 - 部品ごとの採用元: ①件名=replier（【】＋数字＋疑問形）＋opener（「求人媒体」の固有ワード） ②宛名＋冒頭=opener／closer（3プロダクト列挙） ③課題提示=replier（「並走しきれていない」の内心翻訳） ④自社紹介＋USP=closer ⑤FAB+E=closer＋opener（Benefit「コア機能に集中」） ⑥なぜ今=closer（年末の","修正パス(2026-09-18)"
"2026-09-09T22:37:19+09:00","株式会社セルシス","開発部","ご担当者","【複数プロダクト・大規模UI並走に】0→1から専門人材で負荷を平準化","開発部 ご担当者様

複数プロダクトの大規模UIを内製チームで抱えつつ、刷新と新機能開発を並走させると負荷が偏りがちです。

私たち株式会社レイハウオリは、Web領域を中心に、ITリソースや専門人材が不足しているお客様を支援しています。
社内には、エンジニア・デザイナー・ディレクター・PMなど、各分野のエキスパートが在籍しています。
「何を作ればいいのかわからない」「IT周りをまとめて任せたい」といった0→1のご相談から、「社員の退職に伴うリソース不足を補いたい」といったSESのご要望まで、課題やフェーズに応じて幅広く対応しています。

着手が遅れるほど機会損失が積み上がります。ご興味があれば、ご返信ください。

株式会社Lei Hau'oli
（tel）050-5497-3411
（mail）ml.account-sales@leihauoli.com","368","85","87","79","93","合成","0","- モード: 合成 - 部品ごとの採用元: ①件名=opener（末尾のみ短縮）②宛名＋冒頭2行=replier ③課題提示=replier ④自社紹介＋USP=closer＋opener（USP一言「フロントエンド特化で」を明示化）⑤FAB+E=closer ⑥なぜ今=opener ⑦CTA=replier ⑧署名=共通 - opener: 件名が「複数プロダクト・大規模UI・並走」と課題語を全","修正パス(2026-09-18)"
"2026-09-09T22:40:12+09:00","株式会社TENTIAL","開発部","ご担当者","【0→1相談も】管理画面のバックログ、下期前に崩しませんか","開発部 ご担当者様

管理画面のフロントエンド改修がバックログに滞留していないでしょうか。

私たち株式会社レイハウオリは、Web領域を中心に、ITリソースや専門人材が不足しているお客様を支援しています。
社内には、エンジニア・デザイナー・ディレクター・PMなど、各分野のエキスパートが在籍しています。
「何を作ればいいのかわからない」「IT周りをまとめて任せたい」といった0→1のご相談から、「社員の退職に伴うリソース不足を補いたい」といったSESのご要望まで、課題やフェーズに応じて幅広く対応しています。

下期が本格化する前に一部だけでも切り出しませんか。

ご興味があれば、このフォームにご返信ください。

株式会社Lei Hau'oli
（tel）050-5497-3411
（mail）ml.account-sales@leihauoli.com","363","85","87","79","91","合成","0","- モード: 合成 - 部品ごとの採用元: ①件名=replier ②宛名＋冒頭=replier ③課題提示=replier（表現を圧縮） ④自社紹介＋USP=replier＋opener（「フロントエンド特化」＋「約40名」） ⑤FAB+E＝opener（大規模BtoCの品質基準を持ち込む→バックログを止めず並走）＋closer（1名から参画の規模感） ⑥なぜ今=opener（積み上がるほど着手","修正パス(2026-09-18)"
"2026-09-09T22:39:57+09:00","FutureOne株式会社","開発部","ご担当者","【FutureOne様｜0→1からSESまで】UI改修とレガシー刷新、両立できていますか","開発部 ご担当者様

UI改修とレガシー刷新の並走で、フロントエンドのリソース不足を感じていないでしょうか。

私たち株式会社レイハウオリは、Web領域を中心に、ITリソースや専門人材が不足しているお客様を支援しています。
社内には、エンジニア・デザイナー・ディレクター・PMなど、各分野のエキスパートが在籍しています。
「何を作ればいいのかわからない」「IT周りをまとめて任せたい」といった0→1のご相談から、「社員の退職に伴うリソース不足を補いたい」といったSESのご要望まで、課題やフェーズに応じて幅広く対応しています。

下期は要望が重なりやすく、今の体制整備が鍵です。

ご興味があれば、ご返信ください。

株式会社Lei Hau'oli
（tel）050-5497-3411
（mail）ml.account-sales@leihauoli.com","364","73","83","87","92","合成","0","- モード: 合成 - 部品ごとの採用元: ①件名=closer（社名＋数字）×replier（問いかけ）のハイブリッド ②宛名＋冒頭2行=replier ③課題提示=replier ④自社紹介＋USP=closer ⑤FAB+E＋実績=closer ⑥なぜ今=closer（下期の要望集中）＋opener（採用に数か月） ⑦CTA=replier（「情報交換希望」だけの返信） ⑧署名=closer","修正パス(2026-09-18)"
"2026-09-09T22:42:00+09:00","株式会社RevComm","開発部","ご担当者","【15分で解決】複数プロダクト×大規模UIの開発リソース不足に","開発部 ご担当者様

複数プロダクトの大規模UIを内製で抱える御社では、フロントエンドの人手が不足しているのではないでしょうか。

私たち株式会社レイハウオリは、Web領域を中心に、ITリソースや専門人材が不足しているお客様を支援しています。
社内には、エンジニア・デザイナー・ディレクター・PMなど、各分野のエキスパートが在籍しています。
「何を作ればいいのかわからない」「IT周りをまとめて任せたい」といった0→1のご相談から、「社員の退職に伴うリソース不足を補いたい」といったSESのご要望まで、課題やフェーズに応じて幅広く対応しています。

下期の開発計画が固まる今こそ好機です。ご興味あれば返信ください。

株式会社Lei Hau'oli
（tel）050-5497-3411
（mail）ml.account-sales@leihauoli.com","366","80","82","79","89","合成","0","- モード: 合成 - 部品ごとの採用元: ①件名=opener（語順を入れ替えて短縮のみ） ②宛名＋冒頭=opener＋replier ③パーソナライズ／課題提示=replier ④自社紹介＋USP=opener ⑤FAB+E=opener ⑥なぜ今=replier ⑦CTA=replier ⑧署名=共通 - opener: 件名の固有ワード凝縮と冒頭の当て込みが最良。一方でCTAが「情報交換」","修正パス(2026-09-18)"
"2026-09-09T22:42:39+09:00","株式会社HRBrain","開発部","ご担当者","【0→1からSESまで】管理画面改修のバックログ、解消しませんか","開発部 ご担当者様

顧客要望で管理画面・ダッシュボードの機能追加が続き、フロントエンド改修がバックログに積み上がっていませんか。

私たち株式会社レイハウオリは、Web領域を中心に、ITリソースや専門人材が不足しているお客様を支援しています。
社内には、エンジニア・デザイナー・ディレクター・PMなど、各分野のエキスパートが在籍しています。
「何を作ればいいのかわからない」「IT周りをまとめて任せたい」といった0→1のご相談から、「社員の退職に伴うリソース不足を補いたい」といったSESのご要望まで、課題やフェーズに応じて幅広く対応しています。

来期の新機能開発前に体制を整えたいところです。

ご興味があれば、このフォームにご返信ください。

株式会社Lei Hau'oli
（tel）050-5497-3411
（mail）ml.account-sales@leihauoli.com","381","82","87","84","92","合成","0","- モード: 合成 - 部品ごとの採用元: ①件名=replier（closerの「1名から」を接合） ②宛名＋冒頭2行=replier ③課題提示=replier ④自社紹介＋USP=closer ⑤FAB+E＋実績=closer＋replier ⑥なぜ今=opener ⑦CTA=replier ⑧署名=opener/closer - opener: 強み＝件名の「SaaS/管理画面」「40名」","修正パス(2026-09-18)"
"2026-09-09T22:42:49+09:00","エムシーディースリー株式会社","開発部","ご担当者","【0→1からSESまで】UI改修と新機能開発、並走できていませんか","開発部 ご担当者様

複数プロダクトの大規模UIを内製チームで運営される中、UI改修や機能追加の対応に追われているのではないでしょうか。

私たち株式会社レイハウオリは、Web領域を中心に、ITリソースや専門人材が不足しているお客様を支援しています。
社内には、エンジニア・デザイナー・ディレクター・PMなど、各分野のエキスパートが在籍しています。
「何を作ればいいのかわからない」「IT周りをまとめて任せたい」といった0→1のご相談から、「社員の退職に伴うリソース不足を補いたい」といったSESのご要望まで、課題やフェーズに応じて幅広く対応しています。

下期の体制が固まる前の今、見直す余地があります。ご都合が良ければ、本メールにご返信ください。

株式会社Lei Hau'oli
（tel）050-5497-3411
（mail）ml.account-sales@leihauoli.com","384","81","87","86","93","合成","0","- モード: 合成 - 部品ごとの採用元: ①件名=opener（数字の具体性）＋replier（問いかけ型・短縮）の合成 ②宛名＋冒頭=closer（「複数プロダクトの大規模UI」）＋replier（担当者の口語に翻訳） ③課題提示=replier ④自社紹介＋USP=replier（2008年設立＋フロントエンド特化＋1名から） ⑤FAB+E=closer（負荷の高いプロダクトから体制→内製チ","修正パス(2026-09-18)"
"2026-09-09T22:43:22+09:00","LINE WORKS株式会社","開発部","ご担当者","【0→1のご相談も】複数プロダクト並走時のリソース不足を解消","開発部 ご担当者様

複数プロダクトが並走し、フロントエンドの負荷が積み上がっていないでしょうか。

私たち株式会社レイハウオリは、Web領域を中心に、ITリソースや専門人材が不足しているお客様を支援しています。
社内には、エンジニア・デザイナー・ディレクター・PMなど、各分野のエキスパートが在籍しています。
「何を作ればいいのかわからない」「IT周りをまとめて任せたい」といった0→1のご相談から、「社員の退職に伴うリソース不足を補いたい」といったSESのご要望まで、課題やフェーズに応じて幅広く対応しています。

着手が遅れるほどリリース遅延が積み重なります。

ご興味があればご返信ください。

株式会社Lei Hau'oli
（tel）050-5497-3411
（mail）ml.account-sales@leihauoli.com","357","74","80","84","89","合成","0","- モード: 合成 - 部品ごとの採用元: ①件名=closer（「約」を補い§4準拠に微修正） ②宛名＋冒頭2行=replier ③課題提示=replier ④自社紹介＋USP=closer＋opener（USP言い切り） ⑤FAB+E＝closer（実績列）＋opener（大規模BtoCの開発フロー・品質基準） ⑥なぜ今=closer（順番待ち・リリース遅延） ⑦CTA=replier（返信4","修正パス(2026-09-18)"
"2026-09-09T22:44:24+09:00","株式会社GENZ","開発部","ご担当者","【複数プロダクト運営×クライアント案件向け】15分で分かる人員不足解消のご提案","開発部 ご担当者様

複数プロダクトを内製チームで抱え、クライアント案件で人員が出しきれない場面はないでしょうか。

私たち株式会社レイハウオリは、Web領域を中心に、ITリソースや専門人材が不足しているお客様を支援しています。
社内には、エンジニア・デザイナー・ディレクター・PMなど、各分野のエキスパートが在籍しています。
「何を作ればいいのかわからない」「IT周りをまとめて任せたい」といった0→1のご相談から、「社員の退職に伴うリソース不足を補いたい」といったSESのご要望まで、課題やフェーズに応じて幅広く対応しています。

下期の新機能開発が動き出す今、着手の効果は大きくなります。

15分のオンラインでお話しできればと思います。

株式会社Lei Hau'oli
（tel）050-5497-3411
（mail）ml.account-sales@leihauoli.com","379","84","88","82","92","合成","0","- モード: 合成 - 部品ごとの採用元: ①件名=opener ②宛名＋冒頭2行=replier ③パーソナライズ／課題提示=replier ④自社紹介＋USP=closer ⑤FAB+E＋実績=closer ⑥なぜ今=replier ⑦CTA=closer（15分オンライン）＋opener（情報交換の言い回し） ⑧署名=共通 - opener: 件名に「複数プロダクト運営×クライアント案件」と","修正パス(2026-09-18)"
"2026-09-09T22:43:11+09:00","BASE株式会社","開発部","ご担当者","【0→1のご相談から】BASE様の複数プロダクト並走を止めないSES提案","開発部 ご担当者様

BASE様のように大規模BtoCサービスを内製運営されていると、開発の並走が常態化しやすいのではないでしょうか。

私たち株式会社レイハウオリは、Web領域を中心に、ITリソースや専門人材が不足しているお客様を支援しています。
社内には、エンジニア・デザイナー・ディレクター・PMなど、各分野のエキスパートが在籍しています。
「何を作ればいいのかわからない」「IT周りをまとめて任せたい」といった0→1のご相談から、「社員の退職に伴うリソース不足を補いたい」といったSESのご要望まで、課題やフェーズに応じて幅広く対応しています。

下期の計画を組む今、体制の目処が立たないと来期に先送りです。

ご興味があれば、本メールにご返信ください。

株式会社Lei Hau'oli
（tel）050-5497-3411
（mail）ml.account-sales@leihauoli.com","388","75","85","86","91","合成","0","- モード: 合成 - 部品ごとの採用元: ①件名=closer ②宛名＋冒頭=replier ③パーソナライズ／課題提示=replier ④自社紹介＋USP=closer ⑤FAB+E＋実績=closer ⑥なぜ今=replier ⑦CTA=replier＋closer（返信1本に統合し、15分は返信後の中身として従属化） ⑧署名=共通 - opener: 件名が課題ワード主体で汎用的に見え、社","修正パス(2026-09-18)"
"2026-09-09T22:46:41+09:00","株式会社トラストバンク","開発部","ご担当者","【複数プロダクト×大規模UI】刷新と新機能開発、0→1から並走支援","開発部 ご担当者様

複数プロダクトの内製開発と大規模UIの刷新を並走される中で、新機能の要望対応に追われていないでしょうか。

私たち株式会社レイハウオリは、Web領域を中心に、ITリソースや専門人材が不足しているお客様を支援しています。
社内には、エンジニア・デザイナー・ディレクター・PMなど、各分野のエキスパートが在籍しています。
「何を作ればいいのかわからない」「IT周りをまとめて任せたい」といった0→1のご相談から、「社員の退職に伴うリソース不足を補いたい」といったSESのご要望まで、課題やフェーズに応じて幅広く対応しています。

UI改修の滞留は機会損失に直結します。ご興味があればご返信ください。

株式会社Lei Hau'oli
（tel）050-5497-3411
（mail）ml.account-sales@leihauoli.com","367","84","80","77","90","合成","0","- モード: 合成 - 部品ごとの採用元: ①件名=opener ②宛名=共通 ③冒頭パーソナライズ／課題提示=replier ④自社紹介＋USP=closer（「9割」除去、USP文言はopener／§4準拠に整形） ⑤FAB+E＋実績=closer＋replier（美容予約サービス） ⑥なぜ今=closer（機会損失）＋replier（着任までの時間） ⑦CTA=replier（「詳細希望」4","修正パス(2026-09-18)"
"2026-09-09T22:46:07+09:00","株式会社コンカー","開発部","ご担当者","【複数プロダクト運営の開発部様へ】体制立て直しのご相談、15分でいかがでしょうか","開発部 ご担当者様

複数プロダクトの大規模UIを内製で抱えながら、レガシー刷新と新機能追加を同時に進めるのは大変ではないでしょうか。

私たち株式会社レイハウオリは、Web領域を中心に、ITリソースや専門人材が不足しているお客様を支援しています。
社内には、エンジニア・デザイナー・ディレクター・PMなど、各分野のエキスパートが在籍しています。
「何を作ればいいのかわからない」「IT周りをまとめて任せたい」といった0→1のご相談から、「社員の退職に伴うリソース不足を補いたい」といったSESのご要望まで、課題やフェーズに応じて幅広く対応しています。

下期は改修要望が増える時期です。

ご興味があれば、このフォームにご返信ください。

株式会社Lei Hau'oli
（tel）050-5497-3411
（mail）ml.account-sales@leihauoli.com","376","79","80","88","92","合成","0","- モード: 合成 - 部品ごとの採用元: ①件名=closer ②宛名＋冒頭2行=replier ③課題提示=replier ④自社紹介＋USP=closer ⑤FAB+E＋実績=closer ⑥なぜ今=closer ⑦CTA=closer（replierの「返信一本化」の思想を反映） ⑧署名=共通 - opener: 課題仮説の固有ワードを件名に全投入した点は強いが、件名が長く受信一覧で切れる","修正パス(2026-09-18)"
"2026-09-09T22:46:08+09:00","ポスタス株式会社","開発部","ご担当者","【SaaS管理画面の改修バックログ向け】15分のご相談で解消できませんか","開発部 ご担当者様

貴社ではSaaS/ASPの管理画面改修がバックログに積み上がっていませんか。

私たち株式会社レイハウオリは、Web領域を中心に、ITリソースや専門人材が不足しているお客様を支援しています。
社内には、エンジニア・デザイナー・ディレクター・PMなど、各分野のエキスパートが在籍しています。
「何を作ればいいのかわからない」「IT周りをまとめて任せたい」といった0→1のご相談から、「社員の退職に伴うリソース不足を補いたい」といったSESのご要望まで、課題やフェーズに応じて幅広く対応しています。

来期計画前の今なら、年度後半の遅延を防げます。

ご興味があれば、本メールにご返信ください。

株式会社Lei Hau'oli
（tel）050-5497-3411
（mail）ml.account-sales@leihauoli.com","363","83","81","84","94","合成","0","- モード: 合成 - 部品ごとの採用元: ①件名=opener ②宛名＋冒頭=opener ③パーソナライズ／課題提示=replier ④自社紹介＋USP=closer ⑤FAB+E＝closer（Evidenceは§4表現に戻して opener 由来の「参画」に修正） ⑥なぜ今=closer ⑦CTA=opener（返信1本／replier のハードル低減思想を踏襲） ⑧署名=opener -","修正パス(2026-09-18)"
"2026-09-09T22:53:45+09:00","株式会社CAMPFIRE","開発部","ご担当者","【複数プロダクト×レガシー刷新】0→1から増員まで伴走","開発部 ご担当者様

複数プロダクトの大規模UIを内製で抱え、レガシー刷新と新機能開発の並走で手が足りていないのではないでしょうか。

私たち株式会社レイハウオリは、Web領域を中心に、ITリソースや専門人材が不足しているお客様を支援しています。
社内には、エンジニア・デザイナー・ディレクター・PMなど、各分野のエキスパートが在籍しています。
「何を作ればいいのかわからない」「IT周りをまとめて任せたい」といった0→1のご相談から、「社員の退職に伴うリソース不足を補いたい」といったSESのご要望まで、課題やフェーズに応じて幅広く対応しています。

改修要望が積み上がる前の今なら、体制の選択肢が広がります。興味があれば、このフォームにご返信ください。

株式会社Lei Hau'oli
（tel）050-5497-3411
（mail）ml.account-sales@leihauoli.com","387","85","86","88","94","合成","0","- モード: 合成 - 部品ごとの採用元: ①件名=opener（固有ワード）＋replier（数字の見せ方）を圧縮 ②宛名＋冒頭2行=closer ③課題提示=closer ④自社紹介＋USP=closer（1文に圧縮） ⑤FAB+E＋実績=closer＋replier（「刷新は専任／内製は新機能」の役割分担） ⑥なぜ今=closer＋replier（「積み上がる前の今」＋「選択肢が広がる」） ","修正パス(2026-09-18)"
"2026-09-09T22:47:21+09:00","株式会社インフォマティクス","開発部","ご担当者","【0→1】UI改修とレガシー刷新の並走、増員のご相談","開発部 ご担当者様

レガシー刷新と新機能開発の並走で、フロントエンドの人手が不足していませんか。

私たち株式会社レイハウオリは、Web領域を中心に、ITリソースや専門人材が不足しているお客様を支援しています。
社内には、エンジニア・デザイナー・ディレクター・PMなど、各分野のエキスパートが在籍しています。
「何を作ればいいのかわからない」「IT周りをまとめて任せたい」といった0→1のご相談から、「社員の退職に伴うリソース不足を補いたい」といったSESのご要望まで、課題やフェーズに応じて幅広く対応しています。

繁忙期に入ってから探すと、リリース遅延が信用に響きます。ご興味があれば、このフォームにご返信ください。

株式会社Lei Hau'oli
（tel）050-5497-3411
（mail）ml.account-sales@leihauoli.com","370","81","88","83","91","合成","0","- モード: 合成 - 部品ごとの採用元: ①件名=replier ②宛名＋冒頭2行=closer ③課題提示=closer ④自社紹介＋USP=replier ⑤FAB+E＋実績=closer（Feature表現はreplier由来を圧縮） ⑥なぜ今=closer ⑦CTA=replier ⑧署名=共通 - opener: 冒頭の「複数プロダクト×レガシー刷新」当て込みは強いが、件名が約45字で","修正パス(2026-09-18)"
"2026-09-09T22:53:32+09:00","株式会社ビットキー","開発部","ご担当者","【管理画面改修】15分で切り出し範囲を整理しませんか","開発部 ご担当者様

管理画面の機能追加が続き、フロントエンドの改修がバックログに積み上がっていませんか。

私たち株式会社レイハウオリは、Web領域を中心に、ITリソースや専門人材が不足しているお客様を支援しています。
社内には、エンジニア・デザイナー・ディレクター・PMなど、各分野のエキスパートが在籍しています。
「何を作ればいいのかわからない」「IT周りをまとめて任せたい」といった0→1のご相談から、「社員の退職に伴うリソース不足を補いたい」といったSESのご要望まで、課題やフェーズに応じて幅広く対応しています。

改修は積み上げるほどコストが膨らみます。

ご興味があれば、このフォームにご返信ください。

株式会社Lei Hau'oli
（tel）050-5497-3411
（mail）ml.account-sales@leihauoli.com","366","80","80","84","89","合成","0","- モード: 合成 - 部品ごとの採用元: ①件名=closer（語順のみ短縮）②宛名＋冒頭2行=replier ③課題提示=replier ④自社紹介＋USP=closer ⑤FAB+E＋実績=closer＋replier（jQuery→React移行を追加）⑥なぜ今=closer/opener ⑦CTA=closer ⑧署名=共通 - opener: 件名に課題固有ワードと数字を両立させた開封","修正パス(2026-09-18)"
"2026-09-09T22:49:46+09:00","株式会社シーエスアイ","開発部","ご担当者","【体制強化】複数プロダクトの並走開発、15分で情報交換","開発部 ご担当者様

複数プロダクトの大規模UIを内製チームで抱え、繁忙期だけ人員が不足していませんか。

私たち株式会社レイハウオリは、Web領域を中心に、ITリソースや専門人材が不足しているお客様を支援しています。
社内には、エンジニア・デザイナー・ディレクター・PMなど、各分野のエキスパートが在籍しています。
「何を作ればいいのかわからない」「IT周りをまとめて任せたい」といった0→1のご相談から、「社員の退職に伴うリソース不足を補いたい」といったSESのご要望まで、課題やフェーズに応じて幅広く対応しています。

下期の繁忙期が見え始めた今、体制を整える好機です。

ご興味があれば、ご返信ください。

株式会社Lei Hau'oli
（tel）050-5497-3411
（mail）ml.account-sales@leihauoli.com","363","75","66","83","89","合成","0","- モード: 合成 - 部品ごとの採用元: ①件名=opener（課題ワード）＋closer（【】の簡潔さ）のハイブリッド ②宛名＋冒頭2行=closer ③課題提示=closer ④自社紹介＋USP=closer ⑤FAB+E＋実績=closer ⑥なぜ今=closer ⑦CTA=opener（15分情報交換）＋closer（返信で日程）／replierの「返信ハードル最小化」の思想のみ反映し決","修正パス(2026-09-18)"
"2026-09-09T22:47:13+09:00","株式会社カカオピッコマ","開発部","ご担当者","【0→1支援】書籍・コンテンツ配信のフロントエンド、15分で体制相談できます","開発部 ご担当者様

書籍・デジタルコンテンツ配信サービスで、UI改修と新機能追加が重なり、フロントエンドの内製リソースが不足していないでしょうか。

私たち株式会社レイハウオリは、Web領域を中心に、ITリソースや専門人材が不足しているお客様を支援しています。
社内には、エンジニア・デザイナー・ディレクター・PMなど、各分野のエキスパートが在籍しています。
「何を作ればいいのかわからない」「IT周りをまとめて任せたい」といった0→1のご相談から、「社員の退職に伴うリソース不足を補いたい」といったSESのご要望まで、課題やフェーズに応じて幅広く対応しています。

下期の本格化前に体制を組めるかで、リリース速度は変わります。

ご興味があれば、このフォームにご返信ください。

株式会社Lei Hau'oli
（tel）050-5497-3411
（mail）ml.account-sales@leihauoli.com","397","79","83","84","89","合成","0","- モード: 合成 - 部品ごとの採用元: ①件名=closer（事業ワード）＋replier（「1名から」）②宛名＋冒頭2行=closer ③課題提示=closer ④自社紹介＋USP=closer ⑤FAB+E＋実績=closer／replier ⑥なぜ今=replier ⑦CTA=closer（15分・役割分担整理）＋opener（返信で日程） ⑧署名=共通 - opener: 件名が事業ワ","修正パス(2026-09-18)"
"2026-09-09T22:54:16+09:00","株式会社ZEALS","開発部","ご担当者","【ZEALS様】複数プロダクトのUI刷新、15分で開発体制のご相談","開発部 ご担当者様

複数プロダクトの大規模UIを内製で抱え、刷新と新機能開発を並走されているかと存じます。

私たち株式会社レイハウオリは、Web領域を中心に、ITリソースや専門人材が不足しているお客様を支援しています。
社内には、エンジニア・デザイナー・ディレクター・PMなど、各分野のエキスパートが在籍しています。
「何を作ればいいのかわからない」「IT周りをまとめて任せたい」といった0→1のご相談から、「社員の退職に伴うリソース不足を補いたい」といったSESのご要望まで、課題やフェーズに応じて幅広く対応しています。

負荷は放置するほど蓄積します。

ご興味があれば、このフォームにご返信ください。

株式会社Lei Hau'oli
（tel）050-5497-3411
（mail）ml.account-sales@leihauoli.com","362","84","86","90","93","合成","0","- モード: 合成 - 部品ごとの採用元: ①件名=closer（【ZEALS様】＋40の社名直撃が最も開封力が高い、やや短縮） ②宛名＋冒頭2行=closer/opener（課題仮説を並走の因果で書いた closer の冒頭文を採用） ③パーソナライズ=replier/closer共通の課題仮説直撃文 ④自社紹介＋USP=closer（「フロントエンド専門のエンジニアだけで約40名」）＋open","修正パス(2026-09-18)"
"2026-09-09T22:53:56+09:00","株式会社NEFコミュニケーションズ","開発部","ご担当者","【15分】複数プロダクトのUI改修と新機能開発を並走させる体制","開発部 ご担当者様

愛知でWebサービスを運営される御社も、同様の状況ではないでしょうか。負荷が偏ったまま進めるほど、両プロジェクトの遅延リスクは積み上がります。

私たち株式会社レイハウオリは、Web領域を中心に、ITリソースや専門人材が不足しているお客様を支援しています。
社内には、エンジニア・デザイナー・ディレクター・PMなど、各分野のエキスパートが在籍しています。
「何を作ればいいのかわからない」「IT周りをまとめて任せたい」といった0→1のご相談から、「社員の退職に伴うリソース不足を補いたい」といったSESのご要望まで、課題やフェーズに応じて幅広く対応しています。

15分の情報交換を、ご返信で調整いただけますか。

株式会社Lei Hau'oli
（tel）050-5497-3411
（mail）ml.account-sales@leihauoli.com","376","71","83","84","90","合成","0","- モード: 合成 - 部品ごとの採用元: ①件名=closer ②宛名＋冒頭2行=replier ③パーソナライズ／課題提示=replier（冒頭）＋replier（愛知の一文） ④自社紹介＋USP=closer ⑤FAB+E＋実績=closer ⑥なぜ今=closer（並走による遅延リスク積み上げ） ⑦CTA=closer（15分）×replier（返信ハードル低減）の折衷 ⑧署名=close","修正パス(2026-09-18)"
"2026-09-09T22:57:22+09:00","株式会社ココナラ","開発部","ご担当者","【0→1からSESまで】UI刷新と新機能開発を止めない体制づくり","開発部 ご担当者様

複数プロダクトの大規模UIを内製で抱え、優先順位の調整に追われていませんか。

私たち株式会社レイハウオリは、Web領域を中心に、ITリソースや専門人材が不足しているお客様を支援しています。
社内には、エンジニア・デザイナー・ディレクター・PMなど、各分野のエキスパートが在籍しています。
「何を作ればいいのかわからない」「IT周りをまとめて任せたい」といった0→1のご相談から、「社員の退職に伴うリソース不足を補いたい」といったSESのご要望まで、課題やフェーズに応じて幅広く対応しています。

期末に向けUI改修要望は積み上がっています。ご興味があれば本メールにご返信ください。

株式会社Lei Hau'oli
（tel）050-5497-3411
（mail）ml.account-sales@leihauoli.com","361","84","78","83","91","合成","0","- モード: 合成 - 部品ごとの採用元: ①件名=closer（構造）＋replier（「1名から」の短さ）②宛名・冒頭=opener＋closer（「優先順位の調整」）③課題提示=opener ④自社紹介＋USP=closer ⑤FAB+E＋実績=closer＋opener（Benefit の3点）⑥なぜ今=replier ⑦CTA=replier（低ハードル返信）⑧署名=opener/clo","修正パス(2026-09-18)"
"2026-09-09T22:57:25+09:00","matsuri technologies株式会社","開発部","ご担当者","【不動産SaaS】管理画面のバックログ、15分の情報交換で解消","開発部 ご担当者様

不動産SaaSを複数展開され、管理画面の機能追加でフロントエンド改修がバックログ化していないでしょうか。

私たち株式会社レイハウオリは、Web領域を中心に、ITリソースや専門人材が不足しているお客様を支援しています。
社内には、エンジニア・デザイナー・ディレクター・PMなど、各分野のエキスパートが在籍しています。
「何を作ればいいのかわからない」「IT周りをまとめて任せたい」といった0→1のご相談から、「社員の退職に伴うリソース不足を補いたい」といったSESのご要望まで、課題やフェーズに応じて幅広く対応しています。

放置するほど改修コストが膨らみます。

このメールに返信で15分いただけますか。

株式会社Lei Hau'oli
（tel）050-5497-3411
（mail）ml.account-sales@leihauoli.com","371","84","85","89","93","合成","0","- モード: 合成 - 部品ごとの採用元: ①件名=closer ②宛名＋冒頭=opener/replier（不動産賃貸・仲介SaaS＋複数プロダクト） ③課題提示=replier（レガシー刷新と新機能開発の並走） ④自社紹介＋USP=closer ⑤FAB+E=closer＋replier（「内製チームは新機能開発に集中」） ⑥なぜ今=closer（放置＝改修コスト増→リリース速度） ⑦CTA=","修正パス(2026-09-18)"
"2026-09-09T22:54:50+09:00","株式会社日立ハイテク九州","情報システム部","ご担当者","【0→1からSESまで】レガシー刷新と新機能開発を並走支援","情報システム部 ご担当者様

製品情報サイトや顧客向けポータルのWeb化を進めたいが、社内にフロントエンド専任者がおらず、外注先ごとに品質がばらつく。

私たち株式会社レイハウオリは、Web領域を中心に、ITリソースや専門人材が不足しているお客様を支援しています。
社内には、エンジニア・デザイナー・ディレクター・PMなど、各分野のエキスパートが在籍しています。
「何を作ればいいのかわからない」「IT周りをまとめて任せたい」といった0→1のご相談から、「社員の退職に伴うリソース不足を補いたい」といったSESのご要望まで、課題やフェーズに応じて幅広く対応しています。

下期に向け新機能の比重が増える前に、優先順位を15分整理させてください。ご返信で日程調整いたします。

株式会社Lei Hau'oli
（tel）050-5497-3411
（mail）ml.account-sales@leihauoli.com","395","80","87","81","90","合成","0","- モード: 合成 - 部品ごとの採用元: ①件名=replier ②宛名＋冒頭=replier ③課題提示=replier（opener の「レガシー刷新と新機能開発の並走」語を維持） ④自社紹介＋USP=closer ⑤FAB+E＋実績=closer ⑥なぜ今=replier ⑦CTA=closer（返信ハードルは replier 寄りに緩和） ⑧署名=共通 - opener: 課題仮説の固有","修正パス(2026-09-18)"
"2026-09-10T03:35:01+09:00","コムチュアネットワーク株式会社","開発部","ご担当者","【複数プロダクト並走向け】0→1のご相談からSESまで対応","開発部 ご担当者様

複数プロダクトの内製開発と要員供給を同時に担うのは負荷が大きいのではないでしょうか。

私たち株式会社レイハウオリは、Web領域を中心に、ITリソースや専門人材が不足しているお客様を支援しています。
社内には、エンジニア・デザイナー・ディレクター・PMなど、各分野のエキスパートが在籍しています。
「何を作ればいいのかわからない」「IT周りをまとめて任せたい」といった0→1のご相談から、「社員の退職に伴うリソース不足を補いたい」といったSESのご要望まで、課題やフェーズに応じて幅広く対応しています。

下期の体制を固める前の今が動くタイミングです。

ご興味があれば、ご返信ください。

株式会社Lei Hau'oli
（tel）050-5497-3411
（mail）ml.account-sales@leihauoli.com","362","86","87","82","93","合成","0","- モード: 合成 - 部品ごとの採用元: ①件名=opener ②宛名＋冒頭2行=opener ③課題提示=opener（replierの言い回しで圧縮） ④自社紹介＋USP=closer ⑤FAB+E＋実績=closer ⑥なぜ今=closer（「下期の体制とアサインを固める前」） ⑦CTA=replier＋closer（「詳細希望」返信の低ハードル×15分の商談設計） ⑧署名=共通 - op","修正パス(2026-09-18)"
"2026-09-10T03:34:42+09:00","株式会社TWOSTONE&Sons","開発部","ご担当者","【複数プロダクト並走】フロントエンド不足、15分で解消のご相談","開発部 ご担当者様

複数のプロダクトを内製チームで抱え、フロントエンドの人手が足りない場面があるのではないでしょうか。

私たち株式会社レイハウオリは、Web領域を中心に、ITリソースや専門人材が不足しているお客様を支援しています。
社内には、エンジニア・デザイナー・ディレクター・PMなど、各分野のエキスパートが在籍しています。
「何を作ればいいのかわからない」「IT周りをまとめて任せたい」といった0→1のご相談から、「社員の退職に伴うリソース不足を補いたい」といったSESのご要望まで、課題やフェーズに応じて幅広く対応しています。

来期の体制計画に反映できるうちにご検討ください。ご興味があれば、ご返信ください。

株式会社Lei Hau'oli
（tel）050-5497-3411
（mail）ml.account-sales@leihauoli.com","370","82","85","85","91","合成","0","- モード: 合成 - 部品ごとの採用元: ①件名=replier（【1名〜】の短さ）＋opener（40名体制の数字）／②宛名＝共通、冒頭2行=replier／③パーソナライズ・課題提示=replier／④自社紹介＋USP=opener＋replier／⑤FAB+E＋実績=closer（中途採用を待たずに即戦力→並走維持→コア集中）／⑥なぜ今=closer「負荷は待っても軽くなりません」＋ope","修正パス(2026-09-18)"
"2026-09-10T03:35:26+09:00","株式会社コジマプロダクション","開発部","ご担当者","【ゲーム本体開発に集中】公式サイト・運営ツール改修も15分でご相談","開発部 ご担当者様

複数プロダクトのUI開発を内製で抱え、負荷平準化が難しいのではと拝察します。

私たち株式会社レイハウオリは、Web領域を中心に、ITリソースや専門人材が不足しているお客様を支援しています。
社内には、エンジニア・デザイナー・ディレクター・PMなど、各分野のエキスパートが在籍しています。
「何を作ればいいのかわからない」「IT周りをまとめて任せたい」といった0→1のご相談から、「社員の退職に伴うリソース不足を補いたい」といったSESのご要望まで、課題やフェーズに応じて幅広く対応しています。

負荷が積み上がるほど新機能の遅延リスクが高まります。ご興味があれば、ご返信ください。

株式会社Lei Hau'oli
（tel）050-5497-3411
（mail）ml.account-sales@leihauoli.com","361","83","77","87","93","合成","0","- モード: 合成 - 部品ごとの採用元: ①件名=opener（短縮）／②宛名＋冒頭2行=closer／③パーソナライズ＝replier・closer統合／④自社紹介＋USP=closer／⑤FAB+E=closer＋opener（「中途採用に数か月」）／⑥なぜ今=closer／⑦CTA=replier（6文字返信）＋closer（15分）／⑧署名=closer - opener: 件名が「相手","修正パス(2026-09-18)"
"2026-09-10T03:34:43+09:00","クラウドストライク合同会社","技術部","ご担当者","【複数プロダクトのUI刷新】15分でUI実装の負荷を解消","技術部 ご担当者様

セキュリティ専門のエンジニアが、管理コンソールやダッシュボードのUI実装まで抱えていませんか。

私たち株式会社レイハウオリは、Web領域を中心に、ITリソースや専門人材が不足しているお客様を支援しています。
社内には、エンジニア・デザイナー・ディレクター・PMなど、各分野のエキスパートが在籍しています。
「何を作ればいいのかわからない」「IT周りをまとめて任せたい」といった0→1のご相談から、「社員の退職に伴うリソース不足を補いたい」といったSESのご要望まで、課題やフェーズに応じて幅広く対応しています。

開発体制が固まる下期を前にした今、ご興味があれば、ご返信ください。

株式会社Lei Hau'oli
（tel）050-5497-3411
（mail）ml.account-sales@leihauoli.com","361","84","84","85","94","合成","0","- モード: 合成 - 部品ごとの採用元: ①件名=opener ②宛名＋冒頭課題提示=replier ③課題深掘り=replier ④自社紹介＋USP=closer ⑤FAB+E＋実績=closer（表現を§4準拠に修正）⑥なぜ今=closer ⑦CTA=replier（15分の目的を付与して契約力を補強）⑧署名=共通 - opener: 件名の「複数プロダクトのUI刷新」＋「40名体制」が最も","修正パス(2026-09-18)"
"2026-09-10T03:35:02+09:00","テックタッチ株式会社","開発部","ご担当者","【開発体制】UI刷新と新機能開発を止めずに並走、まずは15分相談","開発部 ご担当者様

複数プロダクトのUI改修と新機能要望が積み上がっていませんか。

私たち株式会社レイハウオリは、Web領域を中心に、ITリソースや専門人材が不足しているお客様を支援しています。
社内には、エンジニア・デザイナー・ディレクター・PMなど、各分野のエキスパートが在籍しています。
「何を作ればいいのかわからない」「IT周りをまとめて任せたい」といった0→1のご相談から、「社員の退職に伴うリソース不足を補いたい」といったSESのご要望まで、課題やフェーズに応じて幅広く対応しています。

採用には時間がかかり、その間も要望は積み上がります。

まずは15分、本メールへご返信ください。

株式会社Lei Hau'oli
（tel）050-5497-3411
（mail）ml.account-sales@leihauoli.com","358","75","87","78","91","選抜","0","- モード: 選抜（失格でない案が replier 1件のため、合成モードの条件を満たさない） - 部品ごとの採用元: replier案をベースに、失格案から「該当箇所を除去したうえで」最小限の部品のみ補正流用 ── ⑤Benefit「既存メンバーはコア機能に集中」＝closer由来、⑦CTA「15分」＝opener/closer由来。新しい主張は追加していない。 - opener: 件名の課題ワ","修正パス(2026-09-18)"
"2026-09-10T03:38:01+09:00","株式会社Edeyans","開発部","ご担当者","【ビル清掃・ハウス清掃サービス向け】複数プロダクトの開発負荷を15分でご相談","開発部 ご担当者様

複数プロダクトを運営される御社では、UI改修と新機能開発の負荷平準化が課題ではないでしょうか。

私たち株式会社レイハウオリは、Web領域を中心に、ITリソースや専門人材が不足しているお客様を支援しています。
社内には、エンジニア・デザイナー・ディレクター・PMなど、各分野のエキスパートが在籍しています。
「何を作ればいいのかわからない」「IT周りをまとめて任せたい」といった0→1のご相談から、「社員の退職に伴うリソース不足を補いたい」といったSESのご要望まで、課題やフェーズに応じて幅広く対応しています。

下期の改修需要が増える前の体制整備が重要です。

ご興味があれば、このフォームにご返信ください。

株式会社Lei Hau'oli
（tel）050-5497-3411
（mail）ml.account-sales@leihauoli.com","374","84","83","85","92","合成","0","- モード: 合成 - 部品ごとの採用元: ①件名=opener（【】に相手の事業ワード、数字40を後半に配置） ②宛名＝共通 ③冒頭パーソナライズ／課題提示=replier（1文で「複数プロダクト×並走×負荷平準化」を言い切る密度が最も高い） ④自社紹介＋USP=closer（USPを段落頭に前倒し） ⑤FAB+E＋実績=closer ⑥なぜ今=opener（「下期の改修要望が積み上がる前」＋リ","修正パス(2026-09-18)"
"2026-09-10T03:38:03+09:00","株式会社Mico","開発部","ご担当者","【SaaS管理画面のUI刷新向け】15分で改修バックログ解消をご提案","開発部 ご担当者様

SaaS管理画面の改修要望が積み上がり、内製チームの負荷分散にお悩みではないでしょうか。

私たち株式会社レイハウオリは、Web領域を中心に、ITリソースや専門人材が不足しているお客様を支援しています。
社内には、エンジニア・デザイナー・ディレクター・PMなど、各分野のエキスパートが在籍しています。
「何を作ればいいのかわからない」「IT周りをまとめて任せたい」といった0→1のご相談から、「社員の退職に伴うリソース不足を補いたい」といったSESのご要望まで、課題やフェーズに応じて幅広く対応しています。

改修は積み上がるほどコストが膨らみます。ご興味があれば、このフォームにご返信ください。

株式会社Lei Hau'oli
（tel）050-5497-3411
（mail）ml.account-sales@leihauoli.com","368","83","75","84","91","合成","0","- モード: 合成 - 部品ごとの採用元: ①件名=opener（課題ワード＋数字＋実績が同居し転送耐性が最も高い）／②宛名=共通 ③冒頭2行・課題提示=closer（「複数のSaaSプロダクト」「並走で負荷が平準化しにくい」が最も相手固有）／④自社紹介＝opener（2008年設立＋約40名）／USP一言=opener・replier系（「〜だけ」の断定は「特化の会社です」に緩和）／⑤FAB+E","修正パス(2026-09-18)"
"2026-09-10T03:38:13+09:00","株式会社クーリエ","開発部","ご担当者","【開発支援】クーリエ様の複数プロダクト並走を15分で相談","開発部 ご担当者様

UI改修と新機能開発を並走させながらレガシー刷新も進めると、工数調整に追われていないでしょうか。

私たち株式会社レイハウオリは、Web領域を中心に、ITリソースや専門人材が不足しているお客様を支援しています。
社内には、エンジニア・デザイナー・ディレクター・PMなど、各分野のエキスパートが在籍しています。
「何を作ればいいのかわからない」「IT周りをまとめて任せたい」といった0→1のご相談から、「社員の退職に伴うリソース不足を補いたい」といったSESのご要望まで、課題やフェーズに応じて幅広く対応しています。

下期のUI改修要望が増える前に、15分お話しできませんか。

ご興味があれば、ご返信ください。

株式会社Lei Hau'oli
（tel）050-5497-3411
（mail）ml.account-sales@leihauoli.com","374","82","87","82","92","合成","0","- モード: 合成 - 部品ごとの採用元: ①件名=replier（社名「クーリエ様」＋数字2種で最も宛先特定力が高い） ②宛名＋冒頭2行=replier ③パーソナライズ／課題提示=replier（「同じチームで並走→クライアント案件を断らざるを得ない」が課題仮説を最も忠実に言語化） ④自社紹介＋USP=opener＋closer（USPの言い切りはcloser、実績提示の簡潔さはopener）","修正パス(2026-09-18)"
"2026-09-10T03:38:34+09:00","ユニファ株式会社","開発部","ご担当者","【複数プロダクト・大規模UI向け】0→1の相談から専門人材の確保まで対応","開発部 ご担当者様

複数プロダクトの大規模UIを内製チームで抱えながら、レガシー刷新と新機能開発を並走させるのは、想像以上に負荷が偏ります。

私たち株式会社レイハウオリは、Web領域を中心に、ITリソースや専門人材が不足しているお客様を支援しています。
社内には、エンジニア・デザイナー・ディレクター・PMなど、各分野のエキスパートが在籍しています。
「何を作ればいいのかわからない」「IT周りをまとめて任せたい」といった0→1のご相談から、「社員の退職に伴うリソース不足を補いたい」といったSESのご要望まで、課題やフェーズに応じて幅広く対応しています。

年末に向けた開発計画の見直し時期かと存じます。

ご興味があれば、ご返信ください。

株式会社Lei Hau'oli
（tel）050-5497-3411
（mail）ml.account-sales@leihauoli.com","380","85","78","86","91","合成","0","- モード: 合成 - 部品ごとの採用元: ①件名=opener（「専任」→§4準拠で「専門」に統一）②宛名＋冒頭2行=closer ③パーソナライズ／課題提示=closer ④自社紹介＋USP=closer ⑤FAB+E＋実績=closer＋opener（「大規模BtoCの開発フロー」をopenerのAdvantage文脈から接続）⑥なぜ今=opener（「年末に向けた開発計画の見直し時期」）＋","修正パス(2026-09-18)"
"2026-09-10T03:39:05+09:00","株式会社SQUEEZE","開発部","ご担当者","【0→1】複数プロダクトのUI改修、内製だけで抱えていませんか","開発部 ご担当者様

複数プロダクトを内製で運営される御社では、UI改修の負荷が積み上がっているのではないでしょうか。

私たち株式会社レイハウオリは、Web領域を中心に、ITリソースや専門人材が不足しているお客様を支援しています。
社内には、エンジニア・デザイナー・ディレクター・PMなど、各分野のエキスパートが在籍しています。
「何を作ればいいのかわからない」「IT周りをまとめて任せたい」といった0→1のご相談から、「社員の退職に伴うリソース不足を補いたい」といったSESのご要望まで、課題やフェーズに応じて幅広く対応しています。

年内に体制を組めるかで来期の開発スピードが変わります。

ご興味があれば、このフォームにご返信ください。

株式会社Lei Hau'oli
（tel）050-5497-3411
（mail）ml.account-sales@leihauoli.com","379","82","81","84","87","合成","0","- モード: 合成 - 部品ごとの採用元: ①件名=replier（数字を「約40名」に修正）②宛名＋冒頭=replier ③課題提示=replier ④自社紹介＋USP=closer ⑤FAB+E＋実績=closer ⑥なぜ今=closer＋replier ⑦CTA=closer（replierの「まずは現状を伺うだけ」でハードルを下げる）⑧署名=共通 - opener: 課題仮説の語をそのまま","修正パス(2026-09-18)"
"2026-09-10T03:41:02+09:00","株式会社Hacobu","開発部","ご担当者","【0→1相談OK】複数プロダクト並走の開発部様へ、15分で相談","開発部 ご担当者様

複数プロダクトを内製で並走させる中、フロントエンドの手が足りず開発が止まる場面があるのではないでしょうか。

私たち株式会社レイハウオリは、Web領域を中心に、ITリソースや専門人材が不足しているお客様を支援しています。
社内には、エンジニア・デザイナー・ディレクター・PMなど、各分野のエキスパートが在籍しています。
「何を作ればいいのかわからない」「IT周りをまとめて任せたい」といった0→1のご相談から、「社員の退職に伴うリソース不足を補いたい」といったSESのご要望まで、課題やフェーズに応じて幅広く対応しています。

並走が長引くほど改修は積み残ります。ご興味があれば、ご返信ください。

株式会社Lei Hau'oli
（tel）050-5497-3411
（mail）ml.account-sales@leihauoli.com","368","82","86","85","91","合成","0","- モード: 合成 - 部品ごとの採用元: ①件名=opener（固有ワード）＋closer（40名・1名の数字）を短縮合成 ②宛名＋冒頭2行=replier ③パーソナライズ／課題提示=replier ④自社紹介＋USP=closer ⑤FAB+E＋実績=closer ⑥なぜ今=closer（放置コスト）＋opener（採用に数か月）⑦CTA=opener／closer（15分＋返信一本）⑧署名","修正パス(2026-09-18)"
"2026-09-10T03:41:10+09:00","株式会社TableCheck","開発部","ご担当者","【0→1からSESまで】複数プロダクト並走の御社へ、繁忙期だけの増員という選択","開発部 ご担当者様

複数プロダクトの大規模UIを内製チームで抱え、フロントエンドの手が慢性的に不足していませんか。

私たち株式会社レイハウオリは、Web領域を中心に、ITリソースや専門人材が不足しているお客様を支援しています。
社内には、エンジニア・デザイナー・ディレクター・PMなど、各分野のエキスパートが在籍しています。
「何を作ればいいのかわからない」「IT周りをまとめて任せたい」といった0→1のご相談から、「社員の退職に伴うリソース不足を補いたい」といったSESのご要望まで、課題やフェーズに応じて幅広く対応しています。

繁忙期の体制は年内に固めたい時期です。増員時期を返信でお知らせください。

株式会社Lei Hau'oli
（tel）050-5497-3411
（mail）ml.account-sales@leihauoli.com","364","82","84","82","91","合成","0","- モード: 合成 - 部品ごとの採用元: ①件名=closer（opener案は45字で受信箱表示が切れる。closer案は【】＋1名＋「複数プロダクト並走の御社へ」で簡潔かつ宛先特定性が高い） ②宛名＋冒頭2行=replier ③課題提示=replier ④自社紹介＋USP=closer（USP一言の言い切り）＋opener／replierの実績 ⑤FAB+E=closer ⑥なぜ今=clos","修正パス(2026-09-18)"
"2026-09-10T03:41:25+09:00","PRONI株式会社","開発部","ご担当者","【複数プロダクト運営向け】0→1からSESまで、開発体制のご相談","開発部 ご担当者様

複数プロダクトの大規模UIを内製で抱え、フロントエンドの体制が不足しているのではないでしょうか。

私たち株式会社レイハウオリは、Web領域を中心に、ITリソースや専門人材が不足しているお客様を支援しています。
社内には、エンジニア・デザイナー・ディレクター・PMなど、各分野のエキスパートが在籍しています。
「何を作ればいいのかわからない」「IT周りをまとめて任せたい」といった0→1のご相談から、「社員の退職に伴うリソース不足を補いたい」といったSESのご要望まで、課題やフェーズに応じて幅広く対応しています。

下期の体制を組み直す好機です。

ご興味があれば、このフォームにご返信ください。

株式会社Lei Hau'oli
（tel）050-5497-3411
（mail）ml.account-sales@leihauoli.com","367","83","83","81","92","合成","0","- モード: 合成 - 部品ごとの採用元: ①件名=opener（「常駐可」→「参画可」に微修正） ②宛名＋冒頭=opener＋replier（replierの「クライアント案件で要員を出せない」をopenerの導入に合流） ③課題提示=opener ④自社紹介＋USP=closer（USPを冒頭に前出しする構成） ⑤FAB+E=closer（Feature約40名／Advantage中途採用不要","修正パス(2026-09-18)"
"2026-09-10T03:43:33+09:00","UiPath株式会社","開発部","ご担当者","【通信教育サービス向け】15分でフロント増員の進め方を整理","開発部 ご担当者様

貴社の通信教育サービスでは、UI改修と刷新が重なり、フロントエンドの人手が不足しているのではないでしょうか。

私たち株式会社レイハウオリは、Web領域を中心に、ITリソースや専門人材が不足しているお客様を支援しています。
社内には、エンジニア・デザイナー・ディレクター・PMなど、各分野のエキスパートが在籍しています。
「何を作ればいいのかわからない」「IT周りをまとめて任せたい」といった0→1のご相談から、「社員の退職に伴うリソース不足を補いたい」といったSESのご要望まで、課題やフェーズに応じて幅広く対応しています。

並走させたまま人を増やせなければ、遅れは積み重なります。ご興味があれば本フォームにご返信ください。

株式会社Lei Hau'oli
（tel）050-5497-3411
（mail）ml.account-sales@leihauoli.com","384","84","84","85","91","合成","0","- モード: 合成 - 部品ごとの採用元: ①件名=opener（固有ワード「通信教育」＋数字）を closer の「1名から常駐可能」で圧縮 ②宛名＋冒頭2行=replier ③課題提示=replier ④自社紹介＋USP=closer ⑤FAB+E＝closer ⑥なぜ今=replier ⑦CTA=closer（「方針をお決めの方」限定は字数と返信ハードルの兼ね合いで除去）⑧署名=replie","修正パス(2026-09-18)"
"2026-09-10T03:41:54+09:00","REGAIN GROUP株式会社","開発部","ご担当者","【複数プロダクト×UI改修向け】0→1からSESまで対応する専門人材支援","開発部 ご担当者様

複数プロダクトのUI改修と新機能開発を内製チームで並走させる中、レガシー刷新が後回しになっていませんか。

私たち株式会社レイハウオリは、Web領域を中心に、ITリソースや専門人材が不足しているお客様を支援しています。
社内には、エンジニア・デザイナー・ディレクター・PMなど、各分野のエキスパートが在籍しています。
「何を作ればいいのかわからない」「IT周りをまとめて任せたい」といった0→1のご相談から、「社員の退職に伴うリソース不足を補いたい」といったSESのご要望まで、課題やフェーズに応じて幅広く対応しています。

今期着手できるかで来期の余力が変わります。

15分のオンライン相談にご返信ください。

株式会社Lei Hau'oli
（tel）050-5497-3411
（mail）ml.account-sales@leihauoli.com","374","83","81","80","90","合成","0","- モード: 合成 - 部品ごとの採用元: ①件名=opener ②宛名＋冒頭=opener ③課題提示=replier（「レガシー刷新が後回し」の一句） ④自社紹介＋USP=opener（USP文）／closer（設立・体制） ⑤FAB+E=closer ⑥なぜ今=replier ⑦CTA=closer（15分）＋replier（返信一本化） ⑧署名=共通 - opener: 件名の「複数プロダ","修正パス(2026-09-18)"
"2026-09-10T03:43:58+09:00","株式会社Linc’well","開発部","ご担当者","【医療SaaS・複数プロダクト向け】管理画面フロント改修、0→1から伴走支援","開発部 ご担当者様

複数プロダクトの管理画面改修が積み残しになっていないでしょうか。

私たち株式会社レイハウオリは、Web領域を中心に、ITリソースや専門人材が不足しているお客様を支援しています。
社内には、エンジニア・デザイナー・ディレクター・PMなど、各分野のエキスパートが在籍しています。
「何を作ればいいのかわからない」「IT周りをまとめて任せたい」といった0→1のご相談から、「社員の退職に伴うリソース不足を補いたい」といったSESのご要望まで、課題やフェーズに応じて幅広く対応しています。

バックログは積み上がるほど改修範囲も工数も膨らみます。

ご興味があれば、ご返信ください。

株式会社Lei Hau'oli
（tel）050-5497-3411
（mail）ml.account-sales@leihauoli.com","356","86","87","83","94","合成","0","- モード: 合成 - 部品ごとの採用元: ①件名=opener ②宛名＋冒頭=replier ③課題提示=replier ④自社紹介＋USP=closer ⑤FAB+E＋実績=closer（replierの「管理画面開発にも参画」を接合） ⑥なぜ今=closer＋opener ⑦CTA=replier（15分を接続して契約力を補強） ⑧署名=closer - opener: 件名に「医療SaaS","修正パス(2026-09-18)"
"2026-09-10T03:41:27+09:00","株式会社Techouse","開発部","ご担当者","【15分で相談可】複数プロダクトの負荷分散をご検討ください","開発部 ご担当者様

複数プロダクトの開発を内製で回しながらレガシー刷新も並走されているかと拝察します。

私たち株式会社レイハウオリは、Web領域を中心に、ITリソースや専門人材が不足しているお客様を支援しています。
社内には、エンジニア・デザイナー・ディレクター・PMなど、各分野のエキスパートが在籍しています。
「何を作ればいいのかわからない」「IT周りをまとめて任せたい」といった0→1のご相談から、「社員の退職に伴うリソース不足を補いたい」といったSESのご要望まで、課題やフェーズに応じて幅広く対応しています。

改修要望が積み上がる前にご検討ください。ご興味があれば、このフォームにご返信ください。

株式会社Lei Hau'oli
（tel）050-5497-3411
（mail）ml.account-sales@leihauoli.com","365","81","86","80","91","合成","0","- モード: 合成 - 部品ごとの採用元: ①件名=replier ②宛名＋冒頭2行=replier ③パーソナライズ／課題提示=replier ④自社紹介＋USP=closer ⑤FAB+E＋実績=closer ⑥なぜ今=closer（数字を伴わない形に調整）⑦CTA=replier（低ハードル返信）＋closer（15分情報交換）を1アクションに統合 ⑧署名=opener - opener: ","修正パス(2026-09-18)"
"2026-09-10T03:44:10+09:00","Datadog Japan合同会社","開発部","ご担当者","【複数プロダクトのUI改修】1通の返信で開発体制を強化","開発部 ご担当者様

複数プロダクトのUI改修と新機能開発を内製のみで回すのは、負荷が大きい構造だと感じています。

私たち株式会社レイハウオリは、Web領域を中心に、ITリソースや専門人材が不足しているお客様を支援しています。
社内には、エンジニア・デザイナー・ディレクター・PMなど、各分野のエキスパートが在籍しています。
「何を作ればいいのかわからない」「IT周りをまとめて任せたい」といった0→1のご相談から、「社員の退職に伴うリソース不足を補いたい」といったSESのご要望まで、課題やフェーズに応じて幅広く対応しています。

下期の開発計画を固める今、体制強化のご検討をおすすめします。

ご興味があれば、このフォームにご返信ください。

株式会社Lei Hau'oli
（tel）050-5497-3411
（mail）ml.account-sales@leihauoli.com","380","84","84","80","91","合成","0","- モード: 合成 - 部品ごとの採用元: ①件名=opener ②宛名＝共通 ③冒頭パーソナライズ／課題提示=replier ④自社紹介＋USP=closer（USP文）＋replier ⑤FAB+E＋実績=closer（Benefit「リリースを止めない／コア機能に集中」）＋opener/replier（美容予約サービス） ⑥なぜ今=replier（下期計画の時間軸） ⑦CTA=replier","修正パス(2026-09-18)"
"2026-09-10T03:49:11+09:00","株式会社Schoo","開発部","ご担当者","【0→1支援】管理画面のフロントエンド改修、バックログ解消をご支援","開発部 ご担当者様

管理画面の改修がバックログに積み上がっていませんか。

私たち株式会社レイハウオリは、Web領域を中心に、ITリソースや専門人材が不足しているお客様を支援しています。
社内には、エンジニア・デザイナー・ディレクター・PMなど、各分野のエキスパートが在籍しています。
「何を作ればいいのかわからない」「IT周りをまとめて任せたい」といった0→1のご相談から、「社員の退職に伴うリソース不足を補いたい」といったSESのご要望まで、課題やフェーズに応じて幅広く対応しています。

バックログが続くと新機能開発の遅れにつながります。

ご興味があれば、このフォームにご返信ください。

株式会社Lei Hau'oli
（tel）050-5497-3411
（mail）ml.account-sales@leihauoli.com","355","75","86","83","91","合成","0","- モード: 合成 - 部品ごとの採用元: ①件名=replier（+closer の「1名から」を追加） ②宛名＋冒頭2行=replier ③パーソナライズ／課題提示=replier ④自社紹介＋USP=closer ⑤FAB+E＋実績=closer（+opener の「開発フローを持ち込める」） ⑥なぜ今=replier ⑦CTA=replier ⑧署名=共通 - opener: 冒頭の課題再","修正パス(2026-09-18)"
"2026-09-10T03:50:09+09:00","株式会社BeeX","開発部","ご担当者","【開発部向け】0→1のご相談から体制強化まで、UI改修負荷を分散","開発部 ご担当者様

複数プロダクトのUI改修とレガシー刷新を同時に回す負荷は出ていませんか。

私たち株式会社レイハウオリは、Web領域を中心に、ITリソースや専門人材が不足しているお客様を支援しています。
社内には、エンジニア・デザイナー・ディレクター・PMなど、各分野のエキスパートが在籍しています。
「何を作ればいいのかわからない」「IT周りをまとめて任せたい」といった0→1のご相談から、「社員の退職に伴うリソース不足を補いたい」といったSESのご要望まで、課題やフェーズに応じて幅広く対応しています。

下期の計画確定前に体制を整えることが重要です。

ご興味があれば、ご返信ください。

株式会社Lei Hau'oli
（tel）050-5497-3411
（mail）ml.account-sales@leihauoli.com","356","84","87","82","92","合成","0","- モード: 合成 - 部品ごとの採用元: ①件名=opener ②宛名=共通 ③冒頭・課題提示=replier ④名乗り＝opener＋Feature=closer ⑤FAB+E=closer ⑥なぜ今=replier ⑦CTA=replier ⑧署名=共通 - opener: 件名の「開発部向け」＋数字＋課題ワードが最も転送されやすく、名乗りも明示。一方「今こそ好機です」は不急の壁を潰す根拠が","修正パス(2026-09-18)"
"2026-09-10T03:44:56+09:00","サイバーリーズン合同会社","技術部","ご担当者","【15分診断】管理コンソールUI開発、体制構築のご相談","技術部 ご担当者様

貴社の管理コンソールやダッシュボードのUI開発を、セキュリティ専門のエンジニアが兼務していませんか。

私たち株式会社レイハウオリは、Web領域を中心に、ITリソースや専門人材が不足しているお客様を支援しています。
社内には、エンジニア・デザイナー・ディレクター・PMなど、各分野のエキスパートが在籍しています。
「何を作ればいいのかわからない」「IT周りをまとめて任せたい」といった0→1のご相談から、「社員の退職に伴うリソース不足を補いたい」といったSESのご要望まで、課題やフェーズに応じて幅広く対応しています。

下期の体制を今組めるかで、年明けの負荷は変わります。15分だけお時間いただけませんか。

株式会社Lei Hau'oli
（tel）050-5497-3411
（mail）ml.account-sales@leihauoli.com","374","84","86","88","93","合成","0","- モード: 合成 - 部品ごとの採用元: ①件名=closer（「専任」→「専門」に微修正） ②宛名＋冒頭2行=opener ③課題提示=opener＋closer（クライアント案件の要員不足を1文で追加） ④自社紹介＋USP=replier ⑤FAB+E＝closer ⑥なぜ今=replier ⑦CTA=opener/closer（15分＋返信の一本化） ⑧署名=共通 - opener: 冒頭","修正パス(2026-09-18)"
"2026-09-10T03:45:59+09:00","EGテスティングサービス株式会社","開発部","ご担当者","【複数プロダクト並走の負荷】に、0→1からSESまで幅広く対応","開発部 ご担当者様

複数プロダクトの大規模UIを内製チームで抱え、UI改修要望と新機能開発が同時に押し寄せる状況ではないでしょうか。

私たち株式会社レイハウオリは、Web領域を中心に、ITリソースや専門人材が不足しているお客様を支援しています。
社内には、エンジニア・デザイナー・ディレクター・PMなど、各分野のエキスパートが在籍しています。
「何を作ればいいのかわからない」「IT周りをまとめて任せたい」といった0→1のご相談から、「社員の退職に伴うリソース不足を補いたい」といったSESのご要望まで、課題やフェーズに応じて幅広く対応しています。

後回しにするほど、技術的負債は積み上がります。貴社の開発体制と増員余地を、15分のオンライン情報交換で整理させてください。

株式会社Lei Hau'oli
（tel）050-5497-3411
（mail）ml.account-sales@leihauoli.com","398","83","86","76","89","合成","0","- モード: 合成 - 部品ごとの採用元: ①件名=closer骨格＋opener/replierの数字（合成） ②宛名＋冒頭=opener ③パーソナライズ／課題提示=replier ④自社紹介＋USP=closer ⑤FAB+E＋実績=closer＋replier（中途採用リードタイム） ⑥なぜ今=closer ⑦CTA=closer ⑧署名=opener - opener: 課題仮説の固有ワ","修正パス(2026-09-18)"
"2026-09-10T03:50:11+09:00","福井コンピュータアーキテクト株式会社","開発部","ご担当者","【0→1】建築系ソフトとWebサービス、UI刷新と新機能開発の並走支援","開発部 ご担当者様

建築系ソフトとWebサービスを並行運営される貴社は、UI刷新と新機能開発を同じチームで抱えていませんか。

私たち株式会社レイハウオリは、Web領域を中心に、ITリソースや専門人材が不足しているお客様を支援しています。
社内には、エンジニア・デザイナー・ディレクター・PMなど、各分野のエキスパートが在籍しています。
「何を作ればいいのかわからない」「IT周りをまとめて任せたい」といった0→1のご相談から、「社員の退職に伴うリソース不足を補いたい」といったSESのご要望まで、課題やフェーズに応じて幅広く対応しています。

下期の計画が固まる今、体制決定が急務です。ご興味があれば、このフォームにご返信ください。

株式会社Lei Hau'oli
（tel）050-5497-3411
（mail）ml.account-sales@leihauoli.com","377","76","85","76","90","合成","0","- モード: 合成 - 部品ごとの採用元: ①件名=replier（openerの固有ワードを圧縮して移植） ②冒頭2行=replier ③課題提示=replier ④自社紹介＝closer＋opener ⑤USP・FAB+E=closer ⑥なぜ今=replier ⑦不適潰し=replier ⑧CTA=replier ⑨署名=opener/closer - opener: 課題仮説の固有ワードを","修正パス(2026-09-18)"
"2026-09-10T03:52:40+09:00","Rapyuta Robotics株式会社","開発部","ご担当者","【複数プロダクト内製開発向け】まずは15分で体制のご相談を","開発部 ご担当者様

複数プロダクトのUI改修や機能追加でフロントエンド開発リソースが不足していませんか。

私たち株式会社レイハウオリは、Web領域を中心に、ITリソースや専門人材が不足しているお客様を支援しています。
社内には、エンジニア・デザイナー・ディレクター・PMなど、各分野のエキスパートが在籍しています。
「何を作ればいいのかわからない」「IT周りをまとめて任せたい」といった0→1のご相談から、「社員の退職に伴うリソース不足を補いたい」といったSESのご要望まで、課題やフェーズに応じて幅広く対応しています。

下期の開発計画が固まる前の今が体制検討の好機です。

ご興味があれば本フォームにご返信ください。

株式会社Lei Hau'oli
（tel）050-5497-3411
（mail）ml.account-sales@leihauoli.com","369","77","76","73","81","選抜","0","- モード: 選抜（失格でない案が opener 1つのみのため、合成モードから切替） - 部品ごとの採用元: 全部品 opener。④自社紹介の USP 表現のみ、§4「USP一言」の語（フロントエンド特化／1名からチーム単位）に置換する最小限の手直しを実施。 - opener: 件名に「複数プロダクト」「40名から1名」を置き、冒頭2行が課題仮説そのままで自社宛てと即断できる。弱みは USP ","修正パス(2026-09-18)"
"2026-09-10T03:51:23+09:00","株式会社PLAY","開発部","ご担当者","【0→1支援】PLAY様のレガシー刷新と新機能開発を15分でご相談","開発部 ご担当者様

複数プロダクトを自社運営される御社では、フロントエンドの手が足りない場面もあるのではないでしょうか。

私たち株式会社レイハウオリは、Web領域を中心に、ITリソースや専門人材が不足しているお客様を支援しています。
社内には、エンジニア・デザイナー・ディレクター・PMなど、各分野のエキスパートが在籍しています。
「何を作ればいいのかわからない」「IT周りをまとめて任せたい」といった0→1のご相談から、「社員の退職に伴うリソース不足を補いたい」といったSESのご要望まで、課題やフェーズに応じて幅広く対応しています。

下期の開発計画を固める時期かと存じます。ご興味があれば、本メールへご返信ください。

株式会社Lei Hau'oli
（tel）050-5497-3411
（mail）ml.account-sales@leihauoli.com","372","81","85","87","92","合成","0","- モード: 合成 - 部品ごとの採用元: ①件名=closer（社名入り＋40名＋1名からで自社宛て性と規模訴求が最強） ②宛名＝共通 ③冒頭・課題提示=replier（事業内容3要素＋「クライアント案件で供給しきれない」まで踏み込み、社名を伏せても自社宛てと分かる） ④自社紹介＋USP=closer（「大手BtoC直請け経験×フロントエンド特化×1名からチーム単位」を一文で言い切り） ⑤FAB","修正パス(2026-09-18)"
"2026-09-10T03:52:03+09:00","株式会社スリーシェイク","開発部","ご担当者","【複数プロダクト・レガシーUI刷新向け】15分で開発リソース不足のご相談を","開発部 ご担当者様

複数プロダクトの開発とレガシーUI刷新を同時に進める中、開発リソースが不足していませんか。

私たち株式会社レイハウオリは、Web領域を中心に、ITリソースや専門人材が不足しているお客様を支援しています。
社内には、エンジニア・デザイナー・ディレクター・PMなど、各分野のエキスパートが在籍しています。
「何を作ればいいのかわからない」「IT周りをまとめて任せたい」といった0→1のご相談から、「社員の退職に伴うリソース不足を補いたい」といったSESのご要望まで、課題やフェーズに応じて幅広く対応しています。

着手が早いほど選択肢が残ります。15分程度で現状をお伺いできますか。

株式会社Lei Hau'oli
（tel）050-5497-3411
（mail）ml.account-sales@leihauoli.com","360","82","86","80","91","合成","0","- モード: 合成（opener × replier の2案。closer は A3 失格のため素材からも除外） - 部品ごとの採用元: ①件名=opener（冗長部のみ短縮） ②宛名＋冒頭2行=replier ③パーソナライズ／課題提示=replier ④自社紹介＋USP=replier＋opener（「2008年設立」「React/Vue.js/Next.js」） ⑤FAB+E=opener（","修正パス(2026-09-18)"
"2026-09-10T03:51:02+09:00","株式会社チェンジ","開発部","ご担当者","【開発リソース不足】UI改修と新機能開発の並走負荷を15分で解消","開発部 ご担当者様

貴社では複数プロダクトのUI改修・新機能開発が並走し、フロントエンドのリソースが不足していませんか。

私たち株式会社レイハウオリは、Web領域を中心に、ITリソースや専門人材が不足しているお客様を支援しています。
社内には、エンジニア・デザイナー・ディレクター・PMなど、各分野のエキスパートが在籍しています。
「何を作ればいいのかわからない」「IT周りをまとめて任せたい」といった0→1のご相談から、「社員の退職に伴うリソース不足を補いたい」といったSESのご要望まで、課題やフェーズに応じて幅広く対応しています。

負荷の偏りは放置するほど納期に響きます。15分の情報交換にご返信ください。

株式会社Lei Hau'oli
（tel）050-5497-3411
（mail）ml.account-sales@leihauoli.com","368","73","74","85","85","選抜","1","- モード: 選抜（絶対条件を満たす案が closer 1件のみのため、合成モードは適用不可。失格2案は素材からも除外） - 部品ごとの採用元: 全部品 closer（①〜⑧） - 各案の強み・弱み - opener: 件名に「複数プロダクト×レガシー刷新向け」と課題語を積み、開封力は3案最高。ただし宛名形式を崩し絶対条件で自滅。「年度後半のリリース集中」も §4 外の一般論寄り。 - repli","修正パス(2026-09-18)"
"2026-09-10T03:52:50+09:00","アソビュー株式会社","開発部","ご担当者","【開発体制のご相談】レガシー刷新と新機能開発を止めない体制を15分で整理","開発部 ご担当者様

複数プロダクトのUI改修とレガシー刷新が重なり、開発チームの負荷が高まっていませんか。

私たち株式会社レイハウオリは、Web領域を中心に、ITリソースや専門人材が不足しているお客様を支援しています。
社内には、エンジニア・デザイナー・ディレクター・PMなど、各分野のエキスパートが在籍しています。
「何を作ればいいのかわからない」「IT周りをまとめて任せたい」といった0→1のご相談から、「社員の退職に伴うリソース不足を補いたい」といったSESのご要望まで、課題やフェーズに応じて幅広く対応しています。

要望が積み上がるほど後工程の負荷は増します。まずは本フォームへのご返信で、体制を15分で整理させてください。

株式会社Lei Hau'oli
（tel）050-5497-3411
（mail）ml.account-sales@leihauoli.com","378","86","87","83","93","合成","0","- モード: 合成 - 部品ごとの採用元: ①件名=replier ②宛名＋冒頭2行=replier（宛名形式は正規化） ③パーソナライズ／課題提示=replier ④自社紹介＋USP=closer ⑤FAB+E＋実績=closer＋opener ⑥なぜ今=closer（機会損失）＋replier（下期の時期性） ⑦CTA=closer（15分の情報交換）をreplierの低ハードル文体で ⑧署名","修正パス(2026-09-18)"
"2026-09-10T03:53:47+09:00","株式会社アイスタイルキャリア","開発部","ご担当者","【大規模UI×レガシー刷新向け】0→1から並走まで支援する開発体制","開発部 ご担当者様

求人媒体・人材紹介など複数プロダクトを内製運営される貴社では、開発体制の負荷平準化が課題ではないでしょうか。

私たち株式会社レイハウオリは、Web領域を中心に、ITリソースや専門人材が不足しているお客様を支援しています。
社内には、エンジニア・デザイナー・ディレクター・PMなど、各分野のエキスパートが在籍しています。
「何を作ればいいのかわからない」「IT周りをまとめて任せたい」といった0→1のご相談から、「社員の退職に伴うリソース不足を補いたい」といったSESのご要望まで、課題やフェーズに応じて幅広く対応しています。

下期の体制を固める前が、最も打ち手の幅があります。

ご興味があればご返信ください。

株式会社Lei Hau'oli
（tel）050-5497-3411
（mail）ml.account-sales@leihauoli.com","375","84","84","84","88","合成","0","- モード: 合成 - 部品ごとの採用元: ①件名=opener（課題ワード＋数字、ただし「専門」を補強） ②宛名＋冒頭=opener ③パーソナライズ／課題提示=closer（課題仮説を一文で直撃） ④自社紹介＋USP=replier＋closer（設立年＋40名＋1名〜チーム単位） ⑤FAB+E=closer（採用リードタイム→開発フロー→リリース停止しない） ⑥なぜ今=replier（下期の","修正パス(2026-09-18)"
"2026-09-10T03:54:09+09:00","トレジャーデータ株式会社","開発部","ご担当者","【SaaS管理画面向け】0→1から任せられるフロントエンド改修バックログ","開発部 ご担当者様

顧客要望による管理画面・ダッシュボードの機能追加が続き、フロントエンドの改修がバックログに積み上がっていませんか。

私たち株式会社レイハウオリは、Web領域を中心に、ITリソースや専門人材が不足しているお客様を支援しています。
社内には、エンジニア・デザイナー・ディレクター・PMなど、各分野のエキスパートが在籍しています。
「何を作ればいいのかわからない」「IT周りをまとめて任せたい」といった0→1のご相談から、「社員の退職に伴うリソース不足を補いたい」といったSESのご要望まで、課題やフェーズに応じて幅広く対応しています。

この負債は放置するほど改修コストが膨らみます。ご興味があれば、このフォームにご返信ください。

株式会社Lei Hau'oli
（tel）050-5497-3411
（mail）ml.account-sales@leihauoli.com","384","85","84","86","92","合成","0","- モード: 合成 - 部品ごとの採用元: ①件名=opener ②宛名＋冒頭=opener ③課題提示=closer ④自社紹介＋USP=closer ⑤FAB+E・実績=closer/opener ⑥なぜ今=closer ⑦CTA=replier（返信ハードル最小）＋closerの15分を返信後の提供価値に変換 ⑧署名=opener - opener: 件名で「SaaS管理画面×バックログ」を","修正パス(2026-09-18)"
"2026-09-10T03:58:15+09:00","株式会社ハイシンク創研","開発部","ご担当者","【複数プロダクト並走の開発部様へ】0→1のご相談から対応可能","開発部 ご担当者様

複数プロダクトが並走し、フロントエンドの手が慢性的に足りていないのではないでしょうか。

私たち株式会社レイハウオリは、Web領域を中心に、ITリソースや専門人材が不足しているお客様を支援しています。
社内には、エンジニア・デザイナー・ディレクター・PMなど、各分野のエキスパートが在籍しています。
「何を作ればいいのかわからない」「IT周りをまとめて任せたい」といった0→1のご相談から、「社員の退職に伴うリソース不足を補いたい」といったSESのご要望まで、課題やフェーズに応じて幅広く対応しています。

繁忙期に入ってからでは間に合いません。
ご興味あればご返信ください。

株式会社Lei Hau'oli
（tel）050-5497-3411
（mail）ml.account-sales@leihauoli.com","357","85","81","83","93","合成","0","- モード: 合成 - 部品ごとの採用元: ①件名=opener（短縮） ②宛名＋冒頭=replier（課題の口語言い換え） ③課題提示=replier ④自社紹介＋USP=closer＋opener ⑤FAB+E＝closer ⑥なぜ今=replier（繁忙期前） ⑦CTA=replier（5文字返信） ⑧署名=共通 - opener: 強み＝件名に課題固有ワードと数字を集中させ転送判断が速い／","修正パス(2026-09-18)"
"2026-09-10T03:55:36+09:00","株式会社WorkX","開発部","ご担当者","【WorkX様向け】管理画面改修バックログ、15分で整理","開発部 ご担当者様

複数のSaaSプロダクトを内製開発され、管理画面改修がバックログ化していないでしょうか。

私たち株式会社レイハウオリは、Web領域を中心に、ITリソースや専門人材が不足しているお客様を支援しています。
社内には、エンジニア・デザイナー・ディレクター・PMなど、各分野のエキスパートが在籍しています。
「何を作ればいいのかわからない」「IT周りをまとめて任せたい」といった0→1のご相談から、「社員の退職に伴うリソース不足を補いたい」といったSESのご要望まで、課題やフェーズに応じて幅広く対応しています。

下期に膨らむ前に整えるのが得策です。ご興味があれば、このフォームにご返信ください。

株式会社Lei Hau'oli
（tel）050-5497-3411
（mail）ml.account-sales@leihauoli.com","366","83","85","86","93","合成","0","- モード: 合成 - 部品ごとの採用元: ①件名=closer（社名入り）+opener（数字ワード） ②宛名＝共通 ③課題提示=replier ④自社紹介＋USP=closer ⑤FAB+E・実績=closer＋opener（美容予約サービス） ⑥なぜ今=closer＋replier（下期） ⑦CTA=opener（15分を返信で打診） ⑧署名=opener - opener: 件名の課題ワー","修正パス(2026-09-18)"
"2026-09-10T03:56:22+09:00","ENECHANGE株式会社","開発部","ご担当者","【複数プロダクト並走】0→1からSESまで、15分で開発体制をご相談","開発部 ご担当者様

複数プロダクトの開発が重なり、フロントエンドの手が足りない状況ではないでしょうか。

私たち株式会社レイハウオリは、Web領域を中心に、ITリソースや専門人材が不足しているお客様を支援しています。
社内には、エンジニア・デザイナー・ディレクター・PMなど、各分野のエキスパートが在籍しています。
「何を作ればいいのかわからない」「IT周りをまとめて任せたい」といった0→1のご相談から、「社員の退職に伴うリソース不足を補いたい」といったSESのご要望まで、課題やフェーズに応じて幅広く対応しています。

下期計画を固める前の今なら間に合います。

ご興味があれば、ご返信ください。

株式会社Lei Hau'oli
（tel）050-5497-3411
（mail）ml.account-sales@leihauoli.com","358","84","85","82","91","合成","0","- モード: 合成 - 部品ごとの採用元: ①件名=opener（【】ラベル＋「複数プロダクト」＋40/1、closerの数字要素を統合し短縮） ②宛名＋冒頭2行=replier ③課題提示=replier ④自社紹介＋USP=closer ⑤FAB+E＝closer ⑥なぜ今=closer（負荷蓄積）＋replier（下期計画前） ⑦CTA=opener／closer（15分のオンライン、肩書き","修正パス(2026-09-18)"
"2026-09-10T03:56:26+09:00","NTTセキュリティ・ジャパン株式会社","技術部","ご担当者","【管理コンソールUI】セキュリティ専任者の負荷を、15分の相談で分散","技術部 ご担当者様

貴社の管理コンソールUI実装をセキュリティ専任者が抱え、開発が詰まりやすいのではないでしょうか。

私たち株式会社レイハウオリは、Web領域を中心に、ITリソースや専門人材が不足しているお客様を支援しています。
社内には、エンジニア・デザイナー・ディレクター・PMなど、各分野のエキスパートが在籍しています。
「何を作ればいいのかわからない」「IT周りをまとめて任せたい」といった0→1のご相談から、「社員の退職に伴うリソース不足を補いたい」といったSESのご要望まで、課題やフェーズに応じて幅広く対応しています。

平準化を先送りするほど、リリース遅延は積み重なります。

15分の情報交換について、このフォームへご返信ください。

株式会社Lei Hau'oli
（tel）050-5497-3411
（mail）ml.account-sales@leihauoli.com","384","80","75","85","90","合成","0","- モード: 合成 - 部品ごとの採用元: ①件名=opener（固有ワード＋「40」を圧縮再構成） ②宛名＋冒頭2行=closer ③課題提示=closer ④自社紹介＋USP=closer ⑤FAB+E＋実績=closer＋opener（設立年） ⑥なぜ今=closer ⑦CTA=opener ⑧署名=共通 - opener: 強み＝件名の固有ワード密度が高く、CTAが「15分の情報交換＋フォ","修正パス(2026-09-18)"
"2026-09-10T03:58:00+09:00","福井コンピュータ株式会社","開発部","ご担当者","【福井コンピュータ様】0→1からSESまで、開発体制を柔軟に補強","開発部 ご担当者様

複数プロダクトと大規模UIを内製で運営される御社では、フロントエンドの手が足りないという声はないでしょうか。

今期計画に組み込める今が検討時期です。

私たち株式会社レイハウオリは、Web領域を中心に、ITリソースや専門人材が不足しているお客様を支援しています。
社内には、エンジニア・デザイナー・ディレクター・PMなど、各分野のエキスパートが在籍しています。
「何を作ればいいのかわからない」「IT周りをまとめて任せたい」といった0→1のご相談から、「社員の退職に伴うリソース不足を補いたい」といったSESのご要望まで、課題やフェーズに応じて幅広く対応しています。

ご興味があれば、ご返信ください。

株式会社Lei Hau'oli
（tel）050-5497-3411
（mail）ml.account-sales@leihauoli.com","370","76","87","83","92","合成","0","- モード: 合成 - 部品ごとの採用元: ①件名=replier（社名＋数字を短く前置き）②宛名＋冒頭2行=replier（「現場から声が出ていないでしょうか」の当事者化）③課題提示=replier＋closer（「複数プロダクトと大規模UI」をcloserから補強）④自社紹介＋USP=closer（40名の9割がフロントエンド中心／直請け出身「だけ」）⑤FAB+E=closer（専門チームが開","修正パス(2026-09-18)"
"2026-09-10T03:55:02+09:00","paiza株式会社","開発部","ご担当者","【0→1〜SESまで】paiza様の開発体制、専門人材で補強できます","開発部 ご担当者様

UI改修や新機能開発、レガシー刷新が重なり、フロントエンドの人手が足りない場面はございませんか。

私たち株式会社レイハウオリは、Web領域を中心に、ITリソースや専門人材が不足しているお客様を支援しています。
社内には、エンジニア・デザイナー・ディレクター・PMなど、各分野のエキスパートが在籍しています。
「何を作ればいいのかわからない」「IT周りをまとめて任せたい」といった0→1のご相談から、「社員の退職に伴うリソース不足を補いたい」といったSESのご要望まで、課題やフェーズに応じて幅広く対応しています。

放置すればリリース遅延の機会損失が生じます。

ご興味があれば、ご返信ください。

株式会社Lei Hau'oli
（tel）050-5497-3411
（mail）ml.account-sales@leihauoli.com","367","81","86","81","90","合成","0","- モード: 合成 - 部品ごとの採用元: ①件名=replier ②宛名＋冒頭2行=replier ③パーソナライズ／課題提示=replier ④自社紹介＋USP=closer ⑤FAB+E＋実績=closer（9割表現を除去し、技術スタックはreplierから短縮採用） ⑥なぜ今=closer＋opener（機会損失の対象を課題仮説の「クライアント案件への要員供給」に接続） ⑦CTA=clos","修正パス(2026-09-18)"
"2026-09-10T03:59:42+09:00","株式会社カンリー","開発部","ご担当者","【15分で情報交換】カンリー様の複数プロダクト並走、UI改修を止めない開発支援","開発部 ご担当者様

複数プロダクトを内製で抱え、UI改修に着手できる担当が不足していませんか。

私たち株式会社レイハウオリは、Web領域を中心に、ITリソースや専門人材が不足しているお客様を支援しています。
社内には、エンジニア・デザイナー・ディレクター・PMなど、各分野のエキスパートが在籍しています。
「何を作ればいいのかわからない」「IT周りをまとめて任せたい」といった0→1のご相談から、「社員の退職に伴うリソース不足を補いたい」といったSESのご要望まで、課題やフェーズに応じて幅広く対応しています。

中途採用を待つ間も要望は積み上がります。

ご興味があれば、ご返信ください。

株式会社Lei Hau'oli
（tel）050-5497-3411
（mail）ml.account-sales@leihauoli.com","354","84","86","90","93","合成","0","- モード: 合成 - 部品ごとの採用元: ①件名=closer（社名入りを維持しつつ短縮） ②宛名＋冒頭=closer ③パーソナライズ／課題提示=replier（「着手できる担当が足りない声」の言語化） ④自社紹介＋USP=closer＋replier（技術スタックを補強） ⑤FAB+E＋実績=closer ⑥なぜ今=replier（採用に数か月かける間も要望が積み上がる） ⑦CTA=open","修正パス(2026-09-18)"
"2026-09-10T03:59:49+09:00","TIS長野株式会社","開発部","ご担当者","【複数プロダクト】0→1のご相談から体制構築まで対応します","開発部 ご担当者様

UI改修とレガシー刷新が並走し、手が回っていないのではないでしょうか。

私たち株式会社レイハウオリは、Web領域を中心に、ITリソースや専門人材が不足しているお客様を支援しています。
社内には、エンジニア・デザイナー・ディレクター・PMなど、各分野のエキスパートが在籍しています。
「何を作ればいいのかわからない」「IT周りをまとめて任せたい」といった0→1のご相談から、「社員の退職に伴うリソース不足を補いたい」といったSESのご要望まで、課題やフェーズに応じて幅広く対応しています。

下期の要望が積み上がる前に、体制を整えませんか。
ご興味があれば、このメールにご返信ください。

株式会社Lei Hau'oli
（tel）050-5497-3411
（mail）ml.account-sales@leihauoli.com","362","78","87","82","92","合成","0","- モード: 合成 - 部品ごとの採用元: ①件名=replier ②宛名＋冒頭2行=replier ③パーソナライズ／課題提示=replier ④自社紹介＋USP=replier＋closer（USP一言はcloser） ⑤FAB+E＋実績=closer ⑥なぜ今=replier ⑦CTA=replier ⑧署名=共通 - opener: 強み＝件名で「複数プロダクト×大規模UI」という課題固有","修正パス(2026-09-18)"
"2026-09-10T04:03:26+09:00","株式会社エクレクト","開発部","ご担当者","【0→1からSESまで】フロントエンド体制を専門人材で補強","開発部 ご担当者様

複数プロダクトのUI改修や新機能開発が重なり、フロントエンドの手が足りていないのではと存じます。

私たち株式会社レイハウオリは、Web領域を中心に、ITリソースや専門人材が不足しているお客様を支援しています。
社内には、エンジニア・デザイナー・ディレクター・PMなど、各分野のエキスパートが在籍しています。
「何を作ればいいのかわからない」「IT周りをまとめて任せたい」といった0→1のご相談から、「社員の退職に伴うリソース不足を補いたい」といったSESのご要望まで、課題やフェーズに応じて幅広く対応しています。

下期の体制は今の判断で変わります。

ご興味があれば、ご返信ください。

株式会社Lei Hau'oli
（tel）050-5497-3411
（mail）ml.account-sales@leihauoli.com","362","84","86","85","94","合成","0","- モード: 合成 - 部品ごとの採用元: ①件名=closer【1名から】＋opener（課題ワード・40名） ②宛名＝共通 ③冒頭パーソナライズ=opener＋replier（クライアント案件供給不足の一文） ④自社紹介＋USP=closer ⑤FAB+E＋実績=closer＋replier ⑥なぜ今=replier（下期・年末の時間軸） ⑦CTA=replier（低摩擦返信）×closer（","修正パス(2026-09-18)"
"2026-09-10T04:03:28+09:00","株式会社ジモティー","開発部","ご担当者","【0→1】ジモティー様のUI改修・レガシー刷新を専門人材で支援","開発部 ご担当者様

複数プロダクトの大規模UIを内製で抱え、レガシー刷新と新機能開発の並走で負荷が偏っていませんか。

私たち株式会社レイハウオリは、Web領域を中心に、ITリソースや専門人材が不足しているお客様を支援しています。
社内には、エンジニア・デザイナー・ディレクター・PMなど、各分野のエキスパートが在籍しています。
「何を作ればいいのかわからない」「IT周りをまとめて任せたい」といった0→1のご相談から、「社員の退職に伴うリソース不足を補いたい」といったSESのご要望まで、課題やフェーズに応じて幅広く対応しています。

負荷の偏りは放置するほど新機能着手が遅れます。

ご興味があれば、このフォームにご返信ください。

株式会社Lei Hau'oli
（tel）050-5497-3411
（mail）ml.account-sales@leihauoli.com","375","86","85","87","94","合成","0","- モード: 合成 - 部品ごとの採用元: ①件名=closer（社名入り。ただし冗長部を短縮） ②宛名＋冒頭2行=opener ③課題提示=opener ④自社紹介＋USP=opener＋closer ⑤FAB+E＝closer（刷新チーム／新機能チームの分離） ⑥なぜ今=closer（機会損失） ⑦CTA=replier（低ハードル返信）＋closer（15分）を返信1本に統合 ⑧署名=ope","修正パス(2026-09-18)"
"2026-09-10T04:00:45+09:00","株式会社ゼネラルBREXAテクノロジー","開発部","ご担当者","【15分診断】複数プロダクトのUI刷新と新機能開発を支援","開発部 ご担当者様

複数プロダクトのUI刷新と新機能開発が並走し、負荷が平準化できていないのではないでしょうか。

私たち株式会社レイハウオリは、Web領域を中心に、ITリソースや専門人材が不足しているお客様を支援しています。
社内には、エンジニア・デザイナー・ディレクター・PMなど、各分野のエキスパートが在籍しています。
「何を作ればいいのかわからない」「IT周りをまとめて任せたい」といった0→1のご相談から、「社員の退職に伴うリソース不足を補いたい」といったSESのご要望まで、課題やフェーズに応じて幅広く対応しています。

負荷が積み上がるほど、遅延リスクは大きくなります。

フロントエンドの負荷平準化について15分で整理させてください。ご返信いただけますと幸いです。

株式会社Lei Hau'oli
（tel）050-5497-3411
（mail）ml.account-sales@leihauoli.com","398","83","79","89","94","合成","0","- モード: 合成 - 部品ごとの採用元: ①件名=closer（骨格）＋opener（「複数プロダクト」の固有ワード）／②宛名＋冒頭2行=opener・closer共通の課題直撃文／③課題提示=opener／④自社紹介＋USP=opener（表参道・設立18年目）＋SKILL§4のUSP一言「フロントエンド特化」を明示／⑤FAB+E=closer／⑥なぜ今=closer（並走による遅延リスク蓄積","修正パス(2026-09-18)"
"2026-09-10T04:03:46+09:00","株式会社コノセル","開発部","ご担当者","【0→1のご相談も】UI改修とレガシー刷新、並走できていますか","開発部 ご担当者様

複数プロダクトのUI改修とレガシー刷新を、内製チームで並走させられていますか。

私たち株式会社レイハウオリは、Web領域を中心に、ITリソースや専門人材が不足しているお客様を支援しています。
社内には、エンジニア・デザイナー・ディレクター・PMなど、各分野のエキスパートが在籍しています。
「何を作ればいいのかわからない」「IT周りをまとめて任せたい」といった0→1のご相談から、「社員の退職に伴うリソース不足を補いたい」といったSESのご要望まで、課題やフェーズに応じて幅広く対応しています。

下期本格化前の今が着手の好機です。

ご興味があればご返信ください。

株式会社Lei Hau'oli
（tel）050-5497-3411
（mail）ml.account-sales@leihauoli.com","352","77","85","81","90","合成","0","- モード: 合成 - 部品ごとの採用元: ①件名=replier ②宛名＋冒頭2行=replier ③パーソナライズ／課題提示=replier ④自社紹介＋USP=closer ⑤FAB+E＋実績=closer（Feature列挙はcloser、Evidenceはopener/replierの美容予約サービス） ⑥なぜ今=replier（下期リリース）＋opener（滞留の機会損失） ⑦CTA=","修正パス(2026-09-18)"
"2026-09-10T08:34:20+09:00","株式会社Finatext","開発部","ご担当者","【証券Webアプリ向け】0→1の相談からSESまで、開発リソースを補完","開発部 ご担当者様

証券サービスを複数プロダクトで運営される御社では、レガシー刷新の着手が後回しになっていませんか。

私たち株式会社レイハウオリは、Web領域を中心に、ITリソースや専門人材が不足しているお客様を支援しています。
社内には、エンジニア・デザイナー・ディレクター・PMなど、各分野のエキスパートが在籍しています。
「何を作ればいいのかわからない」「IT周りをまとめて任せたい」といった0→1のご相談から、「社員の退職に伴うリソース不足を補いたい」といったSESのご要望まで、課題やフェーズに応じて幅広く対応しています。

着手が遅れるほど、対応コストは増えていきます。

ご興味があればご返信ください。

株式会社Lei Hau'oli
（tel）050-5497-3411
（mail）ml.account-sales@leihauoli.com","367","79","83","77","89","合成","0","- モード: 合成 - 部品ごとの採用元: ①件名=opener（骨格）＋replier（「1名から」の数字） ②宛名＋冒頭2行=replier ③課題提示=replier ④自社紹介=replier＋closer（設立年・技術スタック） ⑤FAB+E＝closer（「内製チームはコア機能に専念」の着地）＋opener（USP一言） ⑥なぜ今=replier ⑦CTA=replier ⑧署名=op","修正パス(2026-09-18)"
"2026-09-10T08:34:42+09:00","株式会社Photosynth","開発部","ご担当者","【15分で相談】レガシー刷新と新機能開発の並走を支援","開発部 ご担当者様

複数プロダクトの大規模UIを内製で運営される中、フロントエンドの手が慢性的に不足していないでしょうか。

私たち株式会社レイハウオリは、Web領域を中心に、ITリソースや専門人材が不足しているお客様を支援しています。
社内には、エンジニア・デザイナー・ディレクター・PMなど、各分野のエキスパートが在籍しています。
「何を作ればいいのかわからない」「IT周りをまとめて任せたい」といった0→1のご相談から、「社員の退職に伴うリソース不足を補いたい」といったSESのご要望まで、課題やフェーズに応じて幅広く対応しています。

並走負荷が続くほど、改修とレガシー箇所は広がります。ご興味あればご返信ください。

株式会社Lei Hau'oli
（tel）050-5497-3411
（mail）ml.account-sales@leihauoli.com","372","81","85","79","91","合成","0","- モード: 合成 - 部品ごとの採用元: ①件名=replier の型＋opener の課題ワード ②宛名＋冒頭=closer ③課題提示=closer ④自社紹介＋USP=closer ⑤FAB+E=closer＋replier ⑥なぜ今=opener ⑦CTA=replier＋closer ⑧署名=opener - opener: 件名冒頭に課題仮説の核心ワードを置いた設計が最も開封に効く。","修正パス(2026-09-18)"
"2026-09-10T08:34:57+09:00","circus株式会社","開発部","ご担当者","【0→1からSESまで】管理画面改修とフロント要員不足に効く開発支援","開発部 ご担当者様

circus様の開発部でも、管理画面改修とフロント要員不足が同時に起きていないでしょうか。

私たち株式会社レイハウオリは、Web領域を中心に、ITリソースや専門人材が不足しているお客様を支援しています。
社内には、エンジニア・デザイナー・ディレクター・PMなど、各分野のエキスパートが在籍しています。
「何を作ればいいのかわからない」「IT周りをまとめて任せたい」といった0→1のご相談から、「社員の退職に伴うリソース不足を補いたい」といったSESのご要望まで、課題やフェーズに応じて幅広く対応しています。

バックログは放置するほど着手コストが膨らみます。

ご興味があればご返信ください。

株式会社Lei Hau'oli
（tel）050-5497-3411
（mail）ml.account-sales@leihauoli.com","365","82","84","78","91","合成","0","- モード: 合成 - 部品ごとの採用元: ①件名=replier骨格＋opener固有ワード ②宛名＝共通 ③課題提示=replier ④自社紹介＋USP=closer ⑤FAB+E=closer ⑥なぜ今=closer ⑦CTA=replier ⑧署名=共通 - opener: 件名の「ダッシュボード改修が滞留する開発部向け」は転送判断が速く開封力最上位。一方でCTAが「15分情報交換」のみで","修正パス(2026-09-18)"
"2026-09-10T08:35:20+09:00","株式会社プロシード","開発部","ご担当者","【複数プロダクト運用の開発部様へ】0→1のご相談からSESまで対応","開発部 ご担当者様

複数プロダクトのUI改修とレガシー刷新、新機能開発が並走し、フロントの手が慢性的に足りない状況ではないでしょうか。

私たち株式会社レイハウオリは、Web領域を中心に、ITリソースや専門人材が不足しているお客様を支援しています。
社内には、エンジニア・デザイナー・ディレクター・PMなど、各分野のエキスパートが在籍しています。
「何を作ればいいのかわからない」「IT周りをまとめて任せたい」といった0→1のご相談から、「社員の退職に伴うリソース不足を補いたい」といったSESのご要望まで、課題やフェーズに応じて幅広く対応しています。

繁忙期前の今、体制を整えるのがおすすめです。

ご興味があれば、このフォームにご返信ください。

株式会社Lei Hau'oli
（tel）050-5497-3411
（mail）ml.account-sales@leihauoli.com","383","79","80","77","88","合成","0","- モード: 合成 - 部品ごとの採用元: ①件名=opener（相手事業ワードを短縮して調整） ②宛名＋冒頭=opener ③課題提示=replier（「そんな状況ではないでしょうか」の自分事化） ④自社紹介＋USP=opener ⑤FAB+E＋実績=opener＋replier（不適の壁「受託開発と自社サービス開発を両輪」はreplier） ⑥なぜ今=replier（「繁忙期の前」＋「中途採用","修正パス(2026-09-18)"
"2026-09-10T08:35:29+09:00","株式会社電脳交通","開発部","ご担当者","【0→1】管理画面・ダッシュボードの改修相談承ります","開発部 ご担当者様

御社では管理画面・ダッシュボードの改修がバックログに積み上がっていないでしょうか。

私たち株式会社レイハウオリは、Web領域を中心に、ITリソースや専門人材が不足しているお客様を支援しています。
社内には、エンジニア・デザイナー・ディレクター・PMなど、各分野のエキスパートが在籍しています。
「何を作ればいいのかわからない」「IT周りをまとめて任せたい」といった0→1のご相談から、「社員の退職に伴うリソース不足を補いたい」といったSESのご要望まで、課題やフェーズに応じて幅広く対応しています。

繁忙期に入る前の今が動き時です。

ご興味があれば、このフォームにご返信ください。

株式会社Lei Hau'oli
（tel）050-5497-3411
（mail）ml.account-sales@leihauoli.com","361","81","85","88","92","合成","0","- モード: 合成 - 部品ごとの採用元: ①件名=closer骨格+opener訴求の混成 ②宛名+冒頭=replier（業態名指しが最も固有性が高い）③課題提示=opener/replier（課題仮説の原文語彙）④自社紹介+USP=closer（「唯一」→§4準拠の「フロントエンド特化で」へ置換）⑤FAB+E=closer+replier ⑥なぜ今=replier ⑦CTA=replier（低","修正パス(2026-09-18)"
"2026-09-10T08:38:13+09:00","株式会社リンクトブレイン","開発部","ご担当者","【ゲーム本体開発に集中を】公式サイト・運営ツールは0→1から支援","開発部 ご担当者様

ゲーム本体の開発に集中したい一方、公式サイトや運営ツールの改修は後回しになりがちではないでしょうか。

私たち株式会社レイハウオリは、Web領域を中心に、ITリソースや専門人材が不足しているお客様を支援しています。
社内には、エンジニア・デザイナー・ディレクター・PMなど、各分野のエキスパートが在籍しています。
「何を作ればいいのかわからない」「IT周りをまとめて任せたい」といった0→1のご相談から、「社員の退職に伴うリソース不足を補いたい」といったSESのご要望まで、課題やフェーズに応じて幅広く対応しています。

受注機会を逃す前に、今の体制整備をご検討ください。

ご興味があれば、このフォームにご返信ください。

株式会社Lei Hau'oli
（tel）050-5497-3411
（mail）ml.account-sales@leihauoli.com","379","82","76","84","91","合成","0","- モード: 合成（opener＋closer の2案のみで構成。replier は A1 失格のため文言・語彙も一切流用せず） - 部品ごとの採用元: ①件名=opener ②宛名＋冒頭=opener ③課題提示=opener ④自社紹介＋USP=opener/closer統合 ⑤FAB+E＝closer ⑥なぜ今=closer（受注機会損失） ⑦CTA=opener（返信）＋closer（15","修正パス(2026-09-18)"
"2026-09-10T08:36:48+09:00","株式会社フォーイット","開発部","ご担当者","【UI改修とレガシー刷新】0→1のご相談から幅広く対応、体制を並走できます","開発部 ご担当者様

複数プロダクトのUI改修とレガシー刷新を、同じ内製チームで並走させていませんか。

私たち株式会社レイハウオリは、Web領域を中心に、ITリソースや専門人材が不足しているお客様を支援しています。
社内には、エンジニア・デザイナー・ディレクター・PMなど、各分野のエキスパートが在籍しています。
「何を作ればいいのかわからない」「IT周りをまとめて任せたい」といった0→1のご相談から、「社員の退職に伴うリソース不足を補いたい」といったSESのご要望まで、課題やフェーズに応じて幅広く対応しています。

下期の開発計画が固まる前が、体制を見直す好機です。

このメールへの返信で状況をお聞かせください。

株式会社Lei Hau'oli
（tel）050-5497-3411
（mail）ml.account-sales@leihauoli.com","368","82","84","80","88","合成","0","- モード: 合成 - 部品ごとの採用元: ①件名=replier（openerの課題ワードを一部融合）②宛名＝共通 ③冒頭・課題提示=replier ④自社紹介＋USP=replier＋closer ⑤FAB+E・実績=closer ⑥なぜ今=replier（品質か納期の犠牲）＋closer（下期計画）⑦CTA=opener（返信で15分）⑧署名=opener - opener: 件名に課題仮説","修正パス(2026-09-18)"
"2026-09-10T08:38:48+09:00","iYell株式会社","開発部","ご担当者","【iYell様向け】管理画面のバックログ、0→1の相談から対応可能","開発部 ご担当者様

複数のSaaSを運営される中、管理画面改修の負荷が内製チームに偏っていませんか。

私たち株式会社レイハウオリは、Web領域を中心に、ITリソースや専門人材が不足しているお客様を支援しています。
社内には、エンジニア・デザイナー・ディレクター・PMなど、各分野のエキスパートが在籍しています。
「何を作ればいいのかわからない」「IT周りをまとめて任せたい」といった0→1のご相談から、「社員の退職に伴うリソース不足を補いたい」といったSESのご要望まで、課題やフェーズに応じて幅広く対応しています。

繁忙期に改修遅れが表面化します。

ご興味があれば、ご返信ください。

株式会社Lei Hau'oli
（tel）050-5497-3411
（mail）ml.account-sales@leihauoli.com","353","77","86","86","92","合成","0","- モード: 合成 - 部品ごとの採用元: ①件名=closer（社名冠）＋replier（「1名から巻き取ります」の動詞） ②宛名＋冒頭2行=replier ③パーソナライズ／課題提示=replier ④自社紹介＋USP=closer ⑤FAB+E＋実績=closer＋opener（40名・9割） ⑥なぜ今=closer＋replier ⑦CTA=replier ⑧署名=共通 - opener:","修正パス(2026-09-18)"
"2026-09-10T08:39:06+09:00","株式会社TERASS","開発部","ご担当者","【15分で相談】不動産SaaSの管理画面改修、必要な体制を整えます","開発部 ご担当者様

賃貸・仲介向けSaaSで管理画面・ダッシュボードの機能改修要望がバックログに積み上がっているのではないでしょうか。

私たち株式会社レイハウオリは、Web領域を中心に、ITリソースや専門人材が不足しているお客様を支援しています。
社内には、エンジニア・デザイナー・ディレクター・PMなど、各分野のエキスパートが在籍しています。
「何を作ればいいのかわからない」「IT周りをまとめて任せたい」といった0→1のご相談から、「社員の退職に伴うリソース不足を補いたい」といったSESのご要望まで、課題やフェーズに応じて幅広く対応しています。

バックログは放置するほど改修コストが膨らみます。ご興味があれば、このフォームにご返信ください。

株式会社Lei Hau'oli
（tel）050-5497-3411
（mail）ml.account-sales@leihauoli.com","385","70","80","80","88","合成","0","- モード: 合成 - 部品ごとの採用元: ①件名=replier（冗長部を短縮） ②宛名＋冒頭2行=replier ③パーソナライズ／課題提示=replier ④自社紹介＋USP=closer ⑤FAB+E＋実績=closer（§4準拠に補正） ⑥なぜ今=closer ⑦CTA=replier（返信1アクション）＋closer（15分）を1動作に統合 ⑧署名=共通 - opener: 件名の固有","修正パス(2026-09-18)"
"2026-09-10T08:38:57+09:00","オープン株式会社","開発部","ご担当者","【複数プロダクトのUI改修、止まっていませんか】15分で体制を整理","開発部 ご担当者様

複数プロダクトの大規模UIを内製で抱え、レガシー刷新と新機能開発を並走させる負荷、限界ではありませんか。

私たち株式会社レイハウオリは、Web領域を中心に、ITリソースや専門人材が不足しているお客様を支援しています。
社内には、エンジニア・デザイナー・ディレクター・PMなど、各分野のエキスパートが在籍しています。
「何を作ればいいのかわからない」「IT周りをまとめて任せたい」といった0→1のご相談から、「社員の退職に伴うリソース不足を補いたい」といったSESのご要望まで、課題やフェーズに応じて幅広く対応しています。

下期に向け改修要望が増える時期です。

ご興味があれば、ご返信ください。

株式会社Lei Hau'oli
（tel）050-5497-3411
（mail）ml.account-sales@leihauoli.com","367","81","87","87","93","合成","0","- モード: 合成 - 部品ごとの採用元: ①件名=replier（問いかけ型）＋opener（「40名」「1名」の数字）②冒頭2行=replier ③課題提示=replier ④自社紹介＋USP=closer（§4のUSP一言をそのまま反映）⑤FAB+E＋実績=closer＋opener（中途採用代替・大規模BtoCの開発フロー）⑥なぜ今=closer（下期・年末の機会損失）⑦CTA=close","修正パス(2026-09-18)"
"2026-09-10T08:42:53+09:00","READYFOR株式会社","開発部","ご担当者","【開発部向け】管理画面改修のバックログ、15分で情報交換","開発部 ご担当者様

管理画面・ダッシュボードへの機能追加要望が積み上がる一方、内製チームの手が回らない、という状況ではないでしょうか。

私たち株式会社レイハウオリは、Web領域を中心に、ITリソースや専門人材が不足しているお客様を支援しています。
社内には、エンジニア・デザイナー・ディレクター・PMなど、各分野のエキスパートが在籍しています。
「何を作ればいいのかわからない」「IT周りをまとめて任せたい」といった0→1のご相談から、「社員の退職に伴うリソース不足を補いたい」といったSESのご要望まで、課題やフェーズに応じて幅広く対応しています。

改修要望は放置するほど積み上がります。ご興味があれば、このフォームにご返信ください。

株式会社Lei Hau'oli
（tel）050-5497-3411
（mail）ml.account-sales@leihauoli.com","380","80","78","75","90","合成","0","- モード: 合成 - 部品ごとの採用元: ①件名=opener（【開発部向け】ラベル）＋replier（数字40/1）②宛名＋冒頭=replier ③課題提示=replier＋opener ④自社紹介＋USP=closer ⑤FAB+E＋実績=closer ⑥なぜ今=closer ⑦CTA=replier（低ハードル）＋closer（15分の目的明示）⑧署名=opener/closer - op","修正パス(2026-09-18)"
"2026-09-10T08:41:50+09:00","株式会社ゲームエイト","開発部","ご担当者","【複数プロダクト並走の負荷】0→1のご相談も伴走で解消","開発部 ご担当者様

複数のWebサービスを内製運営される貴社では、UI改修や機能追加の要望が同時に上がっていないでしょうか。

私たち株式会社レイハウオリは、Web領域を中心に、ITリソースや専門人材が不足しているお客様を支援しています。
社内には、エンジニア・デザイナー・ディレクター・PMなど、各分野のエキスパートが在籍しています。
「何を作ればいいのかわからない」「IT周りをまとめて任せたい」といった0→1のご相談から、「社員の退職に伴うリソース不足を補いたい」といったSESのご要望まで、課題やフェーズに応じて幅広く対応しています。

中途採用を待つ間にも改修の負債は膨らみ続けます。

ご興味があればご返信ください。

株式会社Lei Hau'oli
（tel）050-5497-3411
（mail）ml.account-sales@leihauoli.com","372","70","88","82","92","合成","0","- モード: 合成 - 部品ごとの採用元: ①件名=replier（微修正） ②宛名＋冒頭=replier ③課題提示=replier＋closer（「内製で運営される貴社」をcloserから移植） ④自社紹介＋USP=replier（設立年＋9割特化）＋closer（フロントエンド特化の開発支援会社） ⑤FAB+E=replier（1名常駐→内製チームは新機能に集中→レガシー刷新は並走）＋clo","修正パス(2026-09-18)"
"2026-09-10T08:42:24+09:00","ビットバンク株式会社","開発部","ご担当者","【複数プロダクト・大規模UI向け】管理画面改修バックログ、15分でご相談可能か","開発部 ご担当者様

管理画面やダッシュボードの改修で、フロントエンドのバックログが積み上がっていませんか。

私たち株式会社レイハウオリは、Web領域を中心に、ITリソースや専門人材が不足しているお客様を支援しています。
社内には、エンジニア・デザイナー・ディレクター・PMなど、各分野のエキスパートが在籍しています。
「何を作ればいいのかわからない」「IT周りをまとめて任せたい」といった0→1のご相談から、「社員の退職に伴うリソース不足を補いたい」といったSESのご要望まで、課題やフェーズに応じて幅広く対応しています。

このままではリリースが後ろ倒しになりかねません。15分お話しできればご返信ください。

株式会社Lei Hau'oli
（tel）050-5497-3411
（mail）ml.account-sales@leihauoli.com","366","83","85","85","91","合成","0","- モード: 合成 - 部品ごとの採用元: ①件名=opener（「40名体制」→「約40名体制」に是正） ②宛名＋冒頭2行=closer ③課題提示=closer ④自社紹介＋USP=closer＋replier（「SaaS管理画面や大規模UIの改修を得意とし」を移植） ⑤FAB+E＝closer ⑥なぜ今=replier ⑦CTA=closer（15分情報交換）＋replier（返信ハードル低","修正パス(2026-09-18)"
"2026-09-10T04:00:00+09:00","日本システム運用センター株式会社","開発部","ご担当者","【UI改修・機能追加の滞留に】15分で負荷分散と供給体制を整理","開発部 ご担当者様

複数プロダクトを内製運営しながら要員供給も担う貴社は、負荷平準化が難しいのではないでしょうか。

私たち株式会社レイハウオリは、Web領域を中心に、ITリソースや専門人材が不足しているお客様を支援しています。
社内には、エンジニア・デザイナー・ディレクター・PMなど、各分野のエキスパートが在籍しています。
「何を作ればいいのかわからない」「IT周りをまとめて任せたい」といった0→1のご相談から、「社員の退職に伴うリソース不足を補いたい」といったSESのご要望まで、課題やフェーズに応じて幅広く対応しています。

負荷分散の遅れは供給余力の低下につながります。

15分、体制整理のご相談をさせてください。ご興味があれば、このフォームにご返信ください。

株式会社Lei Hau'oli
（tel）050-5497-3411
（mail）ml.account-sales@leihauoli.com","395","82","78","79","90","合成","0","- モード: 合成 - 部品ごとの採用元: ①件名=opener ②宛名＋冒頭2行=opener ③課題提示=opener（replierの重複部は削除） ④自社紹介＋USP=closer ⑤FAB+E＋実績=closer（Benefit節はopenerの「コア機能に集中」を接続） ⑥なぜ今=closer（進行性の損失） ⑦CTA=closer（15分の整理）+replier（「詳細希望」返信でハ","修正パス(2026-09-18)"
"2026-09-10T08:46:06+09:00","Ascent Business Consulting株式会社","開発部","ご担当者","【UI改修と新機能開発】並走支援、15分で体制相談","開発部 ご担当者様

複数プロダクトのUI改修と新機能開発を内製チームだけで並走させると、どちらかが後回しになりがちです。

私たち株式会社レイハウオリは、Web領域を中心に、ITリソースや専門人材が不足しているお客様を支援しています。
社内には、エンジニア・デザイナー・ディレクター・PMなど、各分野のエキスパートが在籍しています。
「何を作ればいいのかわからない」「IT周りをまとめて任せたい」といった0→1のご相談から、「社員の退職に伴うリソース不足を補いたい」といったSESのご要望まで、課題やフェーズに応じて幅広く対応しています。

負荷の偏りは遅延として連鎖します。ご興味があれば、このフォームにご返信ください。

株式会社Lei Hau'oli
（tel）050-5497-3411
（mail）ml.account-sales@leihauoli.com","371","70","80","84","90","合成","0","- モード: 合成 - 部品ごとの採用元: ①件名=closer（数字部を短縮しopenerのパーソナライズ語を移植） ②冒頭2行=replier ③課題提示=replier ④自社紹介＋USP=closer ⑤FAB+E＝closer＋replier（React・Vue・Next.js／中途採用の時間軸） ⑥なぜ今=closer ⑦CTA=closer（15分＋返信の一本化） ⑧署名=close","修正パス(2026-09-18)"
"2026-09-10T08:43:09+09:00","株式会社mov","開発部","ご担当者","【0→1から対応可】複数プロダクトのUI改修、下期の要望が積み上がる前に","開発部 ご担当者様

複数プロダクトのUI改修と新機能開発が重なり、手が足りていませんか。

私たち株式会社レイハウオリは、Web領域を中心に、ITリソースや専門人材が不足しているお客様を支援しています。
社内には、エンジニア・デザイナー・ディレクター・PMなど、各分野のエキスパートが在籍しています。
「何を作ればいいのかわからない」「IT周りをまとめて任せたい」といった0→1のご相談から、「社員の退職に伴うリソース不足を補いたい」といったSESのご要望まで、課題やフェーズに応じて幅広く対応しています。

負荷を放置すると新機能のリリースが遅れます。下期の要望が積み上がる前に、体制を整えておきませんか。ご興味があれば、このフォームにご返信ください。

株式会社Lei Hau'oli
（tel）050-5497-3411
（mail）ml.account-sales@leihauoli.com","387","74","87","81","91","合成","0","- モード: 合成 - 部品ごとの採用元: ①件名=replier骨格＋opener固有ワード（「複数プロダクト」）②宛名＋冒頭2行=replier ③課題提示=replier ④自社紹介＋USP=closer ⑤FAB+E＋実績=closer＋replier（「中途採用に数か月かけず」） ⑥なぜ今=replier（下期）＋closer（放置コスト） ⑦CTA=replier（4文字返信） ⑧署名","修正パス(2026-09-18)"
"2026-09-10T08:40:11+09:00","株式会社f4samurai","開発部","ご担当者","【15分で相談可能】公式サイト・運営管理ツールの改修、本体開発と並走できていますか","開発部 ご担当者様

複数タイトルの運営に加え、公式サイトや運営管理ツールの改修まで、同じ内製チームで抱えていませんか。

私たち株式会社レイハウオリは、Web領域を中心に、ITリソースや専門人材が不足しているお客様を支援しています。
社内には、エンジニア・デザイナー・ディレクター・PMなど、各分野のエキスパートが在籍しています。
「何を作ればいいのかわからない」「IT周りをまとめて任せたい」といった0→1のご相談から、「社員の退職に伴うリソース不足を補いたい」といったSESのご要望まで、課題やフェーズに応じて幅広く対応しています。

放置するほど、次のリリースに負荷が積み上がります。

15分ほどお話しできますでしょうか。

株式会社Lei Hau'oli
（tel）050-5497-3411
（mail）ml.account-sales@leihauoli.com","373","81","83","81","91","合成","0","- モード: 合成 - 部品ごとの採用元: ①件名=replier（【】内を「1名から常駐支援」に短縮、opener の固有ワード「運営管理ツール」を合流） ②宛名＋冒頭2行=replier（問いかけ型） ③課題提示=replier＋opener ④自社紹介＋USP=closer ⑤FAB+E＋実績=closer（実績は§4表記「参画」に戻した） ⑥なぜ今=opener＋§4 Advantage（","修正パス(2026-09-18)"
"2026-09-10T08:43:22+09:00","株式会社Arent","開発部","ご担当者","【0→1からSESまで】複数プロダクト並走の開発負荷を解消","開発部 ご担当者様

複数プロダクトの開発を内製で抱え、人手不足でクライアント案件の要員要求に応えきれない場面はないでしょうか。

私たち株式会社レイハウオリは、Web領域を中心に、ITリソースや専門人材が不足しているお客様を支援しています。
社内には、エンジニア・デザイナー・ディレクター・PMなど、各分野のエキスパートが在籍しています。
「何を作ればいいのかわからない」「IT周りをまとめて任せたい」といった0→1のご相談から、「社員の退職に伴うリソース不足を補いたい」といったSESのご要望まで、課題やフェーズに応じて幅広く対応しています。

下期の体制検討が進む今が動き時です。ご興味があれば、このフォームにご返信ください。

株式会社Lei Hau'oli
（tel）050-5497-3411
（mail）ml.account-sales@leihauoli.com","375","82","83","82","91","合成","0","- モード: 合成 - 部品ごとの採用元: ①件名=opener（数字40／1）＋replier・closerの課題語を合成 ②宛名＝共通 ③冒頭パーソナライズ=replier（1文に圧縮） ④自社紹介＋USP=closer ⑤FAB+E＝closer ⑥なぜ今=replier ⑦CTA=replier（低ハードル返信）＋closerの15分目的を1文で接続 ⑧署名=共通 - opener: 件名","修正パス(2026-09-18)"
"2026-09-10T08:44:30+09:00","株式会社ミラティブ","開発部","ご担当者","【15分で相談】レガシー刷新と新機能開発の並走、負荷は積み上がっていませんか","開発部 ご担当者様

複数プロダクトのUIを内製で抱えつつ、レガシー刷新と新機能開発を並走させると人手が不足しがちです。

私たち株式会社レイハウオリは、Web領域を中心に、ITリソースや専門人材が不足しているお客様を支援しています。
社内には、エンジニア・デザイナー・ディレクター・PMなど、各分野のエキスパートが在籍しています。
「何を作ればいいのかわからない」「IT周りをまとめて任せたい」といった0→1のご相談から、「社員の退職に伴うリソース不足を補いたい」といったSESのご要望まで、課題やフェーズに応じて幅広く対応しています。

UIの負債は放置するほど刷新コストが膨らみます。

まずは15分、現状のリソース配分を伺えればと思います。このメールへの返信で結構です。

株式会社Lei Hau'oli
（tel）050-5497-3411
（mail）ml.account-sales@leihauoli.com","396","83","85","68","88","合成","0","- モード: 合成 - 部品ごとの採用元: ①件名=replier（openerの固有ワード「レガシー刷新」を注入）②宛名＋冒頭2行=replier ③パーソナライズ／課題提示=replier（第2文は圧縮）④自社紹介＋USP=opener＋replier（技術スタック名はreplier、USP一言はopener）⑤FAB+E＝closerの「設計から運用改善まで任せられ、内製チームは新機能に集中","修正パス(2026-09-18)"
"2026-09-10T08:49:42+09:00","株式会社くふう住まい","開発部","ご担当者","","","0","","","","","","0","","失格のみ・要人手 修正パス(2026-09-18) / 未解消:A2,A3,会社紹介文が一字一句一致していない,署名が一字一句一致していない"
"2026-09-10T08:50:22+09:00","ストックマーク株式会社","開発部","ご担当者","【0→1相談OK】ストックマーク様の複数プロダクトUI刷新に","開発部 ご担当者様

複数プロダクトの大規模UIを内製で抱えながら、UI改修のたびにフロントエンドの手が足りなくなっていないでしょうか。

私たち株式会社レイハウオリは、Web領域を中心に、ITリソースや専門人材が不足しているお客様を支援しています。
社内には、エンジニア・デザイナー・ディレクター・PMなど、各分野のエキスパートが在籍しています。
「何を作ればいいのかわからない」「IT周りをまとめて任せたい」といった0→1のご相談から、「社員の退職に伴うリソース不足を補いたい」といったSESのご要望まで、課題やフェーズに応じて幅広く対応しています。

放置するほど負荷は積み重なります。

ご興味があれば、このフォームにご返信ください。

株式会社Lei Hau'oli
（tel）050-5497-3411
（mail）ml.account-sales@leihauoli.com","378","83","85","90","93","合成","0","- モード: 合成 - 部品ごとの採用元: ①件名=closer（社名入り）＋replier/opener（「40名」の数字）／②宛名＋冒頭=closer／③パーソナライズ=closer＋replier（「複数プロダクトの大規模UI」）／④自社紹介＋USP=closer／⑤FAB+E＋実績=closer（opener の「2008年設立」を補強に追加）／⑥なぜ今=replier（放置の積み上がり）","修正パス(2026-09-18)"
"2026-09-10T08:45:44+09:00","株式会社キカガク","開発部","ご担当者","【キカガク開発部】ダッシュボード改修の遅延、15分で整理","開発部 ご担当者様

管理画面・ダッシュボードの機能追加要望が続き、フロントエンド改修がバックログ化していませんか。

私たち株式会社レイハウオリは、Web領域を中心に、ITリソースや専門人材が不足しているお客様を支援しています。
社内には、エンジニア・デザイナー・ディレクター・PMなど、各分野のエキスパートが在籍しています。
「何を作ればいいのかわからない」「IT周りをまとめて任せたい」といった0→1のご相談から、「社員の退職に伴うリソース不足を補いたい」といったSESのご要望まで、課題やフェーズに応じて幅広く対応しています。

下半期の体制が固まる前の今、バックログと要員供給の整理に15分いただけませんか。

株式会社Lei Hau'oli
（tel）050-5497-3411
（mail）ml.account-sales@leihauoli.com","368","79","75","87","91","合成","0","- モード: 合成 - 部品ごとの採用元: ①件名=closer ②宛名＋冒頭2行=closer ③課題提示=closer ④自社紹介＋USP=opener＋§4原文（「直請け現場を経験したエンジニアを1名から」） ⑤FAB+E=closer＋replier（「中途採用の期間をかけずに」）＋replier（「クライアント案件の要員供給にも回せます」） ⑥なぜ今=closer（「下半期の体制が固まる","修正パス(2026-09-18)"
"2026-09-10T08:50:26+09:00","株式会社マクアケ","開発部","ご担当者","【マクアケ開発部様へ】レガシー刷新と新機能の並走、15分で整理","開発部 ご担当者様

複数プロダクトの大規模UIを内製で抱え、改修と刷新を同時に回すのはご負担が大きいかと存じます。

私たち株式会社レイハウオリは、Web領域を中心に、ITリソースや専門人材が不足しているお客様を支援しています。
社内には、エンジニア・デザイナー・ディレクター・PMなど、各分野のエキスパートが在籍しています。
「何を作ればいいのかわからない」「IT周りをまとめて任せたい」といった0→1のご相談から、「社員の退職に伴うリソース不足を補いたい」といったSESのご要望まで、課題やフェーズに応じて幅広く対応しています。

要望が積み上がる前に着手するほど負荷は軽くなります。ご興味があれば、ご返信ください。

株式会社Lei Hau'oli
（tel）050-5497-3411
（mail）ml.account-sales@leihauoli.com","370","84","83","81","91","合成","0","- モード: 合成 - 部品ごとの採用元: ①件名=opener（社名先頭＋数字の型を採用、長すぎるため短縮）②宛名＋冒頭=replier ③パーソナライズ／課題提示=replier（「新機能は進めたいが改修待ちが積み上がる」の自分事化が3案中最強）④自社紹介＋USP=closer（「唯一」を削り §4 の表現に戻す）⑤FAB+E＋実績=closer ⑥なぜ今=closer ⑦CTA=closer","修正パス(2026-09-18)"
"2026-09-10T08:50:18+09:00","CBcloud株式会社","開発部","ご担当者","【CBcloud様へ】0→1のご相談からSESまで対応","開発部 ご担当者様

CBcloud様のように複数のプロダクトを内製で抱え、開発体制の人手不足でお悩みではないでしょうか。

私たち株式会社レイハウオリは、Web領域を中心に、ITリソースや専門人材が不足しているお客様を支援しています。
社内には、エンジニア・デザイナー・ディレクター・PMなど、各分野のエキスパートが在籍しています。
「何を作ればいいのかわからない」「IT周りをまとめて任せたい」といった0→1のご相談から、「社員の退職に伴うリソース不足を補いたい」といったSESのご要望まで、課題やフェーズに応じて幅広く対応しています。

体制の選択肢を広げられる今のうちにご検討ください。

ご興味があれば、このフォームにご返信ください。

株式会社Lei Hau'oli
（tel）050-5497-3411
（mail）ml.account-sales@leihauoli.com","379","76","86","68","91","合成","0","- モード: 合成 - 部品ごとの採用元: ①件名=replier（社名＋数字を強化） ②宛名＋冒頭2行=replier ③パーソナライズ／課題提示=replier ④自社紹介＋USP=replier ⑤FAB+E＋実績=closer（数字創作部を除去） ⑥なぜ今=opener ⑦CTA=replier ⑧署名=共通 - opener: 強み＝件名に課題仮説語を直入れし転送耐性が高い。弱み＝冒頭が","修正パス(2026-09-18)"
"2026-09-10T08:46:28+09:00","クイック・ネットワーク株式会社","開発部","ご担当者","【UI改修のご相談】0→1のご相談も承ります","開発部 ご担当者様

複数プロダクトのUI改修や機能追加に、社内のリソースだけでは対応しきれない時期はございませんか。

私たち株式会社レイハウオリは、Web領域を中心に、ITリソースや専門人材が不足しているお客様を支援しています。
社内には、エンジニア・デザイナー・ディレクター・PMなど、各分野のエキスパートが在籍しています。
「何を作ればいいのかわからない」「IT周りをまとめて任せたい」といった0→1のご相談から、「社員の退職に伴うリソース不足を補いたい」といったSESのご要望まで、課題やフェーズに応じて幅広く対応しています。

並走のまま今期を越えると、来期も同じ課題が残ります。

ご興味があれば、このフォームにご返信ください。

株式会社Lei Hau'oli
（tel）050-5497-3411
（mail）ml.account-sales@leihauoli.com","378","82","83","84","92","合成","0","- モード: 合成 - 部品ごとの採用元: ①件名=closer ②宛名＋冒頭2行=replier ③パーソナライズ／課題提示=replier ④自社紹介＋USP=replier ⑤FAB+E＋実績=closer（技術スタック）＋opener（コア機能集中→リリース停止回避の因果） ⑥なぜ今=replier ⑦CTA=replier（返信ハードル最小）＋closerの折り返し設計 ⑧署名=共通 -","修正パス(2026-09-18)"
"2026-09-10T08:49:21+09:00","株式会社サイバーセキュリティクラウド","技術部","ご担当者","【管理コンソールのUI開発】0→1のご相談から伴走支援","技術部 ご担当者様

貴社の管理コンソールのUIは製品評価を左右しますが、UI実装まで抱え負荷が平準化しにくいのではないでしょうか。

私たち株式会社レイハウオリは、Web領域を中心に、ITリソースや専門人材が不足しているお客様を支援しています。
社内には、エンジニア・デザイナー・ディレクター・PMなど、各分野のエキスパートが在籍しています。
「何を作ればいいのかわからない」「IT周りをまとめて任せたい」といった0→1のご相談から、「社員の退職に伴うリソース不足を補いたい」といったSESのご要望まで、課題やフェーズに応じて幅広く対応しています。

下期の開発計画が固まる前の今が動きどきです。

ご興味があれば、このフォームにご返信ください。

株式会社Lei Hau'oli
（tel）050-5497-3411
（mail）ml.account-sales@leihauoli.com","381","79","78","80","89","合成","0","- モード: 合成 - 部品ごとの採用元: ①件名=opener（固有ワードを圧縮のうえ closer の「1名から」を接続） ②宛名＋冒頭=opener ③課題提示=closer（「UIが製品評価を左右する」の一撃が強い） ④自社紹介＋USP=closer（ただし「唯一」は§3の根拠なき最上級表現に近いため除去） ⑤FAB+E＝実績=closer ⑥なぜ今=opener＋closer（「下期の開","修正パス(2026-09-18)"
"2026-09-10T08:55:25+09:00","株式会社INFORICH","開発部","ご担当者","【複数プロダクト運営企業向け】0→1からSESまで、開発リソース不足に対応","開発部 ご担当者様

複数プロダクトの大規模UIを内製で抱え、刷新と新機能開発の並走に余力が乏しいのが実情ではないでしょうか。

私たち株式会社レイハウオリは、Web領域を中心に、ITリソースや専門人材が不足しているお客様を支援しています。
社内には、エンジニア・デザイナー・ディレクター・PMなど、各分野のエキスパートが在籍しています。
「何を作ればいいのかわからない」「IT周りをまとめて任せたい」といった0→1のご相談から、「社員の退職に伴うリソース不足を補いたい」といったSESのご要望まで、課題やフェーズに応じて幅広く対応しています。

着手が遅れるほど巻き返しの工数は増えます。

このフォームにご返信ください。

株式会社Lei Hau'oli
（tel）050-5497-3411
（mail）ml.account-sales@leihauoli.com","369","78","85","83","89","合成","0","- モード: 合成 - 部品ごとの採用元: ①件名=opener（数字40＋「複数プロダクト運営企業向け」で自社宛て感が最も強い）／②宛名＋冒頭=replier（課題仮説の直訳で他人事にさせない）／③課題提示=replier／④自社紹介＋USP=replier(2008年設立18年目・9割フロントエンド)＋closer(USP断定)／⑤FAB+E=closer（常駐参画→採用不要→並走できる→美容","修正パス(2026-09-18)"
"2026-09-10T08:53:15+09:00","株式会社コレックホールディングス","開発部","ご担当者","【レガシー刷新と新機能開発の並走に】0→1のご相談からSESまで対応","開発部 ご担当者様

複数プロダクトの大規模UIを内製チームで抱え、レガシー刷新と新機能開発を並走させる負荷は平準化しづらいはずです。

私たち株式会社レイハウオリは、Web領域を中心に、ITリソースや専門人材が不足しているお客様を支援しています。
社内には、エンジニア・デザイナー・ディレクター・PMなど、各分野のエキスパートが在籍しています。
「何を作ればいいのかわからない」「IT周りをまとめて任せたい」といった0→1のご相談から、「社員の退職に伴うリソース不足を補いたい」といったSESのご要望まで、課題やフェーズに応じて幅広く対応しています。

下期の計画が固まる前に整理をおすすめします。

ご興味があれば、ご返信ください。

株式会社Lei Hau'oli
（tel）050-5497-3411
（mail）ml.account-sales@leihauoli.com","375","85","85","79","90","合成","0","- モード: 合成 - 部品ごとの採用元: ①件名=opener ②宛名＋冒頭=replier（openerの課題語で圧縮） ③課題提示=replier ④自社紹介＋USP=opener ⑤FAB+E＋実績=closer（「採用に数か月かけず」＋開発フロー・品質基準の持ち込み） ⑥なぜ今=closer（下期計画） ⑦CTA=replier（4文字返信） ⑧署名=opener - opener: 件","修正パス(2026-09-18)"
"2026-09-10T08:53:04+09:00","HubSpot Japan株式会社","開発部","ご担当者","【0→1からSESまで】UI改修とレガシー刷新の並走を支援","開発部 ご担当者様

複数プロダクトの大規模UIを内製で抱え、新機能開発とレガシー刷新の両立に追われていないでしょうか。

私たち株式会社レイハウオリは、Web領域を中心に、ITリソースや専門人材が不足しているお客様を支援しています。
社内には、エンジニア・デザイナー・ディレクター・PMなど、各分野のエキスパートが在籍しています。
「何を作ればいいのかわからない」「IT周りをまとめて任せたい」といった0→1のご相談から、「社員の退職に伴うリソース不足を補いたい」といったSESのご要望まで、課題やフェーズに応じて幅広く対応しています。

要望を後回しにするほど負荷は増えていきます。

ご興味があれば、このフォームにご返信ください。

株式会社Lei Hau'oli
（tel）050-5497-3411
（mail）ml.account-sales@leihauoli.com","375","77","85","81","91","合成","0","- モード: 合成 - 部品ごとの採用元: ①件名=closer（長さを詰めて短縮） ②宛名＋冒頭2行=replier ③課題提示=replier ④自社紹介＋USP=closer＋replier ⑤FAB+E＋実績=closer ⑥なぜ今=closer ⑦CTA=replier ⑧署名=共通 - opener: 件名に課題仮説の固有ワードを詰め込んだ点は最良だが、件名が長く受信箱で切れる。CTA","修正パス(2026-09-18)"
"2026-09-10T08:52:14+09:00","株式会社アイテック","開発部","ご担当者","【複数プロダクトのUI改修】0→1のご相談から人員不足まで","開発部 ご担当者様

複数プロダクトのUI改修とレガシー刷新が重なり、体制に負荷がかかっていませんか。

私たち株式会社レイハウオリは、Web領域を中心に、ITリソースや専門人材が不足しているお客様を支援しています。
社内には、エンジニア・デザイナー・ディレクター・PMなど、各分野のエキスパートが在籍しています。
「何を作ればいいのかわからない」「IT周りをまとめて任せたい」といった0→1のご相談から、「社員の退職に伴うリソース不足を補いたい」といったSESのご要望まで、課題やフェーズに応じて幅広く対応しています。

下期計画が固まる前の今なら体制に織り込めます。

ご興味があれば、このフォームにご返信ください。

株式会社Lei Hau'oli
（tel）050-5497-3411
（mail）ml.account-sales@leihauoli.com","367","72","73","80","89","合成","0","- モード: 合成 - 部品ごとの採用元: ①件名=opener（短縮）②宛名＋冒頭2行=closer ③課題提示=closer ④自社紹介＋USP=closer ⑤FAB+E＋実績=closer ⑥なぜ今=replier（「下期の開発計画が固まる前の今」）⑦CTA=replier（「詳細希望」返信）を契約力維持のため15分説明とセットに再構成 ⑧署名=closer - opener: 件名の固有","修正パス(2026-09-18)"
"2026-09-10T08:57:08+09:00","ウォンテッドリー株式会社","開発部","ご担当者","【Wantedly開発部向け】複数プロダクト並走のフロントエンド不足に0→1から対応","開発部 ご担当者様

複数プロダクトを内製で抱え、レガシー刷新と新機能開発を並走される中、リソース不足はないでしょうか。

私たち株式会社レイハウオリは、Web領域を中心に、ITリソースや専門人材が不足しているお客様を支援しています。
社内には、エンジニア・デザイナー・ディレクター・PMなど、各分野のエキスパートが在籍しています。
「何を作ればいいのかわからない」「IT周りをまとめて任せたい」といった0→1のご相談から、「社員の退職に伴うリソース不足を補いたい」といったSESのご要望まで、課題やフェーズに応じて幅広く対応しています。

採用市場が厳しい今、外部人材の確保が鍵です。

ご興味があれば、このフォームにご返信ください。

株式会社Lei Hau'oli
（tel）050-5497-3411
（mail）ml.account-sales@leihauoli.com","375","82","80","77","90","合成","0","- モード: 合成 - 部品ごとの採用元: ①件名=opener（短縮再構成） ②宛名＋冒頭2行=opener ③課題提示=opener＋replier ④自社紹介＋USP=closer（9割表現を除去） ⑤FAB+E＝replier＋closer ⑥なぜ今=closer ⑦CTA=replier ⑧署名=closer - opener: 件名に固有社名＋40名を入れた開封設計と、冒頭2行での課題","修正パス(2026-09-18)"
"2026-09-10T08:56:52+09:00","ディグル株式会社","開発部","ご担当者","【0→1対応】ディグル様｜UI改修を支える専門人材のご案内","開発部 ご担当者様

複数のWebサービスでUI改修や新機能追加が続き、フロントエンドのリソースが不足していませんか。

私たち株式会社レイハウオリは、Web領域を中心に、ITリソースや専門人材が不足しているお客様を支援しています。
社内には、エンジニア・デザイナー・ディレクター・PMなど、各分野のエキスパートが在籍しています。
「何を作ればいいのかわからない」「IT周りをまとめて任せたい」といった0→1のご相談から、「社員の退職に伴うリソース不足を補いたい」といったSESのご要望まで、課題やフェーズに応じて幅広く対応しています。

刷新を後回しにするほど改修コストは積み上がります。

ご興味があれば、ご返信ください。

株式会社Lei Hau'oli
（tel）050-5497-3411
（mail）ml.account-sales@leihauoli.com","370","79","79","80","90","合成","0","- モード: 合成 - 部品ごとの採用元: ①件名=closer（社名＋課題語）＋opener（数字40名）②宛名＋冒頭=closer ③課題提示=opener ④自社紹介＋USP=opener ⑤FAB+E=opener／closer ⑥なぜ今=closer＋replier ⑦CTA=replier（低ハードル返信）＋closer（15分の使い道）⑧署名=共通 - opener: 課題仮説の翻訳","修正パス(2026-09-18)"
"2026-09-10T08:53:55+09:00","株式会社TalentX","開発部","ご担当者","【15分】TalentX様のフロントエンド増員、体制のご相談","開発部 ご担当者様

複数プロダクトのUI改修と新機能開発が同時に走り、フロントエンド要員が不足しているのではないでしょうか。

私たち株式会社レイハウオリは、Web領域を中心に、ITリソースや専門人材が不足しているお客様を支援しています。
社内には、エンジニア・デザイナー・ディレクター・PMなど、各分野のエキスパートが在籍しています。
「何を作ればいいのかわからない」「IT周りをまとめて任せたい」といった0→1のご相談から、「社員の退職に伴うリソース不足を補いたい」といったSESのご要望まで、課題やフェーズに応じて幅広く対応しています。

先送りするほど負荷は積み上がります。ご興味あれば本フォームへご返信ください。15分で状況を整理します。

株式会社Lei Hau'oli
（tel）050-5497-3411
（mail）ml.account-sales@leihauoli.com","384","77","82","85","90","合成","0","- モード: 合成 - 部品ごとの採用元: ①件名=closer（社名＋数字）を短縮 ②冒頭2行=replier ③課題提示=replier ④自社紹介＋USP=closer ⑤FAB+E＋実績=closer＋replier（設立年） ⑥なぜ今=closer ⑦CTA=replier（closerの「決裁者と15分」を後段に接続） ⑧署名=共通 - opener: 件名に課題仮説の核心ワードを載せ","修正パス(2026-09-18)"
"2026-09-10T08:57:09+09:00","クロノス株式会社","開発部","ご担当者","【0→1からSESまで】クロノス様のUI改修とレガシー刷新の並走に","開発部 ご担当者様

複数プロダクトを内製で運営される中、UI改修とレガシー刷新の負荷の偏りにお困りではないでしょうか。

私たち株式会社レイハウオリは、Web領域を中心に、ITリソースや専門人材が不足しているお客様を支援しています。
社内には、エンジニア・デザイナー・ディレクター・PMなど、各分野のエキスパートが在籍しています。
「何を作ればいいのかわからない」「IT周りをまとめて任せたい」といった0→1のご相談から、「社員の退職に伴うリソース不足を補いたい」といったSESのご要望まで、課題やフェーズに応じて幅広く対応しています。

要望を溜めるほど、改修の遅延は積み上がります。

ご興味があれば、このフォームにご返信ください。

株式会社Lei Hau'oli
（tel）050-5497-3411
（mail）ml.account-sales@leihauoli.com","376","78","81","86","89","合成","0","- モード: 合成 - 部品ごとの採用元: ①件名=closer（社名入り）＋replierの課題語を接合 ②宛名＝共通形 ③冒頭・課題提示=replier ④自社紹介＋USP=closer ⑤FAB+E＝closer（技術スタック・実績）＋openerの「品質基準ごと参画」 ⑥なぜ今=closer＋openerの「要望を溜めるほど」 ⑦CTA=replier（4文字返信）をフォーム表記に修正 ⑧","修正パス(2026-09-18)"
"2026-09-10T08:58:10+09:00","株式会社エヌ・エイ・シー","開発部","ご担当者","【レガシー刷新×新機能開発の並走に】0→1からSESまで幅広く対応","開発部 ご担当者様

大規模UIを内製で抱え、レガシー刷新と新機能開発の並走で人手が足りない状態ではないでしょうか。

私たち株式会社レイハウオリは、Web領域を中心に、ITリソースや専門人材が不足しているお客様を支援しています。
社内には、エンジニア・デザイナー・ディレクター・PMなど、各分野のエキスパートが在籍しています。
「何を作ればいいのかわからない」「IT周りをまとめて任せたい」といった0→1のご相談から、「社員の退職に伴うリソース不足を補いたい」といったSESのご要望まで、課題やフェーズに応じて幅広く対応しています。

年度後半の今こそ、リソース配分の見直し好機です。

ご興味があれば、このフォームにご返信ください。

株式会社Lei Hau'oli
（tel）050-5497-3411
（mail）ml.account-sales@leihauoli.com","375","86","85","87","94","合成","0","- モード: 合成 - 部品ごとの採用元: ①件名=opener ②宛名＋冒頭2行=replier ③課題提示=replier ④自社紹介＋USP=closer ⑤FAB+E＋実績=closer ⑥なぜ今=closer ⑦CTA=replier ⑧署名=closer - opener: 件名が「レガシー刷新×新機能開発の並走」と課題仮説の固有ワードを直入れし転送判断が一瞬で済む。一方で本文が説明的","修正パス(2026-09-18)"
"2026-09-10T09:00:28+09:00","クラリベイト・アナリティクス・ジャパン株式会社","開発部","ご担当者","【SaaS管理画面向け】0→1の相談からSESまで対応","開発部 ご担当者様

管理画面のフロントエンド改修がバックログに積み上がっていないでしょうか。

私たち株式会社レイハウオリは、Web領域を中心に、ITリソースや専門人材が不足しているお客様を支援しています。
社内には、エンジニア・デザイナー・ディレクター・PMなど、各分野のエキスパートが在籍しています。
「何を作ればいいのかわからない」「IT周りをまとめて任せたい」といった0→1のご相談から、「社員の退職に伴うリソース不足を補いたい」といったSESのご要望まで、課題やフェーズに応じて幅広く対応しています。

年度後半は新規要望が増える時期です。

ご興味があれば、このフォームにご返信ください。

株式会社Lei Hau'oli
（tel）050-5497-3411
（mail）ml.account-sales@leihauoli.com","358","75","80","84","89","合成","0","- モード: 合成 - 部品ごとの採用元: ①件名=opener（短縮）／②宛名＋冒頭2行=opener（A3を修正）／③課題提示=opener＋replier／④自社紹介＋USP=closer＋replier／⑤FAB+E＋実績=closer（Evidenceはreplierの「国内最大級の美容予約サービス」を移植）／⑥なぜ今=closer「年度後半は新規要望が増える」＋replier「今組める","修正パス(2026-09-18)"
"2026-09-10T09:00:24+09:00","株式会社アシロ","開発部","ご担当者","【複数プロダクト内製開発向け】0→1から伴走支援、専門人材で補完","開発部 ご担当者様

複数プロダクトの内製UI開発で、フロントエンドの手が不足していませんか。

改修要望を先送りすると遅延と機会損失が広がります。

私たち株式会社レイハウオリは、Web領域を中心に、ITリソースや専門人材が不足しているお客様を支援しています。
社内には、エンジニア・デザイナー・ディレクター・PMなど、各分野のエキスパートが在籍しています。
「何を作ればいいのかわからない」「IT周りをまとめて任せたい」といった0→1のご相談から、「社員の退職に伴うリソース不足を補いたい」といったSESのご要望まで、課題やフェーズに応じて幅広く対応しています。

ご興味があれば、このフォームにご返信ください。

株式会社Lei Hau'oli
（tel）050-5497-3411
（mail）ml.account-sales@leihauoli.com","365","76","81","73","91","合成","0","- モード: 合成（§4規定「該当箇所を除去すれば素材としては使ってよい」に基づき、失格2案も部品としては採用） - 部品ごとの採用元: ①件名=opener（短縮） ②宛名＋冒頭2行=opener ③課題提示=opener＋replier ④自社紹介＋USP=replier（正しい数字表現）＋closer（USPの言い切り） ⑤FAB+E＋実績=closer ⑥なぜ今=opener（機会損失）＋","修正パス(2026-09-18)"
"2026-09-10T08:57:49+09:00","株式会社ABEJA","開発部","ご担当者","【レガシー刷新と新機能開発の並走に】15分で体制のご相談","開発部 ご担当者様

AIサービスなど複数プロダクトの大規模UIをレガシー刷新と新機能開発で並走させ、負荷が偏っていませんか。

私たち株式会社レイハウオリは、Web領域を中心に、ITリソースや専門人材が不足しているお客様を支援しています。
社内には、エンジニア・デザイナー・ディレクター・PMなど、各分野のエキスパートが在籍しています。
「何を作ればいいのかわからない」「IT周りをまとめて任せたい」といった0→1のご相談から、「社員の退職に伴うリソース不足を補いたい」といったSESのご要望まで、課題やフェーズに応じて幅広く対応しています。

年度後半のリリース計画が固まる今、体制整備の好機です。ご返信にて15分のご都合をお知らせください。

株式会社Lei Hau'oli
（tel）050-5497-3411
（mail）ml.account-sales@leihauoli.com","382","84","82","80","92","合成","0","- モード: 合成 - 部品ごとの採用元: ①件名=opener（+replierの「1名から常駐」を接合） ②宛名＋冒頭2行=opener ③パーソナライズ=opener＋replier（「AIサービスなど複数プロダクト」） ④自社紹介＋USP=closer（1文目のUSP言い切り） ⑤FAB+E＋実績=closer＋opener（品質基準ごと） ⑥なぜ今=closer（年度後半のリリース計画）","修正パス(2026-09-18)"
"2026-09-10T09:01:05+09:00","株式会社ギフトパッド","開発部","ご担当者","【0→1のご相談も】複数プロダクトのUI改修と新機能、両立できていますか","開発部 ご担当者様

複数プロダクトを内製で抱える御社では、UI改修と新機能開発の両立に苦労されていませんか。

私たち株式会社レイハウオリは、Web領域を中心に、ITリソースや専門人材が不足しているお客様を支援しています。
社内には、エンジニア・デザイナー・ディレクター・PMなど、各分野のエキスパートが在籍しています。
「何を作ればいいのかわからない」「IT周りをまとめて任せたい」といった0→1のご相談から、「社員の退職に伴うリソース不足を補いたい」といったSESのご要望まで、課題やフェーズに応じて幅広く対応しています。

放置すればバックログは積み上がり続けます。

ご興味があれば本メールにご返信ください。

株式会社Lei Hau'oli
（tel）050-5497-3411
（mail）ml.account-sales@leihauoli.com","366","83","85","81","89","合成","0","- モード: 合成 - 部品ごとの採用元: ①件名=replier（【】＋数字＋問いかけ）に opener の「複数プロダクト」を注入 ②宛名＋冒頭2行=replier ③課題提示=replier ④自社紹介＋USP=closer ⑤FAB+E＋実績=closer ⑥なぜ今=replier（バックログ／刷新コスト膨張） ⑦CTA=replier の「詳細希望」返信＋closer の15分を後続案内","修正パス(2026-09-18)"
"2026-09-10T13:34:51+09:00","FIRST DEVELOP株式会社","開発部","ご担当者","【フロントエンド負荷】複数プロダクト並走の課題、15分で情報交換しませんか","開発部 ご担当者様

複数プロダクトを内製チームで抱え、フロントエンド担当の手が足りていないのではないでしょうか。

私たち株式会社レイハウオリは、Web領域を中心に、ITリソースや専門人材が不足しているお客様を支援しています。
社内には、エンジニア・デザイナー・ディレクター・PMなど、各分野のエキスパートが在籍しています。
「何を作ればいいのかわからない」「IT周りをまとめて任せたい」といった0→1のご相談から、「社員の退職に伴うリソース不足を補いたい」といったSESのご要望まで、課題やフェーズに応じて幅広く対応しています。

下期の新機能開発が本格化する前が分岐点です。

ご興味があれば、このフォームにご返信ください。

株式会社Lei Hau'oli
（tel）050-5497-3411
（mail）ml.account-sales@leihauoli.com","372","85","86","84","93","合成","0","- モード: 合成 - 部品ごとの採用元: ①件名=replier（【】内に「約40名」を置き、開封面で数字が最初に目に入る。opener案は件名が長く受信一覧で末尾が切れるリスクが高い） ②宛名＋冒頭2行=replier ③パーソナライズ／課題提示=replier ④自社紹介＋USP=closer（「内製を増員せずに刷新と新機能開発を並走できる」がUSPとして最も言い切れている） ⑤FAB+E＋","修正パス(2026-09-18)"
"2026-09-10T08:54:05+09:00","富士フイルム医療ソリューションズ株式会社","開発部","ご担当者","【複数プロダクトのUI改修と新機能開発】体制を15分で整理","開発部 ご担当者様

医療系の複数プロダクトでUI改修と新機能開発が並行し、フロントエンドの手が足りないのではないでしょうか。表示品質への要求が高く、放置はリスクです。

私たち株式会社レイハウオリは、Web領域を中心に、ITリソースや専門人材が不足しているお客様を支援しています。
社内には、エンジニア・デザイナー・ディレクター・PMなど、各分野のエキスパートが在籍しています。
「何を作ればいいのかわからない」「IT周りをまとめて任せたい」といった0→1のご相談から、「社員の退職に伴うリソース不足を補いたい」といったSESのご要望まで、課題やフェーズに応じて幅広く対応しています。

15分程度で体制案をご案内します。ご興味があれば、このフォームにご返信ください。

株式会社Lei Hau'oli
（tel）050-5497-3411
（mail）ml.account-sales@leihauoli.com","394","79","83","85","91","合成","0","- モード: 合成 - 部品ごとの採用元: ①件名=closer（骨格）＋opener（「複数プロダクトのUI改修」の具体語） ②宛名＋冒頭2行=replier ③パーソナライズ／課題提示=replier ④自社紹介＋USP=closer（USP文言は§4原文に寄せて再構成） ⑤FAB+E＝closer ⑥なぜ今=closer（医療系の表示品質・信頼性要求→遅延が利用者体験に直結） ⑦CTA=cl","修正パス(2026-09-18)"
"2026-09-10T09:01:07+09:00","株式会社Leaner Technologies","開発部","ご担当者","【Leaner Technologies様】バックログ解消の道筋を15分で","開発部 ご担当者様

顧客要望による機能追加でレガシー刷新の改修がバックログに積み上がっていませんか。

私たち株式会社レイハウオリは、Web領域を中心に、ITリソースや専門人材が不足しているお客様を支援しています。
社内には、エンジニア・デザイナー・ディレクター・PMなど、各分野のエキスパートが在籍しています。
「何を作ればいいのかわからない」「IT周りをまとめて任せたい」といった0→1のご相談から、「社員の退職に伴うリソース不足を補いたい」といったSESのご要望まで、課題やフェーズに応じて幅広く対応しています。

下期の新機能開発が本格化する前に、15分程度で道筋を整理させてください。本メールへのご返信で日程をお知らせください。

株式会社Lei Hau'oli
（tel）050-5497-3411
（mail）ml.account-sales@leihauoli.com","379","79","86","89","94","合成","0","- モード: 合成 - 部品ごとの採用元: ①件名=closer（社名冒頭）＋replier（数字「40」を追加し開封力を補強） ②宛名＋冒頭2行=replier ③パーソナライズ／課題提示=replier ④自社紹介＋USP=closer ⑤FAB+E＋実績=closer（実績表記は§4準拠に訂正） ⑥なぜ今=replier ⑦CTA=closer ⑧署名=共通 - opener: 件名に課題仮","修正パス(2026-09-18)"
"2026-09-10T09:04:05+09:00","株式会社エスイーアーキテクト","開発部","ご担当者","【複数プロダクト内製企業向け】0→1から支える開発リソース不足解消","開発部 ご担当者様

複数プロダクトの大規模UIを内製で抱え、開発リソースが不足しやすいのではないでしょうか。

私たち株式会社レイハウオリは、Web領域を中心に、ITリソースや専門人材が不足しているお客様を支援しています。
社内には、エンジニア・デザイナー・ディレクター・PMなど、各分野のエキスパートが在籍しています。
「何を作ればいいのかわからない」「IT周りをまとめて任せたい」といった0→1のご相談から、「社員の退職に伴うリソース不足を補いたい」といったSESのご要望まで、課題やフェーズに応じて幅広く対応しています。

年末に向けて改修要望が積み上がる前に、早めの着手が効きます。ご興味があれば、ご返信ください。

株式会社Lei Hau'oli
（tel）050-5497-3411
（mail）ml.account-sales@leihauoli.com","371","79","72","82","88","合成","0","- モード: 合成 - 部品ごとの採用元: ①件名=opener（「専任」→「専門」に修正） ②宛名＋冒頭2行=opener ③パーソナライズ／課題提示=opener ④自社紹介＋USP=opener＋closer（2008年設立＋約40名＋1名からチーム単位） ⑤FAB+E＋実績=closer（設計〜運用改善／開発フロー合流／美容予約サービス／大規模BtoC品質基準） ⑥なぜ今=closer（年","修正パス(2026-09-18)"
"2026-09-10T13:34:53+09:00","CTW株式会社","開発部","ご担当者","【CTW株式会社様】0→1のご相談から並走支援","開発部 ご担当者様

複数のSaaS/ASPプロダクトを運営される御社では、フロントエンドのリソース不足が課題ではないでしょうか。

私たち株式会社レイハウオリは、Web領域を中心に、ITリソースや専門人材が不足しているお客様を支援しています。
社内には、エンジニア・デザイナー・ディレクター・PMなど、各分野のエキスパートが在籍しています。
「何を作ればいいのかわからない」「IT周りをまとめて任せたい」といった0→1のご相談から、「社員の退職に伴うリソース不足を補いたい」といったSESのご要望まで、課題やフェーズに応じて幅広く対応しています。

下期の体制構築が年末のリリース数を左右します。

ご興味があれば、本フォームへご返信ください。

株式会社Lei Hau'oli
（tel）050-5497-3411
（mail）ml.account-sales@leihauoli.com","380","80","84","82","93","合成","0","- モード: 合成 - 部品ごとの採用元: ①件名=closer（社名【】）＋opener（役割ワード） ②宛名＝3案共通 ③パーソナライズ／課題提示=replier ④自社紹介＋USP=closer ⑤FAB+E＋実績=closer（replierの「コア機能に集中」を接続） ⑥なぜ今=replier ⑦CTA=closer（15分の論点提示）＋replier（返信1アクション） ⑧署名=clo","修正パス(2026-09-18)"
"2026-09-10T13:36:32+09:00","株式会社リアークスファインド","開発部","ご担当者","【不動産賃貸・仲介SaaS向け】管理画面改修のバックログ解消、15分で現状整理","開発部 ご担当者様

不動産賃貸・仲介SaaSを複数プロダクトで展開される貴社では、管理画面改修のバックログが積み上がっていないでしょうか。
機能追加が続くほど改修負荷は積み上がります。

私たち株式会社レイハウオリは、Web領域を中心に、ITリソースや専門人材が不足しているお客様を支援しています。
社内には、エンジニア・デザイナー・ディレクター・PMなど、各分野のエキスパートが在籍しています。
「何を作ればいいのかわからない」「IT周りをまとめて任せたい」といった0→1のご相談から、「社員の退職に伴うリソース不足を補いたい」といったSESのご要望まで、課題やフェーズに応じて幅広く対応しています。

15分程度お話しできればと存じます。

株式会社Lei Hau'oli
（tel）050-5497-3411
（mail）ml.account-sales@leihauoli.com","380","83","82","82","92","合成","0","- モード: 合成 - 部品ごとの採用元: ①件名=opener ②宛名＋冒頭=opener ③課題提示=replier ④自社紹介＋USP=closer ⑤FAB+E＋実績=closer（＋openerの「2008年設立」） ⑥なぜ今=closer ⑦CTA=opener（replierの摩擦低減発想を反映し「返信」1動作に固定） ⑧署名=共通 - opener: 件名に「不動産賃貸・仲介Saa","修正パス(2026-09-18)"
"2026-09-10T13:36:43+09:00","キッコーマンバイオケミファ株式会社","情報システム部","ご担当者","【医療機器メーカー様へ】専任者不在の開発課題を0→1から支援","情報システム部 ご担当者様

貴社では、フロントエンドの専任者が不在で、外注先ごとに品質がばらつくといった課題はないでしょうか。

私たち株式会社レイハウオリは、Web領域を中心に、ITリソースや専門人材が不足しているお客様を支援しています。
社内には、エンジニア・デザイナー・ディレクター・PMなど、各分野のエキスパートが在籍しています。
「何を作ればいいのかわからない」「IT周りをまとめて任せたい」といった0→1のご相談から、「社員の退職に伴うリソース不足を補いたい」といったSESのご要望まで、課題やフェーズに応じて幅広く対応しています。

年度後半の計画が固まる前の今なら間に合います。このフォームにご返信ください。

株式会社Lei Hau'oli
（tel）050-5497-3411
（mail）ml.account-sales@leihauoli.com","372","85","81","83","90","合成","0","- モード: 合成 - 部品ごとの採用元: ①件名=opener（短縮）②宛名＋冒頭2行=closer（「医療機器を手がける貴社では」の業種明示）③課題提示=replier（「専任者不在／品質ばらつき／並走で平準化できない」の社内語への翻訳）④自社紹介＋USP=closer＋opener（「エンジニアだけで約40名」の“〜だけ”表現）⑤FAB+E=closer（直請け＋美容予約サービス）＋repl","修正パス(2026-09-18)"
"2026-09-10T13:37:23+09:00","株式会社アローリンク","開発部","ご担当者","【15分で相談】複数プロダクトのUI刷新と新機能開発を止めない体制作り","開発部 ご担当者様

複数のWebサービスを運営される御社では、UI改修と新機能開発の要望が重なっていないでしょうか。
放置するほど負荷が積み上がり、リリース遅延に波及します。

私たち株式会社レイハウオリは、Web領域を中心に、ITリソースや専門人材が不足しているお客様を支援しています。
社内には、エンジニア・デザイナー・ディレクター・PMなど、各分野のエキスパートが在籍しています。
「何を作ればいいのかわからない」「IT周りをまとめて任せたい」といった0→1のご相談から、「社員の退職に伴うリソース不足を補いたい」といったSESのご要望まで、課題やフェーズに応じて幅広く対応しています。

15分ほどお話しませんか。ご興味があればご返信ください。

株式会社Lei Hau'oli
（tel）050-5497-3411
（mail）ml.account-sales@leihauoli.com","385","77","83","83","92","合成","0","- モード: 合成 - 部品ごとの採用元: ①件名=closer（【エンジニア約40名】の具体数字）＋opener（課題ワード「レガシー刷新／新機能開発」）を短縮統合 ②宛名＋冒頭=replier ③パーソナライズ／課題提示=replier ④自社紹介＋USP=closer（「数少ない」除去）＋replier（技術スタック） ⑤FAB+E＝closer ⑥なぜ今=replier＋closer統合 ","修正パス(2026-09-18)"
"2026-09-10T13:38:32+09:00","株式会社ブリーズシェアード","開発部","ご担当者","【開発リソース不足】複数プロダクト・大規模UIの開発体制を0→1から支援","開発部 ご担当者様

複数のプロダクトと大規模UIを内製チームで抱え、レガシー刷新と新機能開発の並走でリソースが逼迫していませんか。

私たち株式会社レイハウオリは、Web領域を中心に、ITリソースや専門人材が不足しているお客様を支援しています。
社内には、エンジニア・デザイナー・ディレクター・PMなど、各分野のエキスパートが在籍しています。
「何を作ればいいのかわからない」「IT周りをまとめて任せたい」といった0→1のご相談から、「社員の退職に伴うリソース不足を補いたい」といったSESのご要望まで、課題やフェーズに応じて幅広く対応しています。

下期の開発計画を固める今、分担先の検討をおすすめします。

ご興味があれば、ご返信ください。

株式会社Lei Hau'oli
（tel）050-5497-3411
（mail）ml.account-sales@leihauoli.com","380","84","85","83","93","合成","0","- モード: 合成 - 部品ごとの採用元: ①件名=opener（キーワード）＋closer（「1名から」）を圧縮合成 ②宛名＋冒頭2行=opener ③課題提示=opener ④自社紹介＋USP=replier（「約40名の9割」「直請け」）＋closer（「1名からチーム単位で供給できるのが強み」） ⑤FAB+E=opener＋replier ⑥なぜ今=replier（下期計画を固める前） ⑦","修正パス(2026-09-18)"
"2026-09-10T13:38:50+09:00","株式会社クラフ","技術部","ご担当者","【0→1からSESまで】セキュリティ専任エンジニアをUI実装から解放する","技術部 ご担当者様

セキュリティ専任エンジニアがUI実装まで抱え、刷新と新機能開発が同時に詰まっていませんか。

私たち株式会社レイハウオリは、Web領域を中心に、ITリソースや専門人材が不足しているお客様を支援しています。
社内には、エンジニア・デザイナー・ディレクター・PMなど、各分野のエキスパートが在籍しています。
「何を作ればいいのかわからない」「IT周りをまとめて任せたい」といった0→1のご相談から、「社員の退職に伴うリソース不足を補いたい」といったSESのご要望まで、課題やフェーズに応じて幅広く対応しています。

今期のロードマップ策定は今が好機です。ご興味があればご返信ください。

株式会社Lei Hau'oli
（tel）050-5497-3411
（mail）ml.account-sales@leihauoli.com","360","82","84","75","90","合成","0","- モード: 合成（opener + replier の2案から再構成。closerは絶対条件A1違反のため素材から除外） - 部品ごとの採用元: ①件名=replier【】部＋openerフレーズ ②冒頭2行=replier ③課題提示=replier ④自社紹介=replier（2008年設立）＋opener（技術スタック・40名） ⑤USP＋FAB+E=opener ⑥なぜ今=replier","修正パス(2026-09-18)"
"2026-09-10T13:39:11+09:00","株式会社ジラフ","開発部","ご担当者","【15分で完了】複数プロダクトを運用中の開発部様へ","開発部 ご担当者様

複数プロダクトを内製チームで運用される御社の開発体制についてご連絡しました。

私たち株式会社レイハウオリは、Web領域を中心に、ITリソースや専門人材が不足しているお客様を支援しています。
社内には、エンジニア・デザイナー・ディレクター・PMなど、各分野のエキスパートが在籍しています。
「何を作ればいいのかわからない」「IT周りをまとめて任せたい」といった0→1のご相談から、「社員の退職に伴うリソース不足を補いたい」といったSESのご要望まで、課題やフェーズに応じて幅広く対応しています。

負荷は放置するほど積み上がります。ご返信にて15分ほどお時間いただけますでしょうか。

株式会社Lei Hau'oli
（tel）050-5497-3411
（mail）ml.account-sales@leihauoli.com","361","76","84","82","90","合成","0","- モード: 合成 - 部品ごとの採用元: ①件名=replier ②宛名＋冒頭2行=replier ③課題提示=replier（opener の「並走」観点を吸収） ④自社紹介＋USP=closer ⑤FAB+E=closer ⑥なぜ今=closer（「今期後半の開発計画が固まる前に」） ⑦CTA=closer（15分）＋replier の返信一本化を融合 ⑧署名=共通 - opener: 課題","修正パス(2026-09-18)"
"2026-09-10T13:40:19+09:00","株式会社ステップITソリューション","開発部","ご担当者","【0→1〜SES】複数プロダクトのUI改修と新機能開発、繁忙期の増員相談","開発部 ご担当者様

複数プロダクトのUI改修と新機能開発を同じ内製メンバーで回し、繁忙期の増員が間に合わない状況ではないでしょうか。

私たち株式会社レイハウオリは、Web領域を中心に、ITリソースや専門人材が不足しているお客様を支援しています。
社内には、エンジニア・デザイナー・ディレクター・PMなど、各分野のエキスパートが在籍しています。
「何を作ればいいのかわからない」「IT周りをまとめて任せたい」といった0→1のご相談から、「社員の退職に伴うリソース不足を補いたい」といったSESのご要望まで、課題やフェーズに応じて幅広く対応しています。

下期の体制を組む今が節目です。

ご興味があれば、ご返信ください。

株式会社Lei Hau'oli
（tel）050-5497-3411
（mail）ml.account-sales@leihauoli.com","368","85","89","83","94","合成","0","- モード: 合成 - 部品ごとの採用元: ①件名=opener（固有ワード）＋replier（「1名から」の数字）を統合 ②宛名＋冒頭2行=replier ③パーソナライズ／課題提示=replier＋opener（「受託開発とソーシャルゲーム」の固有名詞）④自社紹介＋USP=closer（USPを1文で言い切る構文）⑤FAB+E=closer ⑥なぜ今=closer（機会損失）＋replier（","修正パス(2026-09-18)"
"2026-09-10T13:39:46+09:00","X Corp.Japan株式会社","開発部","ご担当者","【0→1からSESまで】クライアント案件の要員不足を解消します","開発部 ご担当者様

複数プロダクトの大規模UIを内製で抱え、レガシー刷新と新機能開発の並走で負荷が偏りがちではないでしょうか。

私たち株式会社レイハウオリは、Web領域を中心に、ITリソースや専門人材が不足しているお客様を支援しています。
社内には、エンジニア・デザイナー・ディレクター・PMなど、各分野のエキスパートが在籍しています。
「何を作ればいいのかわからない」「IT周りをまとめて任せたい」といった0→1のご相談から、「社員の退職に伴うリソース不足を補いたい」といったSESのご要望まで、課題やフェーズに応じて幅広く対応しています。

下期の計画を固めるこの時期を逃すと負荷はさらに膨らみます。

ご興味があれば、ご返信ください。

株式会社Lei Hau'oli
（tel）050-5497-3411
（mail）ml.account-sales@leihauoli.com","379","84","84","85","91","合成","0","- モード: 合成 - 部品ごとの採用元: ①件名=closer(【約40名】の信頼数字)＋opener(「クライアント案件の要員不足」の痛点語)のハイブリッド ②宛名＋冒頭=replier ③課題提示=replier ④自社紹介＋USP=opener(設立年)＋closer(技術スタック) ⑤FAB+E=replier(開発フローをそのまま持ち込む)＋opener(即戦力確保) ⑥なぜ今=clo","修正パス(2026-09-18)"
"2026-09-10T13:41:56+09:00","株式会社ダブルクロップ","開発部","ご担当者","【0→1からSESまで】複数プロダクトの開発負荷を解消","開発部 ご担当者様

複数プロダクトの大規模UIを内製で抱え、フロントエンドの手が足りない場面が増えていませんか。

下期の開発計画を固める今が対応の好機です。

私たち株式会社レイハウオリは、Web領域を中心に、ITリソースや専門人材が不足しているお客様を支援しています。
社内には、エンジニア・デザイナー・ディレクター・PMなど、各分野のエキスパートが在籍しています。
「何を作ればいいのかわからない」「IT周りをまとめて任せたい」といった0→1のご相談から、「社員の退職に伴うリソース不足を補いたい」といったSESのご要望まで、課題やフェーズに応じて幅広く対応しています。

ご興味があれば、このメールにご返信ください。

株式会社Lei Hau'oli
（tel）050-5497-3411
（mail）ml.account-sales@leihauoli.com","370","84","87","86","94","合成","0","- モード: 合成 - 部品ごとの採用元: ①件名=replier ②宛名＋冒頭2行=replier ③パーソナライズ／課題提示=replier（openerの「クライアント案件の供給不足」を統合） ④自社紹介＋USP=closer ⑤FAB+E＋実績=closer（replierの「2008年設立」を加算） ⑥なぜ今=replier（下期計画）＋closer（遅延蓄積）を1文に圧縮 ⑦CTA=c","修正パス(2026-09-18)"
"2026-09-10T13:42:31+09:00","株式会社TimeTree","開発部","ご担当者","【15分】TimeTree開発部様へ 体制強化のご相談","開発部 ご担当者様

TimeTreeでは複数プロダクトの大規模UIで、新機能開発と刷新の並走にお悩みではないでしょうか。

私たち株式会社レイハウオリは、Web領域を中心に、ITリソースや専門人材が不足しているお客様を支援しています。
社内には、エンジニア・デザイナー・ディレクター・PMなど、各分野のエキスパートが在籍しています。
「何を作ればいいのかわからない」「IT周りをまとめて任せたい」といった0→1のご相談から、「社員の退職に伴うリソース不足を補いたい」といったSESのご要望まで、課題やフェーズに応じて幅広く対応しています。

年末に向けUI改修要望が増える前の今、体制のご相談です。
ご興味あれば、本メールにご返信ください。

株式会社Lei Hau'oli
（tel）050-5497-3411
（mail）ml.account-sales@leihauoli.com","379","79","84","84","93","合成","0","- モード: 合成 - 部品ごとの採用元: ①件名=replier（社名＋数字で自社宛て感が最強）②宛名＋冒頭2行=replier ③パーソナライズ／課題提示=replier（担当者の口調への翻訳）④自社紹介＋USP=closer（USPを言い切り）⑤FAB+E＋実績=closer＋opener（技術スタックはopener、品質基準の持込みはcloser）⑥なぜ今=replier＋closer（年","修正パス(2026-09-18)"
"2026-09-10T13:42:53+09:00","AI inside株式会社","開発部","ご担当者","【AI inside様向け】複数プロダクト並走の負荷を、0→1体制で解消","開発部 ご担当者様

AI inside様は複数のクラウド・SaaSを展開され、大規模UIを内製で運用されていらっしゃいます。

私たち株式会社レイハウオリは、Web領域を中心に、ITリソースや専門人材が不足しているお客様を支援しています。
社内には、エンジニア・デザイナー・ディレクター・PMなど、各分野のエキスパートが在籍しています。
「何を作ればいいのかわからない」「IT周りをまとめて任せたい」といった0→1のご相談から、「社員の退職に伴うリソース不足を補いたい」といったSESのご要望まで、課題やフェーズに応じて幅広く対応しています。

並走の負荷は、先送りするほど蓄積します。

ご興味があれば、ご返信ください。

株式会社Lei Hau'oli
（tel）050-5497-3411
（mail）ml.account-sales@leihauoli.com","368","80","83","89","95","合成","0","- モード: 合成 - 部品ごとの採用元: ①件名=closer（社名入りで開封力最上位、数字「1名」あり） ②宛名＋冒頭2行=closer ③パーソナライズ／課題提示=replier（事業内容「クラウド・SaaS」＋課題仮説の翻訳）＋opener（並走の負荷平準化） ④自社紹介＋USP=closer（USP言い切り、ただし「私どもだけです」は「フロントエンド特化の私どもだけです」と特化条件を明示","修正パス(2026-09-18)"
"2026-09-10T13:44:18+09:00","デンケン・ハイデンタル株式会社","情報システム部","ご担当者","【製品サイト×社内システムのWeb化】外注品質のばらつきを解消する0→1支援","情報システム部 ご担当者様

製品情報サイトや社内システムのWeb化を進めたくても、フロント専任者が社内にいない状況ではないでしょうか。

私たち株式会社レイハウオリは、Web領域を中心に、ITリソースや専門人材が不足しているお客様を支援しています。
社内には、エンジニア・デザイナー・ディレクター・PMなど、各分野のエキスパートが在籍しています。
「何を作ればいいのかわからない」「IT周りをまとめて任せたい」といった0→1のご相談から、「社員の退職に伴うリソース不足を補いたい」といったSESのご要望まで、課題やフェーズに応じて幅広く対応しています。

外注先切り替えのたびに、共有コストが積み上がります。ご興味があれば、ご返信ください。

株式会社Lei Hau'oli
（tel）050-5497-3411
（mail）ml.account-sales@leihauoli.com","380","76","82","87","90","合成","0","- モード: **合成** - 部品ごとの採用元: ①件名=opener（創作箇所を含まないため無傷で採用）／②宛名＋冒頭2行=replier（「医療機器メーカーとして」で業種を明示）／③パーソナライズ・課題提示=replier／④自社紹介＋USP=closer（「約40名を1名からチーム単位で常駐させる開発支援会社」の一文でQ2とQ6を同時に処理）／⑤FAB+E=closer／⑥なぜ今=repl","修正パス(2026-09-18)"
"2026-09-10T13:43:07+09:00","株式会社カナリー","開発部","ご担当者","【15分で相談可能】複数プロダクトのUI改修と新機能開発、並走できていますか","開発部 ご担当者様

複数プロダクトのUI改修と新機能開発を、開発部だけで並走させるのは負荷が大きいはずです。

私たち株式会社レイハウオリは、Web領域を中心に、ITリソースや専門人材が不足しているお客様を支援しています。
社内には、エンジニア・デザイナー・ディレクター・PMなど、各分野のエキスパートが在籍しています。
「何を作ればいいのかわからない」「IT周りをまとめて任せたい」といった0→1のご相談から、「社員の退職に伴うリソース不足を補いたい」といったSESのご要望まで、課題やフェーズに応じて幅広く対応しています。

年度後半は改修要望が積み上がる時期です。

15分、ご都合を返信で教えてください。

株式会社Lei Hau'oli
（tel）050-5497-3411
（mail）ml.account-sales@leihauoli.com","364","81","83","78","89","合成","0","- モード: 合成 - 部品ごとの採用元: ①件名=opener（権威数字）＋replier（問いかけ型）のハイブリッド ②宛名＋冒頭=opener ③パーソナライズ／課題提示=replier ④自社紹介＋USP=replier ⑤FAB+E＋実績=opener／replier ⑥なぜ今=closer（季節性）＋replier（採用リードタイム） ⑦CTA=opener（15分情報交換）＋repl","修正パス(2026-09-18)"
"2026-09-10T13:45:34+09:00","株式会社東京通信グループ","開発部","ご担当者","【複数プロダクト×大規模UI改修に】15分で貴社の負荷配分を整理","開発部 ご担当者様

複数プロダクトのUI改修と新機能開発を内製チームで並走させ、フロントエンドの負荷が平準化できずにいませんか。

私たち株式会社レイハウオリは、Web領域を中心に、ITリソースや専門人材が不足しているお客様を支援しています。
社内には、エンジニア・デザイナー・ディレクター・PMなど、各分野のエキスパートが在籍しています。
「何を作ればいいのかわからない」「IT周りをまとめて任せたい」といった0→1のご相談から、「社員の退職に伴うリソース不足を補いたい」といったSESのご要望まで、課題やフェーズに応じて幅広く対応しています。

負荷の偏りは放置するほど積み上がります。

ご興味があれば、このフォームにご返信ください。

株式会社Lei Hau'oli
（tel）050-5497-3411
（mail）ml.account-sales@leihauoli.com","378","83","67","87","90","合成","0","- モード: 合成 - 部品ごとの採用元: ①件名=opener ②宛名＋冒頭=opener（圧縮） ③課題提示=opener ④自社紹介＋USP=closer ⑤FAB+E＋実績=closer ⑥なぜ今=closer「放置するほど積み上がる」＋opener「今期の計画が固まる前」 ⑦CTA=closer（決裁者名指し＋15分） ⑧署名=opener/closer共通 - opener: 件名に相","修正パス(2026-09-18)"
"2026-09-10T13:45:52+09:00","株式会社スマートドライブ","開発部","ご担当者","【0→1支援】複数プロダクトのUI刷新と新機能開発、並走できていますか","開発部 ご担当者様

複数プロダクトのUI刷新と新機能開発の並走は、人員面で負荷が大きいかと存じます。

私たち株式会社レイハウオリは、Web領域を中心に、ITリソースや専門人材が不足しているお客様を支援しています。
社内には、エンジニア・デザイナー・ディレクター・PMなど、各分野のエキスパートが在籍しています。
「何を作ればいいのかわからない」「IT周りをまとめて任せたい」といった0→1のご相談から、「社員の退職に伴うリソース不足を補いたい」といったSESのご要望まで、課題やフェーズに応じて幅広く対応しています。

下期の開発体制を固めるこの時期を逃すと後回しになります。

ご興味があれば返信ください。

株式会社Lei Hau'oli
（tel）050-5497-3411
（mail）ml.account-sales@leihauoli.com","363","64","83","82","87","合成","0","- モード: 合成 - 部品ごとの採用元: ①件名=replier（疑問形フック）＋closer（40名の数字）②宛名＋冒頭2行=closer＋replier ③課題提示＝replier（社内の生声への翻訳）④自社紹介＋USP=closer（「フロントエンド特化の開発支援会社」で一言化を補強）⑤FAB+E=closer ⑥なぜ今=closer（機会損失の明示）⑦CTA=replier（低ハードル返","修正パス(2026-09-18)"
"2026-09-10T13:45:42+09:00","株式会社GameWith","開発部","ご担当者","【複数プロダクト】UI改修と新機能開発、フロントエンド人員のご相談(15分で相談)","開発部 ご担当者様

複数プロダクトのUI改修と新機能開発が重なり、フロントエンドの手が足りていないのではないでしょうか。

私たち株式会社レイハウオリは、Web領域を中心に、ITリソースや専門人材が不足しているお客様を支援しています。
社内には、エンジニア・デザイナー・ディレクター・PMなど、各分野のエキスパートが在籍しています。
「何を作ればいいのかわからない」「IT周りをまとめて任せたい」といった0→1のご相談から、「社員の退職に伴うリソース不足を補いたい」といったSESのご要望まで、課題やフェーズに応じて幅広く対応しています。

下期の計画が固まる前の今なら、柔軟に対応可能です。ご興味があれば、このフォームにご返信ください。

株式会社Lei Hau'oli
（tel）050-5497-3411
（mail）ml.account-sales@leihauoli.com","379","77","80","87","91","合成","0","- モード: 合成 - 部品ごとの採用元: ①件名=replier ②宛名＋冒頭2行=replier ③パーソナライズ／課題提示=replier ④自社紹介＋USP=closer＋opener（設立年・技術スタック）⑤FAB+E＋実績=closer ⑥なぜ今=replier（下期計画）＋closer（採用リードタイム）を1文に統合 ⑦CTA=replier（5文字返信の低ハードル）＋closer（","修正パス(2026-09-18)"
"2026-09-10T13:46:44+09:00","ちゅらデータ株式会社","開発部","ご担当者","【UI改修と刷新の並走にお悩みの開発部様へ】0→1のご相談からSESまで柔軟対応","開発部 ご担当者様

教育系Webサービスを複数プロダクトで運営され、UI改修と新機能の要望が同時に積み上がっていませんか。

私たち株式会社レイハウオリは、Web領域を中心に、ITリソースや専門人材が不足しているお客様を支援しています。
社内には、エンジニア・デザイナー・ディレクター・PMなど、各分野のエキスパートが在籍しています。
「何を作ればいいのかわからない」「IT周りをまとめて任せたい」といった0→1のご相談から、「社員の退職に伴うリソース不足を補いたい」といったSESのご要望まで、課題やフェーズに応じて幅広く対応しています。

着手が遅れるほど、次のリリース計画に影響します。ご興味があれば、本メールにご返信ください。

株式会社Lei Hau'oli
（tel）050-5497-3411
（mail）ml.account-sales@leihauoli.com","377","82","91","83","94","合成","0","- モード: 合成 - 部品ごとの採用元: ①件名=replier（【】内が短く数字2つ、末尾に相手属性）②宛名＋冒頭=opener（「教育系Webサービスを複数プロダクトで運営」が業態特定性最強）③課題提示=opener＋closer（「レガシー刷新と並走／フロントエンド人員が慢性的に不足」）④自社紹介＋USP=closer（「1名からチーム単位で供給できる」を第2段落頭に）⑤FAB+E=clo","修正パス(2026-09-18)"
"2026-09-10T13:46:50+09:00","株式会社L is B","開発部","ご担当者","【15分診断】複数プロダクト並走のUI刷新・レガシー刷新、負荷平準化のご相談","開発部 ご担当者様

複数のSaaSプロダクトを内製チームで抱え、UI改修が後回しになっていませんか。

私たち株式会社レイハウオリは、Web領域を中心に、ITリソースや専門人材が不足しているお客様を支援しています。
社内には、エンジニア・デザイナー・ディレクター・PMなど、各分野のエキスパートが在籍しています。
「何を作ればいいのかわからない」「IT周りをまとめて任せたい」といった0→1のご相談から、「社員の退職に伴うリソース不足を補いたい」といったSESのご要望まで、課題やフェーズに応じて幅広く対応しています。

UI要望は滞留するほど改修コストが増えます。

ご興味があれば、このフォームにご返信ください。

株式会社Lei Hau'oli
（tel）050-5497-3411
（mail）ml.account-sales@leihauoli.com","366","80","83","82","90","合成","0","- モード: 合成 - 部品ごとの採用元: ①件名=replier ②宛名＋冒頭2行=replier ③課題提示=replier ④自社紹介＋USP=closer ⑤FAB+E＋実績=closer（「別チームで動かせる」の論点のみreplier） ⑥なぜ今=closer（滞留コスト）＋replier（採用リードタイム） ⑦CTA=replier（6文字返信）＋closerの15分を1アクション内に","修正パス(2026-09-18)"
"2026-09-10T13:50:48+09:00","Sasuke Financial Lab株式会社","開発部","ご担当者","【0→1から対応】管理画面・ダッシュボードのバックログ解消","開発部 ご担当者様

管理画面・ダッシュボードのフロントエンド改修がバックログに積み上がっていませんか。

私たち株式会社レイハウオリは、Web領域を中心に、ITリソースや専門人材が不足しているお客様を支援しています。
社内には、エンジニア・デザイナー・ディレクター・PMなど、各分野のエキスパートが在籍しています。
「何を作ればいいのかわからない」「IT周りをまとめて任せたい」といった0→1のご相談から、「社員の退職に伴うリソース不足を補いたい」といったSESのご要望まで、課題やフェーズに応じて幅広く対応しています。

積み上がるほど刷新の工数もリスクも膨らみます。

ご興味があれば、ご返信ください。

株式会社Lei Hau'oli
（tel）050-5497-3411
（mail）ml.account-sales@leihauoli.com","361","83","87","78","92","合成","0","- モード: 合成 - 部品ごとの採用元: ①件名=replier（openerの「ダッシュボード」を語彙のみ移植） ②宛名＋冒頭=replier ③課題提示=replier ④自社紹介＋USP=replier（USP文言は§4準拠に修正） ⑤FAB+E=closer（品質基準の持ち込み→内製がコアに集中→リリースが止まらない） ⑥なぜ今=opener＋replier（工数・リスク膨張＋下期） ⑦","修正パス(2026-09-18)"
"2026-09-10T13:50:09+09:00","株式会社iCARE","開発部","ご担当者","【iCARE開発部様】0→1の相談からSESまで、開発体制の課題を幅広く支援","開発部 ご担当者様

複数プロダクトの内製開発とレガシー刷新の並走で、負荷が偏っていませんか。

私たち株式会社レイハウオリは、Web領域を中心に、ITリソースや専門人材が不足しているお客様を支援しています。
社内には、エンジニア・デザイナー・ディレクター・PMなど、各分野のエキスパートが在籍しています。
「何を作ればいいのかわからない」「IT周りをまとめて任せたい」といった0→1のご相談から、「社員の退職に伴うリソース不足を補いたい」といったSESのご要望まで、課題やフェーズに応じて幅広く対応しています。

着手が遅れるほど改修コストは膨らみます。ご興味があれば、ご返信ください。

株式会社Lei Hau'oli
（tel）050-5497-3411
（mail）ml.account-sales@leihauoli.com","353","80","81","80","92","合成","0","- モード: 合成 - 部品ごとの採用元: ①件名=replier（社名【iCARE開発部様】）＋opener（数字40名）／②宛名＝共通／③冒頭・課題提示=replier＋closer／④USP=closer（「唯一」を除去し§4のUSP一言に戻す）／⑤FAB+E＋実績=closer／⑥なぜ今=opener（下期の要望積み上がり）＋closer（着手遅延＝改修コスト増）／⑦CTA=replier","修正パス(2026-09-18)"
"2026-09-10T13:50:45+09:00","株式会社TMソリューション","開発部","ご担当者","【0→1】複数プロダクトのフロントエンド体制、繁忙期に向けて補強","開発部 ご担当者様

複数プロダクトの大規模UIを内製で抱えながら、繁忙期にフロントエンドの手が足りなくなる時期があるのではないでしょうか。

私たち株式会社レイハウオリは、Web領域を中心に、ITリソースや専門人材が不足しているお客様を支援しています。
社内には、エンジニア・デザイナー・ディレクター・PMなど、各分野のエキスパートが在籍しています。
「何を作ればいいのかわからない」「IT周りをまとめて任せたい」といった0→1のご相談から、「社員の退職に伴うリソース不足を補いたい」といったSESのご要望まで、課題やフェーズに応じて幅広く対応しています。

下期の繁忙期に備え、今のうちのご検討をおすすめします。

ご興味があれば本フォームにご返信ください。

株式会社Lei Hau'oli
（tel）050-5497-3411
（mail）ml.account-sales@leihauoli.com","388","79","81","84","90","合成","0","- モード: 合成 - 部品ごとの採用元: ①件名=closer（【1名から】）＋opener（40名）②宛名・冒頭2行=closer ③課題提示=closer ④自社紹介＋USP=opener/closer ⑤FAB+E=closer＋opener（美容予約サービス実績）⑥なぜ今=replier（下期繁忙期）＋closer（前倒し確保）⑦CTA=replier（「詳細希望」返信）⑧署名=共通 -","修正パス(2026-09-18)"
"2026-09-10T13:51:05+09:00","ITF合同会社","開発部","ご担当者","【医療・福祉Web運営向け】繁忙期のリソース不足を15分で整理","開発部 ご担当者様

医療・福祉領域でWebサービスを複数運営される貴社では、繁忙期に稼働が上下しやすいかと拝察します。

私たち株式会社レイハウオリは、Web領域を中心に、ITリソースや専門人材が不足しているお客様を支援しています。
社内には、エンジニア・デザイナー・ディレクター・PMなど、各分野のエキスパートが在籍しています。
「何を作ればいいのかわからない」「IT周りをまとめて任せたい」といった0→1のご相談から、「社員の退職に伴うリソース不足を補いたい」といったSESのご要望まで、課題やフェーズに応じて幅広く対応しています。

繁忙期に入ってから動き出すと対応が遅れます。

ご興味があれば、このフォームにご返信ください。

株式会社Lei Hau'oli
（tel）050-5497-3411
（mail）ml.account-sales@leihauoli.com","375","83","83","84","91","合成","0","- モード: 合成 - 部品ごとの採用元: ①件名=opener（固有ワード）＋replier（短さ）②宛名＋冒頭2行=opener ③課題提示=opener＋replier ④USP＝closer ⑤FAB+E・実績=closer ⑥なぜ今=closer ⑦CTA=closer（15分）＋replier（5文字返信のハードル低減）⑧署名=共通 - opener: 医療・福祉＋複数プロダクトの固有","修正パス(2026-09-18)"
"2026-09-10T13:53:14+09:00","株式会社Matchbox Technologies","開発部","ご担当者","【15分】複数プロダクトのフロントエンド増員のご相談","開発部 ご担当者様

複数プロダクトのUI改修とレガシー刷新が重なり、要員確保に苦慮されていませんか。

私たち株式会社レイハウオリは、Web領域を中心に、ITリソースや専門人材が不足しているお客様を支援しています。
社内には、エンジニア・デザイナー・ディレクター・PMなど、各分野のエキスパートが在籍しています。
「何を作ればいいのかわからない」「IT周りをまとめて任せたい」といった0→1のご相談から、「社員の退職に伴うリソース不足を補いたい」といったSESのご要望まで、課題やフェーズに応じて幅広く対応しています。

負荷が高まるほど対応は後回しになります。15分だけお時間いただけませんか。

株式会社Lei Hau'oli
（tel）050-5497-3411
（mail）ml.account-sales@leihauoli.com","358","81","84","77","90","合成","0","- モード: 合成 - 部品ごとの採用元: ①件名=replier（短さ・【1名〜】）＋opener（数字40名・複数プロダクト）を圧縮合成 ②宛名＋冒頭2行=replier ③課題提示=replier ④自社紹介＋USP=replier（設立年＋9割フロントエンド）⑤FAB+E=closer（大規模UIの設計・運用フローをそのまま持ち込む）⑥なぜ今=replier（機会損失の論理）⑦CTA=cl","修正パス(2026-09-18)"
"2026-09-10T13:51:42+09:00","株式会社エニシアス","開発部","ご担当者","【管理画面の改修バックログ】0→1のご相談から繁忙期のSESまで対応可能です","開発部 ご担当者様

SaaS・ASPを複数展開される貴社では、管理画面改修のフロントエンドリソースが不足していませんか。

私たち株式会社レイハウオリは、Web領域を中心に、ITリソースや専門人材が不足しているお客様を支援しています。
社内には、エンジニア・デザイナー・ディレクター・PMなど、各分野のエキスパートが在籍しています。
「何を作ればいいのかわからない」「IT周りをまとめて任せたい」といった0→1のご相談から、「社員の退職に伴うリソース不足を補いたい」といったSESのご要望まで、課題やフェーズに応じて幅広く対応しています。

下期の繁忙期に向けて体制を組むなら今です。

ご興味があれば本メールにご返信ください。

株式会社Lei Hau'oli
（tel）050-5497-3411
（mail）ml.account-sales@leihauoli.com","372","75","85","87","92","合成","0","- モード: 合成 - 部品ごとの採用元: ①件名=replier（【】に相手の課題を置く型）＋closer（40名・繁忙期ベネフィット）のハイブリッド ②冒頭2行=replier ③課題提示=opener/closer（管理画面・ダッシュボード／レガシー刷新の並走） ④自社紹介＋USP=closer ⑤FAB+E＝closer ⑥なぜ今=closer（下期の繁忙期） ⑦CTA=closer（15","修正パス(2026-09-18)"
"2026-09-10T13:53:59+09:00","TXP Medical株式会社","開発部","ご担当者","【複数プロダクトのUI刷新と新機能開発】15分で体制課題を整理する方法","開発部 ご担当者様

複数プロダクトの大規模UIを内製で抱え、レガシー刷新と新機能開発の並走でUI改修要望が積み上がっていないでしょうか。

私たち株式会社レイハウオリは、Web領域を中心に、ITリソースや専門人材が不足しているお客様を支援しています。
社内には、エンジニア・デザイナー・ディレクター・PMなど、各分野のエキスパートが在籍しています。
「何を作ればいいのかわからない」「IT周りをまとめて任せたい」といった0→1のご相談から、「社員の退職に伴うリソース不足を補いたい」といったSESのご要望まで、課題やフェーズに応じて幅広く対応しています。

採用には時間がかかり、その間も課題は続きます。ご興味があれば本フォームにご返信ください。

株式会社Lei Hau'oli
（tel）050-5497-3411
（mail）ml.account-sales@leihauoli.com","383","81","83","86","91","合成","0","- モード: 合成 - 部品ごとの採用元: ①件名=closer ②宛名＋冒頭2行=replier ③パーソナライズ／課題提示=replier ④自社紹介＋USP=closer＋§4のUSP文言 ⑤FAB+E＋実績=closer ⑥なぜ今=replier ⑦CTA=replier（ハードル）＋closer（15分商談への接続） ⑧署名=共通 - opener: 件名に課題仮説の固有ワードを詰めた点","修正パス(2026-09-18)"
"2026-09-10T13:55:51+09:00","Retty株式会社","開発部","ご担当者","【0→1からSESまで】フロントエンド、新機能とレガシー刷新の両立できていますか","開発部 ご担当者様

Rettyの口コミ・予約サービスは複数プロダクトを抱え、UIも大規模かと存じます。

私たち株式会社レイハウオリは、Web領域を中心に、ITリソースや専門人材が不足しているお客様を支援しています。
社内には、エンジニア・デザイナー・ディレクター・PMなど、各分野のエキスパートが在籍しています。
「何を作ればいいのかわからない」「IT周りをまとめて任せたい」といった0→1のご相談から、「社員の退職に伴うリソース不足を補いたい」といったSESのご要望まで、課題やフェーズに応じて幅広く対応しています。

下期の体制刷新に、今着手できるかが鍵です。

ご興味があれば、このフォームにご返信ください。

株式会社Lei Hau'oli
（tel）050-5497-3411
（mail）ml.account-sales@leihauoli.com","366","78","87","81","89","選抜","0","- モード: 選抜（失格でない案が replier 1案のみのため、合成モードの発動条件を満たさない） - 部品ごとの採用元: 全部品を replier から採用。CTA前の1文のみ、USPを言い切る形に最小限の手直し（新しい主張・数字の追加なし）。 - opener: 件名の「複数プロダクト×大規模UI」は課題仮説直撃で開封力最高。ただし本文404字で失格、かつCTAが「返信 もしくは 15分の","修正パス(2026-09-18)"
"2026-09-10T13:54:01+09:00","株式会社ジーシー昭和薬品","情報システム部","ご担当者","【製品情報サイト刷新】0→1のご相談も伴走します","情報システム部 ご担当者様

製品情報サイトの刷新と新機能開発が並走し、専任者不在で品質にばらつきが出ていないでしょうか。

私たち株式会社レイハウオリは、Web領域を中心に、ITリソースや専門人材が不足しているお客様を支援しています。
社内には、エンジニア・デザイナー・ディレクター・PMなど、各分野のエキスパートが在籍しています。
「何を作ればいいのかわからない」「IT周りをまとめて任せたい」といった0→1のご相談から、「社員の退職に伴うリソース不足を補いたい」といったSESのご要望まで、課題やフェーズに応じて幅広く対応しています。

年内着手が来期の負荷を左右します。

ご興味があれば、このフォームにご返信ください。

株式会社Lei Hau'oli
（tel）050-5497-3411
（mail）ml.account-sales@leihauoli.com","371","84","85","86","93","合成","0","- モード: 合成 - 部品ごとの採用元: ①件名=closer（骨格）+replier（数字の具体性） ②宛名＋冒頭=closer ③課題提示=replier ④自社紹介＋USP=closer ⑤FAB+E＋実績=closer ⑥なぜ今=closer ⑦CTA=replier ⑧署名=共通 - opener: 件名に「医療機器・製薬企業／情報システム部」を入れた業種特定は最強クラスだが、【】内が","修正パス(2026-09-18)"
"2026-09-10T13:53:42+09:00","株式会社Hubble","開発部","ご担当者","【管理画面・ダッシュボード改修】15分のオンライン相談で優先順位を整理","開発部 ご担当者様

貴社の管理画面・ダッシュボード改修で、フロントエンドの負荷が偏っていないでしょうか。

私たち株式会社レイハウオリは、Web領域を中心に、ITリソースや専門人材が不足しているお客様を支援しています。
社内には、エンジニア・デザイナー・ディレクター・PMなど、各分野のエキスパートが在籍しています。
「何を作ればいいのかわからない」「IT周りをまとめて任せたい」といった0→1のご相談から、「社員の退職に伴うリソース不足を補いたい」といったSESのご要望まで、課題やフェーズに応じて幅広く対応しています。

バックログは積み上がるほど対応が遅れます。まずは15分のオンライン情報交換で、優先順位を整理させてください。

株式会社Lei Hau'oli
（tel）050-5497-3411
（mail）ml.account-sales@leihauoli.com","377","78","82","85","90","合成","0","- モード: 合成 - 部品ごとの採用元: ①件名＝opener（【管理画面・ダッシュボード改修】）＋closer/replier（約40名・1名から常駐支援） ②宛名＋冒頭2行＝closer ③課題提示＝closer＋replier（内製・並走で負荷が偏る） ④自社紹介＋USP＝closer（「フロントエンド特化」で言い切りに補強） ⑤FAB+E＝closer ⑥なぜ今＝replier（「次の要","修正パス(2026-09-18)"
"2026-09-10T13:54:36+09:00","株式会社オルトプラス","開発部","ご担当者","【0→1から】ゲーム本体開発に集中―公式サイト・運営ツール改修を支援","開発部 ご担当者様

複数タイトルと大規模UIを内製で抱える御社では、改修対応の負荷が偏りやすいのではないでしょうか。

私たち株式会社レイハウオリは、Web領域を中心に、ITリソースや専門人材が不足しているお客様を支援しています。
社内には、エンジニア・デザイナー・ディレクター・PMなど、各分野のエキスパートが在籍しています。
「何を作ればいいのかわからない」「IT周りをまとめて任せたい」といった0→1のご相談から、「社員の退職に伴うリソース不足を補いたい」といったSESのご要望まで、課題やフェーズに応じて幅広く対応しています。

中途採用前に、改修だけ切り出せば本体開発に集中できます。

ご興味があれば、ご返信ください。

株式会社Lei Hau'oli
（tel）050-5497-3411
（mail）ml.account-sales@leihauoli.com","373","82","87","79","93","合成","0","- モード: 合成 - 部品ごとの採用元: ①件名=opener（ゲーム固有語）＋replier（40名）＋closer（【1名から】の数字先頭配置）／②冒頭2行=replier／③パーソナライズ=replier「複数タイトルと大規模UIを内製で抱える御社では」／④自社紹介＋USP=replier（「だけに特化」で言い切りへ強化）／⑤FAB+E=replier＋closer（美容予約サービス・大規","修正パス(2026-09-18)"
"2026-09-10T13:56:23+09:00","株式会社フライウィール","開発部","ご担当者","【15分診断】管理画面のバックログ、0→1からSESまで対応","開発部 ご担当者様

複数プロダクトの管理画面にフロントエンド改修のバックログが積み上がっていませんか。

私たち株式会社レイハウオリは、Web領域を中心に、ITリソースや専門人材が不足しているお客様を支援しています。
社内には、エンジニア・デザイナー・ディレクター・PMなど、各分野のエキスパートが在籍しています。
「何を作ればいいのかわからない」「IT周りをまとめて任せたい」といった0→1のご相談から、「社員の退職に伴うリソース不足を補いたい」といったSESのご要望まで、課題やフェーズに応じて幅広く対応しています。

バックログは積み上がるほど新機能開発の遅延も拡大します。

ご興味があれば、フォームにご返信ください。

株式会社Lei Hau'oli
（tel）050-5497-3411
（mail）ml.account-sales@leihauoli.com","371","84","86","84","90","合成","0","- モード: 合成 - 部品ごとの採用元: ①件名=replier（数値を【】内に置いた短句型／「1名の参画から」で心理的ハードルを下げる。ただし §4 に合わせ「約40名」へ補正） ②宛名＋冒頭2行=replier（課題仮説をそのまま2文に翻訳、社名を伏せても自社宛てと分かる） ③課題提示＝replier＋closer（「並走では負荷が平準化しづらい」の一文で統合） ④自社紹介＋USP=clos","修正パス(2026-09-18)"
"2026-09-10T13:59:51+09:00","株式会社eWeLL","開発部","ご担当者","【15分で情報交換】複数プロダクトのUI改修・レガシー刷新を並走支援","開発部 ご担当者様

複数のSaaS/ASPプロダクトを運営される御社では、レガシー刷新まで手が回らないのではないでしょうか。

私たち株式会社レイハウオリは、Web領域を中心に、ITリソースや専門人材が不足しているお客様を支援しています。
社内には、エンジニア・デザイナー・ディレクター・PMなど、各分野のエキスパートが在籍しています。
「何を作ればいいのかわからない」「IT周りをまとめて任せたい」といった0→1のご相談から、「社員の退職に伴うリソース不足を補いたい」といったSESのご要望まで、課題やフェーズに応じて幅広く対応しています。

下期の開発計画を組む今、負荷の平準化は先送りできません。

ご興味があれば、このフォームにご返信ください。

株式会社Lei Hau'oli
（tel）050-5497-3411
（mail）ml.account-sales@leihauoli.com","384","82","87","86","93","合成","0","- モード: 合成 - 部品ごとの採用元: ①件名=closer ②宛名＋冒頭2行=replier ③課題提示=replier ④自社紹介＋USP=closer ⑤FAB+E＋実績=closer ⑥なぜ今=replier（時期）＋closer（機会損失）を1文に圧縮 ⑦CTA=replier（15分は closer から接続）⑧署名=共通 - opener: 強み＝件名に相手固有ワードを最も濃く詰","修正パス(2026-09-18)"
"2026-09-10T13:56:02+09:00","株式会社リセ","開発部","ご担当者","【0→1】UI改修と新機能開発の並走、専門人材で体制を強化できます","開発部 ご担当者様

複数プロダクトのUI改修と新機能開発が同時に走り、手が足りていないのではないでしょうか。

私たち株式会社レイハウオリは、Web領域を中心に、ITリソースや専門人材が不足しているお客様を支援しています。
社内には、エンジニア・デザイナー・ディレクター・PMなど、各分野のエキスパートが在籍しています。
「何を作ればいいのかわからない」「IT周りをまとめて任せたい」といった0→1のご相談から、「社員の退職に伴うリソース不足を補いたい」といったSESのご要望まで、課題やフェーズに応じて幅広く対応しています。

年末に向け新機能要望が増える前に体制を整えませんか。

15分程度お話しできませんか。

株式会社Lei Hau'oli
（tel）050-5497-3411
（mail）ml.account-sales@leihauoli.com","366","80","87","88","89","合成","0","- モード: 合成 - 部品ごとの採用元: ①件名=replier ②宛名＋冒頭=replier ③課題提示=replier+closer（負荷偏在の一文はcloser） ④自社紹介＋USP=closer ⑤FAB+E＋実績=closer ⑥なぜ今=closer（年末繁忙期） ⑦CTA=closer（15分情報交換） ⑧署名=共通 - opener: 課題ワードの拾い方は正確だが、件名が45字級で","修正パス(2026-09-18)"
"2026-09-10T13:59:40+09:00","株式会社estie","開発部","ご担当者","【0→1支援】estieの刷新と新機能開発、並走の壁","開発部 ご担当者様

複数プロダクトの大規模UIを内製チームで抱え、レガシー刷新と新機能開発を並走させる構造だと思います。

私たち株式会社レイハウオリは、Web領域を中心に、ITリソースや専門人材が不足しているお客様を支援しています。
社内には、エンジニア・デザイナー・ディレクター・PMなど、各分野のエキスパートが在籍しています。
「何を作ればいいのかわからない」「IT周りをまとめて任せたい」といった0→1のご相談から、「社員の退職に伴うリソース不足を補いたい」といったSESのご要望まで、課題やフェーズに応じて幅広く対応しています。

並走が続くほどリリース遅延とUI品質低下が積み上がります。ご興味があれば本フォームにご返信ください。

株式会社Lei Hau'oli
（tel）050-5497-3411
（mail）ml.account-sales@leihauoli.com","381","85","85","85","93","合成","0","- モード: 合成 - 部品ごとの採用元: ①件名=replier骨格＋closerの社名固有ワード ②宛名＋冒頭=closer（採用スピードに触れSESの必然性を出す） ③課題提示=closer ④自社紹介＋USP=opener（「特化で1名から供給できるのが強み」の言い切り） ⑤FAB+E＝closer（F→A→B→Eが一直線） ⑥なぜ今=closer（負債が積み上がる不急潰し） ⑦CTA=r","修正パス(2026-09-18)"
"2026-09-10T13:59:22+09:00","スタディプラス株式会社","開発部","ご担当者","【複数プロダクト運用】フロント体制、15分で整理しませんか","開発部 ご担当者様

私たち株式会社レイハウオリは、Web領域を中心に、ITリソースや専門人材が不足しているお客様を支援しています。
社内には、エンジニア・デザイナー・ディレクター・PMなど、各分野のエキスパートが在籍しています。
「何を作ればいいのかわからない」「IT周りをまとめて任せたい」といった0→1のご相談から、「社員の退職に伴うリソース不足を補いたい」といったSESのご要望まで、課題やフェーズに応じて幅広く対応しています。

複数プロダクトを内製チームで運営され、刷新と新機能開発を並走されている貴社では、フロントの手が不足していないでしょうか。

年度後半は来期体制を固める時期です。

15分、オンラインでお話できませんか。

株式会社Lei Hau'oli
（tel）050-5497-3411
（mail）ml.account-sales@leihauoli.com","378","85","79","85","92","合成","0","- モード: 合成 - 部品ごとの採用元: ①件名=closer（枕）＋opener（後半の固有ワード＋数字） ②宛名＝opener/closer（正しい空白付き） ③パーソナライズ／課題提示=replier（「どこかの案件が後回しに」の問いかけ） ④自社紹介＋USP=closer（USP一言を先出し） ⑤FAB+E＋実績=closer＋opener（美容予約サービス） ⑥なぜ今=closer（年","修正パス(2026-09-18)"
"2026-09-10T13:57:20+09:00","株式会社サイダス","開発部","ご担当者","【15分で相談】フロントエンド、UI改修とレガシー刷新は両立できていますか","開発部 ご担当者様

サイダス様の開発部でも、UI改修とレガシー刷新の両立に苦慮されていませんか。

私たち株式会社レイハウオリは、Web領域を中心に、ITリソースや専門人材が不足しているお客様を支援しています。
社内には、エンジニア・デザイナー・ディレクター・PMなど、各分野のエキスパートが在籍しています。
「何を作ればいいのかわからない」「IT周りをまとめて任せたい」といった0→1のご相談から、「社員の退職に伴うリソース不足を補いたい」といったSESのご要望まで、課題やフェーズに応じて幅広く対応しています。

着手が遅れるほど要望と負債は積み上がります。

15分の情報交換にご興味があれば、本フォームにご返信ください。

株式会社Lei Hau'oli
（tel）050-5497-3411
（mail）ml.account-sales@leihauoli.com","372","81","85","81","93","合成","0","- モード: 合成 - 部品ごとの採用元: ①件名=replier（+opener の「フロントエンド」を注入） ②宛名＋冒頭2行=replier ③課題提示=replier ④自社紹介=closer ⑤USP＝opener（「まるごと」の言い切り） ⑥FAB＋なぜ今=closer ⑦CTA=closer（15分）×replier（返信ハードル最小化）の折衷 ⑧署名=共通 - opener: 課題","修正パス(2026-09-18)"
"2026-09-10T13:59:58+09:00","Wovn Technologies株式会社","開発部","ご担当者","【開発支援】管理画面改修の負荷、15分で整理しませんか","開発部 ご担当者様

顧客要望による管理画面・ダッシュボードの改修がバックログに積み上がっていませんか。

私たち株式会社レイハウオリは、Web領域を中心に、ITリソースや専門人材が不足しているお客様を支援しています。
社内には、エンジニア・デザイナー・ディレクター・PMなど、各分野のエキスパートが在籍しています。
「何を作ればいいのかわからない」「IT周りをまとめて任せたい」といった0→1のご相談から、「社員の退職に伴うリソース不足を補いたい」といったSESのご要望まで、課題やフェーズに応じて幅広く対応しています。

下期に向けてバックログが膨らむ前に、ご興味があれば本メールにご返信ください。

株式会社Lei Hau'oli
（tel）050-5497-3411
（mail）ml.account-sales@leihauoli.com","360","84","85","80","91","合成","0","- モード: 合成 - 部品ごとの採用元: ①件名=opener（固有ワード）＋replier（数字の見せ方） ②冒頭2行=replier ③課題提示=replier ④自社紹介＋USP=closer（USP一言の言い切り） ⑤FAB+E＋実績=opener/replier（40名・9割・美容予約サービス） ⑥なぜ今=replier（下期のバックログ） ⑦CTA=opener（15分の情報交換＋返","修正パス(2026-09-18)"
"2026-09-10T14:01:03+09:00","ルームクリップ株式会社","開発部","ご担当者","【開発体制】複数プロダクトのUI刷新と新機能開発、15分で状況共有しませんか","開発部 ご担当者様

複数プロダクトのUI刷新と新機能開発を並走される中、フロントエンドの体制が不足していませんか。

私たち株式会社レイハウオリは、Web領域を中心に、ITリソースや専門人材が不足しているお客様を支援しています。
社内には、エンジニア・デザイナー・ディレクター・PMなど、各分野のエキスパートが在籍しています。
「何を作ればいいのかわからない」「IT周りをまとめて任せたい」といった0→1のご相談から、「社員の退職に伴うリソース不足を補いたい」といったSESのご要望まで、課題やフェーズに応じて幅広く対応しています。

中途採用には時間がかかり、改修要望は積み上がります。

ご興味があれば、このフォームにご返信ください。

株式会社Lei Hau'oli
（tel）050-5497-3411
（mail）ml.account-sales@leihauoli.com","377","84","84","82","89","合成","0","- モード: 合成 - 部品ごとの採用元: ①件名=closer（短縮）②宛名＋冒頭=opener（疑問形で押し付けない）③課題提示=replier／opener ④自社紹介＋USP=closer ⑤FAB+E=closer＋opener（技術スタック）⑥なぜ今=opener（採用リードタイム論）⑦CTA=opener＋replier（ハードル下げ文言）⑧署名=共通 - opener: 冒頭の課題","修正パス(2026-09-18)"
"2026-09-10T14:04:16+09:00","株式会社EARTHBRAIN","開発部","ご担当者","【建設・土木SaaS向け】管理画面改修の滞留を、15分の相談で解消","開発部 ご担当者様

顧客要望への機能追加が続き、管理画面の改修がバックログに積み上がっていないでしょうか。

私たち株式会社レイハウオリは、Web領域を中心に、ITリソースや専門人材が不足しているお客様を支援しています。
社内には、エンジニア・デザイナー・ディレクター・PMなど、各分野のエキスパートが在籍しています。
「何を作ればいいのかわからない」「IT周りをまとめて任せたい」といった0→1のご相談から、「社員の退職に伴うリソース不足を補いたい」といったSESのご要望まで、課題やフェーズに応じて幅広く対応しています。

バックログが積み上がるほど対応は遅れます。

まずは15分、本メールにご返信ください。

株式会社Lei Hau'oli
（tel）050-5497-3411
（mail）ml.account-sales@leihauoli.com","365","85","77","83","90","合成","0","- モード: 合成 - 部品ごとの採用元: ①件名=opener ②宛名＋冒頭=opener/replier（課題仮説の固有ワードを維持しつつ疑問形に） ③課題提示=opener ④自社紹介＋USP=opener（「弊社だけ」の言い切り） ⑤FAB+E=closer（即戦力常駐→コア機能集中の因果） ⑥なぜ今=closer＋opener（対応遅延＋下期の負荷増） ⑦CTA=opener（返信1本で","修正パス(2026-09-18)"
"2026-09-10T14:06:46+09:00","株式会社デジックデザイン","開発部","ご担当者","【UI改修とレガシー刷新】0→1のご相談も承ります","開発部 ご担当者様

複数プロダクトのUI改修とレガシー刷新の並走に、人手が足りないという状況ではないでしょうか。

私たち株式会社レイハウオリは、Web領域を中心に、ITリソースや専門人材が不足しているお客様を支援しています。
社内には、エンジニア・デザイナー・ディレクター・PMなど、各分野のエキスパートが在籍しています。
「何を作ればいいのかわからない」「IT周りをまとめて任せたい」といった0→1のご相談から、「社員の退職に伴うリソース不足を補いたい」といったSESのご要望まで、課題やフェーズに応じて幅広く対応しています。

繁忙期に入ってから探し始めては間に合いません。ご興味があれば、このフォームにご返信ください。

株式会社Lei Hau'oli
（tel）050-5497-3411
（mail）ml.account-sales@leihauoli.com","373","83","86","81","91","合成","0","- モード: 合成 - 部品ごとの採用元: ①件名=opener（語）+closer（短さ）を再構成 ②宛名＋冒頭=replier ③課題提示=replier ④自社紹介＋USP=closer ⑤FAB+E＋実績=closer ⑥なぜ今=replier ⑦CTA=replier ⑧署名=共通 - opener: 件名の固有ワード（UI改修・レガシー刷新の並走）が最も転送されやすい。ただし「フロント","修正パス(2026-09-18)"
"2026-09-10T18:35:03+09:00","SBI FinTech Solutions株式会社","開発部","ご担当者","【15分】SBI FinTech Solutions様｜管理画面のフロントエンド改修バックログを常駐で解消","開発部 ご担当者様

顧客要望による管理画面・ダッシュボードの改修で、フロントエンドのバックログが積み上がっていませんか。

私たち株式会社レイハウオリは、Web領域を中心に、ITリソースや専門人材が不足しているお客様を支援しています。
社内には、エンジニア・デザイナー・ディレクター・PMなど、各分野のエキスパートが在籍しています。
「何を作ればいいのかわからない」「IT周りをまとめて任せたい」といった0→1のご相談から、「社員の退職に伴うリソース不足を補いたい」といったSESのご要望まで、課題やフェーズに応じて幅広く対応しています。

繁忙期前に体制を整えるべきです。

ご興味があれば、ご返信ください。

株式会社Lei Hau'oli
（tel）050-5497-3411
（mail）ml.account-sales@leihauoli.com","363","75","84","86","92","合成","0","- モード: 合成 - 部品ごとの採用元: ①件名=closer（社名入り＋【1名から】） ②宛名＋冒頭2行=closer ③課題提示=closer ④自社紹介＋USP=closer＋replier（設立2008年を補強） ⑤FAB+E=closer＋replier（Benefit「コア機能に集中」を追加） ⑥なぜ今=replier（バックログ×繁忙期） ⑦CTA=closer（15分）＋repl","修正パス(2026-09-18)"
"2026-09-10T18:34:49+09:00","大塚メディカルデバイス株式会社","情報システム部","ご担当者","【医療機器メーカー向け】専任0名でも外注先ごとの品質ばらつきを解消する体制づくり","情報システム部 ご担当者様

フロントエンド専任者不在で、外注先ごとに品質がばらついていませんか。

私たち株式会社レイハウオリは、Web領域を中心に、ITリソースや専門人材が不足しているお客様を支援しています。
社内には、エンジニア・デザイナー・ディレクター・PMなど、各分野のエキスパートが在籍しています。
「何を作ればいいのかわからない」「IT周りをまとめて任せたい」といった0→1のご相談から、「社員の退職に伴うリソース不足を補いたい」といったSESのご要望まで、課題やフェーズに応じて幅広く対応しています。

年度後半の稟議前に、体制を整えておきませんか。

ご興味があれば、このフォームにご返信ください。

株式会社Lei Hau'oli
（tel）050-5497-3411
（mail）ml.account-sales@leihauoli.com","365","83","83","79","93","合成","0","- モード: 合成 - 部品ごとの採用元: ①件名=opener（業種名＋課題ワード）＋closer（「専任0名」の数字化） ②冒頭2行=opener／replier統合 ③課題提示=replier（3要素を1文に凝縮） ④自社紹介＋USP=closer ⑤FAB+E＋実績=closer＋opener ⑥なぜ今=closer（年度後半の稟議） ⑦CTA=replier（6文字返信）＋closer（","修正パス(2026-09-18)"
"2026-09-10T18:35:46+09:00","ワークデイ株式会社","開発部","ご担当者","【0→1開発】UI改修と新機能開発を並走支援","開発部 ご担当者様

複数プロダクトの大規模UIを内製で抱えながら、レガシー刷新と新機能開発を並走させる負荷は大きいはずです。

私たち株式会社レイハウオリは、Web領域を中心に、ITリソースや専門人材が不足しているお客様を支援しています。
社内には、エンジニア・デザイナー・ディレクター・PMなど、各分野のエキスパートが在籍しています。
「何を作ればいいのかわからない」「IT周りをまとめて任せたい」といった0→1のご相談から、「社員の退職に伴うリソース不足を補いたい」といったSESのご要望まで、課題やフェーズに応じて幅広く対応しています。

今の判断が、半年後の開発スピードを変えます。

ご興味があれば、このフォームにご返信ください。

株式会社Lei Hau'oli
（tel）050-5497-3411
（mail）ml.account-sales@leihauoli.com","378","75","85","84","91","合成","0","- モード: 合成 - 部品ごとの採用元: ①件名=replier（短く数字2つ、開発部が自分事化できる）②宛名＋冒頭2行=replier（「社内で何度も出ている言葉」の当て込みが最強）③課題提示=replier＋opener ④自社紹介＋USP=closer（「大規模BtoC直請け経験を1名からチーム単位」）⑤FAB+E=closer（中途採用に数か月かけず→リリースを止めない）⑥なぜ今=clo","修正パス(2026-09-18)"
"2026-09-10T18:35:31+09:00","ドクターメイト株式会社","開発部","ご担当者","【管理画面・ダッシュボード改修】15分のオンラインヒアリングで新機能とレガシー刷新を並走支援","開発部 ご担当者様

貴社の医療・福祉向けSaaSでは、管理画面のフロント改修がバックログに積み上がっていないでしょうか。

私たち株式会社レイハウオリは、Web領域を中心に、ITリソースや専門人材が不足しているお客様を支援しています。
社内には、エンジニア・デザイナー・ディレクター・PMなど、各分野のエキスパートが在籍しています。
「何を作ればいいのかわからない」「IT周りをまとめて任せたい」といった0→1のご相談から、「社員の退職に伴うリソース不足を補いたい」といったSESのご要望まで、課題やフェーズに応じて幅広く対応しています。

バックログが積み上がるほど、新機能着手が遅れます。

15分のオンラインでお困りごとを伺えないでしょうか。ご返信お待ちしております。

株式会社Lei Hau'oli
（tel）050-5497-3411
（mail）ml.account-sales@leihauoli.com","395","81","80","73","87","合成","0","- モード: 合成 - 部品ごとの採用元: ①件名=opener（数字・固有ワードを短縮のうえ流用） ②宛名=共通 ③冒頭パーソナライズ=replier（「医療・福祉向けSaaS」の業種名指しがopenerより1段深い） ④自社紹介＋USP=opener骨格＋§4のUSP文言（closerのUSP表現は失格案のため引用せず§4原文から再構成） ⑤FAB+E=replier（巻き取り→内製チームは新","修正パス(2026-09-18)"
"2026-09-10T18:36:39+09:00","株式会社Laboro.AI","開発部","ご担当者","【0→1からSESまで】UI改修とレガシー刷新の並走を15分で相談","開発部 ご担当者様

複数のAIプロダクトでUIのレガシー刷新と新機能開発が同時進行し、優先順位を削る場面があるのではないでしょうか。

私たち株式会社レイハウオリは、Web領域を中心に、ITリソースや専門人材が不足しているお客様を支援しています。
社内には、エンジニア・デザイナー・ディレクター・PMなど、各分野のエキスパートが在籍しています。
「何を作ればいいのかわからない」「IT周りをまとめて任せたい」といった0→1のご相談から、「社員の退職に伴うリソース不足を補いたい」といったSESのご要望まで、課題やフェーズに応じて幅広く対応しています。

並走が続くほど、両方の着手が遅れます。ご興味があれば、ご返信ください。

株式会社Lei Hau'oli
（tel）050-5497-3411
（mail）ml.account-sales@leihauoli.com","372","81","84","90","91","合成","0","- モード: 合成 - 部品ごとの採用元: ①件名=closer ②宛名＝共通 ③課題提示=replier ④USP＋自社紹介=closer/replier ⑤FAB+E＝closer＋replier（SaaS管理画面）⑥なぜ今=closer ⑦CTA=replier（返信ハードル最小型）を closer の「15分」と接合 ⑧署名=共通 - opener: 課題仮説の固有ワードを冒頭に置いた点は","修正パス(2026-09-18)"
"2026-09-10T18:39:24+09:00","株式会社SHIFT SECURITY","技術部","ご担当者","【0→1支援】SHIFT SECURITY様の管理コンソールUI課題、15分で情報交換","技術部 ご担当者様

貴社の管理コンソールUIの刷新と新機能開発が並走し、エンジニアの負荷が偏っていないでしょうか。

私たち株式会社レイハウオリは、Web領域を中心に、ITリソースや専門人材が不足しているお客様を支援しています。
社内には、エンジニア・デザイナー・ディレクター・PMなど、各分野のエキスパートが在籍しています。
「何を作ればいいのかわからない」「IT周りをまとめて任せたい」といった0→1のご相談から、「社員の退職に伴うリソース不足を補いたい」といったSESのご要望まで、課題やフェーズに応じて幅広く対応しています。

下期を同じ体制で走らせないために、まずは15分の情報交換にご返信ください。

株式会社Lei Hau'oli
（tel）050-5497-3411
（mail）ml.account-sales@leihauoli.com","365","79","83","85","90","合成","0","- モード: 合成 - 部品ごとの採用元: ①件名=closer（社名入り）＋replier（「1名から常駐」）を短縮合成 ②宛名＋冒頭2行=replier ③パーソナライズ／課題提示=replier ④自社紹介＋USP=closer ⑤FAB+E＋実績=closer＋replier（SaaS管理画面・デザインシステム） ⑥なぜ今=replier（下期） ⑦CTA=closer（15分）＋repl","修正パス(2026-09-18)"
"2026-09-10T18:38:36+09:00","株式会社くふうカンパニー","開発部","ご担当者","【0→1の相談も対応】複数プロダクトのUI改修とレガシー刷新を支援","開発部 ご担当者様

複数のSaaS・ASPサービスを運営される貴社は、フロントエンドの人手が追いつかないのではないでしょうか。

私たち株式会社レイハウオリは、Web領域を中心に、ITリソースや専門人材が不足しているお客様を支援しています。
社内には、エンジニア・デザイナー・ディレクター・PMなど、各分野のエキスパートが在籍しています。
「何を作ればいいのかわからない」「IT周りをまとめて任せたい」といった0→1のご相談から、「社員の退職に伴うリソース不足を補いたい」といったSESのご要望まで、課題やフェーズに応じて幅広く対応しています。

下期の体制は今のうちに固めておくことをおすすめします。

ご興味があれば、ご返信ください。

株式会社Lei Hau'oli
（tel）050-5497-3411
（mail）ml.account-sales@leihauoli.com","377","79","88","85","92","合成","0","- モード: 合成 - 部品ごとの採用元: ①件名=closer（【】内に「40名」を置き先頭で数字が目に入る／後半に課題ワード）②宛名＋冒頭2行=replier ③課題提示=replier（opener の「SaaS・ASP」を吸収）④自社紹介＋USP=closer＋opener（USP言い切りは opener の型を穏当化）⑤FAB+E=replier ⑥なぜ今=replier ⑦CTA=re","修正パス(2026-09-18)"
"2026-09-11T18:21:26+09:00","株式会社PREVENT","開発部","ご担当者","【0→1からSESまで】医療・福祉SaaSの管理画面バックログを崩しませんか","開発部 ご担当者様

医療・福祉SaaSの管理画面刷新が、機能追加対応に追われ後回しになっていないでしょうか。

私たち株式会社レイハウオリは、Web領域を中心に、ITリソースや専門人材が不足しているお客様を支援しています。
社内には、エンジニア・デザイナー・ディレクター・PMなど、各分野のエキスパートが在籍しています。
「何を作ればいいのかわからない」「IT周りをまとめて任せたい」といった0→1のご相談から、「社員の退職に伴うリソース不足を補いたい」といったSESのご要望まで、課題やフェーズに応じて幅広く対応しています。

バックログは放置するほど改修コストが膨らみます。

ご興味があれば、このフォームにご返信ください。

株式会社Lei Hau'oli
（tel）050-5497-3411
（mail）ml.account-sales@leihauoli.com","372","85","90","80","93","合成","0","- モード: 合成 - 部品ごとの採用元: ①件名=replier（数字40）＋opener（医療・福祉SaaS／管理画面の固有ワード）のハイブリッド ②宛名＋冒頭2行=replier ③課題提示=replier ④自社紹介＋USP=replier ⑤FAB+E＋実績=closer（品質基準の持ち込み〜リリースを止めず並走の線）＋opener（1名〜チーム単位） ⑥なぜ今=closer（放置＝改修","修正パス(2026-09-18)"
"2026-09-11T18:21:44+09:00","リンカーズ株式会社","開発部","ご担当者","【複数プロダクト並走で負荷平準化】0→1のご相談から柔軟に対応","開発部 ご担当者様

複数プロダクトを内製チームで抱えつつ、レガシー刷新と新機能開発を同時に回すのは大変ではないでしょうか。

私たち株式会社レイハウオリは、Web領域を中心に、ITリソースや専門人材が不足しているお客様を支援しています。
社内には、エンジニア・デザイナー・ディレクター・PMなど、各分野のエキスパートが在籍しています。
「何を作ればいいのかわからない」「IT周りをまとめて任せたい」といった0→1のご相談から、「社員の退職に伴うリソース不足を補いたい」といったSESのご要望まで、課題やフェーズに応じて幅広く対応しています。

レガシー刷新は後回しにするほど改修コストが膨らみます。ご興味があれば、ご返信ください。

株式会社Lei Hau'oli
（tel）050-5497-3411
（mail）ml.account-sales@leihauoli.com","375","84","89","85","93","合成","0","- モード: 合成 - 部品ごとの採用元: ①件名=replier ②宛名＋冒頭=replier ③課題提示=replier ④自社紹介＋USP=closer ⑤FAB+E＋実績=closer ⑥なぜ今=closer（改修コスト膨張） ⑦CTA=replier（5文字返信） ⑧署名=opener/closer共通 - opener: 件名の「複数プロダクト・大規模UI企業向け」は開封力が高く、冒頭","修正パス(2026-09-18)"
"2026-09-11T18:21:53+09:00","株式会社助太刀","開発部","ご担当者","【フロントエンド開発の並走課題】15分でのオンライン相談","開発部 ご担当者様

複数プロダクトのUI改修と新機能開発が同時に走り、フロントエンドの手が回らない状況はございませんか。

私たち株式会社レイハウオリは、Web領域を中心に、ITリソースや専門人材が不足しているお客様を支援しています。
社内には、エンジニア・デザイナー・ディレクター・PMなど、各分野のエキスパートが在籍しています。
「何を作ればいいのかわからない」「IT周りをまとめて任せたい」といった0→1のご相談から、「社員の退職に伴うリソース不足を補いたい」といったSESのご要望まで、課題やフェーズに応じて幅広く対応しています。

並走が続くほど、リリース遅延が積み上がります。15分でオンライン相談させてください。

株式会社Lei Hau'oli
（tel）050-5497-3411
（mail）ml.account-sales@leihauoli.com","373","80","88","87","93","合成","0","- モード: 合成 - 部品ごとの採用元: ①件名=replier（【】内に数字40／closer の「複数プロダクト」を追加）②冒頭2行=replier ③課題提示=replier ④自社紹介＋USP=closer ⑤FAB+E＋実績=closer（不適壁の jQuery→React 移行は replier）⑥なぜ今=closer ⑦CTA=closer（15分）＋replier の返信ハードル","修正パス(2026-09-18)"
"2026-09-11T18:23:26+09:00","ノボキュア株式会社","情報システム部","ご担当者","【0→1】医療機器商社の複数プロダクトWeb化を専門人材で支援","情報システム部 ご担当者様

製品情報サイトや顧客向けポータルなど複数プロダクトのWeb化に、専門人材の不足でお困りではないでしょうか。

私たち株式会社レイハウオリは、Web領域を中心に、ITリソースや専門人材が不足しているお客様を支援しています。
社内には、エンジニア・デザイナー・ディレクター・PMなど、各分野のエキスパートが在籍しています。
「何を作ればいいのかわからない」「IT周りをまとめて任せたい」といった0→1のご相談から、「社員の退職に伴うリソース不足を補いたい」といったSESのご要望まで、課題やフェーズに応じて幅広く対応しています。

並走負荷は放置するほど遅延が重なります。

ご興味があれば、このフォームにご返信ください。

株式会社Lei Hau'oli
（tel）050-5497-3411
（mail）ml.account-sales@leihauoli.com","381","82","76","87","92","合成","0","- モード: 合成 - 部品ごとの採用元: ①件名=closer（業種名明示）＋opener（40名）／②宛名＋冒頭=replier（心の声への翻訳）／③課題提示=replier＋opener／④自社紹介＋USP=closer／⑤FAB+E＝closer（Feature詳細は圧縮）／⑥なぜ今=closer／⑦CTA=closer（返信起点に変更しハードルを低減）／⑧署名=§4準拠 - opener","修正パス(2026-09-18)"
"2026-09-10T18:38:53+09:00","SATORI株式会社","開発部","ご担当者","【0→1】複数プロダクトの刷新と新機能を並走させる15分","開発部 ご担当者様

SATORI様の複数Webサービスで、UI改修と機能追加の要望が積み上がっているかと存じます。

私たち株式会社レイハウオリは、Web領域を中心に、ITリソースや専門人材が不足しているお客様を支援しています。
社内には、エンジニア・デザイナー・ディレクター・PMなど、各分野のエキスパートが在籍しています。
「何を作ればいいのかわからない」「IT周りをまとめて任せたい」といった0→1のご相談から、「社員の退職に伴うリソース不足を補いたい」といったSESのご要望まで、課題やフェーズに応じて幅広く対応しています。

先送りにするほど負荷は積み上がります。現在の状況を15分のオンラインで整理させてください。

ご興味があれば、このフォームにご返信ください。

株式会社Lei Hau'oli
（tel）050-5497-3411
（mail）ml.account-sales@leihauoli.com","396","72","82","84","88","合成","0","- モード: 合成 - 部品ごとの採用元: ①件名=closer（短く数字2つ・課題ワード入り、opener件名は42字と長く一覧で切れる）②宛名＋冒頭=replier（社名を入れた課題言語化が最も「自分宛て」）③課題提示=replier ④自社紹介＋USP=closer（USP一言を前に出す構造）⑤FAB+E=closer（バックログ分担→コア機能集中→リリース停止させない、の一本線）⑥なぜ今=","修正パス(2026-09-18)"
"2026-09-11T18:23:29+09:00","ドキュサイン・ジャパン株式会社","開発部","ご担当者","【0→1支援】ドキュサイン様のフロントエンドUI改修・刷新をご支援","開発部 ご担当者様

複数のクラウドサービスを内製運営されるドキュサイン様では、フロントエンドの手が回らない場面はないでしょうか。

私たち株式会社レイハウオリは、Web領域を中心に、ITリソースや専門人材が不足しているお客様を支援しています。
社内には、エンジニア・デザイナー・ディレクター・PMなど、各分野のエキスパートが在籍しています。
「何を作ればいいのかわからない」「IT周りをまとめて任せたい」といった0→1のご相談から、「社員の退職に伴うリソース不足を補いたい」といったSESのご要望まで、課題やフェーズに応じて幅広く対応しています。

改修を後回しにするほど、技術負債は積み上がります。

ご興味があれば、ご返信ください。

株式会社Lei Hau'oli
（tel）050-5497-3411
（mail）ml.account-sales@leihauoli.com","376","82","85","80","91","合成","0","- モード: 合成 - 部品ごとの採用元: ①件名=closer（社名入り＋【1名から常駐】） ②宛名＋冒頭=replier ③パーソナライズ＝replier＋closer ④自社紹介＋USP一言=closer（数字歪曲部を除去） ⑤FAB+E＝opener＋closer ⑥なぜ今=replier＋closer ⑦CTA=replier ⑧署名=opener - opener: 冒頭の課題直撃とF","修正パス(2026-09-18)"
"2026-09-11T18:25:18+09:00","アディッシュプラス株式会社","開発部","ご担当者","【複数プロダクト運営の体制強化】15分の情報交換で解決策をご提案","開発部 ご担当者様

複数のプロダクトを内製チームで抱え、UI改修や機能追加のたびに人手が足りない場面があるのではないでしょうか。

私たち株式会社レイハウオリは、Web領域を中心に、ITリソースや専門人材が不足しているお客様を支援しています。
社内には、エンジニア・デザイナー・ディレクター・PMなど、各分野のエキスパートが在籍しています。
「何を作ればいいのかわからない」「IT周りをまとめて任せたい」といった0→1のご相談から、「社員の退職に伴うリソース不足を補いたい」といったSESのご要望まで、課題やフェーズに応じて幅広く対応しています。

繁忙期前に体制を固めるなら早いほど有利です。ご興味があれば、このフォームにご返信ください。

株式会社Lei Hau'oli
（tel）050-5497-3411
（mail）ml.account-sales@leihauoli.com","380","82","85","82","92","合成","0","- モード: 合成 - 部品ごとの採用元: ①件名=replier ②宛名＋冒頭=replier ③パーソナライズ／課題提示=replier ④自社紹介＋USP=closer ⑤FAB+E＋実績=closer（Benefitはopenerの「内製チームはコア機能に集中」で補強） ⑥なぜ今=closer（「繁忙期前」＋「早いほど選択肢が広がる」） ⑦CTA=replier（「相談希望」4文字返信）＋","修正パス(2026-09-18)"
"2026-09-11T18:26:14+09:00","株式会社FLINTERS","開発部","ご担当者","【FLINTERS開発部様】UI改修と刷新の並走を0→1から支援","開発部 ご担当者様

複数のWebサービスを内製運営される貴社では、UI改修と刷新の並走で人手が不足しているのではないでしょうか。

私たち株式会社レイハウオリは、Web領域を中心に、ITリソースや専門人材が不足しているお客様を支援しています。
社内には、エンジニア・デザイナー・ディレクター・PMなど、各分野のエキスパートが在籍しています。
「何を作ればいいのかわからない」「IT周りをまとめて任せたい」といった0→1のご相談から、「社員の退職に伴うリソース不足を補いたい」といったSESのご要望まで、課題やフェーズに応じて幅広く対応しています。

下期の開発計画が動き出す今、体制強化のご提案です。ご興味があれば、このフォームにご返信ください。

株式会社Lei Hau'oli
（tel）050-5497-3411
（mail）ml.account-sales@leihauoli.com","383","80","86","89","94","合成","0","- モード: 合成 - 部品ごとの採用元: ①件名=closer（社名指定）+replier（数字ワード） ②宛名＋冒頭=closer/replier統合 ③課題提示=replier ④自社紹介＋USP=closer ⑤FAB+E=closer ⑥なぜ今=replier ⑦CTA=closer（15分）+replier（返信ハードル低減） ⑧署名=closer - opener: 強み＝件名の課題","修正パス(2026-09-18)"
"2026-09-11T18:26:26+09:00","Japan Digital Design株式会社","開発部","ご担当者","【0→1】金融SaaSの管理画面バックログ、下期に持ち越しませんか","開発部 ご担当者様

銀行・金庫・組合向けSaaSを複数プロダクトで内製運営される御社では、管理画面の刷新が後回しになっていませんか。

私たち株式会社レイハウオリは、Web領域を中心に、ITリソースや専門人材が不足しているお客様を支援しています。
社内には、エンジニア・デザイナー・ディレクター・PMなど、各分野のエキスパートが在籍しています。
「何を作ればいいのかわからない」「IT周りをまとめて任せたい」といった0→1のご相談から、「社員の退職に伴うリソース不足を補いたい」といったSESのご要望まで、課題やフェーズに応じて幅広く対応しています。

今期中に整理しないと来期に影響します。ご興味があれば、このフォームにご返信ください。

株式会社Lei Hau'oli
（tel）050-5497-3411
（mail）ml.account-sales@leihauoli.com","379","78","84","83","90","合成","0","- モード: 合成 - 部品ごとの採用元: ①件名=opener（固有ワード＋数字）＋replier（「下期に持ち越しませんか」の時間軸） ②宛名＋冒頭2行=replier ③パーソナライズ／課題提示=replier（社内の生声への翻訳） ④自社紹介＋USP=closer（「〜だけを1名からチーム単位で」の言い切り） ⑤FAB+E＝closer＋opener（40名・2008年・直請け・美容予約サ","修正パス(2026-09-18)"
"2026-09-11T18:28:43+09:00","トリオシステムズ株式会社","開発部","ご担当者","【フロントエンド増員】UI改修の遅延、15分の相談で解消","開発部 ご担当者様

複数プロダクトの大規模UIを内製で抱えながら、UI改修が後回しになっていないでしょうか。

私たち株式会社レイハウオリは、Web領域を中心に、ITリソースや専門人材が不足しているお客様を支援しています。
社内には、エンジニア・デザイナー・ディレクター・PMなど、各分野のエキスパートが在籍しています。
「何を作ればいいのかわからない」「IT周りをまとめて任せたい」といった0→1のご相談から、「社員の退職に伴うリソース不足を補いたい」といったSESのご要望まで、課題やフェーズに応じて幅広く対応しています。

下期の開発計画を固める前に、ご興味があれば、このフォームにご返信ください。

株式会社Lei Hau'oli
（tel）050-5497-3411
（mail）ml.account-sales@leihauoli.com","362","80","89","86","91","合成","0","- モード: 合成 - 部品ごとの採用元: ①件名=replier ②宛名＋冒頭2行=replier ③パーソナライズ／課題提示=replier ④自社紹介＋USP=closer ⑤FAB+E＋実績=closer（Advantage文はopenerの「チーム分担」視点を吸収） ⑥なぜ今=replier／closer共通の「下期の開発計画を固める前に」 ⑦CTA=closer ⑧署名=共通 - op","修正パス(2026-09-18)"
"2026-09-11T18:26:41+09:00","株式会社QLEAN","開発部","ご担当者","【開発リソース0→1】QLEAN開発部様へ─UI改修とレガシー刷新の負荷分散","開発部 ご担当者様

複数の不動産管理プロダクトを運営される貴社では、UI改修とレガシー刷新の負荷分散が課題ではないでしょうか。

私たち株式会社レイハウオリは、Web領域を中心に、ITリソースや専門人材が不足しているお客様を支援しています。
社内には、エンジニア・デザイナー・ディレクター・PMなど、各分野のエキスパートが在籍しています。
「何を作ればいいのかわからない」「IT周りをまとめて任せたい」といった0→1のご相談から、「社員の退職に伴うリソース不足を補いたい」といったSESのご要望まで、課題やフェーズに応じて幅広く対応しています。

下期は要望が積み上がりやすく、今が好機です。

ご興味があれば、このフォームにご返信ください。

株式会社Lei Hau'oli
（tel）050-5497-3411
（mail）ml.account-sales@leihauoli.com","379","80","88","80","91","合成","0","- モード: 合成 - 部品ごとの採用元: ①件名=replier（社名＋「40名」を前方に置き受信箱で切れない長さ／「今すぐ」の煽りのみ除去） ②宛名＝共通、冒頭2行=closer（USP先出しで1行目から差別化が立つ） ③課題提示=replier（「同じ内製チームで並走」「負荷が平準化できていない」が社名差し替え不可） ④自社紹介＋USP=closer＋replier（2008年設立を補強） ","修正パス(2026-09-18)"
"2026-09-11T18:26:10+09:00","株式会社サインド","開発部","ご担当者","【15分で相談】UI改修とレガシー刷新の並走、続けられていますか","開発部 ご担当者様

複数プロダクトのUI改修とレガシー刷新の並走で、優先順位調整に追われていないでしょうか。

私たち株式会社レイハウオリは、Web領域を中心に、ITリソースや専門人材が不足しているお客様を支援しています。
社内には、エンジニア・デザイナー・ディレクター・PMなど、各分野のエキスパートが在籍しています。
「何を作ればいいのかわからない」「IT周りをまとめて任せたい」といった0→1のご相談から、「社員の退職に伴うリソース不足を補いたい」といったSESのご要望まで、課題やフェーズに応じて幅広く対応しています。

体制を変えずにいるほど、対応スピードは今後さらに落ちます。

貴社の開発体制について、15分お話しできないでしょうか。ご返信をお待ちしています。

株式会社Lei Hau'oli
（tel）050-5497-3411
（mail）ml.account-sales@leihauoli.com","395","81","87","85","90","合成","0","- モード: 合成 - 部品ごとの採用元: ①件名=replier ②宛名＋冒頭2行=replier ③パーソナライズ／課題提示=replier ④自社紹介＋USP=closer ⑤FAB+E＋実績=closer（技術スタックの具体はreplier）⑥なぜ今=closer ⑦CTA=closer（15分の情報交換＋このメールへの返信）⑧署名=opener/closer - opener: 件名に「","修正パス(2026-09-18)"
"2026-09-11T18:30:45+09:00","株式会社日比谷リソースプランニング","開発部","ご担当者","【複数プロダクトの負荷平準化】15分で、開発体制のご相談","開発部 ご担当者様

複数プロダクトのレガシー刷新と新機能開発を並走させると、手が足りなくなりませんか。

私たち株式会社レイハウオリは、Web領域を中心に、ITリソースや専門人材が不足しているお客様を支援しています。
社内には、エンジニア・デザイナー・ディレクター・PMなど、各分野のエキスパートが在籍しています。
「何を作ればいいのかわからない」「IT周りをまとめて任せたい」といった0→1のご相談から、「社員の退職に伴うリソース不足を補いたい」といったSESのご要望まで、課題やフェーズに応じて幅広く対応しています。

要望が積み上がる下期の前に、体制の選択肢を増やしませんか。ご興味があれば、ご返信ください。

株式会社Lei Hau'oli
（tel）050-5497-3411
（mail）ml.account-sales@leihauoli.com","367","80","81","87","93","合成","0","- モード: 合成 - 部品ごとの採用元: ①件名=closer（opener の「1名から」を移植）②宛名＝共通 ③課題提示=replier ④自社紹介＋USP=closer ⑤FAB+E=closer＋replier（SPA化/Next.js移行）⑥なぜ今=replier（下期）⑦CTA=replier の低障壁返信＋closer の15分 ⑧署名=共通 - opener: 件名に固有ワードと","修正パス(2026-09-18)"
"2026-09-11T18:31:12+09:00","エスディーテック株式会社","開発部","ご担当者","【0→1支援】複数プロダクト並走の負荷、解消できます","開発部 ご担当者様

複数プロダクトの並走開発で、どちらかの手が止まりがちではないでしょうか。

私たち株式会社レイハウオリは、Web領域を中心に、ITリソースや専門人材が不足しているお客様を支援しています。
社内には、エンジニア・デザイナー・ディレクター・PMなど、各分野のエキスパートが在籍しています。
「何を作ればいいのかわからない」「IT周りをまとめて任せたい」といった0→1のご相談から、「社員の退職に伴うリソース不足を補いたい」といったSESのご要望まで、課題やフェーズに応じて幅広く対応しています。

並走の負荷は放置するほど負債が積み上がります。ご興味があれば、このフォームにご返信ください。

株式会社Lei Hau'oli
（tel）050-5497-3411
（mail）ml.account-sales@leihauoli.com","363","72","85","82","90","合成","0","- モード: 合成（opener は A1 失格のため合成素材からも除外。残る2案で構成） - 部品ごとの採用元: ①件名=replier ②冒頭2行=replier ③課題提示=replier ④自社紹介＋USP=closer（「特化」を「だけを専門とする」に言い切り強化） ⑤FAB+E＋実績=closer ⑥なぜ今=closer（「放置するほど負債が積み上がる」） ⑦CTA=replier＋c","修正パス(2026-09-18)"
"2026-09-11T18:31:16+09:00","オーティファイ株式会社","開発部","ご担当者","【UI改修とレガシー刷新の並走】15分で開発負荷を整理しませんか","開発部 ご担当者様

複数のSaaS/ASPプロダクトで、UI改修とレガシー刷新の並走により開発負荷が偏っていませんか。

私たち株式会社レイハウオリは、Web領域を中心に、ITリソースや専門人材が不足しているお客様を支援しています。
社内には、エンジニア・デザイナー・ディレクター・PMなど、各分野のエキスパートが在籍しています。
「何を作ればいいのかわからない」「IT周りをまとめて任せたい」といった0→1のご相談から、「社員の退職に伴うリソース不足を補いたい」といったSESのご要望まで、課題やフェーズに応じて幅広く対応しています。

採用に数か月かけている間も、開発は積み上がります。

15分程度のオンライン情報交換はいかがでしょうか。ご返信いただけますと幸いです。

株式会社Lei Hau'oli
（tel）050-5497-3411
（mail）ml.account-sales@leihauoli.com","395","80","78","82","91","合成","0","- モード: 合成 - 部品ごとの採用元: ①件名=replier（「専任」→「約40名」表記に修正し短縮） ②宛名＋冒頭2行=replier ③課題提示=replier ④自社紹介＋USP=closer ⑤FAB+E＋実績=closer（opener の「美容予約サービス」表現を統合、replier の「SaaS管理画面の刷新」で不適の壁を追加） ⑥なぜ今=replier ⑦CTA=closer","修正パス(2026-09-18)"
"2026-09-11T18:29:14+09:00","株式会社アラヤ","開発部","ご担当者","【複数プロダクト並走】15分で体制強化のご相談","開発部 ご担当者様

複数プロダクト・大規模UIを内製で運用される御社では、フロントエンドの手が足りない場面が続いていませんか。

私たち株式会社レイハウオリは、Web領域を中心に、ITリソースや専門人材が不足しているお客様を支援しています。
社内には、エンジニア・デザイナー・ディレクター・PMなど、各分野のエキスパートが在籍しています。
「何を作ればいいのかわからない」「IT周りをまとめて任せたい」といった0→1のご相談から、「社員の退職に伴うリソース不足を補いたい」といったSESのご要望まで、課題やフェーズに応じて幅広く対応しています。

下期の開発が本格化する前に体制を整える必要があります。

ご興味があれば、ご返信ください。

株式会社Lei Hau'oli
（tel）050-5497-3411
（mail）ml.account-sales@leihauoli.com","377","79","85","77","91","合成","0","- モード: 合成 - 部品ごとの採用元: ①件名=opener（要素）＋replier（簡潔さ）を再構成 ②宛名＋冒頭=replier ③パーソナライズ／課題提示=replier ④自社紹介＋USP=replier＋closer ⑤FAB+E＋実績=closer ⑥なぜ今=replier ⑦CTA=replier（4文字返信）＋closer（15分）を1アクションに統合 ⑧署名=opener -","修正パス(2026-09-18)"
"2026-09-11T18:29:05+09:00","株式会社メディア・ヴァーグ","開発部","ご担当者","【複数プロダクト・大規模UI】0→1の相談から常駐支援まで対応","開発部 ご担当者様

複数プロダクトの大規模UIを内製チームで抱えながら、フロントエンドの手が足りていないのではないでしょうか。

私たち株式会社レイハウオリは、Web領域を中心に、ITリソースや専門人材が不足しているお客様を支援しています。
社内には、エンジニア・デザイナー・ディレクター・PMなど、各分野のエキスパートが在籍しています。
「何を作ればいいのかわからない」「IT周りをまとめて任せたい」といった0→1のご相談から、「社員の退職に伴うリソース不足を補いたい」といったSESのご要望まで、課題やフェーズに応じて幅広く対応しています。

負荷は放置するほど、刷新の着手が遠のきます。

ご興味があれば、ご返信ください。

株式会社Lei Hau'oli
（tel）050-5497-3411
（mail）ml.account-sales@leihauoli.com","372","81","85","85","93","合成","0","- モード: 合成 - 部品ごとの採用元: ①件名=opener（課題固有ワード＋「40名」「1名」の2数字が最も転送されやすい／ただし冗長部を圧縮） ②宛名＋冒頭2行=closer（1文で課題を言い当て、社名を伏せても自社宛てと分かる） ③課題提示=closer ④自社紹介＋USP=closer（USPが「1名からチーム単位で供給できる開発支援会社」と一言で言い切れている） ⑤FAB+E＝clo","修正パス(2026-09-18)"
"2026-09-11T18:32:04+09:00","デジタルグリッド株式会社","開発部","ご担当者","【複数プロダクト・大規模UI】0→1の相談も15分で対応可能","開発部 ご担当者様

複数プロダクトを内製で抱える開発部では、UI改修とレガシー刷新の両立に手が足りていないのではないでしょうか。

私たち株式会社レイハウオリは、Web領域を中心に、ITリソースや専門人材が不足しているお客様を支援しています。
社内には、エンジニア・デザイナー・ディレクター・PMなど、各分野のエキスパートが在籍しています。
「何を作ればいいのかわからない」「IT周りをまとめて任せたい」といった0→1のご相談から、「社員の退職に伴うリソース不足を補いたい」といったSESのご要望まで、課題やフェーズに応じて幅広く対応しています。

下期は要望がさらに増えるため、早めのご検討をおすすめします。ご興味があれば、ご返信ください。

株式会社Lei Hau'oli
（tel）050-5497-3411
（mail）ml.account-sales@leihauoli.com","381","82","85","86","91","合成","0","- モード: 合成 - 部品ごとの採用元: ①件名=opener（課題固有ワード＋数字、ただし長すぎるため圧縮）②宛名=共通 ③冒頭・課題提示=replier ④自社紹介＋USP=closer ⑤FAB+E＋実績=closer ⑥なぜ今=replier（下期＝9月時点で最も近い時間軸）⑦CTA=replier（4文字返信）＋closer（15分の着地先）⑧署名=共通 - opener: 件名の固有","修正パス(2026-09-18)"
"2026-09-11T18:37:01+09:00","株式会社ファンくる","開発部","ご担当者","【0→1からSESまで】複数プロダクトのUI改修とレガシー刷新の並走を支援","開発部 ご担当者様

「ファンくる」など複数プロダクトのUI改修と新機能開発が同時に走り、レガシー刷新まで手が回らない状況ではないでしょうか。

私たち株式会社レイハウオリは、Web領域を中心に、ITリソースや専門人材が不足しているお客様を支援しています。
社内には、エンジニア・デザイナー・ディレクター・PMなど、各分野のエキスパートが在籍しています。
「何を作ればいいのかわからない」「IT周りをまとめて任せたい」といった0→1のご相談から、「社員の退職に伴うリソース不足を補いたい」といったSESのご要望まで、課題やフェーズに応じて幅広く対応しています。

下期の開発計画が固まる前の今なら、必要な体制を組めます。ご興味があれば、本メールにご返信ください。

株式会社Lei Hau'oli
（tel）050-5497-3411
（mail）ml.account-sales@leihauoli.com","390","80","85","85","91","合成","0","- モード: 合成 - 部品ごとの採用元: ①件名=replier骨格（1名から常駐）＋closerの数字（40名） ②宛名＋冒頭2行=closer（「ファンくる」名指し）＋replierの体言止め課題翻訳 ③課題提示=replier ④自社紹介＋USP=closer ⑤FAB+E=closer（技術スタック→即戦力→並走）＋openerのEvidence ⑥なぜ今=replier（下期計画確定前","修正パス(2026-09-18)"
"2026-09-11T18:33:37+09:00","株式会社ダイアログ","開発部","ご担当者","【0→1からSESまで】開発体制の波に対応","開発部 ご担当者様

複数プロダクトの大規模UIを内製で抱えながら、レガシー刷新と新機能開発を並走させていらっしゃると拝察します。

私たち株式会社レイハウオリは、Web領域を中心に、ITリソースや専門人材が不足しているお客様を支援しています。
社内には、エンジニア・デザイナー・ディレクター・PMなど、各分野のエキスパートが在籍しています。
「何を作ればいいのかわからない」「IT周りをまとめて任せたい」といった0→1のご相談から、「社員の退職に伴うリソース不足を補いたい」といったSESのご要望まで、課題やフェーズに応じて幅広く対応しています。

並走を続けるほど、リリースの遅れが積み重なります。

ご興味があればご返信ください。

株式会社Lei Hau'oli
（tel）050-5497-3411
（mail）ml.account-sales@leihauoli.com","375","82","85","85","92","合成","0","- モード: 合成 - 部品ごとの採用元: ①件名=opener（長さのみ圧縮） ②宛名＋冒頭=opener＋replier（opener の課題語を replier の言い回しで2文に分割） ③課題提示=replier ④自社紹介＋USP=closer ⑤FAB+E＋実績=closer ⑥なぜ今=closer（機会損失の積み上げ） ⑦CTA=replier（「詳細希望」返信）＋closer の商","修正パス(2026-09-18)"
"2026-09-11T18:34:09+09:00","株式会社AimedicMMT","情報システム部","ご担当者","【医療機器商社向け】Web内製化のご相談、15分の情報交換を","情報システム部 ご担当者様

製品情報サイトや顧客向けポータル、社内システムのWeb化を進める中で、外注品質のばらつきにお悩みではありませんか。

私たち株式会社レイハウオリは、Web領域を中心に、ITリソースや専門人材が不足しているお客様を支援しています。
社内には、エンジニア・デザイナー・ディレクター・PMなど、各分野のエキスパートが在籍しています。
「何を作ればいいのかわからない」「IT周りをまとめて任せたい」といった0→1のご相談から、「社員の退職に伴うリソース不足を補いたい」といったSESのご要望まで、課題やフェーズに応じて幅広く対応しています。

先送りするほど技術的負債が積み上がります。

ご興味があれば、このフォームにご返信ください。

株式会社Lei Hau'oli
（tel）050-5497-3411
（mail）ml.account-sales@leihauoli.com","386","82","83","82","90","合成","0","- モード: 合成 - 部品ごとの採用元: ①件名=opener（業種明示）＋replier（ベネフィット句） ②宛名=共通 ③冒頭課題提示=closer ④自社紹介＋実績=replier ⑤USP＋FAB=opener/closer ⑥なぜ今（不急＋不適）=closer＋replier ⑦CTA=closer ⑧署名=opener - opener: 件名に「医療機器商社」「40名」を置き転送判","修正パス(2026-09-18)"
"2026-09-11T18:32:13+09:00","株式会社DGビジネステクノロジー","開発部","ご担当者","【15分で整理】刷新と新機能開発、両立できていますか","開発部 ご担当者様

レガシー刷新と新機能開発の両立で、フロントエンドの人手が足りていませんか。

私たち株式会社レイハウオリは、Web領域を中心に、ITリソースや専門人材が不足しているお客様を支援しています。
社内には、エンジニア・デザイナー・ディレクター・PMなど、各分野のエキスパートが在籍しています。
「何を作ればいいのかわからない」「IT周りをまとめて任せたい」といった0→1のご相談から、「社員の退職に伴うリソース不足を補いたい」といったSESのご要望まで、課題やフェーズに応じて幅広く対応しています。

後回しにするほど、新機能の遅延は積み重なります。

ご返信いただけますと幸いです。

株式会社Lei Hau'oli
（tel）050-5497-3411
（mail）ml.account-sales@leihauoli.com","357","80","86","87","92","合成","0","- モード: 合成 - 部品ごとの採用元: ①件名=replier ②宛名＋冒頭2行=replier ③パーソナライズ／課題提示=replier ④自社紹介＋USP=closer ⑤FAB+E＋実績=closer ⑥なぜ今=replier ⑦CTA=closer ⑧署名=共通 - opener: 課題仮説の固有ワードを冒頭に集中させた点は強いが、件名の【】内が長すぎ受信一覧で切れる。USP言い切り","修正パス(2026-09-18)"
"2026-09-11T18:37:09+09:00","トヨクモ株式会社","開発部","ご担当者","【管理画面改修】バックログ解消は0→1のご相談から","開発部 ご担当者様

複数プロダクトの管理画面開発を内製チームだけで支えておられるかと存じます。

私たち株式会社レイハウオリは、Web領域を中心に、ITリソースや専門人材が不足しているお客様を支援しています。
社内には、エンジニア・デザイナー・ディレクター・PMなど、各分野のエキスパートが在籍しています。
「何を作ればいいのかわからない」「IT周りをまとめて任せたい」といった0→1のご相談から、「社員の退職に伴うリソース不足を補いたい」といったSESのご要望まで、課題やフェーズに応じて幅広く対応しています。

下期の計画策定前のご着手がおすすめです。ご興味があればご返信ください。

株式会社Lei Hau'oli
（tel）050-5497-3411
（mail）ml.account-sales@leihauoli.com","353","86","88","77","93","合成","0","- モード: 合成 - 部品ごとの採用元: ①件名=closer前半（USP＋40名）＋replier後半（1名の常駐） ②宛名＋冒頭=replier ③課題提示=replier ④自社紹介＋USP=opener（実績列挙）＋replier（フロントエンド特化の言い切り） ⑤FAB+E＝closerのBenefit文（内製チームを増やさずに／手を止めずに済む） ⑥なぜ今=replier（下期の開発","修正パス(2026-09-18)"
"2026-09-11T18:36:57+09:00","株式会社オルカ","開発部","ご担当者","【15分で相談】ゲーム本体開発に集中したい開発部様へ","開発部 ご担当者様

ゲーム本体の実装にエンジニアを集中させたい一方、公式サイト等の改修が後回しになっていませんか。

私たち株式会社レイハウオリは、Web領域を中心に、ITリソースや専門人材が不足しているお客様を支援しています。
社内には、エンジニア・デザイナー・ディレクター・PMなど、各分野のエキスパートが在籍しています。
「何を作ればいいのかわからない」「IT周りをまとめて任せたい」といった0→1のご相談から、「社員の退職に伴うリソース不足を補いたい」といったSESのご要望まで、課題やフェーズに応じて幅広く対応しています。

複数プロダクトを内製で抱えるほど負荷は積み上がります。

ご興味があれば、このフォームにご返信ください。

株式会社Lei Hau'oli
（tel）050-5497-3411
（mail）ml.account-sales@leihauoli.com","378","80","85","79","89","合成","0","- モード: 合成 - 部品ごとの採用元: ①件名=replier ②宛名＋冒頭2行=replier ③課題提示=replier＋closer ④自社紹介＋USP=closer ⑤FAB+E＋実績=closer ⑥なぜ今=closer（「積み上がり続けます」） ⑦CTA=closer（決裁者×15分×返信1択） ⑧署名=opener/replier形式 - opener: 課題仮説の直写と不急の一","修正パス(2026-09-18)"
"2026-09-11T18:37:11+09:00","株式会社S.B.C.","開発部","ご担当者","【0→1からSESまで】複数プロダクト並走の負荷、今期中に平準化しませんか","開発部 ご担当者様

複数プロダクトの並走で、フロントエンドのリソースが不足していませんか。

私たち株式会社レイハウオリは、Web領域を中心に、ITリソースや専門人材が不足しているお客様を支援しています。
社内には、エンジニア・デザイナー・ディレクター・PMなど、各分野のエキスパートが在籍しています。
「何を作ればいいのかわからない」「IT周りをまとめて任せたい」といった0→1のご相談から、「社員の退職に伴うリソース不足を補いたい」といったSESのご要望まで、課題やフェーズに応じて幅広く対応しています。

今期の計画が固まる前の今が動きどきです。

ご興味があれば、このフォームにご返信ください。

株式会社Lei Hau'oli
（tel）050-5497-3411
（mail）ml.account-sales@leihauoli.com","359","79","86","82","91","合成","0","- モード: 合成 - 部品ごとの採用元: ①件名=replier ②宛名＋冒頭2行=replier ③パーソナライズ／課題提示=replier ④自社紹介＋USP=closer＋replier（技術スタック） ⑤FAB+E＋実績=closer ⑥なぜ今=replier ⑦CTA=replier ⑧署名=共通 - opener: 強み＝件名に「複数プロダクト・大規模UI」という相手固有ワードを置き","修正パス(2026-09-18)"
"2026-09-11T18:39:34+09:00","ファーストアカウンティング株式会社","開発部","ご担当者","【0→1相談も対応】レガシー刷新と新機能開発の並走を支援します","開発部 ご担当者様

複数プロダクトを内製開発する貴社では、フロントエンドの負荷平準化に課題があるのではないでしょうか。

私たち株式会社レイハウオリは、Web領域を中心に、ITリソースや専門人材が不足しているお客様を支援しています。
社内には、エンジニア・デザイナー・ディレクター・PMなど、各分野のエキスパートが在籍しています。
「何を作ればいいのかわからない」「IT周りをまとめて任せたい」といった0→1のご相談から、「社員の退職に伴うリソース不足を補いたい」といったSESのご要望まで、課題やフェーズに応じて幅広く対応しています。

年度後半は改修要望が積み上がる時期です。

ご返信にて15分程度お話しできませんか。

株式会社Lei Hau'oli
（tel）050-5497-3411
（mail）ml.account-sales@leihauoli.com","370","72","79","83","89","合成","0","- モード: 合成 - 部品ごとの採用元: ①件名=closer（骨格）＋opener（固有ワード「レガシー刷新と新機能開発の並走」） ②冒頭2行=closer ③課題提示=closer＋replier（「負荷が平準化できていない」） ④USP=closer ⑤FAB+E=closer＋replier（「中途採用に数か月かけずに」） ⑥なぜ今=closer（年度後半）＋replier（機会損失） ","修正パス(2026-09-18)"
"2026-09-11T18:37:26+09:00","ニフティライフスタイル株式会社","開発部","ご担当者","【複数プロダクトを運営中の企業様へ】UI改修とレガシー刷新、0→1のご相談も承ります","開発部 ご担当者様

私たち株式会社レイハウオリは、Web領域を中心に、ITリソースや専門人材が不足しているお客様を支援しています。
社内には、エンジニア・デザイナー・ディレクター・PMなど、各分野のエキスパートが在籍しています。
「何を作ればいいのかわからない」「IT周りをまとめて任せたい」といった0→1のご相談から、「社員の退職に伴うリソース不足を補いたい」といったSESのご要望まで、課題やフェーズに応じて幅広く対応しています。

複数プロダクトを内製運営される貴社では、UI改修と新機能開発の並走が負荷になりやすいかと存じます。

このままでは年末の改修計画が遅れかねません。

ご興味があれば本フォームにご返信ください。

株式会社Lei Hau'oli
（tel）050-5497-3411
（mail）ml.account-sales@leihauoli.com","373","74","81","83","90","合成","0","- モード: 合成 - 部品ごとの採用元: ①件名=replier（骨格）＋opener（相手固有語「複数プロダクト」） ②宛名＝共通 ③冒頭2行・課題提示=opener ④USP一言=closer ⑤FAB+E・実績=closer＋replier ⑥なぜ今=closer ⑦CTA=closer ⑧署名=closer - opener: 件名に「複数プロダクト運営・大規模UI」と相手固有語を入れた","修正パス(2026-09-18)"
"2026-09-11T18:39:55+09:00","株式会社メディアドゥテック徳島","開発部","ご担当者","【複数プロダクト運営部門向け】0→1から並走まで、専門人材で支援します","開発部 ご担当者様

複数プロダクトの開発を、限られた内製体制で並走させている段階ではないでしょうか。

私たち株式会社レイハウオリは、Web領域を中心に、ITリソースや専門人材が不足しているお客様を支援しています。
社内には、エンジニア・デザイナー・ディレクター・PMなど、各分野のエキスパートが在籍しています。
「何を作ればいいのかわからない」「IT周りをまとめて任せたい」といった0→1のご相談から、「社員の退職に伴うリソース不足を補いたい」といったSESのご要望まで、課題やフェーズに応じて幅広く対応しています。

並走が続くほど、遅延や機会損失は積み上がります。ご興味があれば、本メールにご返信ください。

株式会社Lei Hau'oli
（tel）050-5497-3411
（mail）ml.account-sales@leihauoli.com","366","82","87","79","93","合成","0","- モード: 合成 - 部品ごとの採用元: ①件名=opener（数字付き固有ワードをreplierの「1名から」で補強） ②宛名＝opener/replier（正規形） ③パーソナライズ／課題提示=replier ④自社紹介＋USP=closer ⑤FAB+E=closer ⑥なぜ今=replier ⑦CTA=replier ⑧署名=opener - opener: 件名に「複数プロダクト運営」","修正パス(2026-09-18)"
"2026-09-11T18:40:19+09:00","株式会社EBE","開発部","ご担当者","【中古車・新車販売サイト運営】0→1からSESまで、専門人材で開発を支える","開発部 ご担当者様

中古車・新車販売のWebサービスを複数運営される貴社では、開発リソースが不足しているのではないでしょうか。

私たち株式会社レイハウオリは、Web領域を中心に、ITリソースや専門人材が不足しているお客様を支援しています。
社内には、エンジニア・デザイナー・ディレクター・PMなど、各分野のエキスパートが在籍しています。
「何を作ればいいのかわからない」「IT周りをまとめて任せたい」といった0→1のご相談から、「社員の退職に伴うリソース不足を補いたい」といったSESのご要望まで、課題やフェーズに応じて幅広く対応しています。

並走が続くほどリリース遅延が積み重なります。ご興味があれば、このフォームにご返信ください。

株式会社Lei Hau'oli
（tel）050-5497-3411
（mail）ml.account-sales@leihauoli.com","379","79","80","77","89","合成","0","- モード: 合成 - 部品ごとの採用元: ①件名=opener（業種特定の【】）＋replier（数字の置き方）②宛名＋冒頭2行=opener ③課題提示=replier（UI改修要望×レガシー刷新×新機能の三点並走）④自社紹介＋USP=closer（フロントエンド特化＋表参道の開発支援会社）⑤FAB+E＝opener/closer（React・Vue.js・Next.js約40名／美容予約サー","修正パス(2026-09-18)"
"2026-09-11T18:41:14+09:00","株式会社アイシス","開発部","ご担当者","【15分相談】複数プロダクトの開発体制のご相談","開発部 ご担当者様

複数プロダクトの大規模UIを内製で抱え、レガシー刷新と新機能開発の両立が難しい状況ではないでしょうか。

私たち株式会社レイハウオリは、Web領域を中心に、ITリソースや専門人材が不足しているお客様を支援しています。
社内には、エンジニア・デザイナー・ディレクター・PMなど、各分野のエキスパートが在籍しています。
「何を作ればいいのかわからない」「IT周りをまとめて任せたい」といった0→1のご相談から、「社員の退職に伴うリソース不足を補いたい」といったSESのご要望まで、課題やフェーズに応じて幅広く対応しています。

下期体制が固まる前の今が好機です。ご興味があれば返信ください。

株式会社Lei Hau'oli
（tel）050-5497-3411
（mail）ml.account-sales@leihauoli.com","363","81","84","79","92","合成","0","- モード: 合成 - 部品ごとの採用元: ①件名=replier（【】＋数字が先頭で短い）＋opener の「複数プロダクト」を追加 ②宛名＋冒頭2行=replier ③課題提示=replier ④USP=closer（断定「弊社だけです」は根拠不在のため「フロントエンド特化で〜できます」に修正） ⑤FAB+E=closer＋replier ⑥なぜ今=closer ⑦CTA=replier（「検","修正パス(2026-09-18)"
"2026-09-11T18:40:47+09:00","株式会社イーエムエス新潟","開発部","ご担当者","【新潟】UI刷新と新機能、両立できていますか（0→1のご相談も可能）","開発部 ご担当者様

複数プロダクトの大規模UIを内製で抱え、フロントエンドの手が不足していませんか。

私たち株式会社レイハウオリは、Web領域を中心に、ITリソースや専門人材が不足しているお客様を支援しています。
社内には、エンジニア・デザイナー・ディレクター・PMなど、各分野のエキスパートが在籍しています。
「何を作ればいいのかわからない」「IT周りをまとめて任せたい」といった0→1のご相談から、「社員の退職に伴うリソース不足を補いたい」といったSESのご要望まで、課題やフェーズに応じて幅広く対応しています。

下期の体制を組む今なら、繁忙期の負荷集中を避けられます。

ご興味があればご返信ください。

株式会社Lei Hau'oli
（tel）050-5497-3411
（mail）ml.account-sales@leihauoli.com","364","74","86","82","90","合成","0","- モード: 合成 - 部品ごとの採用元: ①件名=replier ②宛名＋冒頭2行=replier ③パーソナライズ／課題提示=replier（closerの「並走」語を吸収） ④自社紹介＋USP=closer ⑤FAB+E＋実績=closer ⑥なぜ今=replier ⑦CTA=replier ⑧署名=共通 - opener: 強み＝「複数プロダクト」「レガシー刷新」「並走」の固有ワードを冒頭","修正パス(2026-09-18)"
"2026-09-11T18:43:31+09:00","株式会社ストランザ","開発部","ご担当者","【レガシー刷新と新機能開発の並走に】0→1のご相談からSESまで対応","開発部 ご担当者様

複数プロダクトの大規模UIを内製チームで抱え、レガシー刷新と新機能開発の並走にお困りではないでしょうか。

私たち株式会社レイハウオリは、Web領域を中心に、ITリソースや専門人材が不足しているお客様を支援しています。
社内には、エンジニア・デザイナー・ディレクター・PMなど、各分野のエキスパートが在籍しています。
「何を作ればいいのかわからない」「IT周りをまとめて任せたい」といった0→1のご相談から、「社員の退職に伴うリソース不足を補いたい」といったSESのご要望まで、課題やフェーズに応じて幅広く対応しています。

対応が遅れるほどリリースも遅れ続けます。ご興味があれば本メールにご返信ください。

株式会社Lei Hau'oli
（tel）050-5497-3411
（mail）ml.account-sales@leihauoli.com","373","80","76","81","90","合成","0","- モード: 合成 - 部品ごとの採用元: ①件名=opener ②宛名＋冒頭=replier（課題の「実感」への翻訳が最も自分宛て感が強い） ③課題提示=replier ④自社紹介＋USP=closer（ただし「唯一の開発支援会社」は根拠不在のため断定を除去、§3準拠） ⑤FAB+E=closer ⑥なぜ今=closer（「放置するほどリリースが遅れ続けます」が課題仮説に直結） ⑦CTA=rep","修正パス(2026-09-18)"
"2026-09-11T18:44:57+09:00","株式会社クラステクノロジー","開発部","ご担当者","【0→1からSESまで】複数プロダクトのUI改修と刷新の並走を支える開発体制","開発部 ご担当者様

複数プロダクトのUI刷新と新機能開発を並走させ、フロントエンドの手が足りない状況ではないでしょうか。

私たち株式会社レイハウオリは、Web領域を中心に、ITリソースや専門人材が不足しているお客様を支援しています。
社内には、エンジニア・デザイナー・ディレクター・PMなど、各分野のエキスパートが在籍しています。
「何を作ればいいのかわからない」「IT周りをまとめて任せたい」といった0→1のご相談から、「社員の退職に伴うリソース不足を補いたい」といったSESのご要望まで、課題やフェーズに応じて幅広く対応しています。

下期の開発計画が固まる前なら選択肢が広がります。

ご興味があれば、このフォームにご返信ください。

株式会社Lei Hau'oli
（tel）050-5497-3411
（mail）ml.account-sales@leihauoli.com","378","85","88","87","96","合成","0","- モード: 合成 - 部品ごとの採用元: ①件名=replier（【】内に「40名」を含み一目で価値が伝わる）＋opener（「複数プロダクト」の課題ワード）／②冒頭2行=replier／③課題提示=replier／④自社紹介＋USP=closer＋openerのUSP一言／⑤FAB+E=closer／⑥なぜ今=replier（下期計画の時期軸）／⑦CTA=replier（二択返信）／⑧署名=共","修正パス(2026-09-18)"
"2026-09-11T18:42:56+09:00","株式会社ロックシステム","開発部","ご担当者","【0→1から伴走】複数プロダクトを抱える開発部様へ：フロントエンド要員不足の解消","開発部 ご担当者様

複数プロダクトを内製で抱え、レガシー刷新と新機能開発が並走し、フロントエンドの手が足りなくなっていませんか。

私たち株式会社レイハウオリは、Web領域を中心に、ITリソースや専門人材が不足しているお客様を支援しています。
社内には、エンジニア・デザイナー・ディレクター・PMなど、各分野のエキスパートが在籍しています。
「何を作ればいいのかわからない」「IT周りをまとめて任せたい」といった0→1のご相談から、「社員の退職に伴うリソース不足を補いたい」といったSESのご要望まで、課題やフェーズに応じて幅広く対応しています。

要望が積み上がる前に動くほど、機会損失は小さくなります。

ご興味があれば、このメールにご返信ください。

株式会社Lei Hau'oli
（tel）050-5497-3411
（mail）ml.account-sales@leihauoli.com","385","81","83","88","92","合成","0","- モード: 合成 - 部品ごとの採用元: ①件名=closer ②宛名＋冒頭2行=closer ③パーソナライズ／課題提示=closer＋replier（クライアント案件の供給不足） ④自社紹介＋USP=closer ⑤FAB+E＋実績=closer（Feature の技術列挙は opener 表記へ短縮） ⑥なぜ今=closer（機会損失）＋replier の切迫感 ⑦CTA=replier（","修正パス(2026-09-18)"
"2026-09-11T18:44:02+09:00","株式会社マツリカ","開発部","ご担当者","【15分の情報交換】UI改修とレガシー刷新の並走、体制を補強できます","開発部 ご担当者様

マツリカ様の複数プロダクトで、UI改修要望がフロントエンドチームに滞留していませんか。

私たち株式会社レイハウオリは、Web領域を中心に、ITリソースや専門人材が不足しているお客様を支援しています。
社内には、エンジニア・デザイナー・ディレクター・PMなど、各分野のエキスパートが在籍しています。
「何を作ればいいのかわからない」「IT周りをまとめて任せたい」といった0→1のご相談から、「社員の退職に伴うリソース不足を補いたい」といったSESのご要望まで、課題やフェーズに応じて幅広く対応しています。

下期の開発計画を固める前の今が着手時期です。

ご興味があれば、ご返信ください。

株式会社Lei Hau'oli
（tel）050-5497-3411
（mail）ml.account-sales@leihauoli.com","362","79","90","80","92","合成","0","- モード: 合成 - 部品ごとの採用元: ①件名=replier ②宛名＋冒頭2行=replier ③パーソナライズ／課題提示=replier ④自社紹介＋USP=replier（構成は closer を参考に圧縮） ⑤FAB+E＋実績=closer ⑥なぜ今=closer ⑦CTA=replier ⑧署名=共通 - opener: 件名に課題ワードと「40名」を置いた設計は堅実だが、社名への言","修正パス(2026-09-18)"
"2026-09-11T18:43:07+09:00","株式会社ラボテック","情報システム部","ご担当者","【0→1のご相談から】複数プロダクトのUI刷新と新機能開発を止めない体制づくり","情報システム部 ご担当者様

複数プロダクトのレガシー刷新と新機能開発を並走させたいが、負荷が平準化できていないのではないでしょうか。

私たち株式会社レイハウオリは、Web領域を中心に、ITリソースや専門人材が不足しているお客様を支援しています。
社内には、エンジニア・デザイナー・ディレクター・PMなど、各分野のエキスパートが在籍しています。
「何を作ればいいのかわからない」「IT周りをまとめて任せたい」といった0→1のご相談から、「社員の退職に伴うリソース不足を補いたい」といったSESのご要望まで、課題やフェーズに応じて幅広く対応しています。

負荷が蓄積する前の今が好機です。

ご興味があれば、このフォームにご返信ください。

株式会社Lei Hau'oli
（tel）050-5497-3411
（mail）ml.account-sales@leihauoli.com","376","75","82","80","89","合成","0","- モード: 合成（opener は A1 違反で失格のため素材からも除外。replier × closer の2案合成） - 部品ごとの採用元: ①件名=closer（「専任者1名から」）+replier（「刷新と新機能開発を止めない」）②宛名＋冒頭2行=replier ③課題提示=replier ④自社紹介＋USP=replier＋closer（「フロントエンド特化／1名からチーム単位まで」）","修正パス(2026-09-18)"
"2026-09-11T21:02:44+09:00","株式会社favy","開発部","ご担当者","【0→1】favy様のUI改修・新機能開発、フロントエンド不足を解消","開発部 ご担当者様

複数プロダクト・大規模UIを内製チームで運用されているfavy様は、フロントエンドの負荷平準化に苦慮されていませんか。

私たち株式会社レイハウオリは、Web領域を中心に、ITリソースや専門人材が不足しているお客様を支援しています。
社内には、エンジニア・デザイナー・ディレクター・PMなど、各分野のエキスパートが在籍しています。
「何を作ればいいのかわからない」「IT周りをまとめて任せたい」といった0→1のご相談から、「社員の退職に伴うリソース不足を補いたい」といったSESのご要望まで、課題やフェーズに応じて幅広く対応しています。

年内リリースなら着手の遅れが遅延に直結します。ご興味があれば、このフォームにご返信ください。

株式会社Lei Hau'oli
（tel）050-5497-3411
（mail）ml.account-sales@leihauoli.com","386","74","84","84","92","合成","0","- モード: 合成 - 部品ごとの採用元: ①件名=replier ②宛名＋冒頭2行=closer ③課題提示=closer ④自社紹介＋USP=closer ⑤FAB+E＋実績=closer ⑥なぜ今=replier ⑦CTA=replier ⑧署名=共通 - opener: 課題仮説の言い当ては的確だが、件名が32字超で【】内に社名も数字もなく、受信箱で最初の判断材料が弱い。本文も自社紹介が説","修正パス(2026-09-18)"
"2026-09-11T18:45:21+09:00","株式会社ダブルスタンダード","開発部","ご担当者","【複数プロダクトのUI改修待ち】0→1から対応できる専門人材","開発部 ご担当者様

複数プロダクトのUI改修と新機能開発を内製で並走させる中、フロントエンドの手が足りていないのではないでしょうか。

私たち株式会社レイハウオリは、Web領域を中心に、ITリソースや専門人材が不足しているお客様を支援しています。
社内には、エンジニア・デザイナー・ディレクター・PMなど、各分野のエキスパートが在籍しています。
「何を作ればいいのかわからない」「IT周りをまとめて任せたい」といった0→1のご相談から、「社員の退職に伴うリソース不足を補いたい」といったSESのご要望まで、課題やフェーズに応じて幅広く対応しています。

年度後半の計画が固まる前に、体制についてご相談できればと思います。

ご興味があれば、このフォームにご返信ください。

株式会社Lei Hau'oli
（tel）050-5497-3411
（mail）ml.account-sales@leihauoli.com","393","82","80","78","88","合成","0","- モード: 合成 - 部品ごとの採用元: ①件名=opener（「専任40名」→§4準拠の「専門エンジニア約40名」に補正） ②宛名＋冒頭=opener ③課題提示=opener×replier融合（replierの「レガシー刷新が後回し」描写を接合、9割の誤用は除去） ④自社紹介＋USP=opener（USP一言）＋closer（設立2008年・18年目） ⑤FAB+E＝closer（開発フロ","修正パス(2026-09-18)"
"2026-09-11T21:02:59+09:00","Prop Tech plus株式会社","開発部","ご担当者","【0→1】レガシー刷新と新機能開発の並走をご支援","開発部 ご担当者様

複数プロダクトの大規模UIを内製で抱え、レガシー刷新と新機能開発の並走で負荷が平準化できていないのではないでしょうか。

私たち株式会社レイハウオリは、Web領域を中心に、ITリソースや専門人材が不足しているお客様を支援しています。
社内には、エンジニア・デザイナー・ディレクター・PMなど、各分野のエキスパートが在籍しています。
「何を作ればいいのかわからない」「IT周りをまとめて任せたい」といった0→1のご相談から、「社員の退職に伴うリソース不足を補いたい」といったSESのご要望まで、課題やフェーズに応じて幅広く対応しています。

体制着手が遅れると新機能開発が来期にずれ込みかねません。ご興味があれば、このメールにご返信ください。

株式会社Lei Hau'oli
（tel）050-5497-3411
（mail）ml.account-sales@leihauoli.com","390","73","80","82","87","合成","0","- モード: 合成 - 部品ごとの採用元: ①件名＝replier（【1名から】の短さ）＋opener/closerの固有ワード（レガシー刷新・新機能開発の並走／約40名）を後半に移設 ②宛名＋冒頭＝closer ③パーソナライズ＝replier（「刷新に人を割くと新機能が止まる」） ④自社紹介＋USP＝closer ⑤FAB+E＋実績＝closer ⑥なぜ今＝replier（下期計画の時間軸） ","修正パス(2026-09-18)"
"2026-09-11T21:03:07+09:00","株式会社カンム","開発部","ご担当者","【決済SaaSの管理画面改修】0→1の相談からSESまで対応可能です","開発部 ご担当者様

決済代行やダッシュボードの機能追加要望のたび、新機能かレガシー改修かの二択に迫られていませんか。

私たち株式会社レイハウオリは、Web領域を中心に、ITリソースや専門人材が不足しているお客様を支援しています。
社内には、エンジニア・デザイナー・ディレクター・PMなど、各分野のエキスパートが在籍しています。
「何を作ればいいのかわからない」「IT周りをまとめて任せたい」といった0→1のご相談から、「社員の退職に伴うリソース不足を補いたい」といったSESのご要望まで、課題やフェーズに応じて幅広く対応しています。

着手が遅れるほどバックログは膨らみます。

ご興味があれば、ご返信ください。

株式会社Lei Hau'oli
（tel）050-5497-3411
（mail）ml.account-sales@leihauoli.com","365","75","83","86","90","合成","0","- モード: 合成 - 部品ごとの採用元: ①件名=opener＋closer（openerの固有ワード「決済SaaS／管理画面」＋closerの「1名から」を統合し、40字級の長さを圧縮） ②宛名＋冒頭2行=replier ③パーソナライズ／課題提示=replier ④自社紹介＋USP=closer ⑤FAB+E＋実績=closer（Feature詳細はA1のためTypeScriptを削除） ⑥","修正パス(2026-09-18)"
"2026-09-11T21:04:40+09:00","株式会社ドラEVER","開発部","ご担当者","【求人媒体運営】フロントエンド負荷、15分で整理しませんか","開発部 ご担当者様

求人媒体・求人情報誌・Webアプリを複数運営される貴社では、開発要員の確保に課題はありませんか。

私たち株式会社レイハウオリは、Web領域を中心に、ITリソースや専門人材が不足しているお客様を支援しています。
社内には、エンジニア・デザイナー・ディレクター・PMなど、各分野のエキスパートが在籍しています。
「何を作ればいいのかわからない」「IT周りをまとめて任せたい」といった0→1のご相談から、「社員の退職に伴うリソース不足を補いたい」といったSESのご要望まで、課題やフェーズに応じて幅広く対応しています。

下期の計画を固める前に、ぜひご検討ください。

ご興味があれば、本メールにご返信ください。

株式会社Lei Hau'oli
（tel）050-5497-3411
（mail）ml.account-sales@leihauoli.com","372","81","83","85","90","合成","0","- モード: 合成 - 部品ごとの採用元: ①件名=closer（+openerの「求人媒体」ワードを注入） ②宛名＋冒頭=replier（課題の言い換えが最も具体） ③パーソナライズ／課題提示=replier ④自社紹介＋USP=closer ⑤FAB+E＋実績=closer＋opener圧縮 ⑥なぜ今=replier（創作部分除去後） ⑦CTA=opener ⑧署名=共通 - opener: ","修正パス(2026-09-18)"
"2026-09-11T21:06:49+09:00","株式会社シンカ","開発部","ご担当者","【0→1】管理画面・ダッシュボード改修のバックログ解消","開発部 ご担当者様

管理画面・ダッシュボードの機能追加要望で、改修がバックログに積み上がっていないでしょうか。

私たち株式会社レイハウオリは、Web領域を中心に、ITリソースや専門人材が不足しているお客様を支援しています。
社内には、エンジニア・デザイナー・ディレクター・PMなど、各分野のエキスパートが在籍しています。
「何を作ればいいのかわからない」「IT周りをまとめて任せたい」といった0→1のご相談から、「社員の退職に伴うリソース不足を補いたい」といったSESのご要望まで、課題やフェーズに応じて幅広く対応しています。

積み上がるほど新機能着手が遅れ、機会損失が広がります。ご興味があればご返信ください。

株式会社Lei Hau'oli
（tel）050-5497-3411
（mail）ml.account-sales@leihauoli.com","368","73","84","86","92","合成","0","- モード: 合成 - 部品ごとの採用元: ①件名=closer（簡潔・数字2つ／opener案の「ダッシュボード」を移植） ②宛名＋冒頭2行=replier ③課題提示=replier ④自社紹介＋USP=closer＋replier（USP一言はreplier） ⑤FAB+E＋実績=closer ⑥なぜ今=closer（機会損失） ⑦CTA=replier（『詳細希望』返信）＋closerの1","修正パス(2026-09-18)"
"2026-09-11T21:03:34+09:00","帝人メディカルテクノロジー株式会社","情報システム部","ご担当者","【複数プロダクト×レガシー刷新】0→1のご相談も承ります","情報システム部 ご担当者様

製品情報サイトや顧客向けポータル、社内システムのWeb化に伴い、複数プロダクトの刷新が並走していませんか。

私たち株式会社レイハウオリは、Web領域を中心に、ITリソースや専門人材が不足しているお客様を支援しています。
社内には、エンジニア・デザイナー・ディレクター・PMなど、各分野のエキスパートが在籍しています。
「何を作ればいいのかわからない」「IT周りをまとめて任せたい」といった0→1のご相談から、「社員の退職に伴うリソース不足を補いたい」といったSESのご要望まで、課題やフェーズに応じて幅広く対応しています。

この空白は放置するほど、是正コストが膨らみます。

ご興味があれば、ご返信ください。

株式会社Lei Hau'oli
（tel）050-5497-3411
（mail）ml.account-sales@leihauoli.com","378","85","81","81","92","合成","0","- モード: 合成 - 部品ごとの採用元: ①件名=opener ②宛名＋冒頭2行=opener ③課題提示=opener（closerの「社内システムのWeb化」を吸収） ④自社紹介＋USP=replier（9割の誤用を除去し§4準拠に修正）＋opener ⑤FAB+E＋実績=opener＋closer ⑥なぜ今=closer（「放置するほど是正コストが膨らむ」／replierの「期末」は根拠不","修正パス(2026-09-18)"
"2026-09-11T21:06:22+09:00","みんなの未来株式会社","開発部","ご担当者","【複数プロダクト対応】UI改修体制を15分で前倒し相談","開発部 ご担当者様

貴社では大規模UIを内製チームで抱えながら、繁忙期だけ経験者を確保する手段がないとお困りではないでしょうか。

私たち株式会社レイハウオリは、Web領域を中心に、ITリソースや専門人材が不足しているお客様を支援しています。
社内には、エンジニア・デザイナー・ディレクター・PMなど、各分野のエキスパートが在籍しています。
「何を作ればいいのかわからない」「IT周りをまとめて任せたい」といった0→1のご相談から、「社員の退職に伴うリソース不足を補いたい」といったSESのご要望まで、課題やフェーズに応じて幅広く対応しています。

下期のUI改修前に体制確保をおすすめします。

ご興味があれば、このフォームにご返信ください。

株式会社Lei Hau'oli
（tel）050-5497-3411
（mail）ml.account-sales@leihauoli.com","380","75","73","73","81","選抜","0","- モード: 選抜（失格でない案が closer 1案のみのため、合成モードの成立条件を満たさない） - 部品ごとの採用元: 全部品を closer から採用。ただし①件名のみ、A2は満たすが【】が件名全体を包み記号としての視認性が消え開封力が伸びないため、最小限の手直しとして【】を短縮し数字を「40」「1」の2つに増やした（語彙はすべて§4と closer 本文内のものに限定、新しい主張は追加し","修正パス(2026-09-18)"
"2026-09-11T21:07:06+09:00","株式会社ノースディテール","開発部","ご担当者","【複数プロダクト並走】0→1相談からSES要望まで対応","開発部 ご担当者様

ノースディテール様は、複数プロダクトの開発が同時に走り、人手が足りない場面はございませんか。

私たち株式会社レイハウオリは、Web領域を中心に、ITリソースや専門人材が不足しているお客様を支援しています。
社内には、エンジニア・デザイナー・ディレクター・PMなど、各分野のエキスパートが在籍しています。
「何を作ればいいのかわからない」「IT周りをまとめて任せたい」といった0→1のご相談から、「社員の退職に伴うリソース不足を補いたい」といったSESのご要望まで、課題やフェーズに応じて幅広く対応しています。

年度後半の計画を見直す時期かと存じます。

ご興味があれば、本メールにご返信ください。

株式会社Lei Hau'oli
（tel）050-5497-3411
（mail）ml.account-sales@leihauoli.com","368","83","74","81","87","選抜","0","- モード: 選抜 - 失格でない案が opener 1案のみのため合成モードは成立せず。replier・closer は規定により合成素材からも除外。opener をベースに、絶対条件違反にならない範囲の最小限の手直し（件名の短縮、社名によるパーソナライズ強化、冗長部の圧縮）のみ実施。 - opener: 強み=件名に課題仮説の固有ワードを直載せし、冒頭2行で開発部の痛点を突くため転送されやすい","修正パス(2026-09-18)"
"2026-09-11T21:07:24+09:00","株式会社要","開発部","ご担当者","【開発体制のご相談】複数プロダクト並走の負荷、15分で解消の糸口を","開発部 ご担当者様

複数プロダクトのUI改修や新機能開発、レガシー刷新まで同じチームで並走させていませんか。

私たち株式会社レイハウオリは、Web領域を中心に、ITリソースや専門人材が不足しているお客様を支援しています。
社内には、エンジニア・デザイナー・ディレクター・PMなど、各分野のエキスパートが在籍しています。
「何を作ればいいのかわからない」「IT周りをまとめて任せたい」といった0→1のご相談から、「社員の退職に伴うリソース不足を補いたい」といったSESのご要望まで、課題やフェーズに応じて幅広く対応しています。

繁忙期に入ってから探しては間に合いません。ご興味があれば、ご返信ください。

株式会社Lei Hau'oli
（tel）050-5497-3411
（mail）ml.account-sales@leihauoli.com","362","78","84","86","91","合成","0","- モード: 合成 - 部品ごとの採用元: ①件名=replier（【】部）+closer（固有ワード・1名） ②宛名＋冒頭2行=replier ③課題提示=replier ④自社紹介＋USP=closer ⑤FAB+E＋実績=closer+replier（Advantage文） ⑥なぜ今=replier ⑦CTA=closer（決裁者×15分）+replier（返信ハードル） ⑧署名=共通 - ","修正パス(2026-09-18)"
"2026-09-11T21:08:51+09:00","株式会社Gunosy","開発部","ご担当者","【複数プロダクト・大規模UI向け】0→1からSESまで、15分で体制相談","開発部 ご担当者様

Gunosy様のように複数プロダクトを内製で抱えると、負荷が偏っていないでしょうか。

私たち株式会社レイハウオリは、Web領域を中心に、ITリソースや専門人材が不足しているお客様を支援しています。
社内には、エンジニア・デザイナー・ディレクター・PMなど、各分野のエキスパートが在籍しています。
「何を作ればいいのかわからない」「IT周りをまとめて任せたい」といった0→1のご相談から、「社員の退職に伴うリソース不足を補いたい」といったSESのご要望まで、課題やフェーズに応じて幅広く対応しています。

下期の要望が積み上がる前に、選択肢を持つべきです。

ご興味があれば、ご返信ください。

株式会社Lei Hau'oli
（tel）050-5497-3411
（mail）ml.account-sales@leihauoli.com","364","82","85","77","90","合成","0","- モード: 合成 - 部品ごとの採用元: ①件名=opener（「開発」1語を削り短縮） ②宛名＋冒頭2行=replier ③課題提示=replier ④自社紹介＋USP=closer ⑤FAB+E＋実績=closer＋opener ⑥なぜ今=replier ⑦CTA=replier（＋closerの「15分」を返信後の次工程として接続、アクションは返信1つに固定） ⑧署名=共通 - opene","修正パス(2026-09-18)"
"2026-09-11T21:10:17+09:00","キッズコネクト株式会社","開発部","ご担当者","【医療・福祉SaaS向け】管理画面改修のバックログ、15分で相談を","開発部 ご担当者様

医療・福祉領域のSaaSで複数プロダクトの管理画面を内製運営されている貴社へのご案内です。顧客要望の機能追加でバックログが膨らみやすい今こそです。

私たち株式会社レイハウオリは、Web領域を中心に、ITリソースや専門人材が不足しているお客様を支援しています。
社内には、エンジニア・デザイナー・ディレクター・PMなど、各分野のエキスパートが在籍しています。
「何を作ればいいのかわからない」「IT周りをまとめて任せたい」といった0→1のご相談から、「社員の退職に伴うリソース不足を補いたい」といったSESのご要望まで、課題やフェーズに応じて幅広く対応しています。

ご興味があれば、このフォームにご返信ください。

株式会社Lei Hau'oli
（tel）050-5497-3411
（mail）ml.account-sales@leihauoli.com","377","81","84","84","91","合成","0","- モード: 合成 - 部品ごとの採用元: ①件名=opener（closerの語を一部圧縮） ②宛名＋冒頭2行=opener ③課題提示=replier（問いかけ型） ④USP=closer ⑤FAB+E＋実績=replier ⑥なぜ今=closer ⑦CTA=replier（返信の1アクション）＋closerの「15分の情報交換」を目的として接続 ⑧署名=共通 - opener: 件名と冒頭2","修正パス(2026-09-18)"
"2026-09-11T21:10:29+09:00","株式会社オロ宮崎","開発部","ご担当者","【管理画面・ダッシュボード改修待ち】0→1の相談から対応可能","開発部 ご担当者様

SaaS・ASPを複数展開される御社では、管理画面やダッシュボードの改修がバックログに積み上がっていないでしょうか。

私たち株式会社レイハウオリは、Web領域を中心に、ITリソースや専門人材が不足しているお客様を支援しています。
社内には、エンジニア・デザイナー・ディレクター・PMなど、各分野のエキスパートが在籍しています。
「何を作ればいいのかわからない」「IT周りをまとめて任せたい」といった0→1のご相談から、「社員の退職に伴うリソース不足を補いたい」といったSESのご要望まで、課題やフェーズに応じて幅広く対応しています。

放置するほど新機能の着手は遅れます。

ご興味があれば、このメールにご返信ください。

株式会社Lei Hau'oli
（tel）050-5497-3411
（mail）ml.account-sales@leihauoli.com","379","85","86","85","93","合成","0","- モード: 合成 - 部品ごとの採用元: ①件名=replier（簡潔・数字2つ・「改修待ち」で当事者性最大） ②宛名＋冒頭2行=replier（「宮崎」「SaaS・ASP」で社名を伏せても自社宛てと分かる唯一の案） ③課題提示=replier＋opener ④自社紹介＋USP=closer（「フロントエンド特化で1名からチーム単位」の言い切り） ⑤FAB+E＋実績=closer（採用不要→経験","修正パス(2026-09-18)"
"2026-09-11T21:09:43+09:00","株式会社シナジー","開発部","ご担当者","【0→1から対応】複数プロダクトのUI負荷、セール前に平準化しませんか","開発部 ご担当者様

日用品・バッグ等複数プロダクトを運営される貴社では、フロントエンド開発リソースの逼迫が見込まれます。

私たち株式会社レイハウオリは、Web領域を中心に、ITリソースや専門人材が不足しているお客様を支援しています。
社内には、エンジニア・デザイナー・ディレクター・PMなど、各分野のエキスパートが在籍しています。
「何を作ればいいのかわからない」「IT周りをまとめて任せたい」といった0→1のご相談から、「社員の退職に伴うリソース不足を補いたい」といったSESのご要望まで、課題やフェーズに応じて幅広く対応しています。

セール時期の表示速度は売上に直結します。

15分程度、オンラインでお話しできればと思います。ご興味があれば本メールにご返信ください。

株式会社Lei Hau'oli
（tel）050-5497-3411
（mail）ml.account-sales@leihauoli.com","396","78","81","82","91","合成","0","- モード: 合成 - 部品ごとの採用元: ①件名=replier ②宛名＋冒頭=opener/replier共通形 ③パーソナライズ／課題提示=closer（「レガシー刷新と新機能開発の並走」まで踏み込む） ④自社紹介＋USP=opener（USP一言）+closer（技術スタック） ⑤FAB+E＋実績=closer ⑥なぜ今=closer ⑦CTA=closer ⑧署名=opener - op","修正パス(2026-09-18)"
"2026-09-11T21:11:36+09:00","株式会社アクセルラボ","開発部","ご担当者","【UI改修とレガシー刷新の並走】15分で体制補強のご相談","開発部 ご担当者様

クラウド系SaaSを複数運営される御社では、UI改修とレガシー刷新の並走が続いているのではないでしょうか。

私たち株式会社レイハウオリは、Web領域を中心に、ITリソースや専門人材が不足しているお客様を支援しています。
社内には、エンジニア・デザイナー・ディレクター・PMなど、各分野のエキスパートが在籍しています。
「何を作ればいいのかわからない」「IT周りをまとめて任せたい」といった0→1のご相談から、「社員の退職に伴うリソース不足を補いたい」といったSESのご要望まで、課題やフェーズに応じて幅広く対応しています。

着手が遅れるほど負荷の偏りが波及します。ご興味があれば、本メールにご返信ください。

株式会社Lei Hau'oli
（tel）050-5497-3411
（mail）ml.account-sales@leihauoli.com","375","80","83","85","91","合成","0","- モード: 合成 - 部品ごとの採用元: ①件名=replier ②宛名＋冒頭=opener ③課題提示=replier ④自社紹介＋USP=closer ⑤FAB+E＝closer ⑥なぜ今=closer ⑦CTA=closer（返信ハードル低減の一文はreplierの思想を移植） ⑧署名=opener/closer - opener: 強み＝件名・冒頭に「SaaS/ASP」「複数プロダクト」","修正パス(2026-09-18)"
"2026-09-11T21:13:02+09:00","株式会社SceneLive","開発部","ご担当者","【開発リソース】複数SaaSプロダクトのフロント体制、15分でご相談可能です","開発部 ご担当者様

複数のSaaSプロダクトを内製で運営され、UI改修とレガシー刷新を並走されている状況を拝見しました。

私たち株式会社レイハウオリは、Web領域を中心に、ITリソースや専門人材が不足しているお客様を支援しています。
社内には、エンジニア・デザイナー・ディレクター・PMなど、各分野のエキスパートが在籍しています。
「何を作ればいいのかわからない」「IT周りをまとめて任せたい」といった0→1のご相談から、「社員の退職に伴うリソース不足を補いたい」といったSESのご要望まで、課題やフェーズに応じて幅広く対応しています。

下期の開発計画が固まる前なら要員を補えます。

ご興味があれば、このフォームにご返信ください。

株式会社Lei Hau'oli
（tel）050-5497-3411
（mail）ml.account-sales@leihauoli.com","376","85","84","79","91","合成","0","- モード: 合成（opener＋replier の2案。closer は A3 失格のため合成素材から除外） - 部品ごとの採用元: ①件名=opener（業態特定ワード）＋replier（【】内の数字・簡潔さ）のハイブリッド ②宛名＋冒頭2行=opener ③パーソナライズ／課題提示=opener＋replier（クライアント案件の供給不足の一文はreplier） ④自社紹介＋USP=open","修正パス(2026-09-18)"
"2026-09-11T21:10:31+09:00","株式会社NRC","開発部","ご担当者","【0→1からSESまで】UI刷新と新機能開発の体制強化をご支援します","開発部 ご担当者様

情報セキュリティ領域のWebサービスを複数運営される御社では、UI刷新と新機能開発でリソース不足はないでしょうか。

私たち株式会社レイハウオリは、Web領域を中心に、ITリソースや専門人材が不足しているお客様を支援しています。
社内には、エンジニア・デザイナー・ディレクター・PMなど、各分野のエキスパートが在籍しています。
「何を作ればいいのかわからない」「IT周りをまとめて任せたい」といった0→1のご相談から、「社員の退職に伴うリソース不足を補いたい」といったSESのご要望まで、課題やフェーズに応じて幅広く対応しています。

体制を変えないほど改修要望は積み上がります。

ご興味があれば、このフォームにご返信ください。

株式会社Lei Hau'oli
（tel）050-5497-3411
（mail）ml.account-sales@leihauoli.com","383","86","86","80","92","合成","0","- モード: 合成 - 部品ごとの採用元: ①件名=replier（【】＋数字＋問題提起）にopenerの具体性を注入 ②宛名＋冒頭2行=replier ③課題提示=replier ④自社紹介＋USP=opener ⑤FAB+E＋実績=opener＋closer（Benefit文はcloser） ⑥なぜ今=closer ⑦CTA=replier（低ハードル返信）＋closer（15分商談）を1動作","修正パス(2026-09-18)"
"2026-09-11T21:13:05+09:00","株式会社UMITO","開発部","ご担当者","【0→1】複数プロダクトのフロントエンド、内製チームに増員できます","開発部 ご担当者様

複数プロダクトの大規模UIを内製で抱え、フロントエンドの手が足りず改修要望が積み上がっているのではないでしょうか。

私たち株式会社レイハウオリは、Web領域を中心に、ITリソースや専門人材が不足しているお客様を支援しています。
社内には、エンジニア・デザイナー・ディレクター・PMなど、各分野のエキスパートが在籍しています。
「何を作ればいいのかわからない」「IT周りをまとめて任せたい」といった0→1のご相談から、「社員の退職に伴うリソース不足を補いたい」といったSESのご要望まで、課題やフェーズに応じて幅広く対応しています。

下期に向けて要望はさらに積み上がります。ご興味があれば、ご返信ください。

株式会社Lei Hau'oli
（tel）050-5497-3411
（mail）ml.account-sales@leihauoli.com","374","80","87","85","92","合成","0","- モード: 合成 - 部品ごとの採用元: ①件名=replier ②宛名＋冒頭2行=replier ③パーソナライズ／課題提示=replier ④自社紹介＋USP=closer ⑤FAB+E＋実績=closer ⑥なぜ今=replier ⑦CTA=replier ⑧署名=opener/closer - opener: 課題仮説の固有ワードを件名・冒頭に厚く敷いた点は強い。件名が約45字と長く冒頭","修正パス(2026-09-18)"
"2026-09-11T21:15:33+09:00","ジェムドロップ株式会社","開発部","ご担当者","【0→1】ゲーム本体開発に集中、公式サイト・運営ツールの改修を切り出しませんか","開発部 ご担当者様

本体開発に集中したい一方、公式サイトや運営ツールの改修が後回しになっていませんか。

私たち株式会社レイハウオリは、Web領域を中心に、ITリソースや専門人材が不足しているお客様を支援しています。
社内には、エンジニア・デザイナー・ディレクター・PMなど、各分野のエキスパートが在籍しています。
「何を作ればいいのかわからない」「IT周りをまとめて任せたい」といった0→1のご相談から、「社員の退職に伴うリソース不足を補いたい」といったSESのご要望まで、課題やフェーズに応じて幅広く対応しています。

新規タイトルが続くほど負荷は積み上がります。

ご興味があれば、ご返信ください。

株式会社Lei Hau'oli
（tel）050-5497-3411
（mail）ml.account-sales@leihauoli.com","360","68","81","87","91","合成","0","- モード: 合成 - 部品ごとの採用元: ①件名=closer（記号「──」のみ読点に修正） ②宛名＋冒頭2行=closer ③パーソナライズ／課題提示=replier（「Web版」語彙はopener/CSV由来） ④自社紹介=closer ⑤USP一言=opener（断定「私たちだけです」→「私たちの強みです」に緩和） ⑥FAB+E＝closer＋replierの得意領域一致（大規模UI・レガ","修正パス(2026-09-18)"
"2026-09-11T21:18:51+09:00","ファンズ株式会社","開発部","ご担当者","【15分】複数プロダクトのフロントエンド刷新を止めない開発支援","開発部 ご担当者様

複数プロダクトの大規模UIを内製チームで抱え、フロントエンドの負荷が平準化できずにいらっしゃるのではないでしょうか。

私たち株式会社レイハウオリは、Web領域を中心に、ITリソースや専門人材が不足しているお客様を支援しています。
社内には、エンジニア・デザイナー・ディレクター・PMなど、各分野のエキスパートが在籍しています。
「何を作ればいいのかわからない」「IT周りをまとめて任せたい」といった0→1のご相談から、「社員の退職に伴うリソース不足を補いたい」といったSESのご要望まで、課題やフェーズに応じて幅広く対応しています。

レガシー刷新は先送りするほど負荷が積み上がります。

ご興味があればご返信ください。

株式会社Lei Hau'oli
（tel）050-5497-3411
（mail）ml.account-sales@leihauoli.com","379","80","84","79","91","合成","0","- モード: 合成 - 部品ごとの採用元: ①件名=replier骨格＋opener固有ワード ②宛名＋冒頭2行=replier ③課題提示=replier ④自社紹介＋USP=opener ⑤FAB+E＋実績=closer ⑥なぜ今=replier ⑦CTA=closer ⑧署名=共通 - opener: 課題仮説の固有ワードを件名に載せた点は最強。ただし件名が44字超で受信一覧では後半が切れ、","修正パス(2026-09-18)"
"2026-09-11T21:13:57+09:00","エルピクセル株式会社","開発部","ご担当者","【複数プロダクト】UI改修とレガシー刷新を0→1から伴走支援","開発部 ご担当者様

複数プロダクトの刷新と新機能開発を並走させる中で、負荷の平準化にお困りではないでしょうか。

私たち株式会社レイハウオリは、Web領域を中心に、ITリソースや専門人材が不足しているお客様を支援しています。
社内には、エンジニア・デザイナー・ディレクター・PMなど、各分野のエキスパートが在籍しています。
「何を作ればいいのかわからない」「IT周りをまとめて任せたい」といった0→1のご相談から、「社員の退職に伴うリソース不足を補いたい」といったSESのご要望まで、課題やフェーズに応じて幅広く対応しています。

年度後半に開発要望が積み上がる前に、ご興味があれば本フォームにご返信ください。

株式会社Lei Hau'oli
（tel）050-5497-3411
（mail）ml.account-sales@leihauoli.com","365","78","82","88","90","合成","0","- モード: 合成（失格でない案が opener・closer の2案あるため） - 部品ごとの採用元: ①件名=closer（【数字】前置き）＋replier（「1名から」）②宛名＝共通 ③冒頭課題提示=closer（1文で課題仮説を言い当てる密度が最良）＋replier（問いかけ化）④自社紹介＋USP=closer ⑤FAB+E・実績=closer＋replier（SaaS管理画面で不適を潰す","修正パス(2026-09-18)"
"2026-09-11T21:15:06+09:00","サーモフィッシャーダイアグノスティックス株式会社","情報システム部","ご担当者","【0→1】複数プロダクトのフロントエンド、専任不在のまま並走していませんか","情報システム部 ご担当者様

複数プロダクトの大規模UIを内製で抱えると、外注先ごとに品質もばらつきます。

私たち株式会社レイハウオリは、Web領域を中心に、ITリソースや専門人材が不足しているお客様を支援しています。
社内には、エンジニア・デザイナー・ディレクター・PMなど、各分野のエキスパートが在籍しています。
「何を作ればいいのかわからない」「IT周りをまとめて任せたい」といった0→1のご相談から、「社員の退職に伴うリソース不足を補いたい」といったSESのご要望まで、課題やフェーズに応じて幅広く対応しています。

下期の体制を組み直すなら今が検討時です。

ご興味があれば、本メールにご返信ください。

株式会社Lei Hau'oli
（tel）050-5497-3411
（mail）ml.account-sales@leihauoli.com","364","82","84","87","92","合成","0","- モード: 合成 - 部品ごとの採用元: ①件名=replier（【】内に数字・短尺・疑問形／文末のみ「大丈夫ですか」の煽りを「並走していませんか」に修正） ②宛名＋冒頭2行=closer ③パーソナライズ／課題提示=closer（複数プロダクトの大規模UI＋並走負荷） ④自社紹介＋USP=replier（2008年設立・約40名の9割がフロントエンド専門） ⑤FAB+E＝closer（直請け現","修正パス(2026-09-18)"
"2026-09-11T21:18:51+09:00","株式会社WACUL","開発部","ご担当者","【複数プロダクト並走】0→1から伴走する開発支援","開発部 ご担当者様

複数プロダクトを運営される御社では、UI改修や機能追加への対応で開発リソースが不足していませんか。

私たち株式会社レイハウオリは、Web領域を中心に、ITリソースや専門人材が不足しているお客様を支援しています。
社内には、エンジニア・デザイナー・ディレクター・PMなど、各分野のエキスパートが在籍しています。
「何を作ればいいのかわからない」「IT周りをまとめて任せたい」といった0→1のご相談から、「社員の退職に伴うリソース不足を補いたい」といったSESのご要望まで、課題やフェーズに応じて幅広く対応しています。

下期の計画確定を逃すと負荷は来期に持ち越しです。

ご興味があれば、ご返信ください。

株式会社Lei Hau'oli
（tel）050-5497-3411
（mail）ml.account-sales@leihauoli.com","370","78","84","76","90","合成","0","- モード: 合成 - 部品ごとの採用元: ①件名=replier ②宛名＋冒頭=replier ③パーソナライズ／課題提示=replier ④自社紹介＋USP=closer ⑤FAB+E＋実績=closer ⑥なぜ今=replier ⑦CTA=closer（決裁者との15分）＋replier（返信一本化） ⑧署名=replier - opener: 強み=件名に課題固有ワードを多く積み、開発部宛","修正パス(2026-09-18)"
"2026-09-11T21:19:22+09:00","株式会社Widsley","開発部","ご担当者","【0→1】UI改修と新機能開発の並走、下期の増員は間に合いますか","開発部 ご担当者様

複数のSaaS/ASPプロダクトを内製で運営される御社では、開発リソースが偏っていないでしょうか。

私たち株式会社レイハウオリは、Web領域を中心に、ITリソースや専門人材が不足しているお客様を支援しています。
社内には、エンジニア・デザイナー・ディレクター・PMなど、各分野のエキスパートが在籍しています。
「何を作ればいいのかわからない」「IT周りをまとめて任せたい」といった0→1のご相談から、「社員の退職に伴うリソース不足を補いたい」といったSESのご要望まで、課題やフェーズに応じて幅広く対応しています。

下期の体制構築は、今が動くタイミングです。

ご興味があれば、本メールにご返信ください。

株式会社Lei Hau'oli
（tel）050-5497-3411
（mail）ml.account-sales@leihauoli.com","372","76","82","71","89","合成","0","- モード: 合成 - 部品ごとの採用元: ①件名=opener（数字「40名」）＋replier（問いかけ構造） ②宛名＝共通 ③冒頭2行・課題提示＝replier ④自社紹介＋USP＝closer（USP前出し） ⑤FAB+E＋実績＝closer＋opener ⑥なぜ今＝replier（下期の時間軸） ⑦CTA＝replier（4文字返信） ⑧署名＝opener（担当者名あり） - opene","修正パス(2026-09-18)"
"2026-09-11T21:19:16+09:00","株式会社ORENDA WORLD","開発部","ご担当者","【15分で相談】ゲーム本体に集中、公式サイト・運営ツール改修は専任チームへ","開発部 ご担当者様

ゲーム本体の開発にエンジニアを集中させたい一方、公式サイトや運営ツールの改修が後回しになっていないでしょうか。

私たち株式会社レイハウオリは、Web領域を中心に、ITリソースや専門人材が不足しているお客様を支援しています。
社内には、エンジニア・デザイナー・ディレクター・PMなど、各分野のエキスパートが在籍しています。
「何を作ればいいのかわからない」「IT周りをまとめて任せたい」といった0→1のご相談から、「社員の退職に伴うリソース不足を補いたい」といったSESのご要望まで、課題やフェーズに応じて幅広く対応しています。

先送りするほど本体開発チームの負荷は積み上がります。

ご都合をこの返信でお知らせください。

株式会社Lei Hau'oli
（tel）050-5497-3411
（mail）ml.account-sales@leihauoli.com","380","78","83","83","92","合成","0","- モード: 合成 - 部品ごとの採用元: ①件名=replier（【】内に数字・短く転送しやすい）＋closerの「専任チームへ」 ②宛名＋冒頭2行=opener/replier共通の課題直撃文 ③パーソナライズ=opener（「複数プロダクトを内製で抱えるほど負荷は重なる」＝簡潔で強い） ④自社紹介＋USP=closer（「ゲーム本体はそのままに、改修だけを任せられる」＝USPを相手の言葉に翻","修正パス(2026-09-18)"
"2026-09-11T21:21:41+09:00","株式会社アバントグループ","開発部","ご担当者","【0→1支援】複数プロダクト並走の負荷を解消","開発部 ご担当者様

複数プロダクトの開発を内製で並走させ、リソース不足に悩まれていませんか。

私たち株式会社レイハウオリは、Web領域を中心に、ITリソースや専門人材が不足しているお客様を支援しています。
社内には、エンジニア・デザイナー・ディレクター・PMなど、各分野のエキスパートが在籍しています。
「何を作ればいいのかわからない」「IT周りをまとめて任せたい」といった0→1のご相談から、「社員の退職に伴うリソース不足を補いたい」といったSESのご要望まで、課題やフェーズに応じて幅広く対応しています。

今期の体制を組み直せる時期を逃すと影響します。ご興味があれば、このフォームにご返信ください。

株式会社Lei Hau'oli
（tel）050-5497-3411
（mail）ml.account-sales@leihauoli.com","363","74","80","79","90","合成","0","- モード: 合成 - 部品ごとの採用元: ①件名=opener（固有ワード）＋closer（数字の見せ方）を短縮合成 ②宛名＋冒頭=replier ③課題提示=replier ④自社紹介＋USP=closer ⑤FAB+E＝closer ⑥なぜ今=closer ⑦CTA=replier ⑧署名=opener - opener: 件名の固有ワード投下と転送しやすさは3案中最良。ただし「9割がフロン","修正パス(2026-09-18)"
"2026-09-11T21:19:50+09:00","合同会社Zendesk","開発部","ご担当者","【0→1のご相談も】複数プロダクトのUI改修・新機能開発を止めない体制づくり","開発部 ご担当者様

複数プロダクトを内製で抱える御社で、UI改修と新機能追加が並走していないでしょうか。

私たち株式会社レイハウオリは、Web領域を中心に、ITリソースや専門人材が不足しているお客様を支援しています。
社内には、エンジニア・デザイナー・ディレクター・PMなど、各分野のエキスパートが在籍しています。
「何を作ればいいのかわからない」「IT周りをまとめて任せたい」といった0→1のご相談から、「社員の退職に伴うリソース不足を補いたい」といったSESのご要望まで、課題やフェーズに応じて幅広く対応しています。

下期の開発計画を固めるこの時期だからこそ、体制強化のご検討を。

ご興味があれば、このメールにご返信ください。

株式会社Lei Hau'oli
（tel）050-5497-3411
（mail）ml.account-sales@leihauoli.com","376","67","82","83","89","合成","0","- モード: 合成 - 部品ごとの採用元: ①件名=closer ②宛名＋冒頭=closer＋replier ③パーソナライズ=replier ④自社紹介＋USP=closer ⑤FAB+E＋実績=closer（設立年は replier から補強） ⑥なぜ今=closer ⑦CTA=closer（ハードルは replier の思想で緩和） ⑧署名=共通 - opener: 課題仮説の固有ワード（複","修正パス(2026-09-18)"
"2026-09-11T21:22:36+09:00","株式会社共同通信デジタル","開発部","ご担当者","【複数プロダクトのUI改修・レガシー刷新に】0→1のご相談も歓迎","開発部 ご担当者様

複数のWebサービスを内製チームで運営され、UI改修の要望が積み上がっていないでしょうか。

私たち株式会社レイハウオリは、Web領域を中心に、ITリソースや専門人材が不足しているお客様を支援しています。
社内には、エンジニア・デザイナー・ディレクター・PMなど、各分野のエキスパートが在籍しています。
「何を作ればいいのかわからない」「IT周りをまとめて任せたい」といった0→1のご相談から、「社員の退職に伴うリソース不足を補いたい」といったSESのご要望まで、課題やフェーズに応じて幅広く対応しています。

年度後半の開発計画が固まる前の今、ご興味があれば、このフォームにご返信ください。

株式会社Lei Hau'oli
（tel）050-5497-3411
（mail）ml.account-sales@leihauoli.com","366","84","88","85","93","合成","0","- モード: 合成 - 部品ごとの採用元: ①件名=opener（短縮） ②宛名＋冒頭=opener ③課題提示=replier ④自社紹介＋USP=closer ⑤FAB+E=closer ⑥なぜ今=opener ⑦CTA=replier ⑧署名=共通 - opener: 件名に「複数プロダクト／レガシー刷新」の固有ワードを置き、転送判断が一瞬で済む。反面USPが「〜だけ／唯一」型で言い切れてお","修正パス(2026-09-18)"
"2026-09-11T21:22:14+09:00","株式会社Nint","開発部","ご担当者","【SaaS/ASP企業の管理画面改修】0→1の相談から伴走できます","開発部 ご担当者様

複数プロダクトのUI刷新が後回しになっていないでしょうか。

私たち株式会社レイハウオリは、Web領域を中心に、ITリソースや専門人材が不足しているお客様を支援しています。
社内には、エンジニア・デザイナー・ディレクター・PMなど、各分野のエキスパートが在籍しています。
「何を作ればいいのかわからない」「IT周りをまとめて任せたい」といった0→1のご相談から、「社員の退職に伴うリソース不足を補いたい」といったSESのご要望まで、課題やフェーズに応じて幅広く対応しています。

期末に向け要望はさらに積み上がります。ご興味があれば、ご返信ください。

株式会社Lei Hau'oli
（tel）050-5497-3411
（mail）ml.account-sales@leihauoli.com","345","78","84","86","91","合成","0","- モード: 合成 - 部品ごとの採用元: ①件名=opener（課題ワード「SaaS/ASP企業の管理画面改修」を圧縮して流用） ②宛名＋冒頭2行=replier ③パーソナライズ／課題提示=replier＋opener（「レガシー刷新と新機能開発の並走／負荷平準化」を課題仮説から補強） ④自社紹介＋USP=closer ⑤FAB+E＋実績=closer（Benefitを明示語で補強） ⑥なぜ今","修正パス(2026-09-18)"
"2026-09-11T21:22:41+09:00","クロスマート株式会社","開発部","ご担当者","【0→1のご相談も】SaaS管理画面・ダッシュボードのバックログ、巻き取れます","開発部 ご担当者様

御社では、管理画面・ダッシュボードの改修がバックログに積み上がっているのではないでしょうか。放置するほど改修コストは膨らみます。

私たち株式会社レイハウオリは、Web領域を中心に、ITリソースや専門人材が不足しているお客様を支援しています。
社内には、エンジニア・デザイナー・ディレクター・PMなど、各分野のエキスパートが在籍しています。
「何を作ればいいのかわからない」「IT周りをまとめて任せたい」といった0→1のご相談から、「社員の退職に伴うリソース不足を補いたい」といったSESのご要望まで、課題やフェーズに応じて幅広く対応しています。

ご興味があれば、このフォームにご返信ください。

株式会社Lei Hau'oli
（tel）050-5497-3411
（mail）ml.account-sales@leihauoli.com","368","80","83","83","91","合成","0","- モード: 合成 - 部品ごとの採用元: ①件名=replier（骨格）＋opener（「SaaS管理画面・ダッシュボード」の転送トリガー語） ②宛名＋冒頭=replier ③課題提示・不急=replier ④自社紹介＝replier＋closer ⑤USP・FAB+E=opener（USP一言）＋closer（Benefit） ⑥なぜ今=replier ⑦CTA=closer（決裁者指定＋15","修正パス(2026-09-18)"
"2026-09-11T21:22:55+09:00","株式会社アイスタンダード","開発部","ご担当者","【0→1】複数プロダクト並走のUI改修、繁忙期だけ増員","開発部 ご担当者様

複数プロダクトのUI改修を内製で並走させつつ、繁忙期だけ増員したいものの手段がない、という状況ではないでしょうか。

私たち株式会社レイハウオリは、Web領域を中心に、ITリソースや専門人材が不足しているお客様を支援しています。
社内には、エンジニア・デザイナー・ディレクター・PMなど、各分野のエキスパートが在籍しています。
「何を作ればいいのかわからない」「IT周りをまとめて任せたい」といった0→1のご相談から、「社員の退職に伴うリソース不足を補いたい」といったSESのご要望まで、課題やフェーズに応じて幅広く対応しています。

負荷の平準化は繁忙期に入ってからでは間に合いません。

ご興味があれば、このフォームにご返信ください。

株式会社Lei Hau'oli
（tel）050-5497-3411
（mail）ml.account-sales@leihauoli.com","387","70","76","79","89","合成","0","- モード: 合成 - 部品ごとの採用元: ①件名=opener（固有ワード集中）＋closer（約40名）を短縮合成 ②宛名＋冒頭=replier ③パーソナライズ／課題提示=replier ④自社紹介＋USP=closer ⑤FAB+E＋実績=closer ⑥なぜ今=closer ⑦CTA=replier（返信一言）＋closer（15分）の接続 ⑧署名=共通 - opener: 強み＝件名に","修正パス(2026-09-18)"
"2026-09-12T13:05:18+09:00","株式会社アクロネット","開発部","ご担当者","【求人媒体・複数プロダクト運営の開発部様へ】0→1のご相談からSESまで","開発部 ご担当者様

複数の求人媒体・Webサービスの大規模UIを内製で運用され、改修対応にお悩みではないでしょうか。

私たち株式会社レイハウオリは、Web領域を中心に、ITリソースや専門人材が不足しているお客様を支援しています。
社内には、エンジニア・デザイナー・ディレクター・PMなど、各分野のエキスパートが在籍しています。
「何を作ればいいのかわからない」「IT周りをまとめて任せたい」といった0→1のご相談から、「社員の退職に伴うリソース不足を補いたい」といったSESのご要望まで、課題やフェーズに応じて幅広く対応しています。

下期の要望増加前の今が、体制整備の好機です。ご興味があれば、このフォームにご返信ください。

株式会社Lei Hau'oli
（tel）050-5497-3411
（mail）ml.account-sales@leihauoli.com","374","82","80","86","88","合成","0","- モード: 合成 - 部品ごとの採用元: ①件名=closer（短縮） ②宛名＋冒頭2行=replier ③課題提示=replier×closer（「求人媒体・Webサービス」の固有語を注入） ④自社紹介＋USP=closer ⑤FAB+E=closer＋replierの「中途採用に数か月かけずに」 ⑥なぜ今=closer ⑦CTA=closer（返信1アクションに純化） ⑧署名=共通 - op","修正パス(2026-09-18)"
"2026-09-12T13:05:00+09:00","株式会社C-mind","開発部","ご担当者","【0→1支援】C-mind様の複数プロダクト並走開発をご支援","開発部 ご担当者様

複数プロダクトの大規模UIを抱えながらレガシー刷新と新機能開発を並走させるのは負荷が平準化しづらい状況かと思います。

私たち株式会社レイハウオリは、Web領域を中心に、ITリソースや専門人材が不足しているお客様を支援しています。
社内には、エンジニア・デザイナー・ディレクター・PMなど、各分野のエキスパートが在籍しています。
「何を作ればいいのかわからない」「IT周りをまとめて任せたい」といった0→1のご相談から、「社員の退職に伴うリソース不足を補いたい」といったSESのご要望まで、課題やフェーズに応じて幅広く対応しています。

繁忙期に入ってからでは体制構築が間に合いません。

ご興味があれば、このフォームにご返信ください。

株式会社Lei Hau'oli
（tel）050-5497-3411
（mail）ml.account-sales@leihauoli.com","386","80","76","83","89","合成","0","- モード: 合成 - 部品ごとの採用元: ①件名=opener（＋closerの社名指名を接合） ②宛名＋冒頭2行=opener ③パーソナライズ／課題提示=opener＋replier ④自社紹介＋USP=closer ⑤FAB+E＋実績=closer ⑥なぜ今=replier ⑦CTA=replier（closerの「繁忙期の見立て」を返信後の筋として接合） ⑧署名=共通 - opener:","修正パス(2026-09-18)"
"2026-09-12T13:05:43+09:00","株式会社スリーリングス","開発部","ご担当者","【15分診断】ゲーム開発と並走する公式サイト改修支援","開発部 ご担当者様

ゲーム開発にエンジニアを集中させたい一方、公式サイトの改修が後回しになっていないでしょうか。

私たち株式会社レイハウオリは、Web領域を中心に、ITリソースや専門人材が不足しているお客様を支援しています。
社内には、エンジニア・デザイナー・ディレクター・PMなど、各分野のエキスパートが在籍しています。
「何を作ればいいのかわからない」「IT周りをまとめて任せたい」といった0→1のご相談から、「社員の退職に伴うリソース不足を補いたい」といったSESのご要望まで、課題やフェーズに応じて幅広く対応しています。

新作リリース前は体制構築が間に合いません。

15分程度のオンラインでご相談させてください。

株式会社Lei Hau'oli
（tel）050-5497-3411
（mail）ml.account-sales@leihauoli.com","371","79","79","83","89","合成","0","- モード: 合成 - 部品ごとの採用元: ①件名=replier（【1名から常駐】）＋closer（公式サイト・運営ツール改修）②宛名＋冒頭2行=opener ③課題提示=opener（Web版まで含む最も具体的な当て込み）④自社紹介＋USP=opener／closer ⑤FAB+E＋実績=closer（jQuery→React移行・大規模BtoC直請けの品質基準）⑥なぜ今=replier（新作","修正パス(2026-09-18)"
"2026-09-12T13:06:11+09:00","株式会社アプリズム","開発部","ご担当者","【0→1相談も】太陽光発電Webサービスのフロントエンド開発、専門人材で負荷分散","開発部 ご担当者様

複数プロダクトの太陽光発電関連Webサービスで、負荷が平準化しにくい状況ではないでしょうか。

私たち株式会社レイハウオリは、Web領域を中心に、ITリソースや専門人材が不足しているお客様を支援しています。
社内には、エンジニア・デザイナー・ディレクター・PMなど、各分野のエキスパートが在籍しています。
「何を作ればいいのかわからない」「IT周りをまとめて任せたい」といった0→1のご相談から、「社員の退職に伴うリソース不足を補いたい」といったSESのご要望まで、課題やフェーズに応じて幅広く対応しています。

負荷が積み上がるほど、後からの刷新コストは膨らみます。ご興味があれば、このフォームにご返信ください。

株式会社Lei Hau'oli
（tel）050-5497-3411
（mail）ml.account-sales@leihauoli.com","377","81","81","87","91","合成","0","- モード: 合成 - 部品ごとの採用元: ①件名=closer（短さと具体性）＋opener（「40名」の数字を追加）／②宛名＋冒頭2行=opener・replier の課題描写を圧縮／③課題提示=opener／④自社紹介＋USP=closer（断定形の「〜だけを1名から」）／⑤FAB+E＋実績=closer＋opener（「中途採用に数か月かけず」）／⑥なぜ今=closer（刷新コストの膨張＝","修正パス(2026-09-18)"
"2026-09-12T13:08:33+09:00","株式会社Azoop","開発部","ご担当者","【複数プロダクト並走】0→1のご相談からSESまで対応","開発部 ご担当者様

中古車販売やECなど複数プロダクトを内製運営され、レガシー刷新と新機能開発の並走で人手が不足していませんか。

私たち株式会社レイハウオリは、Web領域を中心に、ITリソースや専門人材が不足しているお客様を支援しています。
社内には、エンジニア・デザイナー・ディレクター・PMなど、各分野のエキスパートが在籍しています。
「何を作ればいいのかわからない」「IT周りをまとめて任せたい」といった0→1のご相談から、「社員の退職に伴うリソース不足を補いたい」といったSESのご要望まで、課題やフェーズに応じて幅広く対応しています。

表示速度はセール期の売上を左右します。

ご興味があれば、このフォームにご返信ください。

株式会社Lei Hau'oli
（tel）050-5497-3411
（mail）ml.account-sales@leihauoli.com","377","80","80","82","90","合成","0","- モード: 合成 - 部品ごとの採用元: ①件名=closer（簡潔・USP直球、数字2つ） ②宛名＋冒頭=opener（「伺いました」を排した推察形） ③課題提示=opener＋replier（「セール前の表示速度改善に手が回らない」の当て込み） ④自社紹介＋USP=opener（「フロントエンド特化／1名からチーム単位」の言い切り） ⑤FAB+E=closer（刷新／新機能を分けて並走→コア","修正パス(2026-09-18)"
"2026-09-12T13:05:40+09:00","株式会社ソニックス","開発部","ご担当者","【複数プロダクトのUI改修に】4職種のエキスパートが伴走支援","開発部 ご担当者様

複数のWebサービスを内製運営され、UI改修と新機能開発でリソース不足かと存じます。

私たち株式会社レイハウオリは、Web領域を中心に、ITリソースや専門人材が不足しているお客様を支援しています。
社内には、エンジニア・デザイナー・ディレクター・PMなど、各分野のエキスパートが在籍しています。
「何を作ればいいのかわからない」「IT周りをまとめて任せたい」といった0→1のご相談から、「社員の退職に伴うリソース不足を補いたい」といったSESのご要望まで、課題やフェーズに応じて幅広く対応しています。

今、開発負荷の偏りが品質低下を招きかねません。

現在の体制を伺いたく、ご返信をお願いいたします。

株式会社Lei Hau'oli
（tel）050-5497-3411
（mail）ml.account-sales@leihauoli.com","370","85","78","83","92","合成","0","- モード: 合成 - 部品ごとの採用元: ①件名=opener＋closer（openerの課題ワードにcloserの短さ・「1名から」を接続） ②宛名＋冒頭2行=opener ③パーソナライズ／課題提示=opener ④自社紹介＋USP=opener（USP一言）＋closer（順序） ⑤FAB+E=closer（品質基準ごと参画→コア機能に集中）＋opener（実績・技術スタック） ⑥なぜ今","修正パス(2026-09-18)"
"2026-09-12T13:08:28+09:00","デザミス株式会社","開発部","ご担当者","【15分商談】デザミス様の複数プロダクト開発を止めないフロントエンド支援","開発部 ご担当者様

複数プロダクトの改修と新機能開発が重なり、フロントエンドの手が足りていないのではないでしょうか。

私たち株式会社レイハウオリは、Web領域を中心に、ITリソースや専門人材が不足しているお客様を支援しています。
社内には、エンジニア・デザイナー・ディレクター・PMなど、各分野のエキスパートが在籍しています。
「何を作ればいいのかわからない」「IT周りをまとめて任せたい」といった0→1のご相談から、「社員の退職に伴うリソース不足を補いたい」といったSESのご要望まで、課題やフェーズに応じて幅広く対応しています。

負荷の平準化を後回しにするほど、改修コストは膨らみます。

ご興味があれば、15分程度オンラインでお話しできればと思います。

株式会社Lei Hau'oli
（tel）050-5497-3411
（mail）ml.account-sales@leihauoli.com","389","79","81","87","89","合成","0","- モード: 合成 - 部品ごとの採用元: ①件名=closer ②宛名＝全案共通 ③冒頭2行・課題提示=replier ④自社紹介＋USP=closer ⑤FAB+E＋実績=closer（Benefit文言はopenerの「中途採用を待たず／コア機能に集中」を吸収） ⑥なぜ今=closer ⑦CTA=closer骨格＋replierのハードル低減 ⑧署名=opener - opener: 課題仮","修正パス(2026-09-18)"
"2026-09-12T13:11:12+09:00","株式会社ドリームジャック","開発部","ご担当者","【0→1のご相談も】複数プロダクトのUI改修、専門人材で分担しませんか","開発部 ご担当者様

複数のWebサービスを内製運営される中、UI改修と新機能追加でフロントエンドの負荷が高まっていませんか。

私たち株式会社レイハウオリは、Web領域を中心に、ITリソースや専門人材が不足しているお客様を支援しています。
社内には、エンジニア・デザイナー・ディレクター・PMなど、各分野のエキスパートが在籍しています。
「何を作ればいいのかわからない」「IT周りをまとめて任せたい」といった0→1のご相談から、「社員の退職に伴うリソース不足を補いたい」といったSESのご要望まで、課題やフェーズに応じて幅広く対応しています。

後回しになった改修は負債化し、遅延はユーザー体験に響きます。

ご興味があれば、このフォームにご返信ください。

株式会社Lei Hau'oli
（tel）050-5497-3411
（mail）ml.account-sales@leihauoli.com","386","84","82","80","93","合成","0","- モード: 合成 - 部品ごとの採用元: ①件名=opener（長すぎるため replier の「1名〜」型に圧縮）②宛名＋冒頭=closer（大阪・複数Webサービスの固有性が最も高い）③課題提示=closer＋opener ④USP=closer ⑤FAB+E＋実績=closer ⑥なぜ今=opener（負債化→リリース遅延がUXに直結）⑦CTA=replier（「詳細希望」4文字返信）⑧署","修正パス(2026-09-18)"
"2026-09-12T13:10:07+09:00","データインデックス株式会社","開発部","ご担当者","【0→1から伴走】複数プロダクト並走のUI開発を支援","開発部 ご担当者様

複数プロダクトの大規模UI開発で、フロントエンドの手が足りない状況ではないでしょうか。

私たち株式会社レイハウオリは、Web領域を中心に、ITリソースや専門人材が不足しているお客様を支援しています。
社内には、エンジニア・デザイナー・ディレクター・PMなど、各分野のエキスパートが在籍しています。
「何を作ればいいのかわからない」「IT周りをまとめて任せたい」といった0→1のご相談から、「社員の退職に伴うリソース不足を補いたい」といったSESのご要望まで、課題やフェーズに応じて幅広く対応しています。

専門人材が加わることで、刷新と新機能開発を同時に進められます。

下期の計画を固める今がタイミングです。

ご興味があれば、このフォームにご返信ください。

株式会社Lei Hau'oli
（tel）050-5497-3411
（mail）ml.account-sales@leihauoli.com","397","77","84","88","92","合成","0","- モード: 合成 - 部品ごとの採用元: ①件名=replier（簡潔さ・数字）＋closer（「複数プロダクト並走」の固有ワード） ②宛名＋冒頭2行=replier ③課題提示=replier ④自社紹介＋USP=closer＋opener（「私たちだけです」の言い切り） ⑤FAB+E=closer（Benefitの線）＋replier（Advantage「中途採用を待たずに」） ⑥なぜ今=r","修正パス(2026-09-18)"
"2026-09-12T13:13:40+09:00","株式会社ミマモルメ","開発部","ご担当者","【複数プロダクト・大規模UI刷新】0→1から並走支援まで","開発部 ご担当者様

複数プロダクトの大規模UIを内製で抱えながら、レガシー刷新と新機能開発を並走させるのは苦しいフェーズかと思います。

私たち株式会社レイハウオリは、Web領域を中心に、ITリソースや専門人材が不足しているお客様を支援しています。
社内には、エンジニア・デザイナー・ディレクター・PMなど、各分野のエキスパートが在籍しています。
「何を作ればいいのかわからない」「IT周りをまとめて任せたい」といった0→1のご相談から、「社員の退職に伴うリソース不足を補いたい」といったSESのご要望まで、課題やフェーズに応じて幅広く対応しています。

並走を後回しにするほど刷新は遅れます。

ご興味があれば、このフォームにご返信ください。

株式会社Lei Hau'oli
（tel）050-5497-3411
（mail）ml.account-sales@leihauoli.com","380","84","86","79","93","合成","0","- モード: 合成 - 部品ごとの採用元: ①件名=opener（短縮のうえ採用） ②宛名＋冒頭2行=replier ③パーソナライズ／課題提示=replier ④自社紹介＋USP=closer ⑤FAB+E＋実績=closer ⑥なぜ今=replier＋opener（機会損失の一文を接合） ⑦CTA=replier ⑧署名=opener - opener: 件名に「複数プロダクト」「大規模UI刷","修正パス(2026-09-18)"
"2026-09-12T13:11:34+09:00","株式会社エイコウ","開発部","ご担当者","【0→1〜SESまで】複数プロダクト並走のUI改修・レガシー刷新を支援","開発部 ご担当者様

複数プロダクトのUI改修とレガシー刷新を並走させ、繁忙期に負荷が偏っていないでしょうか。中途採用より早く体制を整えられます。

私たち株式会社レイハウオリは、Web領域を中心に、ITリソースや専門人材が不足しているお客様を支援しています。
社内には、エンジニア・デザイナー・ディレクター・PMなど、各分野のエキスパートが在籍しています。
「何を作ればいいのかわからない」「IT周りをまとめて任せたい」といった0→1のご相談から、「社員の退職に伴うリソース不足を補いたい」といったSESのご要望まで、課題やフェーズに応じて幅広く対応しています。

ご興味があれば本フォームへご返信ください。

株式会社Lei Hau'oli
（tel）050-5497-3411
（mail）ml.account-sales@leihauoli.com","364","82","82","85","91","合成","0","- モード: 合成 - 部品ごとの採用元: ①件名=closer（【】を短く保ち可読性が高い）＋opener の固有ワード「複数プロダクト並走」 ②宛名＋冒頭2行=closer（課題仮説3要素を1文に圧縮） ③課題提示=closer ④自社紹介＋USP=closer に replier の「9割がフロントエンド中心」を接合 ⑤FAB+E=closer ⑥なぜ今=replier「中途採用に数か月かけ","修正パス(2026-09-18)"
"2026-09-12T13:10:01+09:00","GVA TECH株式会社","開発部","ご担当者","【GVA TECH様】管理画面改修の滞留を、15分の相談で解消","開発部 ご担当者様

管理画面やダッシュボードの改修要望が積み上がり、負荷が平準化できていないのではないでしょうか。

下期の計画を固める前に、

私たち株式会社レイハウオリは、Web領域を中心に、ITリソースや専門人材が不足しているお客様を支援しています。
社内には、エンジニア・デザイナー・ディレクター・PMなど、各分野のエキスパートが在籍しています。
「何を作ればいいのかわからない」「IT周りをまとめて任せたい」といった0→1のご相談から、「社員の退職に伴うリソース不足を補いたい」といったSESのご要望まで、課題やフェーズに応じて幅広く対応しています。

15分程度、オンラインでご相談させてください。

株式会社Lei Hau'oli
（tel）050-5497-3411
（mail）ml.account-sales@leihauoli.com","363","83","77","85","93","合成","0","- モード: 合成 - 部品ごとの採用元: ①件名=closer（社名【】が最も開封判別が速い） ②宛名＋冒頭2行=opener＋replier（課題仮説を最も具体的に言い当てた一文に統合） ③課題提示=replier ④自社紹介＋USP=closer（USPを先頭段落に置く構成） ⑤FAB+E＋実績=closer＋opener（実績表現はopenerの正確な「フロントエンド開発に参画」を採用） ","修正パス(2026-09-18)"
"2026-09-12T13:12:01+09:00","株式会社ナンバーナイン","開発部","ご担当者","【複数プロダクト運営の開発部様へ】0→1のご相談からSESまで対応","開発部 ご担当者様

複数プロダクトの大規模UIを内製運営される貴社では、フロントエンドの人手が不足しているのではないでしょうか。

私たち株式会社レイハウオリは、Web領域を中心に、ITリソースや専門人材が不足しているお客様を支援しています。
社内には、エンジニア・デザイナー・ディレクター・PMなど、各分野のエキスパートが在籍しています。
「何を作ればいいのかわからない」「IT周りをまとめて任せたい」といった0→1のご相談から、「社員の退職に伴うリソース不足を補いたい」といったSESのご要望まで、課題やフェーズに応じて幅広く対応しています。

下期の体制整備は早めの着手が有利です。

ご興味があれば、このメールにご返信ください。

株式会社Lei Hau'oli
（tel）050-5497-3411
（mail）ml.account-sales@leihauoli.com","376","84","83","86","94","合成","0","- モード: 合成 - 部品ごとの採用元: ①件名=closer＋opener（「開発部様へ」の宛先明示＋「約40名体制／1名から」の数字）②宛名＋冒頭2行=opener ③課題提示=opener/closer（複数プロダクト・大規模UI・並走）④自社紹介＋USP=closer ⑤FAB+E＋実績=closer（圧縮）⑥なぜ今=opener＋replier（中途採用の空白期間＋下期の体制）⑦CTA","修正パス(2026-09-18)"
"2026-09-12T13:09:14+09:00","ソーシャルデータバンク株式会社","開発部","ご担当者","【レガシー刷新と新機能開発の並走に】15分で負荷配分を整理","開発部 ご担当者様

複数プロダクトのUI改修と新機能開発が同時に降ってきて、フロントエンドだけ手が回らない——そのような状況ではないでしょうか。

私たち株式会社レイハウオリは、Web領域を中心に、ITリソースや専門人材が不足しているお客様を支援しています。
社内には、エンジニア・デザイナー・ディレクター・PMなど、各分野のエキスパートが在籍しています。
「何を作ればいいのかわからない」「IT周りをまとめて任せたい」といった0→1のご相談から、「社員の退職に伴うリソース不足を補いたい」といったSESのご要望まで、課題やフェーズに応じて幅広く対応しています。

負荷の偏りは放置するほど遅延が積み上がります。まずは15分、この件でお話しできませんか。

株式会社Lei Hau'oli
（tel）050-5497-3411
（mail）ml.account-sales@leihauoli.com","387","81","84","84","90","合成","0","- モード: 合成 - 部品ごとの採用元: ①件名=opener ②宛名=共通 ③冒頭パーソナライズ=replier ④自社紹介＋USP=closer ⑤FAB+E＋実績=closer（technology列挙）＋replier（美容予約サービス） ⑥なぜ今=closer「放置するほど遅延が積み上がる」 ⑦CTA=replier「『詳細希望』の4文字返信」＋opener「15分」 ⑧署名=open","修正パス(2026-09-18)"
"2026-09-12T13:14:47+09:00","株式会社ゼロスピリッツ","開発部","ご担当者","【SaaS/ASP運営の開発部向け】0→1の相談から始める専門人材の増員法","開発部 ご担当者様

複数のSaaS/ASPプロダクトを内製運営される御社では、UI改修対応に追われていないでしょうか。

私たち株式会社レイハウオリは、Web領域を中心に、ITリソースや専門人材が不足しているお客様を支援しています。
社内には、エンジニア・デザイナー・ディレクター・PMなど、各分野のエキスパートが在籍しています。
「何を作ればいいのかわからない」「IT周りをまとめて任せたい」といった0→1のご相談から、「社員の退職に伴うリソース不足を補いたい」といったSESのご要望まで、課題やフェーズに応じて幅広く対応しています。

期末前に体制を整えるかで来期の開発スピードが変わります。

ご興味があれば、本メールにご返信ください。

株式会社Lei Hau'oli
（tel）050-5497-3411
（mail）ml.account-sales@leihauoli.com","379","84","86","79","91","合成","0","- モード: 合成 - 部品ごとの採用元: ①件名=opener（「専任」→「専門」に§4表記へ統一） ②宛名＋冒頭=opener＋replier ③パーソナライズ／課題提示=replier（問いかけ形） ④自社紹介＋USP=replier＋opener（USP言い切りはopenerの「1名からチーム単位」を強化） ⑤FAB+E=replier ⑥なぜ今=replier（期末→来期の開発スピード）","修正パス(2026-09-18)"
"2026-09-12T13:13:51+09:00","株式会社EVENTIFY","開発部","ご担当者","【0→1】EVENTIFY様の複数プロダクト、開発体制のご相談","開発部 ご担当者様

複数プロダクトの改修と新機能開発を並走させる中、フロントエンド要員の確保にお困りではないでしょうか。

私たち株式会社レイハウオリは、Web領域を中心に、ITリソースや専門人材が不足しているお客様を支援しています。
社内には、エンジニア・デザイナー・ディレクター・PMなど、各分野のエキスパートが在籍しています。
「何を作ればいいのかわからない」「IT周りをまとめて任せたい」といった0→1のご相談から、「社員の退職に伴うリソース不足を補いたい」といったSESのご要望まで、課題やフェーズに応じて幅広く対応しています。

下期の開発体制を固める今、ご興味があればご返信ください。

株式会社Lei Hau'oli
（tel）050-5497-3411
（mail）ml.account-sales@leihauoli.com","359","78","83","83","90","合成","0","- モード: 合成 - 部品ごとの採用元: ①件名=closer（社名＋数字）を短縮 ②宛名＋冒頭=replier（状況描写の刺さり方が最強、数字誤用箇所は不使用） ③課題提示=replier ④自社紹介＋USP=opener（「フロントエンド特化」の言い切りを断言過剰にせず採用） ⑤FAB+E＝closer ⑥なぜ今=closer「下期の体制を固める今」 ⑦CTA=closer/opener の","修正パス(2026-09-18)"
"2026-09-12T13:14:38+09:00","リンクトイン・ジャパン株式会社","開発部","ご担当者","【0→1からSESまで】複数プロダクトのUI改修と新機能開発を止めない常駐体制","開発部 ご担当者様

複数プロダクトのUI改修と新機能開発を同時に進めるのは難しいのではないでしょうか。

私たち株式会社レイハウオリは、Web領域を中心に、ITリソースや専門人材が不足しているお客様を支援しています。
社内には、エンジニア・デザイナー・ディレクター・PMなど、各分野のエキスパートが在籍しています。
「何を作ればいいのかわからない」「IT周りをまとめて任せたい」といった0→1のご相談から、「社員の退職に伴うリソース不足を補いたい」といったSESのご要望まで、課題やフェーズに応じて幅広く対応しています。

年度後半の計画策定は今が好機です。ご興味があれば、このフォームにご返信ください。

株式会社Lei Hau'oli
（tel）050-5497-3411
（mail）ml.account-sales@leihauoli.com","362","79","76","86","91","合成","0","- モード: 合成 - 部品ごとの採用元: ①件名=closer（数字40を冒頭【】に配置、opener の「複数プロダクト」ワードを後半に移植）②宛名＋冒頭=closer ③パーソナライズ／課題提示=replier（「レガシー刷新に手を割けば新機能が止まり、逆もまた然り」を敬体に整形）④自社紹介＋USP=closer ⑤FAB+E＋実績=closer ⑥なぜ今=closer＋replier（「年","修正パス(2026-09-18)"
"2026-09-12T13:15:22+09:00","株式会社サンブリッジ","開発部","ご担当者","【管理画面・ダッシュボード刷新】15分で現状整理のご相談","開発部 ご担当者様

貴社のSaaS/ASPサービスでは、管理画面・ダッシュボードの改修がバックログに積み上がっているのではないでしょうか。放置するほど次の要望対応も遅れます。

私たち株式会社レイハウオリは、Web領域を中心に、ITリソースや専門人材が不足しているお客様を支援しています。
社内には、エンジニア・デザイナー・ディレクター・PMなど、各分野のエキスパートが在籍しています。
「何を作ればいいのかわからない」「IT周りをまとめて任せたい」といった0→1のご相談から、「社員の退職に伴うリソース不足を補いたい」といったSESのご要望まで、課題やフェーズに応じて幅広く対応しています。

まずは15分のオンラインでご相談ください。

株式会社Lei Hau'oli
（tel）050-5497-3411
（mail）ml.account-sales@leihauoli.com","379","84","83","86","91","合成","0","- モード: 合成 - 部品ごとの採用元: ①件名=opener（課題ワード先頭）＋closer（「フロントエンド専門エンジニア40名」）／②宛名＋冒頭2行=replier／③パーソナライズ・課題提示=replier／④自社紹介＋USP=closer／⑤FAB+E＋実績=closer＋opener（Advantage「採用に数か月かけず」）／⑥なぜ今=closer（機会損失型）／⑦CTA=clos","修正パス(2026-09-18)"
"2026-09-12T13:16:41+09:00","株式会社コラボスタイル","開発部","ご担当者","【UI改修と新機能開発の並走】0→1のご相談にも対応可能です","開発部 ご担当者様

複数プロダクトのUI改修と新機能開発を同時に回すのは、フロントエンドの手が足りない状態ではないでしょうか。

私たち株式会社レイハウオリは、Web領域を中心に、ITリソースや専門人材が不足しているお客様を支援しています。
社内には、エンジニア・デザイナー・ディレクター・PMなど、各分野のエキスパートが在籍しています。
「何を作ればいいのかわからない」「IT周りをまとめて任せたい」といった0→1のご相談から、「社員の退職に伴うリソース不足を補いたい」といったSESのご要望まで、課題やフェーズに応じて幅広く対応しています。

下期の開発計画が固まる今が組み込みやすい時期です。

ご興味があれば本フォームにご返信ください。

株式会社Lei Hau'oli
（tel）050-5497-3411
（mail）ml.account-sales@leihauoli.com","380","77","86","84","92","合成","0","- モード: 合成 - 部品ごとの採用元: ①件名=replier（closerの「1名から」を追記） ②宛名＋冒頭2行=replier ③パーソナライズ／課題提示=replier ④自社紹介＋USP=replier＋closer（「1名からチーム単位」を補強） ⑤FAB+E＋実績=closer（Advantage「中途採用に数か月かけず」を明示） ⑥なぜ今=closer（技術的負債）＋repli","修正パス(2026-09-18)"
"2026-09-12T13:19:57+09:00","TOPPANペイメンツ株式会社","開発部","ご担当者","【TOPPANペイメンツ様】0→1からSESまで、開発体制構築を支援","開発部 ご担当者様

決済代行の複数プロダクトを内製運営されており、UI改修とレガシー刷新の並走に人手が不足していませんか。

私たち株式会社レイハウオリは、Web領域を中心に、ITリソースや専門人材が不足しているお客様を支援しています。
社内には、エンジニア・デザイナー・ディレクター・PMなど、各分野のエキスパートが在籍しています。
「何を作ればいいのかわからない」「IT周りをまとめて任せたい」といった0→1のご相談から、「社員の退職に伴うリソース不足を補いたい」といったSESのご要望まで、課題やフェーズに応じて幅広く対応しています。

中途採用では即戦力確保に数か月かかります。

ご興味があれば、ご返信ください。

株式会社Lei Hau'oli
（tel）050-5497-3411
（mail）ml.account-sales@leihauoli.com","369","77","83","78","91","合成","0","- モード: 合成 - 部品ごとの採用元: ①件名=closer（社名【】を短縮して継承） ②宛名＋冒頭=opener（決済代行×複数プロダクト内製） ③課題提示=replier（相手の内心の言葉） ④自社紹介＋USP=opener＋replier ⑤FAB+E＋実績=closer（コア機能集中の線／9割の記述は除去） ⑥なぜ今=replier（中途採用の数か月＝§4準拠） ⑦CTA=replie","修正パス(2026-09-18)"
"2026-09-12T13:20:31+09:00","株式会社スタイルポート","開発部","ご担当者","【複数プロダクト×大規模UI向け】0→1の相談からSESまで対応","開発部 ご担当者様

不動産領域のWebサービスを複数プロダクトで運営される御社では、フロントエンドの手が足りていないのではないでしょうか。

私たち株式会社レイハウオリは、Web領域を中心に、ITリソースや専門人材が不足しているお客様を支援しています。
社内には、エンジニア・デザイナー・ディレクター・PMなど、各分野のエキスパートが在籍しています。
「何を作ればいいのかわからない」「IT周りをまとめて任せたい」といった0→1のご相談から、「社員の退職に伴うリソース不足を補いたい」といったSESのご要望まで、課題やフェーズに応じて幅広く対応しています。

新機能とレガシー刷新が重なる今こそ整理する価値があります。

ご興味があれば、このフォームにご返信ください。

株式会社Lei Hau'oli
（tel）050-5497-3411
（mail）ml.account-sales@leihauoli.com","392","83","84","85","91","合成","0","- モード: 合成 - 部品ごとの採用元: ①件名=opener ②宛名=共通 ③冒頭パーソナライズ／課題提示=replier ④自社紹介＋USP=closer ⑤FAB+E＋実績=closer（Feature表記はopener系を圧縮） ⑥なぜ今=opener＋closer ⑦CTA=replier（15分をつなぎに転用） ⑧署名=共通 - opener: 件名に課題仮説の固有ワード＋「40名」","修正パス(2026-09-18)"
"2026-09-12T13:20:42+09:00","エナジー・ソリューションズ株式会社","開発部","ご担当者","【リソース不足解消】太陽光発電・再エネWebサービスの0→1開発をご支援","開発部 ご担当者様

太陽光発電・再エネ領域のWebサービス運営で、開発リソースが不足していませんか。

私たち株式会社レイハウオリは、Web領域を中心に、ITリソースや専門人材が不足しているお客様を支援しています。
社内には、エンジニア・デザイナー・ディレクター・PMなど、各分野のエキスパートが在籍しています。
「何を作ればいいのかわからない」「IT周りをまとめて任せたい」といった0→1のご相談から、「社員の退職に伴うリソース不足を補いたい」といったSESのご要望まで、課題やフェーズに応じて幅広く対応しています。

内製だけで抱えると改修が後回しになります。ご興味があれば、このフォームにご返信ください。

株式会社Lei Hau'oli
（tel）050-5497-3411
（mail）ml.account-sales@leihauoli.com","365","81","83","76","90","合成","0","- モード: 合成 - 部品ごとの採用元: ①件名=closer（短く、事業ワード＋数字＋ベネフィットが1行で通る） ②宛名＋冒頭=opener（A3準拠の分かち書き） ③パーソナライズ／課題提示=replier（UI改修要望の積み上がり×レガシー刷新並走の言い当てが最も鋭い） ④自社紹介＋USP=replier＋§4のUSP一言を明示的に補強 ⑤FAB+E＋実績=closer／replier折衷","修正パス(2026-09-18)"
"2026-09-12T13:16:21+09:00","tripla株式会社","開発部","ご担当者","【tripla様】複数プロダクトのUI改修、専門人材確保を15分でご相談","開発部 ご担当者様

複数プロダクトのUI改修依頼が積み上がり、フロントエンドの人手不足かと存じます。

私たち株式会社レイハウオリは、Web領域を中心に、ITリソースや専門人材が不足しているお客様を支援しています。
社内には、エンジニア・デザイナー・ディレクター・PMなど、各分野のエキスパートが在籍しています。
「何を作ればいいのかわからない」「IT周りをまとめて任せたい」といった0→1のご相談から、「社員の退職に伴うリソース不足を補いたい」といったSESのご要望まで、課題やフェーズに応じて幅広く対応しています。

下期の開発計画を見直す時期かと存じます。15分程度、本フォームへご返信ください。

株式会社Lei Hau'oli
（tel）050-5497-3411
（mail）ml.account-sales@leihauoli.com","361","82","82","84","92","合成","0","- モード: 合成 - 部品ごとの採用元: ①件名=closer（社名【tripla様】）＋opener（課題ワード・40名）／②宛名＝全案共通／③パーソナライズ＝opener＋replier（海外旅行・留学×複数プロダクト×レガシー刷新並走）／④自社紹介＋USP=replier（2008年設立・フロントエンド専門）／⑤FAB+E=closer（採用不要で即戦力→中核集中→リリース維持→美容予約サ","修正パス(2026-09-18)"
"2026-09-12T13:21:18+09:00","株式会社XAION DATA","開発部","ご担当者","【SaaS管理画面のバックログ解消】0→1から伴走する専門人材支援","開発部 ご担当者様

SaaS/ASPの管理画面でフロントエンド改修がバックログに積み上がっていませんか。

私たち株式会社レイハウオリは、Web領域を中心に、ITリソースや専門人材が不足しているお客様を支援しています。
社内には、エンジニア・デザイナー・ディレクター・PMなど、各分野のエキスパートが在籍しています。
「何を作ればいいのかわからない」「IT周りをまとめて任せたい」といった0→1のご相談から、「社員の退職に伴うリソース不足を補いたい」といったSESのご要望まで、課題やフェーズに応じて幅広く対応しています。

下期の機能追加が本格化する今なら間に合います。ご興味があれば、ご返信ください。

株式会社Lei Hau'oli
（tel）050-5497-3411
（mail）ml.account-sales@leihauoli.com","362","80","84","83","90","合成","0","- モード: 合成 - 部品ごとの採用元: ①件名=opener（数字の誇張のみ修正）②宛名＋冒頭=opener ③課題提示=replier ④自社紹介＋USP=closer ⑤FAB+E・実績=closer＋replierのBenefit ⑥なぜ今=replier（中途採用リードタイム）＋closer（下期）⑦CTA=replier ⑧署名=closer（短縮） - opener: 件名の【】に","修正パス(2026-09-18)"
"2026-09-12T13:21:18+09:00","株式会社FinT","開発部","ご担当者","【0→1からSESまで】UI改修とレガシー刷新、並走できていますか","開発部 ご担当者様

複数プロダクトを内製運営される貴社では、UI改修に手が回っていないのではないでしょうか。

私たち株式会社レイハウオリは、Web領域を中心に、ITリソースや専門人材が不足しているお客様を支援しています。
社内には、エンジニア・デザイナー・ディレクター・PMなど、各分野のエキスパートが在籍しています。
「何を作ればいいのかわからない」「IT周りをまとめて任せたい」といった0→1のご相談から、「社員の退職に伴うリソース不足を補いたい」といったSESのご要望まで、課題やフェーズに応じて幅広く対応しています。

UI改修は先送りするほど負荷が積み上がります。

ご興味があればご返信ください。

株式会社Lei Hau'oli
（tel）050-5497-3411
（mail）ml.account-sales@leihauoli.com","363","81","85","87","91","合成","0","- モード: 合成 - 部品ごとの採用元: ①件名=closer ②宛名＋冒頭2行=opener（事業3領域の列挙が最もパーソナライズが深い） ③課題提示=opener/replier統合 ④自社紹介＋USP=closer（「並走させたい企業に、1名からチーム単位で供給できる」） ⑤FAB+E＋実績=closer＋replier（2008年設立／社員約50名の9割がエンジニア／美容予約サービス参画","修正パス(2026-09-18)"
"2026-09-12T13:24:07+09:00","株式会社グラファー","開発部","ご担当者","【複数プロダクト運営のSaaS企業向け】0→1のご相談から伴走可能です","開発部 ご担当者様

管理画面・ダッシュボードへの機能追加要望が続き、内製チームの手が回らない状態ではないでしょうか。

私たち株式会社レイハウオリは、Web領域を中心に、ITリソースや専門人材が不足しているお客様を支援しています。
社内には、エンジニア・デザイナー・ディレクター・PMなど、各分野のエキスパートが在籍しています。
「何を作ればいいのかわからない」「IT周りをまとめて任せたい」といった0→1のご相談から、「社員の退職に伴うリソース不足を補いたい」といったSESのご要望まで、課題やフェーズに応じて幅広く対応しています。

バックログは放置するほど積み上がります。

ご興味があれば、このフォームにご返信ください。

株式会社Lei Hau'oli
（tel）050-5497-3411
（mail）ml.account-sales@leihauoli.com","372","83","82","84","92","合成","0","- モード: 合成 - 部品ごとの採用元: ①件名=opener ②宛名＋冒頭2行=replier ③課題提示=replier ④自社紹介＋USP=closer（USP文言はopener） ⑤FAB+E＋実績=closer ⑥なぜ今=closer＋opener（繁忙期の機会損失） ⑦CTA=replier ⑧署名=共通 - opener: 件名が「複数プロダクト運営のSaaS企業向け／40名体制」","修正パス(2026-09-18)"
"2026-09-12T13:23:23+09:00","株式会社LIFULL senior","開発部","ご担当者","【複数プロダクト運営】UI刷新と新機能開発を0→1から支援","開発部 ご担当者様

複数プロダクトのUI刷新と新機能開発を同時に回すのは、リソース面で大変かと存じます。

私たち株式会社レイハウオリは、Web領域を中心に、ITリソースや専門人材が不足しているお客様を支援しています。
社内には、エンジニア・デザイナー・ディレクター・PMなど、各分野のエキスパートが在籍しています。
「何を作ればいいのかわからない」「IT周りをまとめて任せたい」といった0→1のご相談から、「社員の退職に伴うリソース不足を補いたい」といったSESのご要望まで、課題やフェーズに応じて幅広く対応しています。

下半期の計画が固まる前の今なら対応しやすいです。

ご興味があればご返信ください。

株式会社Lei Hau'oli
（tel）050-5497-3411
（mail）ml.account-sales@leihauoli.com","362","83","83","86","91","合成","0","- モード: 合成 - 部品ごとの採用元: ①件名=closer（表現を§4語彙に修正）②宛名＝共通 ③冒頭・課題提示=replier ④自社紹介＋USP=closer（技術スタックを圧縮）⑤FAB+E＋実績=closer ⑥なぜ今=replier ⑦CTA=replier（返信ハードル最小）＋closerの15分を「折り返し」として後置 ⑧署名=共通 - opener: 件名の固有ワードが最も強","修正パス(2026-09-18)"
"2026-09-12T13:24:29+09:00","株式会社LOWCAL","開発部","ご担当者","【複数プロダクト並走支援】UI改修とレガシー刷新、15分で負荷状況を整理","開発部 ご担当者様

レガシー刷新と新機能開発を同時に進める中、フロントエンドの手が足りていないのではないでしょうか。

私たち株式会社レイハウオリは、Web領域を中心に、ITリソースや専門人材が不足しているお客様を支援しています。
社内には、エンジニア・デザイナー・ディレクター・PMなど、各分野のエキスパートが在籍しています。
「何を作ればいいのかわからない」「IT周りをまとめて任せたい」といった0→1のご相談から、「社員の退職に伴うリソース不足を補いたい」といったSESのご要望まで、課題やフェーズに応じて幅広く対応しています。

下期の改修要望が積み上がる前に、ご状況を整理させてください。ご興味があれば、このメールにご返信ください。

株式会社Lei Hau'oli
（tel）050-5497-3411
（mail）ml.account-sales@leihauoli.com","381","82","81","85","91","合成","0","- モード: 合成 - 部品ごとの採用元: ①件名=closer の【エンジニア40名】型＋opener の課題直撃ワード ②冒頭2行=replier ③課題提示=replier ④自社紹介＋USP=closer（「唯一」除去、§4のUSP一言ベースに修正） ⑤FAB+E＋実績=closer ⑥なぜ今=closer「下期の改修要望が積み上がる前に」 ⑦CTA=closer の15分＋opener ","修正パス(2026-09-18)"
"2026-09-12T13:24:05+09:00","株式会社ワンオアエイト","開発部","ご担当者","【15分】ゲーム本体開発に集中するための、専門人材による常駐支援","開発部 ご担当者様

ゲーム本体の開発にエンジニアを集中させたいのに、周辺Web改修が後回しになっていないでしょうか。

私たち株式会社レイハウオリは、Web領域を中心に、ITリソースや専門人材が不足しているお客様を支援しています。
社内には、エンジニア・デザイナー・ディレクター・PMなど、各分野のエキスパートが在籍しています。
「何を作ればいいのかわからない」「IT周りをまとめて任せたい」といった0→1のご相談から、「社員の退職に伴うリソース不足を補いたい」といったSESのご要望まで、課題やフェーズに応じて幅広く対応しています。

改修を後回しにするほど、刷新コストは膨らみます。

ご興味があれば、このフォームにご返信ください。

株式会社Lei Hau'oli
（tel）050-5497-3411
（mail）ml.account-sales@leihauoli.com","376","79","85","80","90","合成","0","- モード: 合成 - 部品ごとの採用元: ①件名=replier（語順を短縮・「ご案内」除去） ②宛名＋冒頭2行=opener/replier（同文） ③課題提示=replier ④自社紹介＋USP=closer＋replier ⑤FAB+E＋実績=closer ⑥なぜ今=closer ⑦CTA=replier ⑧署名=共通 - opener: 冒頭2行で課題を正面から言い当てる構造が最良。件名","修正パス(2026-09-18)"
"2026-09-12T13:25:10+09:00","クラスター株式会社","開発部","ご担当者","【0→1】複数プロダクトのUI改修とレガシー刷新をご支援","開発部 ご担当者様

複数プロダクトのUI改修と新機能開発で、レガシー刷新が後回しになっていませんか。

私たち株式会社レイハウオリは、Web領域を中心に、ITリソースや専門人材が不足しているお客様を支援しています。
社内には、エンジニア・デザイナー・ディレクター・PMなど、各分野のエキスパートが在籍しています。
「何を作ればいいのかわからない」「IT周りをまとめて任せたい」といった0→1のご相談から、「社員の退職に伴うリソース不足を補いたい」といったSESのご要望まで、課題やフェーズに応じて幅広く対応しています。

平準化が遅れるほどリリース遅延が積み上がります。ご興味があれば、ご返信ください。

株式会社Lei Hau'oli
（tel）050-5497-3411
（mail）ml.account-sales@leihauoli.com","361","79","87","78","91","合成","0","- モード: 合成 - 部品ごとの採用元: ①件名=replier（+opener の「複数プロダクト」を合流） ②宛名＋冒頭2行=replier ③パーソナライズ／課題提示=replier ④自社紹介＋USP=closer（§4原文に差し戻して安全化） ⑤FAB+E＋実績=closer ⑥なぜ今=closer（機会損失）＋replier（下期） ⑦CTA=replier の低ハードル返信＋clo","修正パス(2026-09-18)"
"2026-09-12T13:26:30+09:00","セカンドサイトアナリティカ株式会社","開発部","ご担当者","【0→1〜SES】複数プロダクト並走の開発負荷を平準化","開発部 ご担当者様

複数プロダクトの大規模UIを内製で抱え、刷新と新機能開発を並走させる体制は負荷が偏りやすいのではないでしょうか。

私たち株式会社レイハウオリは、Web領域を中心に、ITリソースや専門人材が不足しているお客様を支援しています。
社内には、エンジニア・デザイナー・ディレクター・PMなど、各分野のエキスパートが在籍しています。
「何を作ればいいのかわからない」「IT周りをまとめて任せたい」といった0→1のご相談から、「社員の退職に伴うリソース不足を補いたい」といったSESのご要望まで、課題やフェーズに応じて幅広く対応しています。

下期計画が固まる前の今、体制見直しは効果的です。ご興味があれば、ご返信ください。

株式会社Lei Hau'oli
（tel）050-5497-3411
（mail）ml.account-sales@leihauoli.com","377","82","83","77","89","合成","0","- モード: 合成 - 部品ごとの採用元: ①件名=opener（closerの「複数プロダクト並走」語を移植し短縮） ②宛名＋冒頭=replier（1文が約100字あったため60字台に分割・圧縮） ③課題提示=replier ④自社紹介＋USP=closer＋replier（2008年設立／約40名／フロントエンド専門） ⑤FAB+E=closer（Benefit「内製チームが意思決定に集中」が","修正パス(2026-09-18)"
"2026-09-12T13:27:12+09:00","株式会社インゲージ","開発部","ご担当者","【管理画面改修】0→1から相談可能です","開発部 ご担当者様

管理画面・ダッシュボードの改修が積み上がり、負荷が偏っていないでしょうか。

私たち株式会社レイハウオリは、Web領域を中心に、ITリソースや専門人材が不足しているお客様を支援しています。
社内には、エンジニア・デザイナー・ディレクター・PMなど、各分野のエキスパートが在籍しています。
「何を作ればいいのかわからない」「IT周りをまとめて任せたい」といった0→1のご相談から、「社員の退職に伴うリソース不足を補いたい」といったSESのご要望まで、課題やフェーズに応じて幅広く対応しています。

複数プロダクトが並走するほど改修は後回しになります。

ご興味があれば、このフォームにご返信ください。

株式会社Lei Hau'oli
（tel）050-5497-3411
（mail）ml.account-sales@leihauoli.com","367","85","80","84","92","合成","0","- モード: 合成 - 部品ごとの採用元: ①件名=opener（固有ワード「管理画面」）＋closer（動詞「巻き取ります」）を圧縮合成 ②宛名＋冒頭=opener形式／③課題提示=closer ④自社紹介＋USP=closer ⑤FAB+E＝closer（設計〜運用改善）＋opener（中途採用短縮・リリース停止回避） ⑥なぜ今=opener（来期の負荷増） ⑦CTA=closer（返信→15","修正パス(2026-09-18)"
"2026-09-12T13:29:04+09:00","株式会社Smallit","開発部","ご担当者","【0→1のご相談から対応】UI刷新と新機能開発、並走の負荷を減らしませんか","開発部 ご担当者様

複数プロダクトのUI刷新と新機能開発を並走させる負荷、平準化しきれていないのではないでしょうか。

私たち株式会社レイハウオリは、Web領域を中心に、ITリソースや専門人材が不足しているお客様を支援しています。
社内には、エンジニア・デザイナー・ディレクター・PMなど、各分野のエキスパートが在籍しています。
「何を作ればいいのかわからない」「IT周りをまとめて任せたい」といった0→1のご相談から、「社員の退職に伴うリソース不足を補いたい」といったSESのご要望まで、課題やフェーズに応じて幅広く対応しています。

今体制を組まないと、次の繁忙期も同じ課題が続きます。

ご興味があれば、ご返信ください。

株式会社Lei Hau'oli
（tel）050-5497-3411
（mail）ml.account-sales@leihauoli.com","371","79","88","85","91","合成","0","- モード: 合成 - 部品ごとの採用元: ①件名=replier ②宛名＋冒頭2行=replier ③パーソナライズ／課題提示=replier（closerの「内製だけで並走」を吸収） ④自社紹介＋USP=closer＋opener（技術スタックはopener、USPの言い切りはcloserだが「唯一」は削除） ⑤FAB+E＋実績=closer ⑥なぜ今=replier ⑦CTA=replier","修正パス(2026-09-18)"
"2026-09-12T13:28:40+09:00","株式会社ZUU","開発部","ご担当者","【15分の相談で】UI刷新と新機能の並走負荷を解消","開発部 ご担当者様

複数プロダクトを内製で抱えながら、UI改修と新機能開発を並走させる体制、手が足りていないでしょうか。

私たち株式会社レイハウオリは、Web領域を中心に、ITリソースや専門人材が不足しているお客様を支援しています。
社内には、エンジニア・デザイナー・ディレクター・PMなど、各分野のエキスパートが在籍しています。
「何を作ればいいのかわからない」「IT周りをまとめて任せたい」といった0→1のご相談から、「社員の退職に伴うリソース不足を補いたい」といったSESのご要望まで、課題やフェーズに応じて幅広く対応しています。

このままでは刷新も開発も遅れ続けます。ご興味があれば本メールにご返信ください。

株式会社Lei Hau'oli
（tel）050-5497-3411
（mail）ml.account-sales@leihauoli.com","370","74","83","85","89","合成","0","- モード: 合成 - 部品ごとの採用元: ①件名=closer（短縮）／②宛名＋冒頭2行=replier／③パーソナライズ・課題提示=replier／④自社紹介＋USP=closer／⑤FAB+E＋実績=closer＋replier（Advantage「採用を待たずに」はreplier）／⑥なぜ今=replier（closerの語尾を統合）／⑦CTA=replier（2文字返信）に closer","修正パス(2026-09-18)"
"2026-09-12T13:27:40+09:00","株式会社ブルード","開発部","ご担当者","【セミナー・保険・旅行・留学】複数プロダクトのUI改修、0→1から支援","開発部 ご担当者様

セミナー・保険・旅行・留学と複数プロダクトを抱え、UI改修と新機能開発を同時に進めておられるのではないでしょうか。

私たち株式会社レイハウオリは、Web領域を中心に、ITリソースや専門人材が不足しているお客様を支援しています。
社内には、エンジニア・デザイナー・ディレクター・PMなど、各分野のエキスパートが在籍しています。
「何を作ればいいのかわからない」「IT周りをまとめて任せたい」といった0→1のご相談から、「社員の退職に伴うリソース不足を補いたい」といったSESのご要望まで、課題やフェーズに応じて幅広く対応しています。

下期の計画確定前の今なら着手しやすいかと存じます。ご興味があれば、ご返信ください。

株式会社Lei Hau'oli
（tel）050-5497-3411
（mail）ml.account-sales@leihauoli.com","379","80","84","84","92","合成","0","- モード: 合成 - 部品ごとの採用元: ①件名=opener（固有4事業ワード）＋replier（【】の簡潔さ・40名） ②宛名＋冒頭=replier ③課題提示=replier（現場の生声） ④自社紹介＋USP=closer ⑤FAB+E=closer ⑥なぜ今=opener/replier（下期計画確定前） ⑦CTA=replier（返信1つ）＋closer（15分情報交換） ⑧署名=共通","修正パス(2026-09-18)"
"2026-09-12T13:29:17+09:00","CLPS Technology Japan株式会社","開発部","ご担当者","【15分で】UI改修とレガシー刷新を同時に進める体制づくり","開発部 ご担当者様

レガシー刷新と新機能開発の並走で、フロントエンドの負荷が平準化できていないのではないでしょうか。

私たち株式会社レイハウオリは、Web領域を中心に、ITリソースや専門人材が不足しているお客様を支援しています。
社内には、エンジニア・デザイナー・ディレクター・PMなど、各分野のエキスパートが在籍しています。
「何を作ればいいのかわからない」「IT周りをまとめて任せたい」といった0→1のご相談から、「社員の退職に伴うリソース不足を補いたい」といったSESのご要望まで、課題やフェーズに応じて幅広く対応しています。

中途採用には数か月かかり、その間も要望は積み上がります。

ご興味があれば本メールにご返信ください。

株式会社Lei Hau'oli
（tel）050-5497-3411
（mail）ml.account-sales@leihauoli.com","377","78","83","87","93","合成","0","- モード: 合成 - 部品ごとの採用元: ①件名=replier の骨格＋opener の「40名」 ②冒頭＝closer ③パーソナライズ＝closer（課題仮説を最も正確に写している） ④USP＝closer（§4のUSP一言をそのまま言い切り） ⑤FAB+E＝closer＋opener ⑥なぜ今＝replier（中途採用の数か月＋要望の積み上がり） ⑦CTA＝replier の「詳細希望」","修正パス(2026-09-18)"
"2026-09-12T13:30:46+09:00","株式会社ファミリーデンタルサービス","情報システム部","ご担当者","【医療機器メーカー様向け】専任者0でも回せる、Web開発支援体制","情報システム部 ご担当者様

製品情報サイトや社内システムのWeb化を、専任者不在のまま並行して進めていらっしゃいませんか。

私たち株式会社レイハウオリは、Web領域を中心に、ITリソースや専門人材が不足しているお客様を支援しています。
社内には、エンジニア・デザイナー・ディレクター・PMなど、各分野のエキスパートが在籍しています。
「何を作ればいいのかわからない」「IT周りをまとめて任せたい」といった0→1のご相談から、「社員の退職に伴うリソース不足を補いたい」といったSESのご要望まで、課題やフェーズに応じて幅広く対応しています。

先送りするほど負荷は積み上がり、採用にも時間がかかります。ご興味があれば、このフォームにご返信ください。

株式会社Lei Hau'oli
（tel）050-5497-3411
（mail）ml.account-sales@leihauoli.com","384","83","82","77","90","合成","0","- モード: 合成 - 部品ごとの採用元: ①件名=opener ②宛名＋冒頭2行=opener ③課題提示=opener＋replier（「品質ばらつき→手戻り」の言い回しはreplier） ④自社紹介＋USP=opener（「弊社だけの強み」の言い切り） ⑤FAB+E＋実績=replier（2008年設立18年を追加し不信の壁を補強） ⑥なぜ今=replier（負荷の積み上がり）＋opener","修正パス(2026-09-18)"
"2026-09-12T13:32:23+09:00","株式会社Zehitomo","開発部","ご担当者","【フロントエンド刷新】複数プロダクトのUI改修、0→1のご相談も","開発部 ご担当者様

複数プロダクトのUI改修と新機能開発が重なり、リソース不足で刷新が後回しになっていませんか。

私たち株式会社レイハウオリは、Web領域を中心に、ITリソースや専門人材が不足しているお客様を支援しています。
社内には、エンジニア・デザイナー・ディレクター・PMなど、各分野のエキスパートが在籍しています。
「何を作ればいいのかわからない」「IT周りをまとめて任せたい」といった0→1のご相談から、「社員の退職に伴うリソース不足を補いたい」といったSESのご要望まで、課題やフェーズに応じて幅広く対応しています。

下期の計画に間に合わせるなら早めの着手が有利です。

ご興味があれば、ご返信ください。

株式会社Lei Hau'oli
（tel）050-5497-3411
（mail）ml.account-sales@leihauoli.com","368","78","71","72","87","選抜","0","- モード: 選抜（失格でない案が opener 1案のみのため。replier/closer は該当箇所を除去すれば素材利用可だが、案としては失格） - 部品ごとの採用元: ①件名=opener（長すぎるため短縮・数字表記を§4準拠に修正） ②冒頭=opener原文 ③課題提示=opener原文 ④USP=opener案の弱点（Q6）を §4「USP一言」の文言で最小限補強 ⑤実績=opener","修正パス(2026-09-18)"
"2026-09-12T13:32:05+09:00","株式会社フォトラクション","開発部","ご担当者","【フロントエンド改修の滞留を15分で解消】SaaS管理画面・ダッシュボードの負荷分散","開発部 ご担当者様

複数プロダクトの管理画面で機能追加が重なり、フロントエンドのバックログが崩せていないのではないでしょうか。

私たち株式会社レイハウオリは、Web領域を中心に、ITリソースや専門人材が不足しているお客様を支援しています。
社内には、エンジニア・デザイナー・ディレクター・PMなど、各分野のエキスパートが在籍しています。
「何を作ればいいのかわからない」「IT周りをまとめて任せたい」といった0→1のご相談から、「社員の退職に伴うリソース不足を補いたい」といったSESのご要望まで、課題やフェーズに応じて幅広く対応しています。

バックログは放置するほど改修コストが膨らみます。

ご興味があれば、このフォームにご返信ください。

株式会社Lei Hau'oli
（tel）050-5497-3411
（mail）ml.account-sales@leihauoli.com","381","77","83","83","91","合成","0","- モード: 合成 - 部品ごとの採用元: ①件名=replier（課題語＋「1名から」）＋opener（管理画面・ダッシュボードの固有語）②冒頭2行=replier ③パーソナライズ=replier ④自社紹介＋USP=closer（1名からチーム単位でまるごと）＋opener（2008年設立・9割がフロントエンド）⑤FAB+E=closer＋opener（大規模BtoCの開発フロー）⑥なぜ今=","修正パス(2026-09-18)"
"2026-09-12T13:33:08+09:00","株式会社アイティープラス","開発部","ご担当者","【0→1】複数プロダクトのUI改修とレガシー刷新、専門人材で支援しませんか","開発部 ご担当者様

複数プロダクトのUI改修とレガシー刷新を抱え、人手が足りない状況ではないでしょうか。

私たち株式会社レイハウオリは、Web領域を中心に、ITリソースや専門人材が不足しているお客様を支援しています。
社内には、エンジニア・デザイナー・ディレクター・PMなど、各分野のエキスパートが在籍しています。
「何を作ればいいのかわからない」「IT周りをまとめて任せたい」といった0→1のご相談から、「社員の退職に伴うリソース不足を補いたい」といったSESのご要望まで、課題やフェーズに応じて幅広く対応しています。

次の繁忙期に向けて今から体制を組むべきです。ご興味があれば、返信でご相談ください。

株式会社Lei Hau'oli
（tel）050-5497-3411
（mail）ml.account-sales@leihauoli.com","364","77","86","83","92","合成","0","- モード: 合成 - 部品ごとの採用元: ①件名=replier（+固有ワードをopenerから微加筆） ②宛名＋冒頭2行=replier ③パーソナライズ／課題提示=replier ④自社紹介＋USP=replier/closer統合 ⑤FAB+E＋実績=closer ⑥なぜ今=replier「次の繁忙期」 ⑦CTA=closer（15分＋返信で日程）※replierの低ハードル性を文体で継承","修正パス(2026-09-18)"
"2026-09-12T13:36:00+09:00","株式会社キッズスター","開発部","ご担当者","【複数プロダクトのUI改修】0→1の相談から柔軟に対応します","開発部 ご担当者様

複数プロダクトのUI改修を内製チームで抱え、手が足りない状況ではないでしょうか。

私たち株式会社レイハウオリは、Web領域を中心に、ITリソースや専門人材が不足しているお客様を支援しています。
社内には、エンジニア・デザイナー・ディレクター・PMなど、各分野のエキスパートが在籍しています。
「何を作ればいいのかわからない」「IT周りをまとめて任せたい」といった0→1のご相談から、「社員の退職に伴うリソース不足を補いたい」といったSESのご要望まで、課題やフェーズに応じて幅広く対応しています。

負荷の偏りは放置するほど採用コストが積み上がります。ご興味があればご返信ください。

株式会社Lei Hau'oli
（tel）050-5497-3411
（mail）ml.account-sales@leihauoli.com","362","72","88","85","92","合成","0","- モード: 合成 - 部品ごとの採用元: ①件名=replier ②宛名＋冒頭=replier ③パーソナライズ／課題提示=replier ④自社紹介＋USP=closer ⑤FAB+E＋実績=closer ⑥なぜ今=closer（採用コスト・機会損失の積み上がり） ⑦CTA=replier（「詳細希望」4文字返信） ⑧署名=opener/closer形式 - opener: 件名に課題仮説の固","修正パス(2026-09-18)"
"2026-09-12T18:04:27+09:00","アトラシアン株式会社","開発部","ご担当者","【0→1からSESまで】複数プロダクトのUI刷新と新機能開発、並走できていますか","開発部 ご担当者様

複数プロダクトのUI刷新と新機能開発を並走させる中で、リソース不足を感じていないでしょうか。

私たち株式会社レイハウオリは、Web領域を中心に、ITリソースや専門人材が不足しているお客様を支援しています。
社内には、エンジニア・デザイナー・ディレクター・PMなど、各分野のエキスパートが在籍しています。
「何を作ればいいのかわからない」「IT周りをまとめて任せたい」といった0→1のご相談から、「社員の退職に伴うリソース不足を補いたい」といったSESのご要望まで、課題やフェーズに応じて幅広く対応しています。

下期の体制を固める前の今なら、負荷集中を避けられます。ご興味があれば、このフォームにご返信ください。

株式会社Lei Hau'oli
（tel）050-5497-3411
（mail）ml.account-sales@leihauoli.com","377","85","85","86","92","合成","0","- モード: 合成 - 部品ごとの採用元: ①件名=replier（【】を短く保つ型）＋opener/closerの課題ワードを後半に接続 ②宛名＋冒頭2行=closer（「複数プロダクトの大規模UIを内製チームで抱え」が最も課題仮説を言い当てている） ③課題提示=closer ④自社紹介＋USP=opener（技術スタック明示＋設立年＋実績の圧縮が最も密度が高い）／USP一言=opener「フロ","修正パス(2026-09-18)"
"2026-09-12T18:05:15+09:00","株式会社KPMG Ignition Tokyo","開発部","ご担当者","【複数プロダクト運営企業向け】0→1からSESまで幅広く対応","開発部 ご担当者様

複数プロダクトを内製で抱えながら、UI改修や機能追加の要望をさばききれていないのではないでしょうか。

私たち株式会社レイハウオリは、Web領域を中心に、ITリソースや専門人材が不足しているお客様を支援しています。
社内には、エンジニア・デザイナー・ディレクター・PMなど、各分野のエキスパートが在籍しています。
「何を作ればいいのかわからない」「IT周りをまとめて任せたい」といった0→1のご相談から、「社員の退職に伴うリソース不足を補いたい」といったSESのご要望まで、課題やフェーズに応じて幅広く対応しています。

下期に向け改修要望はさらに増えます。

ご興味があれば、ご返信ください。

株式会社Lei Hau'oli
（tel）050-5497-3411
（mail）ml.account-sales@leihauoli.com","365","83","82","82","91","合成","0","- モード: 合成 - 部品ごとの採用元: ①件名=opener ②宛名=共通 ③冒頭の課題翻訳=replier ④自社紹介＋USP=closer ⑤FAB+E＝closer+replier（中途採用代替の一文はreplier） ⑥なぜ今=replier「下期」＋closer「抱え込むほど積み重なる」 ⑦CTA=replier（6文字返信）＋closerの「15分」で商談着地 ⑧署名=opener","修正パス(2026-09-18)"
"2026-09-12T18:05:31+09:00","MyDearest株式会社","開発部","ご担当者","【0→1から支援】複数プロダクトのUI刷新、開発体制のご相談","開発部 ご担当者様

複数プロダクトのUI改修と新機能開発の並走で、負荷が偏りやすいと存じます。

私たち株式会社レイハウオリは、Web領域を中心に、ITリソースや専門人材が不足しているお客様を支援しています。
社内には、エンジニア・デザイナー・ディレクター・PMなど、各分野のエキスパートが在籍しています。
「何を作ればいいのかわからない」「IT周りをまとめて任せたい」といった0→1のご相談から、「社員の退職に伴うリソース不足を補いたい」といったSESのご要望まで、課題やフェーズに応じて幅広く対応しています。

下期の開発計画を組むこの時期に、体制を見直すご相談を承っております。

ご興味があれば、このフォームにご返信ください。

株式会社Lei Hau'oli
（tel）050-5497-3411
（mail）ml.account-sales@leihauoli.com","375","75","77","78","81","選抜","0","- モード: **選抜**（絶対条件をクリアした案が closer のみ。合成条件「失格でない案が2つ以上」を満たさない） - 部品ごとの採用元: 全部品を closer から採用。§4逸脱箇所1文のみ裁判官が最小限修正。 - 各案の強み・弱み - opener: 件名に課題仮説の固有ワードを集中投下し開封力は最高。だが自己申告字数を402字と偽り、A1で失格。CTAも「返信、または15分」で2択","修正パス(2026-09-18)"
"2026-09-12T18:08:09+09:00","株式会社メディカルノート","開発部","ご担当者","【0→1支援】複数プロダクトのUI改修・新機能開発の並走を支援","開発部 ご担当者様

複数サービスを内製運営され、UI改修と新機能開発が並走する御社では、リソース不足があるのではと拝察しました。

私たち株式会社レイハウオリは、Web領域を中心に、ITリソースや専門人材が不足しているお客様を支援しています。
社内には、エンジニア・デザイナー・ディレクター・PMなど、各分野のエキスパートが在籍しています。
「何を作ればいいのかわからない」「IT周りをまとめて任せたい」といった0→1のご相談から、「社員の退職に伴うリソース不足を補いたい」といったSESのご要望まで、課題やフェーズに応じて幅広く対応しています。

着手が遅れるほど刷新は来期にずれます。ご興味があれば本フォームへご返信ください。

株式会社Lei Hau'oli
（tel）050-5497-3411
（mail）ml.account-sales@leihauoli.com","375","79","74","83","88","合成","0","- モード: 合成 - 部品ごとの採用元: ①件名=closer（【】内に「40名」を前置し短く、後半で課題語を直撃）②宛名＋冒頭=opener ③パーソナライズ／課題提示=opener（「医療・ヘルスケア領域の複数サービスを内製運営」が社名を伏せても自社宛てと分かる）④自社紹介＋USP=closer（「唯一」を削り§4のUSP文言どおりに修正）⑤FAB+E＝closer（Feature詳細「設計","修正パス(2026-09-18)"
"2026-09-12T18:05:45+09:00","株式会社アズールドットネット","開発部","ご担当者","【0→1〜SES】UI改修・新機能開発の専門人材不足を解消","開発部 ご担当者様

複数プロダクトのUI改修・新機能開発で、専門人材が不足していませんか。

私たち株式会社レイハウオリは、Web領域を中心に、ITリソースや専門人材が不足しているお客様を支援しています。
社内には、エンジニア・デザイナー・ディレクター・PMなど、各分野のエキスパートが在籍しています。
「何を作ればいいのかわからない」「IT周りをまとめて任せたい」といった0→1のご相談から、「社員の退職に伴うリソース不足を補いたい」といったSESのご要望まで、課題やフェーズに応じて幅広く対応しています。

対応を先送りすると機会損失につながりかねません。

ご興味があれば、ご返信ください。

株式会社Lei Hau'oli
（tel）050-5497-3411
（mail）ml.account-sales@leihauoli.com","356","79","71","83","90","合成","0","- モード: 合成 - 部品ごとの採用元: ①件名=opener（「フロントエンド専任40名」）＋closer（「UI改修・新機能開発」「1名から」）／②宛名＋冒頭2行=opener／③パーソナライズ・課題提示=opener（冒頭の疑問文）／④自社紹介＋USP=closer（3段落目のUSP前出し）／⑤FAB+E=opener（技術スタック）＋closer（「リリースを止めず要員要求にも応えられる","修正パス(2026-09-18)"
"2026-09-12T18:07:04+09:00","アラームボックス株式会社","開発部","ご担当者","【複数プロダクト運営・大規模UI刷新向け】0→1から支える開発リソース不足の解消法","開発部 ご担当者様

複数のWebサービスを内製運営され、UI改修と刷新を並走されている貴社の体制を拝見しました。

私たち株式会社レイハウオリは、Web領域を中心に、ITリソースや専門人材が不足しているお客様を支援しています。
社内には、エンジニア・デザイナー・ディレクター・PMなど、各分野のエキスパートが在籍しています。
「何を作ればいいのかわからない」「IT周りをまとめて任せたい」といった0→1のご相談から、「社員の退職に伴うリソース不足を補いたい」といったSESのご要望まで、課題やフェーズに応じて幅広く対応しています。

並走負荷が続く今、外部の専門人材で体制強化を進められます。

ご興味があれば、このフォームにご返信ください。

株式会社Lei Hau'oli
（tel）050-5497-3411
（mail）ml.account-sales@leihauoli.com","379","79","73","75","79","選抜","0","- モード: 選抜 - 失格でない案が opener 1つのみのため、合成は行わず opener を採用し、最小限の確認のみ実施（新たな主張の追加なし）。 - opener: 件名に「複数プロダクト」「大規模UI刷新」「1名から」を集中投下し、開封と社内転送に強い。冒頭2行が課題仮説そのもので自社宛て感が高い。弱みは不適の壁（同業種事例）が埋められていない点だが、§4に該当実績がないため創作しない","修正パス(2026-09-18)"
"2026-09-12T18:08:29+09:00","株式会社くふうウェディング","開発部","ご担当者","【0→1〜SESまで】ブライダルUI改修とレガシー刷新の並走、負荷感を伺えますか","開発部 ご担当者様

複数のブライダル関連サービスを内製運営される御社では、UI改修とレガシー刷新の並走で開発リソース不足を拝察します。

私たち株式会社レイハウオリは、Web領域を中心に、ITリソースや専門人材が不足しているお客様を支援しています。
社内には、エンジニア・デザイナー・ディレクター・PMなど、各分野のエキスパートが在籍しています。
「何を作ればいいのかわからない」「IT周りをまとめて任せたい」といった0→1のご相談から、「社員の退職に伴うリソース不足を補いたい」といったSESのご要望まで、課題やフェーズに応じて幅広く対応しています。

開発計画が固まる前の今、負荷感を伺えればと思います。ご興味があれば、ご返信ください。

株式会社Lei Hau'oli
（tel）050-5497-3411
（mail）ml.account-sales@leihauoli.com","380","83","84","81","93","合成","0","- モード: **合成** - 部品ごとの採用元: ①件名=replier（短さ・疑問形）+closer（「ブライダル」の固有ワード） ②宛名＝共通 ③冒頭パーソナライズ・課題提示=opener ④自社紹介＋USP=closer ⑤FAB+E・実績=opener（正確な数字表現）+closer（Benefit の言い回し） ⑥なぜ今=replier ⑦CTA=replier ⑧署名=共通 - op","修正パス(2026-09-18)"
"2026-09-12T18:09:07+09:00","Studio株式会社","開発部","ご担当者","【0→1】レガシー刷新と新機能開発の並走負荷を減らせます","開発部 ご担当者様

レガシー刷新と新機能開発を並走させ、フロントエンドの手が足りていないのではないでしょうか。

私たち株式会社レイハウオリは、Web領域を中心に、ITリソースや専門人材が不足しているお客様を支援しています。
社内には、エンジニア・デザイナー・ディレクター・PMなど、各分野のエキスパートが在籍しています。
「何を作ればいいのかわからない」「IT周りをまとめて任せたい」といった0→1のご相談から、「社員の退職に伴うリソース不足を補いたい」といったSESのご要望まで、課題やフェーズに応じて幅広く対応しています。

並走が続くほど、技術的負債とリリース遅れが積み上がります。ご興味があれば、このメールにご返信ください。

株式会社Lei Hau'oli
（tel）050-5497-3411
（mail）ml.account-sales@leihauoli.com","377","78","84","87","93","合成","0","- モード: 合成 - 部品ごとの採用元: ①件名=closer（【エンジニア40名】の短さ）＋replier（課題語を件名に入れる発想）／②宛名＋冒頭2行=closer＋opener（課題仮説の具体描写）／③パーソナライズ・課題提示=replier／④自社紹介＋USP=closer（USP一言を第2段落で先出し）／⑤FAB+E＋実績=closer＋replier（2008年設立・約40名・美容予","修正パス(2026-09-18)"
"2026-09-12T18:11:21+09:00","株式会社クラッソーネ","開発部","ご担当者","【複数プロダクト】UI改修のフロントエンド負荷、0→1から伴走支援しませんか","開発部 ご担当者様

求人媒体や不動産系のサービスを複数抱える御社では、フロントエンドの手が足りていないのではないでしょうか。

私たち株式会社レイハウオリは、Web領域を中心に、ITリソースや専門人材が不足しているお客様を支援しています。
社内には、エンジニア・デザイナー・ディレクター・PMなど、各分野のエキスパートが在籍しています。
「何を作ればいいのかわからない」「IT周りをまとめて任せたい」といった0→1のご相談から、「社員の退職に伴うリソース不足を補いたい」といったSESのご要望まで、課題やフェーズに応じて幅広く対応しています。

開発フローが固まる期末前の着手で来期の負荷を軽減できます。

ご興味があれば、ご返信ください。

株式会社Lei Hau'oli
（tel）050-5497-3411
（mail）ml.account-sales@leihauoli.com","378","74","82","78","82","選抜","1","- モード: 選抜 - 切替理由: 絶対条件を満たす案が replier 1案のみ。opener（A1）・closer（A3）は失格のため合成素材から除外し、選抜モードに切り替えた。 - 部品ごとの採用元: ①〜⑧すべて replier（手直しなし。絶対条件・品質条件をいずれも満たしており、加筆は「新しい主張の追加」になるため行わない） - 各案の強み・弱み - opener: 件名に「複数プロダ","修正パス(2026-09-18)"
"2026-09-12T18:08:43+09:00","株式会社Timers","開発部","ご担当者","【0→1から】複数プロダクトのUI改修とレガシー刷新、並走できていますか","開発部 ご担当者様

複数プロダクトのUI改修とレガシー刷新を、同じ内製チームで並走させていないでしょうか。

私たち株式会社レイハウオリは、Web領域を中心に、ITリソースや専門人材が不足しているお客様を支援しています。
社内には、エンジニア・デザイナー・ディレクター・PMなど、各分野のエキスパートが在籍しています。
「何を作ればいいのかわからない」「IT周りをまとめて任せたい」といった0→1のご相談から、「社員の退職に伴うリソース不足を補いたい」といったSESのご要望まで、課題やフェーズに応じて幅広く対応しています。

下期の開発計画を固める前の今、ご興味があれば、このメールにご返信ください。

株式会社Lei Hau'oli
（tel）050-5497-3411
（mail）ml.account-sales@leihauoli.com","361","80","87","84","92","合成","0","- モード: 合成（replier × closer の2案。opener は A1 違反のため規定により素材からも除外） - 部品ごとの採用元: ①件名=replier ②宛名＋冒頭=replier ③課題提示=replier ④自社紹介＋USP=replier＋closer統合 ⑤FAB+E=closer（採用工数→即戦力→リリース停止せず集中） ⑥なぜ今=closer（日々削る）＋repli","修正パス(2026-09-18)"
"2026-09-12T18:12:29+09:00","株式会社アジレット","開発部","ご担当者","【0→1相談も対応】UI改修とレガシー刷新の同時進行、御社だけで抱えていませんか","開発部 ご担当者様

複数プロダクトのUI改修とレガシー刷新が重なり、人手が足りないことはないでしょうか。

私たち株式会社レイハウオリは、Web領域を中心に、ITリソースや専門人材が不足しているお客様を支援しています。
社内には、エンジニア・デザイナー・ディレクター・PMなど、各分野のエキスパートが在籍しています。
「何を作ればいいのかわからない」「IT周りをまとめて任せたい」といった0→1のご相談から、「社員の退職に伴うリソース不足を補いたい」といったSESのご要望まで、課題やフェーズに応じて幅広く対応しています。

繁忙期に探し始めると、対応が遅れます。

ご興味があれば、このフォームにご返信ください。

株式会社Lei Hau'oli
（tel）050-5497-3411
（mail）ml.account-sales@leihauoli.com","365","79","88","81","91","合成","0","- モード: 合成 - 部品ごとの採用元: ①件名=replier ②宛名＋冒頭2行=replier ③パーソナライズ／課題提示=replier ④自社紹介＋USP=closer ⑤FAB+E＋実績=closer（Evidenceの並びはreplierの語順に整流）⑥なぜ今=replier ⑦CTA=closer（返信1本に統合）⑧署名=opener/closer - opener: 件名に課題仮","修正パス(2026-09-18)"
"2026-09-12T18:12:29+09:00","株式会社EPARKリラク&エステ","開発部","ご担当者","【0→1】UI改修と新機能開発、必要な体制のご相談","開発部 ご担当者様

複数プロダクトを内製で抱える御社では、開発の手が足りていないのではないでしょうか。

私たち株式会社レイハウオリは、Web領域を中心に、ITリソースや専門人材が不足しているお客様を支援しています。
社内には、エンジニア・デザイナー・ディレクター・PMなど、各分野のエキスパートが在籍しています。
「何を作ればいいのかわからない」「IT周りをまとめて任せたい」といった0→1のご相談から、「社員の退職に伴うリソース不足を補いたい」といったSESのご要望まで、課題やフェーズに応じて幅広く対応しています。

採用を待つ間も、要望は積み上がります。

ご興味があれば、このフォームにご返信ください。

株式会社Lei Hau'oli
（tel）050-5497-3411
（mail）ml.account-sales@leihauoli.com","364","79","80","73","91","合成","0","- モード: 合成 - 部品ごとの採用元: ①件名=replier（opener の業態ワード「予約サービス」を注入して短縮）②宛名＋冒頭2行=replier（心の声フック）③課題提示=replier＋opener ④自社紹介＋USP=closer（「大手BtoC直請け現場を経験した…1名からチーム単位」）⑤FAB+E＝closer＋opener（実績表記は opener の正しい形を採用）⑥なぜ","修正パス(2026-09-18)"
"2026-09-12T18:13:19+09:00","株式会社オプティマインド","開発部","ご担当者","【複数プロダクト×受託開発】0→1から始める専門人材支援","開発部 ご担当者様

複数プロダクトを内製で抱え、受託開発の繁忙期はフロントエンドの手が回っていないのでは。

私たち株式会社レイハウオリは、Web領域を中心に、ITリソースや専門人材が不足しているお客様を支援しています。
社内には、エンジニア・デザイナー・ディレクター・PMなど、各分野のエキスパートが在籍しています。
「何を作ればいいのかわからない」「IT周りをまとめて任せたい」といった0→1のご相談から、「社員の退職に伴うリソース不足を補いたい」といったSESのご要望まで、課題やフェーズに応じて幅広く対応しています。

繁忙期に入ってからの増員では間に合いません。

ご興味があればご返信ください。

株式会社Lei Hau'oli
（tel）050-5497-3411
（mail）ml.account-sales@leihauoli.com","361","84","84","82","91","合成","0","- モード: 合成 - 部品ごとの採用元: ①件名=opener（骨格）＋replier（「1名から」の圧縮語）②宛名＋冒頭2行=opener ③課題提示=opener ④自社紹介＋USP=closer ⑤FAB+E＋実績=closer ⑥なぜ今=replier＋closer合流 ⑦CTA=opener（返信1アクション＋15分説明）⑧署名=共通 - opener: 冒頭2行が課題仮説そのままで「","修正パス(2026-09-18)"
"2026-09-12T18:13:44+09:00","株式会社クウゼン","開発部","ご担当者","【複数プロダクト・大規模UI向け】0→1の開発からSES常駐まで対応","開発部 ご担当者様

複数プロダクトの大規模UIを内製で抱えながら、レガシー刷新と新機能開発を並走させると負荷が平準化しづらくなります。

私たち株式会社レイハウオリは、Web領域を中心に、ITリソースや専門人材が不足しているお客様を支援しています。
社内には、エンジニア・デザイナー・ディレクター・PMなど、各分野のエキスパートが在籍しています。
「何を作ればいいのかわからない」「IT周りをまとめて任せたい」といった0→1のご相談から、「社員の退職に伴うリソース不足を補いたい」といったSESのご要望まで、課題やフェーズに応じて幅広く対応しています。

後回しにするほど改修要望は積み上がります。ご興味があれば、ご返信ください。

株式会社Lei Hau'oli
（tel）050-5497-3411
（mail）ml.account-sales@leihauoli.com","375","78","82","80","91","合成","0","- モード: 合成 - 部品ごとの採用元: ①件名=opener（語彙を§4準拠に微修正） ②宛名=共通 ③冒頭2行・課題提示=replier＋closer混成 ④自社紹介＋USP=closer ⑤FAB+E＋実績=closer＋replier ⑥なぜ今=closer ⑦CTA=replier ⑧署名=共通 - opener: 件名が最強。「複数プロダクト・大規模UI」＋数字2つで0.5秒判別可。","修正パス(2026-09-18)"
"2026-09-12T18:12:47+09:00","AIデータ株式会社","開発部","ご担当者","【複数プロダクトの管理画面改修】15分で開発体制のご相談","開発部 ご担当者様

複数プロダクトの管理画面改修で、フロントエンド開発の負荷が偏りがちではないでしょうか。

私たち株式会社レイハウオリは、Web領域を中心に、ITリソースや専門人材が不足しているお客様を支援しています。
社内には、エンジニア・デザイナー・ディレクター・PMなど、各分野のエキスパートが在籍しています。
「何を作ればいいのかわからない」「IT周りをまとめて任せたい」といった0→1のご相談から、「社員の退職に伴うリソース不足を補いたい」といったSESのご要望まで、課題やフェーズに応じて幅広く対応しています。

着手が遅れるほど、リリース遅延が顧客満足度に響きます。

ご興味があれば、このフォームにご返信ください。

株式会社Lei Hau'oli
（tel）050-5497-3411
（mail）ml.account-sales@leihauoli.com","374","79","78","85","89","合成","0","- モード: 合成 - 部品ごとの採用元: ①件名=opener（「約」を補い修正） ②宛名＋冒頭=closer ③課題提示=replier（数字誤用部を不使用） ④自社紹介＋USP=closer ⑤FAB+E＋実績=closer ⑥なぜ今=replier＋closer折衷 ⑦CTA=closer（返信ハードルはreplier方式で軽減） ⑧署名=closer - opener: 件名の固有ワード","修正パス(2026-09-18)"
"2026-09-12T18:16:31+09:00","株式会社Cogent Labs","開発部","ご担当者","【AI×複数プロダクト運営企業向け】0→1から伴走する改修リソース不足解消","開発部 ご担当者様

複数のAIプロダクトを内製チームで運営される貴社では、改修リソース不足が課題ではないでしょうか。

私たち株式会社レイハウオリは、Web領域を中心に、ITリソースや専門人材が不足しているお客様を支援しています。
社内には、エンジニア・デザイナー・ディレクター・PMなど、各分野のエキスパートが在籍しています。
「何を作ればいいのかわからない」「IT周りをまとめて任せたい」といった0→1のご相談から、「社員の退職に伴うリソース不足を補いたい」といったSESのご要望まで、課題やフェーズに応じて幅広く対応しています。

バックログが溜まるほど後の巻き取り工数は膨らみます。

ご興味があれば、このフォームにご返信ください。

株式会社Lei Hau'oli
（tel）050-5497-3411
（mail）ml.account-sales@leihauoli.com","378","84","83","83","89","合成","0","- モード: 合成 - 部品ごとの採用元: ①件名=opener ②宛名＋冒頭＝closer ③パーソナライズ／課題提示=closer ④自社紹介＋USP=closer ⑤FAB+E＋実績=closer（Benefit部はreplierの「刷新チームと新機能開発チームを分けて動かせる」を採用）⑥なぜ今=closer ⑦CTA=closer（15分情報交換、語尾はreplierの低圧トーンへ調整）⑧","修正パス(2026-09-18)"
"2026-09-12T18:16:58+09:00","Appier Japan株式会社","開発部","ご担当者","【複数プロダクト・大規模UI向け】0→1の相談から開発の並走支援まで","開発部 ご担当者様

複数プロダクトのUI改修と新機能開発を並走される中、レガシー画面刷新まで手が回っていないと拝察します。

私たち株式会社レイハウオリは、Web領域を中心に、ITリソースや専門人材が不足しているお客様を支援しています。
社内には、エンジニア・デザイナー・ディレクター・PMなど、各分野のエキスパートが在籍しています。
「何を作ればいいのかわからない」「IT周りをまとめて任せたい」といった0→1のご相談から、「社員の退職に伴うリソース不足を補いたい」といったSESのご要望まで、課題やフェーズに応じて幅広く対応しています。

下期の要望が積み上がるほど、刷新は先送りされます。

ご興味があれば、ご返信ください。

株式会社Lei Hau'oli
（tel）050-5497-3411
（mail）ml.account-sales@leihauoli.com","373","78","78","80","91","合成","0","- モード: 合成 - 部品ごとの採用元: ①件名=opener（冗長部を圧縮） ②宛名＋冒頭=共通 ③パーソナライズ／課題提示=replier ④自社紹介＋USP=closer ⑤FAB+E＋実績=closer ⑥なぜ今=closer ⑦CTA=replier ⑧署名=共通 - opener: 件名に課題仮説の固有ワードを詰め込み転送性が高いのが最大の強み。一方でCTAが「ご返信ください」だけで","修正パス(2026-09-18)"
"2026-09-12T18:16:32+09:00","リバーフィールド株式会社","情報システム部","ご担当者","【リバーフィールド様】レガシー刷新と新機能開発、0→1からの並走支援体制","情報システム部 ご担当者様

複数プロダクトを内製で抱え、レガシー刷新と新機能開発を並走させている御社への専門人材のご案内です。今動かなければ、負荷の偏りが積み上がります。

私たち株式会社レイハウオリは、Web領域を中心に、ITリソースや専門人材が不足しているお客様を支援しています。
社内には、エンジニア・デザイナー・ディレクター・PMなど、各分野のエキスパートが在籍しています。
「何を作ればいいのかわからない」「IT周りをまとめて任せたい」といった0→1のご相談から、「社員の退職に伴うリソース不足を補いたい」といったSESのご要望まで、課題やフェーズに応じて幅広く対応しています。

ご興味があれば、このフォームにご返信ください。

株式会社Lei Hau'oli
（tel）050-5497-3411
（mail）ml.account-sales@leihauoli.com","379","81","83","88","93","合成","0","- モード: 合成 - 部品ごとの採用元: ①件名=closer（語順のみ圧縮）②宛名＋冒頭2行=closer ③パーソナライズ／課題提示=closer ④自社紹介＋USP=closer ⑤FAB+E＋実績=closer（replierの技術スタック列挙を統合）⑥なぜ今=closer ⑦CTA=replier ⑧署名=共通 - opener: 件名の「専任0人」「40名体制」は固有ワードが効き開封","修正パス(2026-09-18)"
"2026-09-12T18:16:56+09:00","株式会社ブランドクラウド","技術部","ご担当者","【15分で解決】管理コンソールUI、セキュリティエンジニアを実装から解放","技術部 ご担当者様

セキュリティ専門のエンジニアが、管理コンソールのUI実装にまで時間を取られていませんか。

私たち株式会社レイハウオリは、Web領域を中心に、ITリソースや専門人材が不足しているお客様を支援しています。
社内には、エンジニア・デザイナー・ディレクター・PMなど、各分野のエキスパートが在籍しています。
「何を作ればいいのかわからない」「IT周りをまとめて任せたい」といった0→1のご相談から、「社員の退職に伴うリソース不足を補いたい」といったSESのご要望まで、課題やフェーズに応じて幅広く対応しています。

内製のみでは刷新も新機能も遅れかねません。15分の情報交換にご興味あれば、ご返信ください。

株式会社Lei Hau'oli
（tel）050-5497-3411
（mail）ml.account-sales@leihauoli.com","370","80","83","80","90","合成","0","- モード: 合成 - 部品ごとの採用元: ①件名=replier（骨格）＋opener（「管理コンソールUI」の固有ワードを注入） ②宛名＋冒頭2行=replier ③パーソナライズ／課題提示=replier ④自社紹介＋USP=closer（USP一言を段落頭に配置） ⑤FAB+E＋実績=closer＋replier（SaaS管理画面・レガシー刷新の切り出しをBenefitに接続） ⑥なぜ今=","修正パス(2026-09-18)"
"2026-09-12T18:17:05+09:00","ペガジャパン株式会社","開発部","ご担当者","【0→1からSESまで】UI改修とレガシー刷新の並走を支援","開発部 ご担当者様

複数プロダクトのUI改修とレガシー刷新の並走で、リソースが不足していませんか。

私たち株式会社レイハウオリは、Web領域を中心に、ITリソースや専門人材が不足しているお客様を支援しています。
社内には、エンジニア・デザイナー・ディレクター・PMなど、各分野のエキスパートが在籍しています。
「何を作ればいいのかわからない」「IT周りをまとめて任せたい」といった0→1のご相談から、「社員の退職に伴うリソース不足を補いたい」といったSESのご要望まで、課題やフェーズに応じて幅広く対応しています。

繁忙期に入ってから探すと対応が遅れます。

ご興味があれば本フォームにご返信ください。

株式会社Lei Hau'oli
（tel）050-5497-3411
（mail）ml.account-sales@leihauoli.com","361","83","76","82","90","合成","0","- モード: 合成 - 部品ごとの採用元: ①件名=opener（数字と課題ワードを残し短縮）②宛名＋冒頭=opener ③パーソナライズ／課題提示=replier（事業内容「Webマーケコンサル＋受託開発」への当て込みが最も深い）④自社紹介＋USP=closer ⑤FAB+E＋実績=closer ⑥なぜ今=replier ⑦CTA=replier ⑧署名=replier - opener: 課題","修正パス(2026-09-18)"
"2026-09-12T18:20:25+09:00","株式会社アーゼスト","開発部","ご担当者","【Web領域】ゲーム本体開発に集中、15分で相談できます","開発部 ご担当者様

ゲーム本体の開発にエンジニアを集中させたい一方、Web領域の改修は後回しになっていませんか。

私たち株式会社レイハウオリは、Web領域を中心に、ITリソースや専門人材が不足しているお客様を支援しています。
社内には、エンジニア・デザイナー・ディレクター・PMなど、各分野のエキスパートが在籍しています。
「何を作ればいいのかわからない」「IT周りをまとめて任せたい」といった0→1のご相談から、「社員の退職に伴うリソース不足を補いたい」といったSESのご要望まで、課題やフェーズに応じて幅広く対応しています。

負荷の偏りは放置するほど本体開発への皺寄せが大きくなります。ご興味があれば、ご返信ください。

株式会社Lei Hau'oli
（tel）050-5497-3411
（mail）ml.account-sales@leihauoli.com","373","76","81","79","89","合成","0","- モード: 合成 - 部品ごとの採用元: ①件名=replier（【】冒頭型を短縮） ②宛名＋冒頭2行=replier ③パーソナライズ／課題提示=replier ④自社紹介＋USP=closer（「本体開発チームはそのままに、Web領域の改修だけ」を第2段落頭に前出し） ⑤FAB+E＋実績=closer＋opener（18年目・約40名・美容予約サービス） ⑥なぜ今=closer（皺寄せ論） ","修正パス(2026-09-18)"
"2026-09-12T18:20:05+09:00","株式会社あどばる","開発部","ご担当者","【レンタルスペース事業向け】UI改修と新機能開発、0→1から並走支援","開発部 ご担当者様

レンタルスペース事業のUI改修と新機能開発の両立に、リソース不足を感じていませんか。

私たち株式会社レイハウオリは、Web領域を中心に、ITリソースや専門人材が不足しているお客様を支援しています。
社内には、エンジニア・デザイナー・ディレクター・PMなど、各分野のエキスパートが在籍しています。
「何を作ればいいのかわからない」「IT周りをまとめて任せたい」といった0→1のご相談から、「社員の退職に伴うリソース不足を補いたい」といったSESのご要望まで、課題やフェーズに応じて幅広く対応しています。

要望が積み上がるほど刷新は後手に回ります。ご興味があれば、ご返信ください。

株式会社Lei Hau'oli
（tel）050-5497-3411
（mail）ml.account-sales@leihauoli.com","360","75","69","83","89","選抜","0","- モード: 選抜（失格でない案が closer 1件のみのため合成不可。絶対条件を壊さない範囲の最小手直しのみ実施） - 手直し2点のみ: ①自社紹介の重複（「開発支援事業部です／開発支援会社です」）を削り、宙に浮いていた「設立18年目の実績です。」を「2008年設立」として紹介文へ統合（399字→381字、Q5の線が1本に）。②件名の【】を「開発部様向け」から相手事業名に差し替え、0.5秒で自","修正パス(2026-09-18)"
"2026-09-12T18:21:49+09:00","AI CROSS株式会社","開発部","ご担当者","【複数プロダクトのUI負荷】0→1のご相談から伴走で解消","開発部 ご担当者様

複数プロダクトの大規模UIを内製で抱え、刷新と新機能開発の並走で負荷が大きいのではないでしょうか。

私たち株式会社レイハウオリは、Web領域を中心に、ITリソースや専門人材が不足しているお客様を支援しています。
社内には、エンジニア・デザイナー・ディレクター・PMなど、各分野のエキスパートが在籍しています。
「何を作ればいいのかわからない」「IT周りをまとめて任せたい」といった0→1のご相談から、「社員の退職に伴うリソース不足を補いたい」といったSESのご要望まで、課題やフェーズに応じて幅広く対応しています。

採用を待つ間も要望は積み上がり、計画に遅れが出かねません。
ご興味があれば、ご返信ください。

株式会社Lei Hau'oli
（tel）050-5497-3411
（mail）ml.account-sales@leihauoli.com","375","80","85","80","90","合成","0","- モード: 合成 - 部品ごとの採用元: ①件名=replier ②宛名＋冒頭=replier ③課題提示=replier＋opener ④自社紹介＋USP=opener ⑤FAB+E＋実績=closer ⑥なぜ今=closer（採用待ちの機会損失）＋replier（来期への波及） ⑦CTA=closer ⑧署名=closer - opener: 件名に課題仮説の固有ワードを3つ並べた点は強いが","修正パス(2026-09-18)"
"2026-09-12T18:20:56+09:00","株式会社キマルーム","開発部","ご担当者","【複数プロダクト運営の開発部様へ】0→1からSESまで、開発体制のご相談を","開発部 ご担当者様

複数プロダクトの内製開発とレガシー刷新を並走させる体制は、社内採用だけでは負荷が平準化しません。

私たち株式会社レイハウオリは、Web領域を中心に、ITリソースや専門人材が不足しているお客様を支援しています。
社内には、エンジニア・デザイナー・ディレクター・PMなど、各分野のエキスパートが在籍しています。
「何を作ればいいのかわからない」「IT周りをまとめて任せたい」といった0→1のご相談から、「社員の退職に伴うリソース不足を補いたい」といったSESのご要望まで、課題やフェーズに応じて幅広く対応しています。

下期の体制計画が固まる前の今、ご興味があればご返信ください。

株式会社Lei Hau'oli
（tel）050-5497-3411
（mail）ml.account-sales@leihauoli.com","359","81","73","86","89","合成","0","- モード: 合成 - 部品ごとの採用元: ①件名=opener（ターゲット明示＋「約40名」）＋closerの「1名から」 ②冒頭2行=closer ③課題提示=closer ④USP=closer（採用せずチーム単位で確保できる会社と言い切り） ⑤FAB+E=opener（React/Vue/Next.js＋大規模BtoCの開発フロー持ち込み）＋closer（2008年設立・美容予約サービス）","修正パス(2026-09-18)"
"2026-09-12T18:23:11+09:00","セカンドラボ株式会社","開発部","ご担当者","【複数プロダクト運営】レガシー刷新と新機能開発を両立する0→1の伴走体制","開発部 ご担当者様

複数のWebサービスを内製で抱える中、UI改修や機能追加の要望が重なっていませんか。

私たち株式会社レイハウオリは、Web領域を中心に、ITリソースや専門人材が不足しているお客様を支援しています。
社内には、エンジニア・デザイナー・ディレクター・PMなど、各分野のエキスパートが在籍しています。
「何を作ればいいのかわからない」「IT周りをまとめて任せたい」といった0→1のご相談から、「社員の退職に伴うリソース不足を補いたい」といったSESのご要望まで、課題やフェーズに応じて幅広く対応しています。

要望が積み上がるほど負荷は偏り、後から解消しづらくなります。

ご興味があれば、ご返信ください。

株式会社Lei Hau'oli
（tel）050-5497-3411
（mail）ml.account-sales@leihauoli.com","369","79","83","81","89","合成","0","- モード: 合成 - 部品ごとの採用元: ①件名=opener（短縮） ②宛名=共通 ③冒頭パーソナライズ／課題提示=replier ④自社紹介＋USP=closer ⑤FAB+E＋実績=closer＋replier（中途採用のAdvantageはreplier） ⑥なぜ今=closer（短縮） ⑦CTA=closer ⑧署名=共通 - opener: 件名の「複数プロダクト運営・レガシー刷新と","修正パス(2026-09-18)"
"2026-09-12T18:21:11+09:00","株式会社ボードウォーク","開発部","ご担当者","【複数プロダクトのUI刷新】0→1の体制構築を支援","開発部 ご担当者様

複数プロダクトの大規模UIを内製で抱えつつ、レガシー刷新と新機能開発を同時に進めるのは大変ではないでしょうか。

私たち株式会社レイハウオリは、Web領域を中心に、ITリソースや専門人材が不足しているお客様を支援しています。
社内には、エンジニア・デザイナー・ディレクター・PMなど、各分野のエキスパートが在籍しています。
「何を作ればいいのかわからない」「IT周りをまとめて任せたい」といった0→1のご相談から、「社員の退職に伴うリソース不足を補いたい」といったSESのご要望まで、課題やフェーズに応じて幅広く対応しています。

要望が積み上がるほど立て直しは難しくなります。

ご興味があれば、このフォームにご返信ください。

株式会社Lei Hau'oli
（tel）050-5497-3411
（mail）ml.account-sales@leihauoli.com","382","75","83","77","90","合成","0","- モード: 合成 - 部品ごとの採用元: ①件名=replier（数字先頭・簡潔）＋opener の課題ワードを融合 ②宛名＝共通、冒頭2行=replier ③パーソナライズ=replier（「後回しの山」を平易化） ④自社紹介＋USP=closer ⑤FAB+E＋実績=closer（「同業種」表現は削除） ⑥なぜ今=closer（積み上がるほど立て直しが困難）＋replier の時間軸 ⑦CT","修正パス(2026-09-18)"
"2026-09-12T18:23:43+09:00","株式会社ジグザグ","開発部","ご担当者","【0→1のご相談も】管理画面のバックログ、御社だけで抱えていませんか","開発部 ご担当者様

複数プロダクトの管理画面やダッシュボードに、要望のたびに機能追加が重なっている状態ではないでしょうか。

私たち株式会社レイハウオリは、Web領域を中心に、ITリソースや専門人材が不足しているお客様を支援しています。
社内には、エンジニア・デザイナー・ディレクター・PMなど、各分野のエキスパートが在籍しています。
「何を作ればいいのかわからない」「IT周りをまとめて任せたい」といった0→1のご相談から、「社員の退職に伴うリソース不足を補いたい」といったSESのご要望まで、課題やフェーズに応じて幅広く対応しています。

下期のバックログが積み増す前の今が着手の好機です。

ご興味があれば、ご返信ください。

株式会社Lei Hau'oli
（tel）050-5497-3411
（mail）ml.account-sales@leihauoli.com","373","78","80","76","83","選抜","0","- モード: 選抜 - 失格でない案が replier 1案のみのため、合成は行わず replier を採用し、事実正確性・USP・CTA に限った語句レベルの最小修正のみを施した。 - opener: 件名が課題仮説の固有ワードを最も強く拾えており開封力は最高。ただし本文が108字超過で構造的に失格、部分移植も字数余地がなく不可。 - replier: 課題仮説を「社内で言いそうな一言」に翻訳し","修正パス(2026-09-18)"
"2026-09-12T18:23:40+09:00","株式会社ヒストリア","開発部","ご担当者","【15分で分かる】ゲーム本体開発を止めないWeb改修支援","開発部 ご担当者様

複数プロダクトの大規模UIを内製で抱える御社では、開発負荷が偏りやすいと拝察します。

私たち株式会社レイハウオリは、Web領域を中心に、ITリソースや専門人材が不足しているお客様を支援しています。
社内には、エンジニア・デザイナー・ディレクター・PMなど、各分野のエキスパートが在籍しています。
「何を作ればいいのかわからない」「IT周りをまとめて任せたい」といった0→1のご相談から、「社員の退職に伴うリソース不足を補いたい」といったSESのご要望まで、課題やフェーズに応じて幅広く対応しています。

採用に時間をかける間も負債は積み上がります。

ご興味があれば、ご返信ください。

株式会社Lei Hau'oli
（tel）050-5497-3411
（mail）ml.account-sales@leihauoli.com","361","80","86","80","91","合成","0","- モード: 合成 - 部品ごとの採用元: ①件名=replier ②宛名＋冒頭2行=replier ③課題提示=replier＋closer（「複数プロダクトの大規模UI」はcloser表現を採用）④自社紹介＋USP=opener（設立年）＋closer ⑤FAB+E=opener（USP一言＋Evidence）⑥なぜ今=opener（採用に数か月）＋closer（負債が積み上がる）を1文に圧縮","修正パス(2026-09-18)"
"2026-09-12T18:24:21+09:00","HL株式会社","開発部","ご担当者","【15分で相談】保育・託児と受託開発を並走するHL様のリソース不足に","開発部 ご担当者様

保育・託児サービスを複数運営されるHL様では、開発リソース不足を感じられていないでしょうか。

私たち株式会社レイハウオリは、Web領域を中心に、ITリソースや専門人材が不足しているお客様を支援しています。
社内には、エンジニア・デザイナー・ディレクター・PMなど、各分野のエキスパートが在籍しています。
「何を作ればいいのかわからない」「IT周りをまとめて任せたい」といった0→1のご相談から、「社員の退職に伴うリソース不足を補いたい」といったSESのご要望まで、課題やフェーズに応じて幅広く対応しています。

繁忙期前の今、体制確保が重要です。

ご興味があれば、このフォームにご返信ください。

株式会社Lei Hau'oli
（tel）050-5497-3411
（mail）ml.account-sales@leihauoli.com","367","81","75","84","89","合成","0","- モード: 合成 - 部品ごとの採用元: ①件名=closer ②宛名＋冒頭2行=opener＋closer（複数プロダクト＋社名） ③課題提示=opener ④自社紹介＋USP=closer ⑤FAB+E＋実績=closer ⑥なぜ今=replier（数字創作を含まない「繁忙期に入ってからの採用では間に合わない」の一文のみ採用） ⑦CTA=closer×replier（15分情報交換＋返信一択","修正パス(2026-09-18)"
"2026-09-12T18:26:48+09:00","株式会社SoLabo","開発部","ご担当者","【開発支援】レガシー刷新と新機能開発を止めない、15分で相談可能","開発部 ご担当者様

新機能開発とレガシー刷新が同時に走り、内製チームが負荷を抱えていませんか。

私たち株式会社レイハウオリは、Web領域を中心に、ITリソースや専門人材が不足しているお客様を支援しています。
社内には、エンジニア・デザイナー・ディレクター・PMなど、各分野のエキスパートが在籍しています。
「何を作ればいいのかわからない」「IT周りをまとめて任せたい」といった0→1のご相談から、「社員の退職に伴うリソース不足を補いたい」といったSESのご要望まで、課題やフェーズに応じて幅広く対応しています。

下期の開発計画を固める時期です。

増員の進め方を15分でお話しできればと存じます。ご興味があれば、ご返信ください。

株式会社Lei Hau'oli
（tel）050-5497-3411
（mail）ml.account-sales@leihauoli.com","374","72","80","83","90","合成","0","- モード: 合成 - 部品ごとの採用元: ①件名=opener（訴求語）＋closer（簡潔さ）を圧縮合成 ②宛名＝共通 ③課題提示=replier ④自社紹介＋USP=closer ⑤FAB+E=closer＋replier（jQuery→SPA化/Next.js移行） ⑥なぜ今=replier（下期計画＋着手遅延コスト） ⑦CTA=closer（15分）＋replier（返信ハードル低減） ","修正パス(2026-09-18)"
"2026-09-12T18:26:39+09:00","株式会社Sprocket","開発部","ご担当者","【レガシー刷新と新機能開発の並走に】0→1からSESまで幅広く対応","開発部 ご担当者様

UI改修と新機能開発を並走させる中で、フロントエンド人材が不足していないでしょうか。

私たち株式会社レイハウオリは、Web領域を中心に、ITリソースや専門人材が不足しているお客様を支援しています。
社内には、エンジニア・デザイナー・ディレクター・PMなど、各分野のエキスパートが在籍しています。
「何を作ればいいのかわからない」「IT周りをまとめて任せたい」といった0→1のご相談から、「社員の退職に伴うリソース不足を補いたい」といったSESのご要望まで、課題やフェーズに応じて幅広く対応しています。

年末商戦前の今、体制整備が急務です。ご興味があれば、このフォームにご返信ください。

株式会社Lei Hau'oli
（tel）050-5497-3411
（mail）ml.account-sales@leihauoli.com","364","80","78","81","89","合成","0","- モード: 合成 - 部品ごとの採用元: ①件名=opener（課題仮説の固有ワードをそのまま件名化／数字2つ）②宛名＋冒頭=opener ③パーソナライズ／課題提示=closer（「売上に直結する表示速度やUI品質が後手に回る」＝Sprocket固有の痛点）④自社紹介＋USP=closer（設立18年目＋専門体制）※数字は是正 ⑤FAB+E=opener＋closer ⑥なぜ今=closer（","修正パス(2026-09-18)"
"2026-09-12T18:26:55+09:00","アガサ株式会社","開発部","ご担当者","【SaaS管理画面の改修バックログ】0→1から伴走する専門人材","開発部 ご担当者様

複数プロダクトの管理画面で機能追加が続き、フロント改修が滞っていませんか。

私たち株式会社レイハウオリは、Web領域を中心に、ITリソースや専門人材が不足しているお客様を支援しています。
社内には、エンジニア・デザイナー・ディレクター・PMなど、各分野のエキスパートが在籍しています。
「何を作ればいいのかわからない」「IT周りをまとめて任せたい」といった0→1のご相談から、「社員の退職に伴うリソース不足を補いたい」といったSESのご要望まで、課題やフェーズに応じて幅広く対応しています。

着手コストが膨らむ前に整理を。
ご興味があれば、このフォームにご返信ください。

株式会社Lei Hau'oli
（tel）050-5497-3411
（mail）ml.account-sales@leihauoli.com","356","88","83","81","92","合成","0","- モード: 合成 - 部品ごとの採用元: ①件名=opener（「約」を補い §4 表現に整合させる微修正） ②宛名＋冒頭2行=opener ③課題提示=opener＋replier（「同じ内製チームで並走させると負荷は平準化できません」） ④自社紹介＋USP=opener（USPを「大手BtoC直請けの品質基準」＋「1名からチーム単位」に凝縮） ⑤FAB+E＋実績=closer（採用に数か月か","修正パス(2026-09-18)"
"2026-09-12T18:28:32+09:00","株式会社会議室コンシェルジュ","開発部","ご担当者","【0→1からSESまで】レンタルスペース・不動産SaaSの管理画面バックログ対応のご相談","開発部 ご担当者様

レンタルスペース・不動産SaaSの管理画面を複数抱え、バックログ対応が後回しになっていませんか。

私たち株式会社レイハウオリは、Web領域を中心に、ITリソースや専門人材が不足しているお客様を支援しています。
社内には、エンジニア・デザイナー・ディレクター・PMなど、各分野のエキスパートが在籍しています。
「何を作ればいいのかわからない」「IT周りをまとめて任せたい」といった0→1のご相談から、「社員の退職に伴うリソース不足を補いたい」といったSESのご要望まで、課題やフェーズに応じて幅広く対応しています。

バックログは積むほど改修コストが膨らみます。

ご興味があれば本フォームにご返信ください。

株式会社Lei Hau'oli
（tel）050-5497-3411
（mail）ml.account-sales@leihauoli.com","372","80","83","77","91","合成","0","- モード: 合成 - 部品ごとの採用元: ①件名=opener（要素を圧縮）②宛名=replier（A3準拠）③冒頭2行・課題提示=replier ④自社紹介＋USP=closer ⑤FAB+E＋実績=closer＋replier ⑥なぜ今=closer（コスト膨張）＋opener（受け入れ負荷）⑦CTA=replier ⑧署名=opener - opener: 件名の業種名指しと課題当て込みが","修正パス(2026-09-18)"
"2026-09-12T18:29:58+09:00","株式会社エムキューブ","開発部","ご担当者","【エムキューブ様｜UI改修バックログ】15分の情報交換で体制整備","開発部 ご担当者様

管理画面やダッシュボードへの機能追加要望が続き、フロントエンドの改修がバックログに積み上がっていませんか。

私たち株式会社レイハウオリは、Web領域を中心に、ITリソースや専門人材が不足しているお客様を支援しています。
社内には、エンジニア・デザイナー・ディレクター・PMなど、各分野のエキスパートが在籍しています。
「何を作ればいいのかわからない」「IT周りをまとめて任せたい」といった0→1のご相談から、「社員の退職に伴うリソース不足を補いたい」といったSESのご要望まで、課題やフェーズに応じて幅広く対応しています。

期末前に体制を整えるのが得策です。

ご興味があれば、このフォームにご返信ください。

株式会社Lei Hau'oli
（tel）050-5497-3411
（mail）ml.account-sales@leihauoli.com","374","71","81","83","90","合成","0","- モード: 合成 - 部品ごとの採用元: ①件名=closer（社名＋「40名」を残し冗長部を圧縮） ②宛名＋冒頭2行=replier ③パーソナライズ／課題提示=replier＋closer（「複数プロダクトの大規模UIを内製で抱える」） ④自社紹介＋USP=closer（誇張表現を除去） ⑤FAB+E＋実績=closer＋replier（設立18年・約40名・美容予約サービス／中途採用短縮）","修正パス(2026-09-18)"
"2026-09-12T18:28:00+09:00","株式会社ADO","情報システム部","ご担当者","【沖縄の医療機器メーカー様へ】0→1の相談からSES活用まで支援","情報システム部 ご担当者様

製品サイトや社内システムのWeb化を進めたくても、専任者が社内におらず外注先ごとに品質がばらつくのではないでしょうか。

私たち株式会社レイハウオリは、Web領域を中心に、ITリソースや専門人材が不足しているお客様を支援しています。
社内には、エンジニア・デザイナー・ディレクター・PMなど、各分野のエキスパートが在籍しています。
「何を作ればいいのかわからない」「IT周りをまとめて任せたい」といった0→1のご相談から、「社員の退職に伴うリソース不足を補いたい」といったSESのご要望まで、課題やフェーズに応じて幅広く対応しています。

対応が遅れるほど負債は積み上がります。ご興味があれば、ご返信ください。

株式会社Lei Hau'oli
（tel）050-5497-3411
（mail）ml.account-sales@leihauoli.com","379","76","80","87","89","合成","0","- モード: 合成 - 部品ごとの採用元: ①件名=closer（短縮） ②宛名＋冒頭=closer ③パーソナライズ／課題提示=replier ④自社紹介＋USP=closer ⑤FAB+E＋実績=closer＋replier ⑥なぜ今=closer ⑦CTA=replier（低ハードル返信）＋closerの15分 ⑧署名=共通 - opener: 課題の言い当ては的確で本文329字と余裕がある","修正パス(2026-09-18)"
"2026-09-12T18:30:01+09:00","株式会社エムシーエス","開発部","ご担当者","【複数プロダクト×UI刷新】0→1の相談から常駐まで、リソース不足を解消","開発部 ご担当者様

複数プロダクトのレガシー刷新と新機能開発を並走させると、リソース不足に陥りがちです。

私たち株式会社レイハウオリは、Web領域を中心に、ITリソースや専門人材が不足しているお客様を支援しています。
社内には、エンジニア・デザイナー・ディレクター・PMなど、各分野のエキスパートが在籍しています。
「何を作ればいいのかわからない」「IT周りをまとめて任せたい」といった0→1のご相談から、「社員の退職に伴うリソース不足を補いたい」といったSESのご要望まで、課題やフェーズに応じて幅広く対応しています。

下期の計画を固める前の今が好機です。ご興味があれば、ご返信ください。

株式会社Lei Hau'oli
（tel）050-5497-3411
（mail）ml.account-sales@leihauoli.com","357","76","83","84","91","合成","0","- モード: 合成 - 部品ごとの採用元: ①件名=opener（数字の係り先を§4準拠に修正のうえ採用） ②宛名＋冒頭2行=replier ③パーソナライズ／課題提示=replier ④自社紹介＋USP=closer ⑤FAB+E＋実績=closer ⑥なぜ今=replier ⑦CTA=replier（返信1択）＋closer（15分の使途明示） ⑧署名=共通 - opener: 件名の課題ワー","修正パス(2026-09-18)"
"2026-09-12T18:30:26+09:00","株式会社オーサムエージェント","開発部","ご担当者","【開発体制のご相談】0→1から繁忙期の増員まで対応","開発部 ご担当者様

複数プロダクトを内製運営しながら、受託案件の波で開発リソースが読みにくい状況はありませんか。

私たち株式会社レイハウオリは、Web領域を中心に、ITリソースや専門人材が不足しているお客様を支援しています。
社内には、エンジニア・デザイナー・ディレクター・PMなど、各分野のエキスパートが在籍しています。
「何を作ればいいのかわからない」「IT周りをまとめて任せたい」といった0→1のご相談から、「社員の退職に伴うリソース不足を補いたい」といったSESのご要望まで、課題やフェーズに応じて幅広く対応しています。

繁忙期前の今、確保ルートを整えることが重要です。ご興味があれば、ご返信ください。

株式会社Lei Hau'oli
（tel）050-5497-3411
（mail）ml.account-sales@leihauoli.com","367","74","89","86","92","合成","0","- モード: 合成 - 部品ごとの採用元: ①件名=replier ②宛名＋冒頭2行=opener ③パーソナライズ／課題提示=replier（業態への当て込み）④自社紹介＋USP=closer ⑤FAB+E＋実績=closer ⑥なぜ今=closer ⑦CTA=replier ⑧署名=opener/closer - opener: 冒頭1文で「複数プロダクト×受託の波」を言い当てる掴みが3案中最","修正パス(2026-09-18)"
"2026-09-12T18:24:29+09:00","株式会社フェイス","開発部","ご担当者","【フロントエンド増員】15分で並走支援のご相談","開発部 ご担当者様

複数プロダクトのUI改修と新機能開発を内製で並走させる中、フロントエンドの手が足りないという声はないでしょうか。

私たち株式会社レイハウオリは、Web領域を中心に、ITリソースや専門人材が不足しているお客様を支援しています。
社内には、エンジニア・デザイナー・ディレクター・PMなど、各分野のエキスパートが在籍しています。
「何を作ればいいのかわからない」「IT周りをまとめて任せたい」といった0→1のご相談から、「社員の退職に伴うリソース不足を補いたい」といったSESのご要望まで、課題やフェーズに応じて幅広く対応しています。

負荷が積み上がるほど、対応工数は増え続けます。15分ほど、オンラインでお話しできませんか。

株式会社Lei Hau'oli
（tel）050-5497-3411
（mail）ml.account-sales@leihauoli.com","382","71","86","84","91","合成","0","- モード: 合成 - 部品ごとの採用元: ①件名=replier ②宛名＋冒頭2行=replier ③パーソナライズ／課題提示=replier ④自社紹介＋USP=replier（設立18年）＋closer（直請け現場の開発フロー・品質基準） ⑤FAB+E＋実績=closer ⑥なぜ今=replier（負荷の積み上がり）＋closer（UI改修停滞＝機会損失）を1文に統合 ⑦CTA=closer","修正パス(2026-09-18)"
"2026-09-12T18:31:27+09:00","株式会社シェアリング・ビューティー","開発部","ご担当者","【0→1から伴走】専門人材体制のご案内","開発部 ご担当者様

美容サロン向けサービスを複数運営される貴社の体制を拝見し、ご連絡しました。

私たち株式会社レイハウオリは、Web領域を中心に、ITリソースや専門人材が不足しているお客様を支援しています。
社内には、エンジニア・デザイナー・ディレクター・PMなど、各分野のエキスパートが在籍しています。
「何を作ればいいのかわからない」「IT周りをまとめて任せたい」といった0→1のご相談から、「社員の退職に伴うリソース不足を補いたい」といったSESのご要望まで、課題やフェーズに応じて幅広く対応しています。

体制構築は着手が早いほど選択肢が広がります。

ご興味があれば、このフォームにご返信ください。

株式会社Lei Hau'oli
（tel）050-5497-3411
（mail）ml.account-sales@leihauoli.com","363","83","81","88","94","合成","0","- モード: 合成 - 部品ごとの採用元: ①件名=closer（【1名から常駐】の短く具体的なタグ）＋opener（「約40名」の数字を追記） ②宛名＋冒頭2行=opener ③パーソナライズ／課題提示=opener＋closer ④自社紹介＋USP=closer ⑤FAB+E＋実績=closer（Feature語彙はopener/replierのReact・Vue・Next.jsを採用） ⑥な","修正パス(2026-09-18)"
"2026-09-12T18:35:08+09:00","Shopify Japan株式会社","開発部","ご担当者","【UI改修とレガシー刷新の並走に】0→1のご相談から幅広く対応","開発部 ご担当者様

複数プロダクトのUIを抱えながら、レガシー刷新と新機能開発の並走は負荷が大きいのではないでしょうか。

私たち株式会社レイハウオリは、Web領域を中心に、ITリソースや専門人材が不足しているお客様を支援しています。
社内には、エンジニア・デザイナー・ディレクター・PMなど、各分野のエキスパートが在籍しています。
「何を作ればいいのかわからない」「IT周りをまとめて任せたい」といった0→1のご相談から、「社員の退職に伴うリソース不足を補いたい」といったSESのご要望まで、課題やフェーズに応じて幅広く対応しています。

並走の負荷は待つほど積み上がります。ご興味があれば、ご返信ください。

株式会社Lei Hau'oli
（tel）050-5497-3411
（mail）ml.account-sales@leihauoli.com","365","85","84","86","93","合成","0","- モード: 合成 - 部品ごとの採用元: ①件名=opener（表現を1語圧縮） ②宛名＋冒頭2行=replier ③課題提示=replier ④自社紹介＋USP=closer ⑤FAB+E＋実績=closer（Feature/Evidence）＋replier（Benefit） ⑥なぜ今=replier ⑦CTA=replier（低ハードル返信）＋closer（15分の商談接続） ⑧署名=共通","修正パス(2026-09-18)"
"2026-09-12T18:32:21+09:00","株式会社ロジレス","開発部","ご担当者","【0→1開発から相談可】複数プロダクト運営のロジレス様へ、必要な体制をご提案","開発部 ご担当者様

複数のプロダクトを内製チームで運営される貴社では、フロントエンドの人手が不足しがちではないでしょうか。

私たち株式会社レイハウオリは、Web領域を中心に、ITリソースや専門人材が不足しているお客様を支援しています。
社内には、エンジニア・デザイナー・ディレクター・PMなど、各分野のエキスパートが在籍しています。
「何を作ればいいのかわからない」「IT周りをまとめて任せたい」といった0→1のご相談から、「社員の退職に伴うリソース不足を補いたい」といったSESのご要望まで、課題やフェーズに応じて幅広く対応しています。

下期の開発計画を固める今が好機です。

ご興味があれば、このフォームにご返信ください。

株式会社Lei Hau'oli
（tel）050-5497-3411
（mail）ml.account-sales@leihauoli.com","373","81","88","77","94","合成","0","- モード: **合成** - 部品ごとの採用元: ①件名=replier ②宛名＋冒頭=replier ③課題提示=replier ④自社紹介＋USP=closer＋SKILL§4のUSP一言を復元 ⑤FAB+E=replier/closer統合 ⑥なぜ今=closer「下期の開発計画」＋replier「刷新が遠のく」を合成 ⑦CTA=replier「6文字返信」 ⑧署名=共通 - opener","修正パス(2026-09-18)"
"2026-09-12T18:36:24+09:00","エースチャイルド株式会社","開発部","ご担当者","【複数プロダクト運営企業向け】0→1からSESまで、15分で体制をご説明","開発部 ご担当者様

スマホアプリと複数のWebサービスを内製運営される中、フロントエンドの人員が不足していないでしょうか。

私たち株式会社レイハウオリは、Web領域を中心に、ITリソースや専門人材が不足しているお客様を支援しています。
社内には、エンジニア・デザイナー・ディレクター・PMなど、各分野のエキスパートが在籍しています。
「何を作ればいいのかわからない」「IT周りをまとめて任せたい」といった0→1のご相談から、「社員の退職に伴うリソース不足を補いたい」といったSESのご要望まで、課題やフェーズに応じて幅広く対応しています。

このままでは次の案件でも機会を逃しかねません。

ご興味があれば、このフォームにご返信ください。

株式会社Lei Hau'oli
（tel）050-5497-3411
（mail）ml.account-sales@leihauoli.com","378","79","83","84","91","合成","0","- モード: 合成 - 部品ごとの採用元: ①件名=opener ②宛名＋冒頭=closer ③パーソナライズ／課題提示=replier（クライアント案件の供給不足の一文） ④自社紹介＋USP=closer ⑤FAB+E＋実績=closer＋opener（開発フロー持ち込み→負荷を上げずに並走） ⑥なぜ今=replier（機会損失文） ⑦CTA=replier（一言返信）＋closerの15分を1","修正パス(2026-09-18)"
"2026-09-12T18:35:29+09:00","株式会社Nextremer","開発部","ご担当者","【複数プロダクトのUI改修】0→1のご相談からSESまで幅広く対応","開発部 ご担当者様

複数のWebサービスを内製で運営され、UI改修・新機能追加の要望は絶えない状況と拝察します。

私たち株式会社レイハウオリは、Web領域を中心に、ITリソースや専門人材が不足しているお客様を支援しています。
社内には、エンジニア・デザイナー・ディレクター・PMなど、各分野のエキスパートが在籍しています。
「何を作ればいいのかわからない」「IT周りをまとめて任せたい」といった0→1のご相談から、「社員の退職に伴うリソース不足を補いたい」といったSESのご要望まで、課題やフェーズに応じて幅広く対応しています。

並走が続くほど工数は積み上がるため、着手は早いほど有利です。

ご興味があれば、本メールにご返信ください。

株式会社Lei Hau'oli
（tel）050-5497-3411
（mail）ml.account-sales@leihauoli.com","378","79","89","88","94","合成","0","- モード: 合成 - 部品ごとの採用元: ①件名=closer（簡潔で切れない／数字2つ） ②宛名＋冒頭=replier ③課題提示=replier ④自社紹介＋USP=closer ⑤FAB+E・実績=closer＋opener ⑥なぜ今=closer ⑦CTA=replier ⑧署名=共通 - opener: 冒頭の課題言語化と実績列挙は良質。ただし件名が48字超で受信箱で切れ、開封力を自ら","修正パス(2026-09-18)"
"2026-09-12T23:04:26+09:00","株式会社visumo","開発部","ご担当者","【visumo様】UI改修と新機能開発の並走、15分で整理しませんか","開発部 ご担当者様

複数プロダクトを内製で抱えながら、UI改修と新機能開発の依頼が同時に来ている状況ではないでしょうか。

私たち株式会社レイハウオリは、Web領域を中心に、ITリソースや専門人材が不足しているお客様を支援しています。
社内には、エンジニア・デザイナー・ディレクター・PMなど、各分野のエキスパートが在籍しています。
「何を作ればいいのかわからない」「IT周りをまとめて任せたい」といった0→1のご相談から、「社員の退職に伴うリソース不足を補いたい」といったSESのご要望まで、課題やフェーズに応じて幅広く対応しています。

着手が遅れるほど、開発速度は落ちていきます。

まず15分、状況を整理させてください。ご興味があれば、ご返信ください。

株式会社Lei Hau'oli
（tel）050-5497-3411
（mail）ml.account-sales@leihauoli.com","388","78","81","85","92","合成","0","- モード: 合成 - 部品ごとの採用元: ①件名=closer（社名【】＋15分）を短縮 ②宛名＋冒頭2行=replier ③課題提示=replier ④自社紹介＋USP=closer ⑤FAB+E＋実績=opener/closer ⑥なぜ今=opener（採用数か月）＋closer（着手遅延→速度低下） ⑦CTA=opener（返信一本）＋closer（論点提示） ⑧署名=共通 - opene","修正パス(2026-09-18)"
"2026-09-12T23:05:12+09:00","スタークス株式会社","開発部","ご担当者","【複数プロダクトのUI改修】0→1からSESまで、開発体制を柔軟に構築","開発部 ご担当者様

複数プロダクトを内製で抱え、UI改修と新機能開発でフロントエンドの手が足りない状況ではないでしょうか。

私たち株式会社レイハウオリは、Web領域を中心に、ITリソースや専門人材が不足しているお客様を支援しています。
社内には、エンジニア・デザイナー・ディレクター・PMなど、各分野のエキスパートが在籍しています。
「何を作ればいいのかわからない」「IT周りをまとめて任せたい」といった0→1のご相談から、「社員の退職に伴うリソース不足を補いたい」といったSESのご要望まで、課題やフェーズに応じて幅広く対応しています。

体制強化は早いほど来期計画への影響を抑えられます。ご興味があれば、このフォームにご返信ください。

株式会社Lei Hau'oli
（tel）050-5497-3411
（mail）ml.account-sales@leihauoli.com","380","85","82","77","90","合成","0","- モード: 合成 - 部品ごとの採用元: ①件名=opener（軸）＋replier（簡潔化）②宛名＋冒頭2行=replier ③パーソナライズ／課題提示=replier ④自社紹介＋USP=closer＋opener ⑤FAB+E＋実績=closer ⑥なぜ今=replier ⑦CTA=opener＋closer ⑧署名=replier - opener: 課題仮説を件名・冒頭に直結させた開封","修正パス(2026-09-18)"
"2026-09-12T23:06:05+09:00","株式会社エーアイセキュリティラボ","技術部","ご担当者","【0→1】セキュリティ製品の管理コンソールUI、開発止まっていませんか","技術部 ご担当者様

セキュリティ製品は検知精度と同じくらい、管理コンソールのUIが評価を左右します。

私たち株式会社レイハウオリは、Web領域を中心に、ITリソースや専門人材が不足しているお客様を支援しています。
社内には、エンジニア・デザイナー・ディレクター・PMなど、各分野のエキスパートが在籍しています。
「何を作ればいいのかわからない」「IT周りをまとめて任せたい」といった0→1のご相談から、「社員の退職に伴うリソース不足を補いたい」といったSESのご要望まで、課題やフェーズに応じて幅広く対応しています。

対応が遅れるほど、次のリリースでも同じ課題が再発します。ご興味があれば、ご返信ください。

株式会社Lei Hau'oli
（tel）050-5497-3411
（mail）ml.account-sales@leihauoli.com","365","82","87","76","92","合成","0","- モード: 合成 - 部品ごとの採用元: ①件名=replier ②宛名＋冒頭2行=replier ③課題提示=replier＋opener ④自社紹介＋USP=closer／opener ⑤FAB+E・実績=opener（美容予約サービス・設立年数・40名） ⑥なぜ今=replier ⑦CTA=replier（一言返信）＋closer（15分情報交換）を1本に統合 ⑧署名=共通 - opene","修正パス(2026-09-18)"
"2026-09-12T23:07:12+09:00","株式会社ネクイノ","開発部","ご担当者","【複数プロダクトの並走に】15分で体制補強のご相談","開発部 ご担当者様

複数プロダクトを内製で抱え、UI改修と新機能開発を同時に進めるのが難しい状況になりがちです。

私たち株式会社レイハウオリは、Web領域を中心に、ITリソースや専門人材が不足しているお客様を支援しています。
社内には、エンジニア・デザイナー・ディレクター・PMなど、各分野のエキスパートが在籍しています。
「何を作ればいいのかわからない」「IT周りをまとめて任せたい」といった0→1のご相談から、「社員の退職に伴うリソース不足を補いたい」といったSESのご要望まで、課題やフェーズに応じて幅広く対応しています。

年度後半は仕様確定が重なり、着手が遅れるほど不利になります。
ご興味があれば本メールにご返信ください。

株式会社Lei Hau'oli
（tel）050-5497-3411
（mail）ml.account-sales@leihauoli.com","377","81","84","84","93","合成","0","- モード: 合成 - 部品ごとの採用元: ①件名=opener（「複数プロダクト」＋数字2個）を短縮 ②宛名=共通 ③冒頭の課題提示=replier（担当者の口語で痛点を先出し） ④自社紹介＋USP=closer（「9割がフロントエンド専門」「直請け」） ⑤FAB+E=closer＋replier（採用リードタイム短縮のAdvantageはreplierから補填） ⑥不適の壁＝replier（医","修正パス(2026-09-18)"
"2026-09-12T23:08:25+09:00","株式会社エナーバンク","開発部","ご担当者","【複数プロダクトを1体制で】UI改修とレガシー刷新を両立","開発部 ご担当者様

複数プロダクトのUI改修とレガシー刷新を同時に進める中、体制不足に悩んでいませんか。

私たち株式会社レイハウオリは、Web領域を中心に、ITリソースや専門人材が不足しているお客様を支援しています。
社内には、エンジニア・デザイナー・ディレクター・PMなど、各分野のエキスパートが在籍しています。
「何を作ればいいのかわからない」「IT周りをまとめて任せたい」といった0→1のご相談から、「社員の退職に伴うリソース不足を補いたい」といったSESのご要望まで、課題やフェーズに応じて幅広く対応しています。

刷新の着手が遅れるほどコストは膨らみます。

ご興味があれば、このフォームにご返信ください。

株式会社Lei Hau'oli
（tel）050-5497-3411
（mail）ml.account-sales@leihauoli.com","367","80","82","79","91","合成","0","- モード: 合成 - 部品ごとの採用元: ①件名=replier（+課題語を追記して補強） ②宛名＋冒頭2行=replier ③課題提示=replier ④自社紹介＋USP=closer ⑤FAB+E＋実績=closer ⑥なぜ今=closer ⑦CTA=replier ⑧署名=opener/closer - opener: 課題仮説の固有ワードを件名冒頭に並べた点は強いが、件名が長く受信箱で末","修正パス(2026-09-18)"
"2026-09-12T23:06:28+09:00","株式会社ZAICO","開発部","ご担当者","【複数プロダクトの管理画面改修】15分でバックログの状況を整理","開発部 ご担当者様

私たち株式会社レイハウオリは、Web領域を中心に、ITリソースや専門人材が不足しているお客様を支援しています。
社内には、エンジニア・デザイナー・ディレクター・PMなど、各分野のエキスパートが在籍しています。
「何を作ればいいのかわからない」「IT周りをまとめて任せたい」といった0→1のご相談から、「社員の退職に伴うリソース不足を補いたい」といったSESのご要望まで、課題やフェーズに応じて幅広く対応しています。

複数プロダクトを内製で抱えると、レガシー刷新と新機能開発の並走で負荷が偏りがちです。

着手が遅れるほど、対応も後ろ倒しになります。

15分で状況を整理させてください。ご返信お待ちしています。

株式会社Lei Hau'oli
（tel）050-5497-3411
（mail）ml.account-sales@leihauoli.com","374","83","85","86","88","合成","0","- モード: 合成 - 部品ごとの採用元: ①件名=opener（課題ワード）+closer（USP数字）②宛名=共通／冒頭1文=closer（自社定義＋USPを1文で提示）③課題提示=replier ④自社紹介＝replier（2008年設立）⑤FAB+E=closer+opener（§4準拠に修正）⑥なぜ今=replier（着手遅延→次要望の後ろ倒し）⑦CTA=closer（15分）×repl","修正パス(2026-09-18)"
"2026-09-12T23:09:56+09:00","株式会社トリビュー","開発部","ご担当者","【管理画面・ダッシュボード改修待ち向け】15分で内製負荷平準化のご提案","開発部 ご担当者様

管理画面の機能追加が続き、レガシー刷新のバックログが後回しになっていませんか。

私たち株式会社レイハウオリは、Web領域を中心に、ITリソースや専門人材が不足しているお客様を支援しています。
社内には、エンジニア・デザイナー・ディレクター・PMなど、各分野のエキスパートが在籍しています。
「何を作ればいいのかわからない」「IT周りをまとめて任せたい」といった0→1のご相談から、「社員の退職に伴うリソース不足を補いたい」といったSESのご要望まで、課題やフェーズに応じて幅広く対応しています。

今対応しなければ負荷は来期に持ち越されます。

ご興味があれば、このメールにご返信ください。

株式会社Lei Hau'oli
（tel）050-5497-3411
（mail）ml.account-sales@leihauoli.com","364","79","82","70","87","合成","0","- モード: 合成 - 部品ごとの採用元: ①件名=opener ②宛名＋冒頭=opener ③パーソナライズ/課題提示=replier（「後回しになっていませんか」の言い換え）＋課題仮説の固有語 ④自社紹介＋USP=opener（USP一言）＋closer（設立年・人数の並べ方） ⑤FAB+E=closer（React・Vue・Next.js／SaaS管理画面・大規模UI／美容予約サービス） ⑥","修正パス(2026-09-18)"
"2026-09-12T23:09:49+09:00","ストライプジャパン株式会社","開発部","ご担当者","【SaaS管理画面向け】フロントエンド改修バックログを0→1の体制で解消","開発部 ご担当者様

複数プロダクトの管理画面は、機能追加のたびにフロントエンド改修がバックログ化しやすい領域です。

私たち株式会社レイハウオリは、Web領域を中心に、ITリソースや専門人材が不足しているお客様を支援しています。
社内には、エンジニア・デザイナー・ディレクター・PMなど、各分野のエキスパートが在籍しています。
「何を作ればいいのかわからない」「IT周りをまとめて任せたい」といった0→1のご相談から、「社員の退職に伴うリソース不足を補いたい」といったSESのご要望まで、課題やフェーズに応じて幅広く対応しています。

着手が遅れるほど、バックログは持ち越されます。

ご興味があれば、ご返信ください。

株式会社Lei Hau'oli
（tel）050-5497-3411
（mail）ml.account-sales@leihauoli.com","367","71","86","83","92","合成","0","- モード: 合成 - 部品ごとの採用元: ①件名=opener（「SaaS管理画面」＋「40名」＋「バックログ」で開発部宛てと0.5秒で分かる） ②宛名＋冒頭=opener/closer ③パーソナライズ・課題提示=replier ④USP=closer ⑤FAB+E・実績=closer（美容予約サービス＋設立年） ⑥なぜ今=replier（次の四半期への持ち越し） ⑦CTA=replier（「","修正パス(2026-09-18)"
"2026-09-12T23:10:22+09:00","メリットメディカル・ジャパン株式会社","情報システム部","ご担当者","【医療機器メーカー向け】専任者不在の課題、15分でご相談","情報システム部 ご担当者様

製品情報サイトや顧客向けポータルのWeb化に、専任者不在で対応しきれていないのではないでしょうか。

私たち株式会社レイハウオリは、Web領域を中心に、ITリソースや専門人材が不足しているお客様を支援しています。
社内には、エンジニア・デザイナー・ディレクター・PMなど、各分野のエキスパートが在籍しています。
「何を作ればいいのかわからない」「IT周りをまとめて任せたい」といった0→1のご相談から、「社員の退職に伴うリソース不足を補いたい」といったSESのご要望まで、課題やフェーズに応じて幅広く対応しています。

下期の体制を固める前に、15分のオンラインでお聞かせください。

株式会社Lei Hau'oli
（tel）050-5497-3411
（mail）ml.account-sales@leihauoli.com","365","80","80","80","90","合成","0","- モード: 合成 - 部品ごとの採用元: ①件名=opener（【医療機器メーカー向け】＋40名が最も「自社宛て」と分かる） ②宛名＋冒頭2行=opener ③課題提示=opener＋replier ④自社紹介＋USP=replier（「1名からチーム単位で供給」が最も一言で立つ） ⑤FAB+E＝closer（美容予約サービス＋大手BtoC直請けの品質基準） ⑥なぜ今=replier（「探してい","修正パス(2026-09-18)"
"2026-09-12T23:06:47+09:00","株式会社ACES","開発部","ご担当者","【まずは15分】レガシー刷新と新機能開発の並走をご支援","開発部 ご担当者様

複数プロダクトを内製で抱え、レガシー刷新と新機能開発の並走で人手が足りない状況はありませんか。

私たち株式会社レイハウオリは、Web領域を中心に、ITリソースや専門人材が不足しているお客様を支援しています。
社内には、エンジニア・デザイナー・ディレクター・PMなど、各分野のエキスパートが在籍しています。
「何を作ればいいのかわからない」「IT周りをまとめて任せたい」といった0→1のご相談から、「社員の退職に伴うリソース不足を補いたい」といったSESのご要望まで、課題やフェーズに応じて幅広く対応しています。

着手が遅れるほど、リリースが後ろ倒しになります。まずは15分、ご返信いただけますと幸いです。

株式会社Lei Hau'oli
（tel）050-5497-3411
（mail）ml.account-sales@leihauoli.com","374","83","79","80","88","合成","0","- モード: 合成 - 部品ごとの採用元: ①件名=opener（固有ワード）＋replier（「1名から」の数字）を再構成 ②宛名＋冒頭2行=opener ③パーソナライズ／課題提示=opener＋replier統合 ④自社紹介＋USP=opener ⑤FAB+E＋実績=opener ⑥なぜ今=replier（「着手が遅れるほど後ろ倒し」） ⑦CTA=opener（15分）＋replier（短文","修正パス(2026-09-18)"
"2026-09-12T23:13:31+09:00","株式会社ハッピーデザイン","開発部","ご担当者","【0→1】複数プロダクトのUI改修、フロントエンドの手が足りていますか","開発部 ご担当者様

複数のWebアプリ・サービスの運営で、UI改修対応の人手は足りていますか。

年度後半はUI改修が集中しやすい時期です。

私たち株式会社レイハウオリは、Web領域を中心に、ITリソースや専門人材が不足しているお客様を支援しています。
社内には、エンジニア・デザイナー・ディレクター・PMなど、各分野のエキスパートが在籍しています。
「何を作ればいいのかわからない」「IT周りをまとめて任せたい」といった0→1のご相談から、「社員の退職に伴うリソース不足を補いたい」といったSESのご要望まで、課題やフェーズに応じて幅広く対応しています。

ご興味があれば、このフォームにご返信ください。

株式会社Lei Hau'oli
（tel）050-5497-3411
（mail）ml.account-sales@leihauoli.com","362","76","82","75","86","合成","0","- モード: 合成（非失格は replier のみだが、失格2案は「創作箇所を除去すれば素材利用可」の規定に従い部品として使用） - 部品ごとの採用元: ①件名=replier（【約40名】の短さ）+opener（固有ワード「複数プロダクト」「UI改修」） ②宛名＋冒頭=replier ③課題提示=replier（openerの「並走」語を圧縮して統合） ④自社＋USP=replier（9割の誤用","修正パス(2026-09-18)"
"2026-09-12T23:12:18+09:00","株式会社図研プリサイト","開発部","ご担当者","【複数プロダクト並走の開発部様へ】UI改修とレガシー刷新、15分で体制の相談を","開発部 ご担当者様

複数プロダクトの大規模UIを内製で抱え、レガシー刷新と新機能開発の並走で手が足りていないのでは。

私たち株式会社レイハウオリは、Web領域を中心に、ITリソースや専門人材が不足しているお客様を支援しています。
社内には、エンジニア・デザイナー・ディレクター・PMなど、各分野のエキスパートが在籍しています。
「何を作ればいいのかわからない」「IT周りをまとめて任せたい」といった0→1のご相談から、「社員の退職に伴うリソース不足を補いたい」といったSESのご要望まで、課題やフェーズに応じて幅広く対応しています。

年度後半の計画見直しが進む今、負荷が積み上がる前に。

ご興味があれば、このフォームにご返信ください。

株式会社Lei Hau'oli
（tel）050-5497-3411
（mail）ml.account-sales@leihauoli.com","378","78","73","79","87","合成","0","- モード: 合成 - 部品ごとの採用元: ①件名=opener（短縮・課題ワード前置） ②宛名＋冒頭=closer（「複数プロダクトの大規模UIを内製で抱え」が最も具体） ③課題提示=closer ④自社紹介＋USP=closer（「フロントエンド特化」「1名からチーム単位」を言い切り） ⑤FAB+E＋実績=closer＋opener ⑥なぜ今=opener（年度後半の計画見直し）＋closer","修正パス(2026-09-18)"
"2026-09-12T23:10:12+09:00","ウイン・パートナーズ株式会社","情報システム部","ご担当者","【医療機器メーカーの情報システム部様へ】フロントエンド専任者ゼロで複数プロダクトを回す体制を0→1で構築","情報システム部 ご担当者様

製品情報サイトや顧客向けポータルを内製で抱えながら、フロントエンド専任者が不在ではないでしょうか。

私たち株式会社レイハウオリは、Web領域を中心に、ITリソースや専門人材が不足しているお客様を支援しています。
社内には、エンジニア・デザイナー・ディレクター・PMなど、各分野のエキスパートが在籍しています。
「何を作ればいいのかわからない」「IT周りをまとめて任せたい」といった0→1のご相談から、「社員の退職に伴うリソース不足を補いたい」といったSESのご要望まで、課題やフェーズに応じて幅広く対応しています。

下期の体制を決める今が検討の好機です。ご興味があれば、このフォームにご返信ください。

株式会社Lei Hau'oli
（tel）050-5497-3411
（mail）ml.account-sales@leihauoli.com","376","77","81","82","90","合成","0","- モード: 合成 - 部品ごとの採用元: ①件名=opener（業種＋部署の固有ワード）＋closer（「専任者ゼロ」USPワード） ②宛名＋冒頭=opener／closer ③パーソナライズ・課題提示=closer（3プロダクト列挙＋3課題の言い当て） ④自社紹介＋USP=closer ⑤FAB+E＋実績=closer＋replier（Benefit文はreplier系の「内製チームが専念」を","修正パス(2026-09-18)"
"2026-09-12T23:13:35+09:00","株式会社アーキベース","開発部","ご担当者","【0→1のご相談も】複数プロダクト並走の開発リソース不足に","開発部 ご担当者様

複数のWebサービスを内製で運営される御社では、開発リソースが不足する場面があるのではないでしょうか。

私たち株式会社レイハウオリは、Web領域を中心に、ITリソースや専門人材が不足しているお客様を支援しています。
社内には、エンジニア・デザイナー・ディレクター・PMなど、各分野のエキスパートが在籍しています。
「何を作ればいいのかわからない」「IT周りをまとめて任せたい」といった0→1のご相談から、「社員の退職に伴うリソース不足を補いたい」といったSESのご要望まで、課題やフェーズに応じて幅広く対応しています。

下期に入る前に、体制を整えることをおすすめします。

ご興味があれば、このフォームにご返信ください。

株式会社Lei Hau'oli
（tel）050-5497-3411
（mail）ml.account-sales@leihauoli.com","380","79","85","77","89","合成","0","- モード: 合成 - 部品ごとの採用元: ①件名=replier（短縮調整） ②宛名＋冒頭2行=replier ③課題提示=replier ④自社紹介＋USP=closer（USP一言「フロントエンド特化で1名からチーム単位まで」を移植、「他にはない」は誇張のため除去） ⑤FAB+E＋実績=replier＋closer（2008年設立／約40名／美容予約サービス／大手BtoC直請け） ⑥なぜ今=","修正パス(2026-09-18)"
"2026-09-12T23:15:08+09:00","株式会社LIGHTz","開発部","ご担当者","【0→1のご相談も】レガシー刷新と新機能、両方止めない体制のご提案","開発部 ご担当者様

レガシー刷新と新機能開発を並走させる中、体制の手薄さを感じていないでしょうか。

私たち株式会社レイハウオリは、Web領域を中心に、ITリソースや専門人材が不足しているお客様を支援しています。
社内には、エンジニア・デザイナー・ディレクター・PMなど、各分野のエキスパートが在籍しています。
「何を作ればいいのかわからない」「IT周りをまとめて任せたい」といった0→1のご相談から、「社員の退職に伴うリソース不足を補いたい」といったSESのご要望まで、課題やフェーズに応じて幅広く対応しています。

並走を続けるほど、どちらかの対応が遅れます。

ご興味があれば本メールにご返信ください。

株式会社Lei Hau'oli
（tel）050-5497-3411
（mail）ml.account-sales@leihauoli.com","362","83","83","75","86","合成","0","- モード: 合成 - 部品ごとの採用元: ①件名=replier（【】内に数字）＋opener（課題固有ワード「レガシー刷新／並走」）／②宛名・冒頭2行=replier（実感語への翻訳が最も刺さる）／③課題提示=replier／④自社紹介＋USP=opener（「フロントエンド特化で大手BtoC直請け経験者を1名から」）／⑤FAB+E=opener＋replier（Feature重複を圧縮）／⑥","修正パス(2026-09-18)"
"2026-09-12T23:13:40+09:00","株式会社Goals","開発部","ご担当者","【SaaS管理画面のバックログ解消】0→1のご相談から対応可能","開発部 ご担当者様

顧客要望による管理画面・ダッシュボードの機能追加が続き、レガシー刷新の着手が後回しになっていないでしょうか。

私たち株式会社レイハウオリは、Web領域を中心に、ITリソースや専門人材が不足しているお客様を支援しています。
社内には、エンジニア・デザイナー・ディレクター・PMなど、各分野のエキスパートが在籍しています。
「何を作ればいいのかわからない」「IT周りをまとめて任せたい」といった0→1のご相談から、「社員の退職に伴うリソース不足を補いたい」といったSESのご要望まで、課題やフェーズに応じて幅広く対応しています。

下期に向け、切り出せる改修の整理が重要です。

ご興味があれば、このフォームにご返信ください。

株式会社Lei Hau'oli
（tel）050-5497-3411
（mail）ml.account-sales@leihauoli.com","380","83","82","85","93","合成","0","- モード: 合成 - 部品ごとの採用元: ①件名=opener（数値を「約40名」に補正） ②宛名＝共通 ③課題提示=replier ④自社紹介＋USP=closer ⑤FAB+E=closer＋replier（技術スタック） ⑥なぜ今=closer ⑦CTA=replier ⑧署名=replier（簡潔版） - opener: 件名が【】前置き＋数字2つで転送耐性が高く、課題仮説の固有語を冒頭","修正パス(2026-09-18)"
"2026-09-12T23:16:31+09:00","株式会社Another works","開発部","ご担当者","【0→1からSESまで】UI改修とレガシー刷新の並走を支援します","開発部 ご担当者様

複数のWebサービスを内製で運営し、UI改修と新機能開発を並走させている貴社にご案内です。

私たち株式会社レイハウオリは、Web領域を中心に、ITリソースや専門人材が不足しているお客様を支援しています。
社内には、エンジニア・デザイナー・ディレクター・PMなど、各分野のエキスパートが在籍しています。
「何を作ればいいのかわからない」「IT周りをまとめて任せたい」といった0→1のご相談から、「社員の退職に伴うリソース不足を補いたい」といったSESのご要望まで、課題やフェーズに応じて幅広く対応しています。

採用には時間がかかり、着手が遅れるほど負荷は増えます。ご興味があれば、ご返信ください。

株式会社Lei Hau'oli
（tel）050-5497-3411
（mail）ml.account-sales@leihauoli.com","369","78","79","82","90","合成","0","- モード: 合成 - 部品ごとの採用元: ①件名=closer前半＋replier後半のハイブリッド ②宛名＋冒頭2行=opener ③パーソナライズ／課題提示=replier ④自社紹介＋USP=closer ⑤FAB+E＋実績=closer＋replier ⑥なぜ今=replier（採用リードタイム）＋closer（負荷の累積） ⑦CTA=replier（返信1本） ⑧署名=opener -","修正パス(2026-09-18)"
"2026-09-12T23:16:25+09:00","株式会社サイキンソー","情報システム部","ご担当者","【医療機器メーカー向け】0→1の相談からSESまで幅広く対応","情報システム部 ご担当者様

医療機器を手がける御社では、フロントエンド体制の不足や外注品質のばらつきに課題はないでしょうか。

放置すれば新機能開発が後回しになりかねません。

私たち株式会社レイハウオリは、Web領域を中心に、ITリソースや専門人材が不足しているお客様を支援しています。
社内には、エンジニア・デザイナー・ディレクター・PMなど、各分野のエキスパートが在籍しています。
「何を作ればいいのかわからない」「IT周りをまとめて任せたい」といった0→1のご相談から、「社員の退職に伴うリソース不足を補いたい」といったSESのご要望まで、課題やフェーズに応じて幅広く対応しています。

ご興味があれば、ご返信ください。

株式会社Lei Hau'oli
（tel）050-5497-3411
（mail）ml.account-sales@leihauoli.com","372","81","80","79","90","合成","0","- モード: 合成 - 部品ごとの採用元: ①件名=opener（語句のみ微修正） ②宛名＋冒頭=replier ③課題提示=replier ④USP=closer ⑤FAB+E＋実績=closer ⑥なぜ今=replier＋opener（「採用に数か月」） ⑦CTA=replier ⑧署名=opener - opener: 件名の「医療機器メーカー向け＋40名」が最も開封力が高い。一方CTAが「","修正パス(2026-09-18)"
"2026-09-12T23:16:55+09:00","株式会社ブッキングリゾート","開発部","ご担当者","【複数プロダクト並走に】0→1の相談からSESまで対応","開発部 ご担当者様

求人情報誌からWebサービスまで複数プロダクトを運営される中、リソース不足を感じていないでしょうか。

私たち株式会社レイハウオリは、Web領域を中心に、ITリソースや専門人材が不足しているお客様を支援しています。
社内には、エンジニア・デザイナー・ディレクター・PMなど、各分野のエキスパートが在籍しています。
「何を作ればいいのかわからない」「IT周りをまとめて任せたい」といった0→1のご相談から、「社員の退職に伴うリソース不足を補いたい」といったSESのご要望まで、課題やフェーズに応じて幅広く対応しています。

下期に向け、早めの着手が後の負担を減らします。ご興味があれば、ご返信ください。

株式会社Lei Hau'oli
（tel）050-5497-3411
（mail）ml.account-sales@leihauoli.com","370","80","86","82","94","合成","0","- モード: 合成 - 部品ごとの採用元: ①件名=replier（closerの「フロントエンド特化」を追加）②宛名＋冒頭2行=replier ③パーソナライズ／課題提示=replier ④自社紹介＋USP=closer ⑤FAB+E＋実績=closer＋opener（設立年・40名9割） ⑥なぜ今=replier「下期に要望が積み上がる」＋closer「後の刷新コストが膨らむ」を1文に統合 ⑦","修正パス(2026-09-18)"
"2026-09-12T23:17:42+09:00","株式会社アイ・ファクトリー","開発部","ご担当者","【アイ・ファクトリー様】0→1のご相談から、複数プロダクト運用の負荷分散まで","開発部 ご担当者様

Webアプリ・広告制作など複数事業を運営する御社では、機能追加の要望が積み上がっているかと存じます。

私たち株式会社レイハウオリは、Web領域を中心に、ITリソースや専門人材が不足しているお客様を支援しています。
社内には、エンジニア・デザイナー・ディレクター・PMなど、各分野のエキスパートが在籍しています。
「何を作ればいいのかわからない」「IT周りをまとめて任せたい」といった0→1のご相談から、「社員の退職に伴うリソース不足を補いたい」といったSESのご要望まで、課題やフェーズに応じて幅広く対応しています。

下期の機能追加が本格化する前に、必要な体制をご検討ください。

ご興味があれば、このフォームにご返信ください。

株式会社Lei Hau'oli
（tel）050-5497-3411
（mail）ml.account-sales@leihauoli.com","384","71","88","82","92","合成","0","- モード: 合成 - 部品ごとの採用元: ①件名=replier ②宛名＋冒頭=replier（業態列挙はopener/closerの固有ワードを吸収） ③課題提示=replier ④自社紹介＋USP=closer ⑤FAB+E＋実績=closer ⑥なぜ今=replier ⑦CTA=replier ⑧署名=共通 - opener: 件名に課題ワードを集中させた点は評価できるが、42字超で受信箱","修正パス(2026-09-18)"
"2026-09-12T23:20:50+09:00","カイテク株式会社","開発部","ご担当者","【開発リソース不足】0→1のご相談からSES活用まで、15分で情報交換","開発部 ご担当者様

複数プロダクトのUI改修と新機能開発の並走で、フロントエンド開発の負荷平準化に悩んでいませんか。

私たち株式会社レイハウオリは、Web領域を中心に、ITリソースや専門人材が不足しているお客様を支援しています。
社内には、エンジニア・デザイナー・ディレクター・PMなど、各分野のエキスパートが在籍しています。
「何を作ればいいのかわからない」「IT周りをまとめて任せたい」といった0→1のご相談から、「社員の退職に伴うリソース不足を補いたい」といったSESのご要望まで、課題やフェーズに応じて幅広く対応しています。

年度後半は改修要望が積み上がりやすい時期です。ご興味があれば、ご返信ください。

株式会社Lei Hau'oli
（tel）050-5497-3411
（mail）ml.account-sales@leihauoli.com","368","73","71","82","82","選抜","0","- モード: 選抜 - 失格でない案が closer 1案のみのため合成不可。closer案をそのまま採用し、手直しは行わない（字数余裕2字のため改変リスクが高く、現状で全条件を満たす）。 - opener: 件名の「複数プロダクト運営の開発部様向け」は自部署判定を一瞬でさせる最強の開封部品。ただし本文490字でA1違反、かつ自己申告が実測と100字近く乖離しており信用できない。 - replie","修正パス(2026-09-18)"
"2026-09-12T23:21:06+09:00","GMO Flatt Security株式会社","開発部","ご担当者","【管理画面改修バックログ】0→1からSESまで、専門人材で解消","開発部 ご担当者様

複数プロダクトを展開される御社では、フロントエンド改修がバックログに積み上がっていないでしょうか。

私たち株式会社レイハウオリは、Web領域を中心に、ITリソースや専門人材が不足しているお客様を支援しています。
社内には、エンジニア・デザイナー・ディレクター・PMなど、各分野のエキスパートが在籍しています。
「何を作ればいいのかわからない」「IT周りをまとめて任せたい」といった0→1のご相談から、「社員の退職に伴うリソース不足を補いたい」といったSESのご要望まで、課題やフェーズに応じて幅広く対応しています。

要望がさらに積み上がる前に、ご興味があればご返信ください。

株式会社Lei Hau'oli
（tel）050-5497-3411
（mail）ml.account-sales@leihauoli.com","359","81","81","85","91","合成","0","- モード: 合成 - 部品ごとの採用元: ①件名=opener（課題ワード先頭）×closer（USP＋数字）のハイブリッド ②宛名＋冒頭=replier（SaaS/ASP・複数プロダクトの具体） ③課題提示=replier ④自社紹介＋USP=closer ⑤FAB+E＋実績=closer（実績表記は§4の原文どおりに戻す） ⑥なぜ今=replier（要望が積み上がる前に）＋closerのコス","修正パス(2026-09-18)"
"2026-09-12T23:21:05+09:00","Inagora株式会社","開発部","ご担当者","【eコマースのUI改修・表示速度】15分のオンライン相談のご提案","開発部 ご担当者様

複数プロダクトの大規模UIを内製で抱え、フロントエンドの手が足りないと感じていらっしゃいませんか。

私たち株式会社レイハウオリは、Web領域を中心に、ITリソースや専門人材が不足しているお客様を支援しています。
社内には、エンジニア・デザイナー・ディレクター・PMなど、各分野のエキスパートが在籍しています。
「何を作ればいいのかわからない」「IT周りをまとめて任せたい」といった0→1のご相談から、「社員の退職に伴うリソース不足を補いたい」といったSESのご要望まで、課題やフェーズに応じて幅広く対応しています。

セール時期は表示速度が売上に直結します。

ご興味があれば、このフォームにご返信ください。

株式会社Lei Hau'oli
（tel）050-5497-3411
（mail）ml.account-sales@leihauoli.com","373","73","81","80","91","合成","0","- モード: 合成（有効案が replier / closer の2本のため） - 部品ごとの採用元: ①件名=closer骨格＋replierの「約40名」 ②宛名＋冒頭2行=replier ③パーソナライズ＝replier ④自社紹介＋USP=closer（「唯一の開発支援会社」は§3の根拠なき最上級表現のため削除し、§4のUSP文言「フロントエンド特化／大手BtoC直請け現場を経験／1名から","修正パス(2026-09-18)"
"2026-09-12T23:21:45+09:00","ケアミックス株式会社","開発部","ご担当者","【ケアミックス様｜開発リソース補強】0→1からSESまで対応","開発部 ご担当者様

機械レンタル・人材派遣など複数サービスを運営されるケアミックス様では、開発の人手不足を感じていませんか。

私たち株式会社レイハウオリは、Web領域を中心に、ITリソースや専門人材が不足しているお客様を支援しています。
社内には、エンジニア・デザイナー・ディレクター・PMなど、各分野のエキスパートが在籍しています。
「何を作ればいいのかわからない」「IT周りをまとめて任せたい」といった0→1のご相談から、「社員の退職に伴うリソース不足を補いたい」といったSESのご要望まで、課題やフェーズに応じて幅広く対応しています。

採用には数か月かかり、その間も遅れが積み上がります。

ご興味があれば、ご返信ください。

株式会社Lei Hau'oli
（tel）050-5497-3411
（mail）ml.account-sales@leihauoli.com","375","79","76","86","91","合成","0","- モード: 合成 - 部品ごとの採用元: ①件名=closer（社名＋40名）＋replier（「1名〜」の即応感を統合し短縮） ②宛名＋冒頭2行=closer ③パーソナライズ／課題提示=closer＋replier（「クライアント案件で要員を出しきれない」を追補） ④自社紹介＋USP=closer ⑤FAB+E＋実績=closer＋opener（React/Vue.jsのFeatureを補強","修正パス(2026-09-18)"
"2026-09-12T23:22:18+09:00","株式会社ユーエムイーネッツ","開発部","ご担当者","【eコマース・人材派遣向け】0→1の相談から始める表示速度改善","開発部 ご担当者様

御社ではeコマースと人材派遣、複数プロダクトの大規模UI刷新を進めていらっしゃると伺っております。

私たち株式会社レイハウオリは、Web領域を中心に、ITリソースや専門人材が不足しているお客様を支援しています。
社内には、エンジニア・デザイナー・ディレクター・PMなど、各分野のエキスパートが在籍しています。
「何を作ればいいのかわからない」「IT周りをまとめて任せたい」といった0→1のご相談から、「社員の退職に伴うリソース不足を補いたい」といったSESのご要望まで、課題やフェーズに応じて幅広く対応しています。

今のうちに体制を整えれば、遅延を防げます。ご興味があれば、このフォームにご返信ください。

株式会社Lei Hau'oli
（tel）050-5497-3411
（mail）ml.account-sales@leihauoli.com","374","83","84","84","92","合成","0","- モード: 合成 - 部品ごとの採用元: ①件名=opener ②宛名＋冒頭=replier ③課題提示=replier ④自社紹介＋USP=closer ⑤FAB+E＝closer（骨格）＋opener（「リリースを止めずに品質基準を持ち込む」の言い回し） ⑥なぜ今=closer ⑦CTA=replier（4文字返信）＋closer（15分）の折衷 ⑧署名=共通 - opener: 件名に業種","修正パス(2026-09-18)"
"2026-09-12T23:24:18+09:00","ネイロ株式会社","開発部","ご担当者","【0→1】ゲーム本体に集中できる体制をご提案","開発部 ご担当者様

ゲーム本体の開発にエンジニアを集中させたい一方、公式サイトや運営管理ツールの改修が後回しになっていませんか。

改修の先送りは、刷新コストが膨らみます。

私たち株式会社レイハウオリは、Web領域を中心に、ITリソースや専門人材が不足しているお客様を支援しています。
社内には、エンジニア・デザイナー・ディレクター・PMなど、各分野のエキスパートが在籍しています。
「何を作ればいいのかわからない」「IT周りをまとめて任せたい」といった0→1のご相談から、「社員の退職に伴うリソース不足を補いたい」といったSESのご要望まで、課題やフェーズに応じて幅広く対応しています。

ご興味があれば、このフォームにご返信ください。

株式会社Lei Hau'oli
（tel）050-5497-3411
（mail）ml.account-sales@leihauoli.com","378","76","85","83","90","合成","0","- モード: 合成 - 部品ごとの採用元: ①件名=replier の【1名から】型ハードル提示 ＋ opener/closer の「ゲーム本体に集中」訴求を接合 ②宛名＋冒頭2行=replier ③パーソナライズ／課題提示=replier（課題仮説を最も直撃） ④自社紹介＋USP=closer（「フロントエンド領域だけを切り出して任せられる」がUSPの言い切りとして最良） ⑤FAB+E=clos","修正パス(2026-09-18)"
"2026-09-12T23:23:51+09:00","株式会社グリーンウェイズ","開発部","ご担当者","【複数プロダクト運営企業向け】0→1からSESまで対応する開発支援","開発部 ご担当者様

複数プロダクトの内製開発で、レガシー刷新と新機能開発が同時に求められる状況かと存じます。

私たち株式会社レイハウオリは、Web領域を中心に、ITリソースや専門人材が不足しているお客様を支援しています。
社内には、エンジニア・デザイナー・ディレクター・PMなど、各分野のエキスパートが在籍しています。
「何を作ればいいのかわからない」「IT周りをまとめて任せたい」といった0→1のご相談から、「社員の退職に伴うリソース不足を補いたい」といったSESのご要望まで、課題やフェーズに応じて幅広く対応しています。

手が足りない期間が長引くほど、リリースの遅れが積み上がります。

ご興味があれば、このフォームにご返信ください。

株式会社Lei Hau'oli
（tel）050-5497-3411
（mail）ml.account-sales@leihauoli.com","379","84","80","84","91","合成","0","- モード: 合成 - 部品ごとの採用元: ①件名=opener ②宛名＋冒頭=closer形式＋replierの「同時に押し寄せ／どちらも手が回らない」表現 ③課題提示=replier ④自社紹介＋USP=opener（「品質基準ごと、1名からチーム単位」） ⑤FAB+E＋実績=closer ⑥なぜ今=replier（機会損失の累積）※openerの「年末に向け改修要望が増える」は§4に根拠がな","修正パス(2026-09-18)"
"2026-09-12T23:24:56+09:00","ラピードアクト株式会社","開発部","ご担当者","【0→1対応】複数プロダクト運営×受託開発、繁忙期の専門人材確保","開発部 ご担当者様

複数プロダクト運営と受託開発を並走させる中、繁忙期だけ専門人材を借りたいというお悩みをお持ちではないでしょうか。

私たち株式会社レイハウオリは、Web領域を中心に、ITリソースや専門人材が不足しているお客様を支援しています。
社内には、エンジニア・デザイナー・ディレクター・PMなど、各分野のエキスパートが在籍しています。
「何を作ればいいのかわからない」「IT周りをまとめて任せたい」といった0→1のご相談から、「社員の退職に伴うリソース不足を補いたい」といったSESのご要望まで、課題やフェーズに応じて幅広く対応しています。

繁忙期に備えるなら、体制決定は早いほど有利です。

ご興味があればご返信ください。

株式会社Lei Hau'oli
（tel）050-5497-3411
（mail）ml.account-sales@leihauoli.com","376","73","84","83","91","合成","0","- モード: 合成 - 部品ごとの採用元: ①件名=replier（+opener の「複数プロダクト×受託開発」ワードを圧縮して移植） ②宛名＋冒頭=replier ③パーソナライズ／課題提示=replier ④自社紹介＋USP=closer ⑤FAB+E＋実績=closer ⑥なぜ今=closer ⑦CTA=closer（論点指定つき15分情報交換に一本化） ⑧署名=共通 - opener: ","修正パス(2026-09-18)"
"2026-09-12T23:26:40+09:00","イチニ株式会社","開発部","ご担当者","【開発体制のご相談】0→1のご相談からSESまで幅広く対応","開発部 ご担当者様

複数プロダクトを内製で運用しながら、UI改修と新機能開発が重なると刷新が後回しになりがちです。

私たち株式会社レイハウオリは、Web領域を中心に、ITリソースや専門人材が不足しているお客様を支援しています。
社内には、エンジニア・デザイナー・ディレクター・PMなど、各分野のエキスパートが在籍しています。
「何を作ればいいのかわからない」「IT周りをまとめて任せたい」といった0→1のご相談から、「社員の退職に伴うリソース不足を補いたい」といったSESのご要望まで、課題やフェーズに応じて幅広く対応しています。

負荷の偏りは放置するほど遅延を招きます。ご興味があれば返信ください。

株式会社Lei Hau'oli
（tel）050-5497-3411
（mail）ml.account-sales@leihauoli.com","362","76","82","87","92","合成","0","- モード: 合成 - 部品ごとの採用元: ①件名=closer ②宛名=closer／冒頭2行=replier ③パーソナライズ=replier ④自社紹介＋USP=closer ⑤FAB+E＋実績=closer ⑥なぜ今=closer ⑦CTA=replier ⑧署名=closer（簡潔版） - opener: 件名に「複数プロダクト×UI改修が並走中」と相手固有ワードを置いた開封設計は3案で","修正パス(2026-09-18)"
"2026-09-12T23:26:24+09:00","株式会社ZENKIGEN","開発部","ご担当者","【複数プロダクトのUI刷新・機能追加向け】0→1のご相談から伴走支援","開発部 ご担当者様

複数プロダクトの大規模UIを内製で抱え、刷新と新機能開発の負荷分散に悩まれていないでしょうか。

私たち株式会社レイハウオリは、Web領域を中心に、ITリソースや専門人材が不足しているお客様を支援しています。
社内には、エンジニア・デザイナー・ディレクター・PMなど、各分野のエキスパートが在籍しています。
「何を作ればいいのかわからない」「IT周りをまとめて任せたい」といった0→1のご相談から、「社員の退職に伴うリソース不足を補いたい」といったSESのご要望まで、課題やフェーズに応じて幅広く対応しています。

UI改修の要望が積み上がるほど機会損失は大きくなります。

ご興味があれば本フォームへご返信ください。

株式会社Lei Hau'oli
（tel）050-5497-3411
（mail）ml.account-sales@leihauoli.com","377","80","71","84","91","合成","0","- モード: 合成 - 部品ごとの採用元: ①件名=opener ②宛名＋冒頭=closer ③課題提示=closer ④自社紹介＋USP=closer ⑤FAB+E・実績=opener＋closer（Feature語彙はopener、実績はcloser） ⑥なぜ今=closer ⑦CTA=closer（15分）×replier（返信一本化の発想） ⑧署名=opener - opener: 件名に","修正パス(2026-09-18)"
"2026-09-12T23:27:08+09:00","株式会社Lime","開発部","ご担当者","【求人媒体・フィットネス運営企業様へ】複数プロダクトの開発体制を15分で整理","開発部 ご担当者様

求人媒体・フィットネスなど複数プロダクトを内製運営される中、開発リソースが不足しているのではと拝察しました。

私たち株式会社レイハウオリは、Web領域を中心に、ITリソースや専門人材が不足しているお客様を支援しています。
社内には、エンジニア・デザイナー・ディレクター・PMなど、各分野のエキスパートが在籍しています。
「何を作ればいいのかわからない」「IT周りをまとめて任せたい」といった0→1のご相談から、「社員の退職に伴うリソース不足を補いたい」といったSESのご要望まで、課題やフェーズに応じて幅広く対応しています。

年度後半の要望増前に体制整備が来期速度を左右します。

ご興味があれば、ご返信ください。

株式会社Lei Hau'oli
（tel）050-5497-3411
（mail）ml.account-sales@leihauoli.com","377","82","84","82","91","合成","0","- モード: 合成 - 部品ごとの採用元: ①件名=opener（【】内の宛先指定）＋closer（USP語）で再構成 ②宛名＋冒頭2行=closer ③課題提示=closer ④自社紹介＋USP=closer ⑤FAB+E＋実績=closer ⑥なぜ今=replier（損失構図）＋closer（時期） ⑦CTA=closer（15分＋返信一本化）／replierの低ハードル性を「返信でご都合を」","修正パス(2026-09-18)"
"2026-09-12T23:28:13+09:00","株式会社アクリート","開発部","ご担当者","【UI改修・刷新】複数プロダクト並走の負荷、15分でご相談を","開発部 ご担当者様

複数プロダクトの刷新と新機能開発の並走で、フロントエンドの体制が不足していませんか。

私たち株式会社レイハウオリは、Web領域を中心に、ITリソースや専門人材が不足しているお客様を支援しています。
社内には、エンジニア・デザイナー・ディレクター・PMなど、各分野のエキスパートが在籍しています。
「何を作ればいいのかわからない」「IT周りをまとめて任せたい」といった0→1のご相談から、「社員の退職に伴うリソース不足を補いたい」といったSESのご要望まで、課題やフェーズに応じて幅広く対応しています。

下期に負荷が高まる前に、体制整備をおすすめします。ご興味があれば、ご返信ください。

株式会社Lei Hau'oli
（tel）050-5497-3411
（mail）ml.account-sales@leihauoli.com","364","72","79","78","89","合成","0","- モード: 合成 - 部品ごとの採用元: ①件名=replier（【】＋数字を短く前置）+opener（「複数プロダクト」ワード）②宛名＋冒頭2行=opener ③課題提示=opener/replier ④自社紹介＋USP=replier ⑤FAB+E＝closer/replier ⑥なぜ今=replier（下期の負荷急増）⑦CTA=replier（6文字返信）＋closerの「15分」⑧署名=","修正パス(2026-09-18)"
"2026-09-12T23:25:12+09:00","株式会社スピークバディ","開発部","ご担当者","【0→1のご相談からSESまで】管理画面改修のバックログ、ご支援します","開発部 ご担当者様

管理画面・ダッシュボードの改修がバックログに積み上がっていないでしょうか。

私たち株式会社レイハウオリは、Web領域を中心に、ITリソースや専門人材が不足しているお客様を支援しています。
社内には、エンジニア・デザイナー・ディレクター・PMなど、各分野のエキスパートが在籍しています。
「何を作ればいいのかわからない」「IT周りをまとめて任せたい」といった0→1のご相談から、「社員の退職に伴うリソース不足を補いたい」といったSESのご要望まで、課題やフェーズに応じて幅広く対応しています。

バックログは積むほど改修コストが膨らみます。

ご興味があれば、このメールにご返信ください。

株式会社Lei Hau'oli
（tel）050-5497-3411
（mail）ml.account-sales@leihauoli.com","362","77","85","86","91","合成","0","- モード: 合成 - 部品ごとの採用元: ①件名=closer ②宛名=共通 ③冒頭2行・課題提示=replier ④USP＝closer ⑤実績＋FAB=replier（40名の9割／SaaS領域実績）＋closer（2008年設立／コア開発集中） ⑥なぜ今=replier（中途採用に数か月）＋closer（積むほどコスト膨張） ⑦CTA=closer（方針決定者との15分）＋replier（","修正パス(2026-09-18)"
"2026-09-12T23:29:18+09:00","Global Mobility Service株式会社","開発部","ご担当者","【0→1】管理画面の改修バックログを解消する15分","開発部 ご担当者様

貴社では管理画面の機能追加が続き、フロントエンド改修がバックログに積み上がっていませんか。

私たち株式会社レイハウオリは、Web領域を中心に、ITリソースや専門人材が不足しているお客様を支援しています。
社内には、エンジニア・デザイナー・ディレクター・PMなど、各分野のエキスパートが在籍しています。
「何を作ればいいのかわからない」「IT周りをまとめて任せたい」といった0→1のご相談から、「社員の退職に伴うリソース不足を補いたい」といったSESのご要望まで、課題やフェーズに応じて幅広く対応しています。

下期に向け負荷が積み上がる前に、進め方を15分で整理させてください。

ご興味があれば、このフォームにご返信ください。

株式会社Lei Hau'oli
（tel）050-5497-3411
（mail）ml.account-sales@leihauoli.com","383","80","79","88","94","合成","0","- モード: 合成 - 部品ごとの採用元: ①件名=closer（簡潔・数字が【】内）に opener/replier の「管理画面／バックログ」課題ワードを接合 ②宛名＋冒頭=opener ③パーソナライズ／課題提示=opener ④自社紹介＋USP=closer ⑤FAB+E＋実績=closer（Feature列挙は字数都合で圧縮） ⑥なぜ今=replier（「下期に向け積み上がる前に」） ⑦","修正パス(2026-09-18)"
"2026-09-12T23:28:13+09:00","株式会社アイテックジャパン","技術部","ご担当者","【セキュリティ製品の管理コンソールUI】0→1から伴走する専門人材のご案内","技術部 ご担当者様

貴社の管理コンソールやダッシュボードは、UI品質がそのまま製品評価に直結します。

私たち株式会社レイハウオリは、Web領域を中心に、ITリソースや専門人材が不足しているお客様を支援しています。
社内には、エンジニア・デザイナー・ディレクター・PMなど、各分野のエキスパートが在籍しています。
「何を作ればいいのかわからない」「IT周りをまとめて任せたい」といった0→1のご相談から、「社員の退職に伴うリソース不足を補いたい」といったSESのご要望まで、課題やフェーズに応じて幅広く対応しています。

体制の見直しは早いほど機会損失を防げます。

ご興味があれば、このフォームにご返信ください。

株式会社Lei Hau'oli
（tel）050-5497-3411
（mail）ml.account-sales@leihauoli.com","365","77","79","81","89","合成","0","- モード: 合成 - 部品ごとの採用元: ①件名=opener（業種固有ワード）＋replier（短さ・数字2つ）②宛名＝共通 ③冒頭・課題提示=closer（UI品質＝製品評価の直結を明言）④自社紹介＋USP=closer＋opener（設立年・40名） ⑤FAB+E＋実績=closer（美容予約サービス） ⑥なぜ今=replier（時間軸の機会損失） ⑦CTA=replier（「相談希望」4","修正パス(2026-09-18)"
"2026-09-12T23:30:43+09:00","株式会社リアルミー","開発部","ご担当者","【0→1相談OK】求人媒体のUI改修と新機能開発、両方止めていませんか","開発部 ご担当者様

求人媒体の運営中、複数プロダクトの大規模UIを内製で抱えておられるかと存じます。

私たち株式会社レイハウオリは、Web領域を中心に、ITリソースや専門人材が不足しているお客様を支援しています。
社内には、エンジニア・デザイナー・ディレクター・PMなど、各分野のエキスパートが在籍しています。
「何を作ればいいのかわからない」「IT周りをまとめて任せたい」といった0→1のご相談から、「社員の退職に伴うリソース不足を補いたい」といったSESのご要望まで、課題やフェーズに応じて幅広く対応しています。

改修の停滞は求職者・企業の離脱に直結します。負荷の高い今こそ体制強化をおすすめします。

ご興味があれば、このフォームにご返信ください。

株式会社Lei Hau'oli
（tel）050-5497-3411
（mail）ml.account-sales@leihauoli.com","387","82","84","80","91","合成","0","- モード: 合成 - 部品ごとの採用元: ①件名=replier骨格＋opener固有ワード「求人媒体」 ②宛名＋冒頭2行=replier ③パーソナライズ／課題提示=replier ④自社紹介＋USP=closer ⑤FAB+E＋実績=closer（Featureは字数調整のためTypeScript記載を削除） ⑥なぜ今=opener ⑦CTA=closer（15分の中身）＋replier（一","修正パス(2026-09-18)"
"2026-09-12T23:31:01+09:00","株式会社400F","開発部","ご担当者","【0→1対応】複数プロダクトの開発、専門人材で体制強化","開発部 ご担当者様

複数プロダクトのUI改修と新機能開発が並走し、レガシー刷新まで手が回らない――そんな状況ではないでしょうか。

私たち株式会社レイハウオリは、Web領域を中心に、ITリソースや専門人材が不足しているお客様を支援しています。
社内には、エンジニア・デザイナー・ディレクター・PMなど、各分野のエキスパートが在籍しています。
「何を作ればいいのかわからない」「IT周りをまとめて任せたい」といった0→1のご相談から、「社員の退職に伴うリソース不足を補いたい」といったSESのご要望まで、課題やフェーズに応じて幅広く対応しています。

下期の改修が本格化する前に、体制を整える価値があります。

ご興味があればご返信ください。

株式会社Lei Hau'oli
（tel）050-5497-3411
（mail）ml.account-sales@leihauoli.com","378","67","84","84","91","合成","0","- モード: 合成 - 部品ごとの採用元: ①件名=replier（opener の「複数プロダクト」固有ワードを移植）②宛名＋冒頭2行=closer ③課題提示=closer ④自社紹介＋USP=closer ⑤FAB+E＋実績=closer（設立年は replier の「2008年設立」に統一）⑥なぜ今=replier ⑦CTA=replier（「詳細希望」4文字返信）＋closer の「15","修正パス(2026-09-18)"
"2026-09-12T23:36:58+09:00","かっこ株式会社","開発部","ご担当者","【15分で整理】UI改修とレガシー刷新の並走負荷を平準化","開発部 ご担当者様

複数プロダクトを内製で運営される御社では、UI改修とレガシー刷新の並走で優先順位を付けにくいのではないでしょうか。

私たち株式会社レイハウオリは、Web領域を中心に、ITリソースや専門人材が不足しているお客様を支援しています。
社内には、エンジニア・デザイナー・ディレクター・PMなど、各分野のエキスパートが在籍しています。
「何を作ればいいのかわからない」「IT周りをまとめて任せたい」といった0→1のご相談から、「社員の退職に伴うリソース不足を補いたい」といったSESのご要望まで、課題やフェーズに応じて幅広く対応しています。

年度後半に向けUI改修要望は積み上がりやすくなります。15分ほどお時間をいただき、ご返信いただけますと幸いです。

株式会社Lei Hau'oli
（tel）050-5497-3411
（mail）ml.account-sales@leihauoli.com","394","76","84","79","90","合成","0","- モード: 合成 - 部品ごとの採用元: ①件名=opener（数字）＋replier（短さ・語順） ②宛名＝共通 ③課題提示=replier ④自社紹介＋USP=opener ⑤FAB+E=closer（数字誤用を除去し§4準拠に修正）＋opener ⑥なぜ今=closer ⑦CTA=closer（15分）＋replier（返信一点集約） ⑧署名=replier - opener: 課題ワード","修正パス(2026-09-18)"
"2026-09-12T23:31:52+09:00","株式会社イーガオ","開発部","ご担当者","【内製UI改修が滞留】繁忙期の体制確保、15分で整理","開発部 ご担当者様

複数プロダクトのUI改修と新機能開発を並走させ、フロントエンドの手が足りない時期はありませんか。

私たち株式会社レイハウオリは、Web領域を中心に、ITリソースや専門人材が不足しているお客様を支援しています。
社内には、エンジニア・デザイナー・ディレクター・PMなど、各分野のエキスパートが在籍しています。
「何を作ればいいのかわからない」「IT周りをまとめて任せたい」といった0→1のご相談から、「社員の退職に伴うリソース不足を補いたい」といったSESのご要望まで、課題やフェーズに応じて幅広く対応しています。

受託案件の波のままでは、同じ人手不足が繰り返されます。15分のオンラインでご相談ください。

株式会社Lei Hau'oli
（tel）050-5497-3411
（mail）ml.account-sales@leihauoli.com","374","83","83","89","92","合成","0","- モード: 合成 - 部品ごとの採用元: ①件名=closer ②宛名＋冒頭=closer ③パーソナライズ／課題提示=replier ④自社紹介＋USP=closer ⑤FAB+E＋実績=closer ⑥なぜ今=closer ⑦CTA=closer（replierの低ハードル思想で語尾を平易化） ⑧署名=opener - opener: 課題仮説の固有ワードを件名冒頭に直結させた点が最強。ただ","修正パス(2026-09-18)"
"2026-09-13T04:04:53+09:00","株式会社YMIT","情報システム部","ご担当者","【医療機器メーカー様向け】0→1から伴走できる専門人材支援","情報システム部 ご担当者様

滋賀で医療機器・計測機器を手がける貴社は、フロントエンド専任者不在のままWeb化を進めていらっしゃるのではと拝察します。

私たち株式会社レイハウオリは、Web領域を中心に、ITリソースや専門人材が不足しているお客様を支援しています。
社内には、エンジニア・デザイナー・ディレクター・PMなど、各分野のエキスパートが在籍しています。
「何を作ればいいのかわからない」「IT周りをまとめて任せたい」といった0→1のご相談から、「社員の退職に伴うリソース不足を補いたい」といったSESのご要望まで、課題やフェーズに応じて幅広く対応しています。

並走負荷を放置するほど技術的負債は積み上がります。

ご興味があれば、ご返信ください。

株式会社Lei Hau'oli
（tel）050-5497-3411
（mail）ml.account-sales@leihauoli.com","386","79","87","88","94","合成","0","- モード: 合成 - 部品ごとの採用元: ①件名=opener（業種指定）+replier（短さ・数字）の折衷 ②宛名＋冒頭=opener（滋賀・医療機器・計測機器の固有性） ③課題提示=replier（専任者不在×外注品質ばらつき） ④自社紹介＋USP=closer ⑤FAB+E＋実績=closer ⑥なぜ今=closer（技術的負債の積み上がり） ⑦CTA=replier（「詳細希望」4文字","修正パス(2026-09-18)"
"2026-09-12T23:37:40+09:00","株式会社アジャイルウェア","開発部","ご担当者","【0→1】アジャイルウェア様の複数プロダクト運営を止めない開発支援","開発部 ご担当者様

複数のWebサービスを運営しながら受託案件も並走される貴社では、開発体制の確保が課題かと存じます。

私たち株式会社レイハウオリは、Web領域を中心に、ITリソースや専門人材が不足しているお客様を支援しています。
社内には、エンジニア・デザイナー・ディレクター・PMなど、各分野のエキスパートが在籍しています。
「何を作ればいいのかわからない」「IT周りをまとめて任せたい」といった0→1のご相談から、「社員の退職に伴うリソース不足を補いたい」といったSESのご要望まで、課題やフェーズに応じて幅広く対応しています。

下期の計画が固まる前にご検討いただければ幸いです。ご興味があれば本フォームへご返信ください。

株式会社Lei Hau'oli
（tel）050-5497-3411
（mail）ml.account-sales@leihauoli.com","376","71","78","85","90","合成","0","- モード: 合成 - 部品ごとの採用元: ①件名=closer ②宛名＋冒頭=closer ③パーソナライズ=replier＋closer統合（「内製運営×受託並走」＋「UI改修/レガシー刷新/新機能の三重並走」）④自社紹介＋USP=closer ⑤FAB+E＋実績=closer ⑥なぜ今=replier（繁忙期の時間軸）＋closer（下期計画）⑦CTA=replier（低ハードル返信）＋cl","修正パス(2026-09-18)"
"2026-09-12T23:33:44+09:00","ヘルスケアテクノロジーズ株式会社","開発部","ご担当者","【複数プロダクト・大規模UI運営向け】0→1からSESまで、課題に応じた専門人材で支援","開発部 ご担当者様

複数のWebサービスを内製運営される御社では、UI改修とレガシー刷新の両立にお困りではないでしょうか。

私たち株式会社レイハウオリは、Web領域を中心に、ITリソースや専門人材が不足しているお客様を支援しています。
社内には、エンジニア・デザイナー・ディレクター・PMなど、各分野のエキスパートが在籍しています。
「何を作ればいいのかわからない」「IT周りをまとめて任せたい」といった0→1のご相談から、「社員の退職に伴うリソース不足を補いたい」といったSESのご要望まで、課題やフェーズに応じて幅広く対応しています。

増員を後回しにするほど負荷は積み上がります。
ご興味があれば、このメールにご返信ください。

株式会社Lei Hau'oli
（tel）050-5497-3411
（mail）ml.account-sales@leihauoli.com","376","83","81","83","93","合成","0","- モード: 合成 - 部品ごとの採用元: ①件名=opener ②宛名＋冒頭=replier（「どちらかを止めている」の言語化） ③課題提示=replier ④自社紹介＋USP=closer（直請け出身／1名〜チーム単位） ⑤FAB+E＝closer＋opener（技術スタックと40名の正確な表現はopener） ⑥なぜ今=replier「増員を後回しにするほど負荷は積み上がる」＋closer「","修正パス(2026-09-18)"
"2026-09-13T04:05:20+09:00","株式会社HataLuck and Person","開発部","ご担当者","【15分で整理】複数プロダクトのUI刷新と新機能開発、両方止めない体制","開発部 ご担当者様

複数のWebサービスでUI改修の要望が絶えない一方、内製チームの負荷が平準化できていないのではないでしょうか。

私たち株式会社レイハウオリは、Web領域を中心に、ITリソースや専門人材が不足しているお客様を支援しています。
社内には、エンジニア・デザイナー・ディレクター・PMなど、各分野のエキスパートが在籍しています。
「何を作ればいいのかわからない」「IT周りをまとめて任せたい」といった0→1のご相談から、「社員の退職に伴うリソース不足を補いたい」といったSESのご要望まで、課題やフェーズに応じて幅広く対応しています。

下期の計画に組み込むなら早いほど負荷の山を崩せます。

ご興味があれば、ご返信ください。

株式会社Lei Hau'oli
（tel）050-5497-3411
（mail）ml.account-sales@leihauoli.com","378","81","90","89","93","合成","0","- モード: 合成 - 部品ごとの採用元: ①件名=replier ②宛名＋冒頭2行=replier ③パーソナライズ／課題提示=replier ④自社紹介＋USP=closer ⑤FAB+E＋実績=closer（Feature は opener の技術名列挙を圧縮して併用） ⑥なぜ今=closer ⑦CTA=closer（返信ハードルは replier の思想で1アクションに固定） ⑧署名=共通","修正パス(2026-09-18)"
"2026-09-13T04:05:03+09:00","株式会社Nagisa","開発部","ご担当者","【0→1】複数プロダクト運営の株式会社Nagisa様へ、IT体制構築のご提案","開発部 ご担当者様

複数プロダクトを運営される御社では、UI改修とレガシー刷新の両立が課題ではないでしょうか。

私たち株式会社レイハウオリは、Web領域を中心に、ITリソースや専門人材が不足しているお客様を支援しています。
社内には、エンジニア・デザイナー・ディレクター・PMなど、各分野のエキスパートが在籍しています。
「何を作ればいいのかわからない」「IT周りをまとめて任せたい」といった0→1のご相談から、「社員の退職に伴うリソース不足を補いたい」といったSESのご要望まで、課題やフェーズに応じて幅広く対応しています。

下期の開発計画が固まる前の今が見直しの好機です。
ご興味があればご返信ください。

株式会社Lei Hau'oli
（tel）050-5497-3411
（mail）ml.account-sales@leihauoli.com","365","82","86","82","91","合成","0","- モード: 合成 - 部品ごとの採用元: ①件名=closer（社名入り）＋replier（約40名）②宛名＝全案共通 ③パーソナライズ＝replier（板挟み）④自社紹介＋USP＝closer ⑤FAB+E＝closer＋replier（React/Vue/Next明示）⑥なぜ今＝replier（下期計画確定前）⑦CTA＝replier（曜日1つ）×opener（フォーム返信）⑧署名＝repl","修正パス(2026-09-18)"
"2026-09-13T04:05:35+09:00","株式会社アドバンスホールディングス","開発部","ご担当者","【0→1】複数プロダクトのUI改修とレガシー刷新の並走を支援","開発部 ご担当者様

複数のWebサービスを運営される御社では、UI改修とレガシー刷新の並走でフロントエンドの手が足りない状況はございませんか。

私たち株式会社レイハウオリは、Web領域を中心に、ITリソースや専門人材が不足しているお客様を支援しています。
社内には、エンジニア・デザイナー・ディレクター・PMなど、各分野のエキスパートが在籍しています。
「何を作ればいいのかわからない」「IT周りをまとめて任せたい」といった0→1のご相談から、「社員の退職に伴うリソース不足を補いたい」といったSESのご要望まで、課題やフェーズに応じて幅広く対応しています。

着手が遅れるほど、今期の計画への組み込みが難しくなります。

ご興味があれば、このフォームにご返信ください。

株式会社Lei Hau'oli
（tel）050-5497-3411
（mail）ml.account-sales@leihauoli.com","394","83","77","81","89","合成","0","- モード: 合成 - 部品ごとの採用元: ①件名=opener（長すぎるため短縮・数字位置を前出し）②宛名＋冒頭=opener＋closer（事業実態の言及をcloserから）③課題提示=replier発想／opener文体 ④自社紹介＋USP=opener（USP一言が最も明快）⑤FAB+E＋実績=closer＋opener（「直請け」と「美容予約サービス参画」は§4どおり分離して記載）⑥なぜ","修正パス(2026-09-18)"
"2026-09-13T04:05:23+09:00","株式会社ブルーオーシャンシステム","開発部","ご担当者","【複数プロダクト運営企業へ】0→1からSESまで、UI改修の滞留を解消","開発部 ご担当者様

複数のプロダクトと大規模なUIを内製チームで抱えながら、UI改修の要望が滞留していないでしょうか。

私たち株式会社レイハウオリは、Web領域を中心に、ITリソースや専門人材が不足しているお客様を支援しています。
社内には、エンジニア・デザイナー・ディレクター・PMなど、各分野のエキスパートが在籍しています。
「何を作ればいいのかわからない」「IT周りをまとめて任せたい」といった0→1のご相談から、「社員の退職に伴うリソース不足を補いたい」といったSESのご要望まで、課題やフェーズに応じて幅広く対応しています。

下期の開発計画見直し前の今が好機です。ご興味があれば、このフォームにご返信ください。

株式会社Lei Hau'oli
（tel）050-5497-3411
（mail）ml.account-sales@leihauoli.com","372","83","81","85","92","合成","0","- モード: 合成 - 部品ごとの採用元: ①件名=opener（「複数プロダクト」＋「40」＋「滞留」）②宛名＋冒頭2行=opener／replier③③課題提示=replier③（数値記述を除去）④自社紹介＋USP=closer ⑤FAB+E＋実績=closer ⑥なぜ今=replier（「下期の開発計画を組み直す前」）⑦CTA=opener（フォーム返信＋15分に一本化）⑧署名=opener","修正パス(2026-09-18)"
"2026-09-12T23:31:14+09:00","株式会社WILBY","開発部","ご担当者","【WILBY開発部様】15分でUI改修と新機能開発の並走を相談","開発部 ご担当者様

WILBYのように複数プロダクトと大規模UIを内製で抱えると、UI改修と新機能開発が同時に積み上がりやすくなります。

私たち株式会社レイハウオリは、Web領域を中心に、ITリソースや専門人材が不足しているお客様を支援しています。
社内には、エンジニア・デザイナー・ディレクター・PMなど、各分野のエキスパートが在籍しています。
「何を作ればいいのかわからない」「IT周りをまとめて任せたい」といった0→1のご相談から、「社員の退職に伴うリソース不足を補いたい」といったSESのご要望まで、課題やフェーズに応じて幅広く対応しています。

下期の体制を固める前の今、選択肢を増やしませんか。ご興味があれば、ご返信ください。

株式会社Lei Hau'oli
（tel）050-5497-3411
（mail）ml.account-sales@leihauoli.com","380","66","82","87","92","合成","0","- モード: 合成 - 部品ごとの採用元: ①件名=closer（社名）＋replier（課題の並走表現） ②宛名＝共通 ③冒頭・課題提示=closer＋replier（「UI改修の依頼と新機能開発が同時に積み上がり」の社内の声表現） ④自社紹介＋USP=closer ⑤FAB+E＋実績=closer＋replier（創業18年を補強） ⑥なぜ今=closer ⑦CTA=closer（決裁者接続＋","修正パス(2026-09-18)"
"2026-09-13T04:08:57+09:00","セキュアエッジ株式会社","技術部","ご担当者","【15分で相談】UI実装をセキュリティエンジニアから切り離す方法","技術部 ご担当者様

セキュリティ専門のエンジニアがUI実装まで抱えていませんか。

私たち株式会社レイハウオリは、Web領域を中心に、ITリソースや専門人材が不足しているお客様を支援しています。
社内には、エンジニア・デザイナー・ディレクター・PMなど、各分野のエキスパートが在籍しています。
「何を作ればいいのかわからない」「IT周りをまとめて任せたい」といった0→1のご相談から、「社員の退職に伴うリソース不足を補いたい」といったSESのご要望まで、課題やフェーズに応じて幅広く対応しています。

体制の遅れは機会損失に直結します。

このフォームへご返信ください。

株式会社Lei Hau'oli
（tel）050-5497-3411
（mail）ml.account-sales@leihauoli.com","343","80","86","87","92","合成","0","- モード: 合成 - 部品ごとの採用元: ①件名=closer ②宛名＋冒頭2行=closer ③課題提示=replier ④自社紹介＋USP=closer ⑤FAB+E・実績=closer（「設立18年」は§4表記に合わせ「2008年設立」へ修正） ⑥なぜ今=replier（下期計画）＋closer（機会損失） ⑦CTA=replier（「詳細希望」返信）＋closer（15分情報交換の目的化","修正パス(2026-09-18)"
"2026-09-13T04:08:04+09:00","先進モビリティ株式会社","開発部","ご担当者","【複数プロダクト×UI刷新】0→1から幅広く伴走支援","開発部 ご担当者様

複数プロダクトのUI刷新と新機能追加が同時に来て、人手が足りていないのではないでしょうか。

私たち株式会社レイハウオリは、Web領域を中心に、ITリソースや専門人材が不足しているお客様を支援しています。
社内には、エンジニア・デザイナー・ディレクター・PMなど、各分野のエキスパートが在籍しています。
「何を作ればいいのかわからない」「IT周りをまとめて任せたい」といった0→1のご相談から、「社員の退職に伴うリソース不足を補いたい」といったSESのご要望まで、課題やフェーズに応じて幅広く対応しています。

中途採用では数か月かかり、その間も負債が積み上がります。

ご興味があれば、本メールにご返信ください。

株式会社Lei Hau'oli
（tel）050-5497-3411
（mail）ml.account-sales@leihauoli.com","375","82","81","81","90","合成","0","- モード: 合成 - 部品ごとの採用元: ①件名=opener（固有ワード＋数字構造を継承、長さを圧縮） ②宛名＝共通 ③冒頭2行・課題提示=replier ④自社紹介＋USP一言=closer ⑤FAB+E＋実績=closer ⑥なぜ今=closer（負債蓄積）＋§4「中途採用に数か月」を接続 ⑦CTA=replier ⑧署名=共通 - opener: 件名の「複数プロダクト×大規模UI刷新」","修正パス(2026-09-18)"
"2026-09-13T04:09:19+09:00","株式会社オキシテック","情報システム部","ご担当者","【0→1のご相談も】複数プロダクトのWeb化、専門人材で支援します","情報システム部 ご担当者様

複数プロダクトを展開される御社では、Web化を進めたくても社内に専任者がおらず苦労されていないでしょうか。

私たち株式会社レイハウオリは、Web領域を中心に、ITリソースや専門人材が不足しているお客様を支援しています。
社内には、エンジニア・デザイナー・ディレクター・PMなど、各分野のエキスパートが在籍しています。
「何を作ればいいのかわからない」「IT周りをまとめて任せたい」といった0→1のご相談から、「社員の退職に伴うリソース不足を補いたい」といったSESのご要望まで、課題やフェーズに応じて幅広く対応しています。

体制の不足は放置するほど負荷が膨らみます。

ご興味があれば、ご返信ください。

株式会社Lei Hau'oli
（tel）050-5497-3411
（mail）ml.account-sales@leihauoli.com","375","80","84","80","90","合成","0","- モード: 合成 - 部品ごとの採用元: ①件名=replier（openerの「複数プロダクト」ワードを接合） ②宛名＋冒頭=replier ③課題提示=replier＋opener（製品サイト・顧客ポータル） ④自社紹介＋USP=closer ⑤FAB+E＋実績=closer ⑥なぜ今=closer ⑦CTA=closer ⑧署名=共通 - opener: 強み＝件名に課題仮説そのままの固有","修正パス(2026-09-18)"
"2026-09-13T04:08:32+09:00","株式会社フライヤー","開発部","ご担当者","【0→1のご相談も】複数プロダクトのUI改修と新機能開発、両立できていますか","開発部 ご担当者様

複数のプロダクトを内製チームで抱える御社では、フロントエンドの手が足りない場面が続いているのではないでしょうか。

私たち株式会社レイハウオリは、Web領域を中心に、ITリソースや専門人材が不足しているお客様を支援しています。
社内には、エンジニア・デザイナー・ディレクター・PMなど、各分野のエキスパートが在籍しています。
「何を作ればいいのかわからない」「IT周りをまとめて任せたい」といった0→1のご相談から、「社員の退職に伴うリソース不足を補いたい」といったSESのご要望まで、課題やフェーズに応じて幅広く対応しています。

下期の開発計画が固まる前に体制を組めるかが重要です。

ご興味があれば、ご返信ください。

株式会社Lei Hau'oli
（tel）050-5497-3411
（mail）ml.account-sales@leihauoli.com","379","85","81","79","90","合成","0","- モード: 合成 - 部品ごとの採用元: ①件名=opener（数字40・固有ワード）＋replier（問いかけ型の後半） ②宛名＝共通 ③パーソナライズ／課題提示=replier ④自社紹介＋USP=closer ⑤FAB+E＋実績=closer＋opener ⑥なぜ今=closer ⑦CTA=replier（返信1本のハードル低さ）＋closer（15分の中身） ⑧署名＝共通 - opene","修正パス(2026-09-18)"
"2026-09-13T04:09:52+09:00","ギットハブ・ジャパン合同会社","開発部","ご担当者","【15分で相談】複数プロダクト運営の御社へ、UI改修とレガシー刷新の並走支援","開発部 ご担当者様

複数のSaaSプロダクトを内製で運営されるなか、フロントエンドの手が足りない状態ではないでしょうか。

私たち株式会社レイハウオリは、Web領域を中心に、ITリソースや専門人材が不足しているお客様を支援しています。
社内には、エンジニア・デザイナー・ディレクター・PMなど、各分野のエキスパートが在籍しています。
「何を作ればいいのかわからない」「IT周りをまとめて任せたい」といった0→1のご相談から、「社員の退職に伴うリソース不足を補いたい」といったSESのご要望まで、課題やフェーズに応じて幅広く対応しています。

下期の体制を固める前の今、着手の効果は大きくなります。

ご興味があれば、ご返信ください。

株式会社Lei Hau'oli
（tel）050-5497-3411
（mail）ml.account-sales@leihauoli.com","374","83","81","76","89","合成","0","- モード: 合成 - 部品ごとの採用元: ①件名=replier（簡潔さ）＋opener（固有ワード「複数プロダクト／レガシー刷新」） ②宛名＋冒頭2行=opener ③課題提示=replier ④自社紹介＋USP=opener（USP一言）＋closer（技術スタック） ⑤FAB+E＋実績=closer（9割誤用を除去し、opener版の実績表現に置換） ⑥なぜ今=replier（下期の体制）","修正パス(2026-09-18)"
"2026-09-13T04:10:32+09:00","GOOPASS株式会社","開発部","ご担当者","【GOOPASS様】複数プロダクトのUI改修、0→1からSESまで対応","開発部 ご担当者様

複数プロダクトを内製で運用される御社では、開発リソースが不足していないでしょうか。

私たち株式会社レイハウオリは、Web領域を中心に、ITリソースや専門人材が不足しているお客様を支援しています。
社内には、エンジニア・デザイナー・ディレクター・PMなど、各分野のエキスパートが在籍しています。
「何を作ればいいのかわからない」「IT周りをまとめて任せたい」といった0→1のご相談から、「社員の退職に伴うリソース不足を補いたい」といったSESのご要望まで、課題やフェーズに応じて幅広く対応しています。

即戦力が入ればリリースを止めずに刷新を進められます。

ご興味があれば、ご返信ください。

株式会社Lei Hau'oli
（tel）050-5497-3411
（mail）ml.account-sales@leihauoli.com","364","81","89","88","93","合成","0","- モード: 合成 - 部品ごとの採用元: ①件名=replier（社名【】）＋closer（40名・1名の数字）を統合 ②宛名＋冒頭2行=closer（「機械レンタル・リース／デジタルコンテンツ」と事業内容を名指し、社名を伏せても自社宛てと分かる） ③課題提示=closer＋replier ④自社紹介＋USP=replier（2008年・約40名の9割）＋closer（React/Vue/Nex","修正パス(2026-09-18)"
"2026-09-13T04:12:18+09:00","株式会社トレタ","開発部","ご担当者","【15分で整理】複数プロダクトのUI改修と新機能、両立できていますか","開発部 ご担当者様

複数プロダクトを内製で運営され、UI改修と新機能開発が同時に積み上がっていませんか。

私たち株式会社レイハウオリは、Web領域を中心に、ITリソースや専門人材が不足しているお客様を支援しています。
社内には、エンジニア・デザイナー・ディレクター・PMなど、各分野のエキスパートが在籍しています。
「何を作ればいいのかわからない」「IT周りをまとめて任せたい」といった0→1のご相談から、「社員の退職に伴うリソース不足を補いたい」といったSESのご要望まで、課題やフェーズに応じて幅広く対応しています。

下期の開発計画を固める今が好機です。

ご興味があれば、このフォームにご返信ください。

株式会社Lei Hau'oli
（tel）050-5497-3411
（mail）ml.account-sales@leihauoli.com","364","80","84","73","91","合成","0","- モード: 合成 - 部品ごとの採用元: ①件名=replier（問いかけ型）＋opener（「複数プロダクト」固有ワード）②冒頭＝opener ③課題提示＝replier ④自社紹介＋USP＝closer ⑤FAB+E＝closer/opener統合 ⑥なぜ今＝replier ⑦CTA＝replier＋closer折衷 ⑧署名＝共通 - opener: 強み＝冒頭2行で「自社宛て」と即断させる","修正パス(2026-09-18)"
"2026-09-13T04:12:30+09:00","madoguchi株式会社","開発部","ご担当者","【複数プロダクトのUI改修に】0→1のご相談から伴走できる専門人材支援","開発部 ご担当者様

複数プロダクトと大規模UIを内製で抱え、UI改修と新機能開発でフロントエンドの手が足りない状況ではないでしょうか。

私たち株式会社レイハウオリは、Web領域を中心に、ITリソースや専門人材が不足しているお客様を支援しています。
社内には、エンジニア・デザイナー・ディレクター・PMなど、各分野のエキスパートが在籍しています。
「何を作ればいいのかわからない」「IT周りをまとめて任せたい」といった0→1のご相談から、「社員の退職に伴うリソース不足を補いたい」といったSESのご要望まで、課題やフェーズに応じて幅広く対応しています。

年度後半は着手が遅れるほど年内計画に影響します。

ご興味があればご返信ください。

株式会社Lei Hau'oli
（tel）050-5497-3411
（mail）ml.account-sales@leihauoli.com","377","86","85","84","91","合成","0","- モード: 合成 - 部品ごとの採用元: ①件名=closer（【】）＋opener（約40名・1名から）②宛名=共通 ③冒頭・課題提示=replier ④自社紹介＋USP=opener（USP言い切り）＋closer（技術スタック）⑤FAB+E=closer ⑥なぜ今=closer（年度後半の需要増）＋replier（着手遅延の損失）⑦CTA=opener／closer（15分の情報交換）⑧署","修正パス(2026-09-18)"
"2026-09-13T04:13:00+09:00","株式会社SCREENアドバンストシステムソリューションズ","開発部","ご担当者","【0→1からSESまで】複数プロダクトのUI改修を支援","開発部 ご担当者様

複数プロダクトのUI改修と新機能開発を同じ内製チームで並走させるのは大きな負荷かと存じます。

私たち株式会社レイハウオリは、Web領域を中心に、ITリソースや専門人材が不足しているお客様を支援しています。
社内には、エンジニア・デザイナー・ディレクター・PMなど、各分野のエキスパートが在籍しています。
「何を作ればいいのかわからない」「IT周りをまとめて任せたい」といった0→1のご相談から、「社員の退職に伴うリソース不足を補いたい」といったSESのご要望まで、課題やフェーズに応じて幅広く対応しています。

UI刷新の遅れは機能リリースの遅延に直結します。ご興味があれば、このフォームにご返信ください。

株式会社Lei Hau'oli
（tel）050-5497-3411
（mail）ml.account-sales@leihauoli.com","374","75","83","78","90","合成","0","- モード: 合成 - 部品ごとの採用元: ①件名=opener（要素を短縮再構成）②宛名＋冒頭2行=replier ③パーソナライズ／課題提示=replier ④自社紹介＋USP=closer＋opener ⑤FAB+E＋実績=closer ⑥なぜ今=closer ⑦CTA=closer（replierの低ハードル返信形式を接続）⑧署名=共通 - opener: 件名の固有性（複数プロダクト／専","修正パス(2026-09-18)"
"2026-09-13T04:13:42+09:00","カラクリ株式会社","開発部","ご担当者","【15分相談】フロントエンド増強のご相談（下期計画が固まる前に）","開発部 ご担当者様

SaaS/ASPを複数運営されるカラクリ様なら、刷新と新機能開発を並走できます。

私たち株式会社レイハウオリは、Web領域を中心に、ITリソースや専門人材が不足しているお客様を支援しています。
社内には、エンジニア・デザイナー・ディレクター・PMなど、各分野のエキスパートが在籍しています。
「何を作ればいいのかわからない」「IT周りをまとめて任せたい」といった0→1のご相談から、「社員の退職に伴うリソース不足を補いたい」といったSESのご要望まで、課題やフェーズに応じて幅広く対応しています。

下期計画が固まる前の今が好機です。15分のオンライン相談をご返信でお願いします。

株式会社Lei Hau'oli
（tel）050-5497-3411
（mail）ml.account-sales@leihauoli.com","361","71","84","81","88","合成","0","- モード: 合成 - 部品ごとの採用元: ①件名=replier（微調整） ②宛名＋冒頭2行=replier ③パーソナライズ／課題提示=replier＋closer（社名「カラクリ様」「SaaS/ASP」を補強） ④自社紹介＋USP=closer ⑤FAB+E＋実績=closer ⑥なぜ今=replier ⑦CTA=closer（15分＋返信一本化） ⑧署名=opener - opener: ","修正パス(2026-09-18)"
"2026-09-13T04:14:23+09:00","株式会社NAVICUS","開発部","ご担当者","【複数プロダクトのUI改修】15分で体制相談","開発部 ご担当者様

複数プロダクトの大規模UIを内製で抱え、レガシー刷新と新機能開発の並走で人手が不足しがちではないでしょうか。

私たち株式会社レイハウオリは、Web領域を中心に、ITリソースや専門人材が不足しているお客様を支援しています。
社内には、エンジニア・デザイナー・ディレクター・PMなど、各分野のエキスパートが在籍しています。
「何を作ればいいのかわからない」「IT周りをまとめて任せたい」といった0→1のご相談から、「社員の退職に伴うリソース不足を補いたい」といったSESのご要望まで、課題やフェーズに応じて幅広く対応しています。

下期の体制を今決めなければ、同じ負荷が続きます。15分の情報交換をお願いできますか。

株式会社Lei Hau'oli
（tel）050-5497-3411
（mail）ml.account-sales@leihauoli.com","377","85","78","84","93","合成","0","- モード: 合成 - 部品ごとの採用元: ①件名=opener（「約」を補い誇張を排除） ②宛名＋冒頭2行=opener＋closer（課題仮説の固有ワードを冒頭に集中） ③課題提示=closer ④自社紹介＋USP=closer（USPを早期提示）＋opener（USP文言） ⑤FAB+E=closer ⑥なぜ今=replier（下期の時間軸、数字誤用部は除去） ⑦CTA=opener（返信で","修正パス(2026-09-18)"
"2026-09-13T04:14:42+09:00","アクティブクオリア株式会社","開発部","ご担当者","【15分で現状ヒアリング】複数プロダクト・大規模UIの内製負荷を平準化しませんか","開発部 ご担当者様

複数プロダクトの内製開発でレガシー刷新と新機能追加を同時に回すのは大変かと存じます。

私たち株式会社レイハウオリは、Web領域を中心に、ITリソースや専門人材が不足しているお客様を支援しています。
社内には、エンジニア・デザイナー・ディレクター・PMなど、各分野のエキスパートが在籍しています。
「何を作ればいいのかわからない」「IT周りをまとめて任せたい」といった0→1のご相談から、「社員の退職に伴うリソース不足を補いたい」といったSESのご要望まで、課題やフェーズに応じて幅広く対応しています。

下期の開発計画が固まる今、体制確保が急務です。

ご興味があれば、このフォームにご返信ください。

株式会社Lei Hau'oli
（tel）050-5497-3411
（mail）ml.account-sales@leihauoli.com","369","83","81","77","89","合成","0","- モード: 合成 - 部品ごとの採用元: ①件名=replier（枠）＋opener（固有ワード） ②宛名＋冒頭2行=replier ③パーソナライズ／課題提示=replier ④自社紹介＋USP=opener ⑤FAB+E＋実績=opener ⑥なぜ今=opener ⑦CTA=opener（文末の軽さのみreplier） ⑧署名=opener - opener: 強み＝「下期の開発計画」で不急","修正パス(2026-09-18)"
"2026-09-13T04:16:45+09:00","楽天ステイ株式会社","開発部","ご担当者","【楽天ステイ様】複数プロダクト並走開発を止めない、0→1からSESまで対応する常駐支援","開発部 ご担当者様

複数プロダクトの改修と新機能開発を同じ内製チームで回し、負荷が偏っていないでしょうか。

私たち株式会社レイハウオリは、Web領域を中心に、ITリソースや専門人材が不足しているお客様を支援しています。
社内には、エンジニア・デザイナー・ディレクター・PMなど、各分野のエキスパートが在籍しています。
「何を作ればいいのかわからない」「IT周りをまとめて任せたい」といった0→1のご相談から、「社員の退職に伴うリソース不足を補いたい」といったSESのご要望まで、課題やフェーズに応じて幅広く対応しています。

下期の開発計画が固まる前の今なら、体制を組みやすいです。

ご興味があれば、このフォームにご返信ください。

株式会社Lei Hau'oli
（tel）050-5497-3411
（mail）ml.account-sales@leihauoli.com","375","82","83","84","92","合成","0","- モード: 合成 - 部品ごとの採用元: ①件名=closer（社名【】を活かしつつ「40名」を注入して短縮） ②宛名=共通／冒頭2行=replier ③課題提示=replier ④自社紹介＋USP=closer ⑤FAB+E＋実績=closer ⑥なぜ今=replier ⑦CTA=replier ⑧署名=opener - opener: 件名の課題ワード＋数字の組み合わせは堅いが、社名がなく「","修正パス(2026-09-18)"
"2026-09-13T04:19:33+09:00","株式会社キッチハイク","開発部","ご担当者","【複数プロダクトの0→1】UI改修とレガシー刷新、並走の負荷を平準化しませんか","開発部 ご担当者様

複数プロダクトのUI改修とレガシー刷新を同時に抱え、負荷平準化にお悩みと拝察します。

私たち株式会社レイハウオリは、Web領域を中心に、ITリソースや専門人材が不足しているお客様を支援しています。
社内には、エンジニア・デザイナー・ディレクター・PMなど、各分野のエキスパートが在籍しています。
「何を作ればいいのかわからない」「IT周りをまとめて任せたい」といった0→1のご相談から、「社員の退職に伴うリソース不足を補いたい」といったSESのご要望まで、課題やフェーズに応じて幅広く対応しています。

中途採用を待つ間もUI改修待ちは積み上がります。15分のオンラインでの情報交換をご提案します。ご興味があれば、このフォームにご返信ください。

株式会社Lei Hau'oli
（tel）050-5497-3411
（mail）ml.account-sales@leihauoli.com","393","70","82","82","89","合成","0","- モード: 合成 - 部品ごとの採用元: ①件名=replier（「約40名」の具体数）＋closer（「複数プロダクト」の固有ワード）を合成 ②宛名＋冒頭=closer ③課題提示=closer ④自社紹介＋USP=closer ⑤FAB+E＝closer＋replier（React/Vue/Next.js） ⑥なぜ今=replier（中途採用の数か月）＋closer（機会損失） ⑦CTA=r","修正パス(2026-09-18)"
"2026-09-13T04:16:13+09:00","WAmazing株式会社","開発部","ご担当者","【複数プロダクトのUI開発】0→1から支援、レガシー刷新と新機能を止めない体制","開発部 ご担当者様

複数プロダクトの大規模UIを内製で抱え、レガシー刷新と新機能開発の並走で負荷が偏りがちではないでしょうか。

私たち株式会社レイハウオリは、Web領域を中心に、ITリソースや専門人材が不足しているお客様を支援しています。
社内には、エンジニア・デザイナー・ディレクター・PMなど、各分野のエキスパートが在籍しています。
「何を作ればいいのかわからない」「IT周りをまとめて任せたい」といった0→1のご相談から、「社員の退職に伴うリソース不足を補いたい」といったSESのご要望まで、課題やフェーズに応じて幅広く対応しています。

負荷が平準化できないまま次の四半期を迎える前に、ご興味があれば、このフォームにご返信ください。

株式会社Lei Hau'oli
（tel）050-5497-3411
（mail）ml.account-sales@leihauoli.com","381","75","78","88","91","合成","0","- モード: 合成 - 部品ごとの採用元: ①件名=closer ②宛名＋冒頭=closer ③課題提示（当事者感の2文目）=replier ④自社紹介=closer＋USP一言=opener ⑤FAB+E＝closer ⑥なぜ今=closer ⑦CTA=closer（replierの低ハードル志向で語尾を軽量化） ⑧署名=共通 - opener: 課題ワードの固有性は3案で最強だが、件名が55字","修正パス(2026-09-18)"
"2026-09-13T04:17:09+09:00","株式会社ティーエスアールパブリック","開発部","ご担当者","【受託開発の繁忙期対策】0→1のご相談からSESまで対応可能","開発部 ご担当者様

複数プロダクトの開発が並走し、繁忙期だけ人手が足りなくなることはございませんか。

私たち株式会社レイハウオリは、Web領域を中心に、ITリソースや専門人材が不足しているお客様を支援しています。
社内には、エンジニア・デザイナー・ディレクター・PMなど、各分野のエキスパートが在籍しています。
「何を作ればいいのかわからない」「IT周りをまとめて任せたい」といった0→1のご相談から、「社員の退職に伴うリソース不足を補いたい」といったSESのご要望まで、課題やフェーズに応じて幅広く対応しています。

繁忙期前の今なら体制を整える余裕があります。

ご興味があれば、このフォームにご返信ください。

株式会社Lei Hau'oli
（tel）050-5497-3411
（mail）ml.account-sales@leihauoli.com","366","83","85","80","92","合成","0","- モード: 合成 - 部品ごとの採用元: ①件名=opener（「専任」→§4表記の「専門」に修正） ②宛名＋冒頭2行=replier ③パーソナライズ／課題提示=replier ④自社紹介＋USP=replier＋opener（「1名からまるごと供給」） ⑤FAB+E＝closer（分業→コア機能集中→リリース遅延防止の因果線）＋replier（中途採用に数か月かけず） ⑥なぜ今=replie","修正パス(2026-09-18)"
"2026-09-13T04:20:26+09:00","株式会社フィックスポイント","開発部","ご担当者","【UI改修と新機能の並走】15分で体制案をご案内","開発部 ご担当者様

複数プロダクトを内製開発する中、UI改修と新機能開発の並走でリソースが不足していませんか。

私たち株式会社レイハウオリは、Web領域を中心に、ITリソースや専門人材が不足しているお客様を支援しています。
社内には、エンジニア・デザイナー・ディレクター・PMなど、各分野のエキスパートが在籍しています。
「何を作ればいいのかわからない」「IT周りをまとめて任せたい」といった0→1のご相談から、「社員の退職に伴うリソース不足を補いたい」といったSESのご要望まで、課題やフェーズに応じて幅広く対応しています。

下期の計画が動き出す今なら着手しやすいタイミングです。ご興味があれば、このフォームにご返信ください。

株式会社Lei Hau'oli
（tel）050-5497-3411
（mail）ml.account-sales@leihauoli.com","376","79","77","80","91","合成","0","- モード: 合成 - 部品ごとの採用元: ①件名=opener（課題ワード＋40名）を短縮 ②宛名=共通 ③冒頭・課題提示=replier ④自社紹介＋USP=closer ⑤FAB+E・実績=closer（9割の誤用を除去し「エンジニア約40名」に訂正） ⑥なぜ今=replier「下期」＋closer「積み上がる」 ⑦CTA=replier の低ハードル返信＋closer の15分の目的提示（","修正パス(2026-09-18)"
"2026-09-13T04:20:44+09:00","株式会社ソーラーパートナーズ","開発部","ご担当者","【0→1】複数プロダクトの並走負荷、専門人材で解消","開発部 ご担当者様

太陽光関連の複数プロダクトを内製チームで抱え、開発リソース不足が深刻ではないでしょうか。

私たち株式会社レイハウオリは、Web領域を中心に、ITリソースや専門人材が不足しているお客様を支援しています。
社内には、エンジニア・デザイナー・ディレクター・PMなど、各分野のエキスパートが在籍しています。
「何を作ればいいのかわからない」「IT周りをまとめて任せたい」といった0→1のご相談から、「社員の退職に伴うリソース不足を補いたい」といったSESのご要望まで、課題やフェーズに応じて幅広く対応しています。

下期の体制見直しが本格化するこの時期です。

ご興味あれば、フォームにご返信ください。

株式会社Lei Hau'oli
（tel）050-5497-3411
（mail）ml.account-sales@leihauoli.com","366","72","86","85","92","合成","0","- モード: 合成 - 部品ごとの採用元: ①件名=closer（【エンジニア約40名】＋固有ワード「複数プロダクトの並走負荷」が最短距離で刺さる）②宛名＋冒頭2行=replier（社内会話の再現）③パーソナライズ／課題提示=replier ④自社紹介＋USP=closer（「1名からチーム単位で常駐供給できる」）⑤FAB+E＋実績=closer ⑥なぜ今=replier（下期の体制見直し＋中途採","修正パス(2026-09-18)"
"2026-09-13T04:19:40+09:00","Jamf Japan合同会社","開発部","ご担当者","【0→1〜SES】UI改修とレガシー刷新、両方の手が足りていますか","開発部 ご担当者様

UI改修とレガシー刷新を並走させ、フロントエンドの手が足りていない状況ではないでしょうか。

私たち株式会社レイハウオリは、Web領域を中心に、ITリソースや専門人材が不足しているお客様を支援しています。
社内には、エンジニア・デザイナー・ディレクター・PMなど、各分野のエキスパートが在籍しています。
「何を作ればいいのかわからない」「IT周りをまとめて任せたい」といった0→1のご相談から、「社員の退職に伴うリソース不足を補いたい」といったSESのご要望まで、課題やフェーズに応じて幅広く対応しています。

下期の開発計画を固める今なら、逼迫を防げます。ご興味があれば本メールにご返信ください。

株式会社Lei Hau'oli
（tel）050-5497-3411
（mail）ml.account-sales@leihauoli.com","369","69","84","83","90","合成","0","- モード: 合成 - 部品ごとの採用元: ①件名=replier ②宛名＋冒頭=replier ③課題提示=replier ④自社紹介＋USP=closer ⑤FAB+E＋実績=closer＋replier（9割・美容予約サービス） ⑥なぜ今=replier（「下期の開発計画」が closer の「今期」より具体） ⑦CTA=replier のハードルの低さ＋closer の商談品質を折衷（行動","修正パス(2026-09-18)"
"2026-09-13T04:21:00+09:00","株式会社雨風太陽","開発部","ご担当者","【0→1相談OK】複数プロダクトの内製開発を、専門人材体制で並走支援","開発部 ご担当者様

複数のSaaS/ASPプロダクトを内製運営される御社では、開発体制が逼迫する場面もあるかと存じます。

私たち株式会社レイハウオリは、Web領域を中心に、ITリソースや専門人材が不足しているお客様を支援しています。
社内には、エンジニア・デザイナー・ディレクター・PMなど、各分野のエキスパートが在籍しています。
「何を作ればいいのかわからない」「IT周りをまとめて任せたい」といった0→1のご相談から、「社員の退職に伴うリソース不足を補いたい」といったSESのご要望まで、課題やフェーズに応じて幅広く対応しています。

内製だけで抱えるほど、刷新やリリースは遅れがちです。ご興味があれば、このフォームにご返信ください。

株式会社Lei Hau'oli
（tel）050-5497-3411
（mail）ml.account-sales@leihauoli.com","380","75","81","87","92","合成","0","- モード: 合成 - 部品ごとの採用元: ①件名=closer ②宛名＋冒頭2行=closer ③課題提示=closer ④自社紹介＋USP=closer＋replier（「1名からチーム単位まで」を明示化） ⑤FAB+E＋実績=closer ⑥なぜ今=replier ⑦CTA=replier（低ハードル返信）＋closer（15分の整理） ⑧署名=共通 - opener: 冒頭のパーソナライズ","修正パス(2026-09-18)"
"2026-09-13T04:23:24+09:00","カイロスマーケティング株式会社","開発部","ご担当者","【15分で開発体制のご相談】複数プロダクト運営のカイロスマーケティング様へ","開発部 ご担当者様

複数のプロダクトを内製で運営し、UI改修や新機能追加、レガシー刷新も並行しておられるかとお見受けします。

私たち株式会社レイハウオリは、Web領域を中心に、ITリソースや専門人材が不足しているお客様を支援しています。
社内には、エンジニア・デザイナー・ディレクター・PMなど、各分野のエキスパートが在籍しています。
「何を作ればいいのかわからない」「IT周りをまとめて任せたい」といった0→1のご相談から、「社員の退職に伴うリソース不足を補いたい」といったSESのご要望まで、課題やフェーズに応じて幅広く対応しています。

下期の開発計画を固める前が、体制を見直す好機です。ご興味があれば、このフォームにご返信ください。

株式会社Lei Hau'oli
（tel）050-5497-3411
（mail）ml.account-sales@leihauoli.com","381","76","83","83","91","合成","0","- モード: 合成 - 部品ごとの採用元: ①件名=closer（社名名指しで開封力最強／【】＋「1名」で A2 充足） ②宛名＋冒頭2行=replier（内製運営・UI改修・レガシー刷新の三点描写が最も具体） ③課題提示=replier（「クライアント案件で要員を出しきれない」を疑問形で当て込み） ④自社紹介＋USP=closer（「フロントエンド特化で1名からチーム単位」を早い位置で言い切り）","修正パス(2026-09-18)"
"2026-09-13T04:23:37+09:00","株式会社Ptmind","開発部","ご担当者","【Ptmind開発部様】0→1のご相談からSESまで幅広く対応","開発部 ご担当者様

UI改修と新機能開発の要望が同時に来て、レガシー刷新が後回しになっていないでしょうか。

対応が遅れると、次の四半期にしわ寄せが出かねません。

私たち株式会社レイハウオリは、Web領域を中心に、ITリソースや専門人材が不足しているお客様を支援しています。
社内には、エンジニア・デザイナー・ディレクター・PMなど、各分野のエキスパートが在籍しています。
「何を作ればいいのかわからない」「IT周りをまとめて任せたい」といった0→1のご相談から、「社員の退職に伴うリソース不足を補いたい」といったSESのご要望まで、課題やフェーズに応じて幅広く対応しています。

ご興味があれば、このフォームにご返信ください。

株式会社Lei Hau'oli
（tel）050-5497-3411
（mail）ml.account-sales@leihauoli.com","373","76","81","87","91","合成","0","- モード: 合成 - 部品ごとの採用元: ①件名=closer（社名入り）＋replier（40名） ②宛名=全案共通 ③冒頭2行・課題提示=replier ④自社紹介＋USP=closer ⑤FAB+E・実績=closer＋replier（jQuery→React移行/SPA化） ⑥なぜ今=replier（次の四半期の損失） ⑦CTA=replier（一言返信）＋closer（15分整理）を返","修正パス(2026-09-18)"
"2026-09-13T04:25:20+09:00","株式会社Welby","開発部","ご担当者","【SaaS/ASP運営企業向け】0→1の立ち上げから体制構築までご相談ください","開発部 ご担当者様

複数プロダクトのUI改修と新機能開発が同時に走り、レガシー刷新が後回しになっていないでしょうか。

私たち株式会社レイハウオリは、Web領域を中心に、ITリソースや専門人材が不足しているお客様を支援しています。
社内には、エンジニア・デザイナー・ディレクター・PMなど、各分野のエキスパートが在籍しています。
「何を作ればいいのかわからない」「IT周りをまとめて任せたい」といった0→1のご相談から、「社員の退職に伴うリソース不足を補いたい」といったSESのご要望まで、課題やフェーズに応じて幅広く対応しています。

繁忙期に人を探し始めてからでは間に合いません。ご興味があれば、このメールにご返信ください。

株式会社Lei Hau'oli
（tel）050-5497-3411
（mail）ml.account-sales@leihauoli.com","374","84","84","83","91","合成","0","- モード: 合成 - 部品ごとの採用元: ①件名=opener（一部圧縮） ②宛名=共通 ③冒頭パーソナライズ／課題提示=replier ④自社紹介＋USP=closer ⑤FAB+E＋実績=closer ⑥なぜ今=replier ⑦CTA=replier ⑧署名=共通 - opener: 件名に相手の事業ワード（SaaS/ASP）と数字2つを載せ、転送先でも自社宛てと分かる開封力が3案中最強。","修正パス(2026-09-18)"
"2026-09-13T04:23:57+09:00","株式会社コントロールテクノロジー","開発部","ご担当者","【15分で相談】複数プロダクトのUI改修を止めない増員体制","開発部 ご担当者様

御社では複数プロダクトのUI改修と新機能追加が同時に進み、内製チームだけでは厳しいのではないでしょうか。

私たち株式会社レイハウオリは、Web領域を中心に、ITリソースや専門人材が不足しているお客様を支援しています。
社内には、エンジニア・デザイナー・ディレクター・PMなど、各分野のエキスパートが在籍しています。
「何を作ればいいのかわからない」「IT周りをまとめて任せたい」といった0→1のご相談から、「社員の退職に伴うリソース不足を補いたい」といったSESのご要望まで、課題やフェーズに応じて幅広く対応しています。

負荷が偏ると遅延が積み重なります。

ご興味があれば、このフォームにご返信ください。

株式会社Lei Hau'oli
（tel）050-5497-3411
（mail）ml.account-sales@leihauoli.com","373","83","84","84","91","合成","0","- モード: 合成 - 部品ごとの採用元: ①件名=replier（closerの「UI改修を止めない」を接合）②宛名＋冒頭2行=replier ③課題提示=replier ④自社紹介＋USP=replier/closer ⑤FAB+E＝closer（openerの「大手BtoC直請けの開発フロー」を接合）⑥なぜ今=closer ⑦CTA=closer ⑧署名=共通 - opener: 件名の固有","修正パス(2026-09-18)"
"2026-09-13T04:25:29+09:00","株式会社シェアダイン","開発部","ご担当者","【管理画面・ダッシュボード改修】0→1のご相談も柔軟に対応","開発部 ご担当者様

管理画面・ダッシュボードのフロントエンド改修がバックログに積み上がっていませんか。

私たち株式会社レイハウオリは、Web領域を中心に、ITリソースや専門人材が不足しているお客様を支援しています。
社内には、エンジニア・デザイナー・ディレクター・PMなど、各分野のエキスパートが在籍しています。
「何を作ればいいのかわからない」「IT周りをまとめて任せたい」といった0→1のご相談から、「社員の退職に伴うリソース不足を補いたい」といったSESのご要望まで、課題やフェーズに応じて幅広く対応しています。

期末に向け、今動くかでリリース速度が変わります。

ご興味があれば、ご返信ください。

株式会社Lei Hau'oli
（tel）050-5497-3411
（mail）ml.account-sales@leihauoli.com","362","85","80","83","93","合成","0","- モード: 合成 - 部品ごとの採用元: ①件名=opener（課題ワード＋数字、転送しやすい／【】内を短縮） ②宛名＋冒頭2行=opener ③パーソナライズ／課題提示=opener ④自社紹介＋USP=closer（大手BtoC直請け×フロントエンド専門×1名から） ⑤FAB+E＋実績=closer＋replier（2008年設立を実績文に統合し「2008年に参画」と誤読される closer","修正パス(2026-09-18)"
"2026-09-13T04:21:40+09:00","株式会社FiNC Technologies","開発部","ご担当者","【複数プロダクトの並走開発向け】まずは15分、開発体制についてご相談","開発部 ご担当者様

複数プロダクトを運営される御社では、レガシー刷新まで手が回っていないのではないでしょうか。

私たち株式会社レイハウオリは、Web領域を中心に、ITリソースや専門人材が不足しているお客様を支援しています。
社内には、エンジニア・デザイナー・ディレクター・PMなど、各分野のエキスパートが在籍しています。
「何を作ればいいのかわからない」「IT周りをまとめて任せたい」といった0→1のご相談から、「社員の退職に伴うリソース不足を補いたい」といったSESのご要望まで、課題やフェーズに応じて幅広く対応しています。

採用活動の間もリリース遅延の損失は積み上がります。

15分ほどオンラインでお話しできればと思います。ご興味があれば、本メールにご返信ください。

株式会社Lei Hau'oli
（tel）050-5497-3411
（mail）ml.account-sales@leihauoli.com","396","86","84","78","92","合成","0","- モード: 合成 - 部品ごとの採用元: ①件名=opener ②宛名=opener（空白入りの正規形） ③冒頭2行・課題提示=replier ④自社紹介＋USP=replier（USP一言「フロントエンドだけを1名からチーム単位で」） ⑤FAB+E＝opener＋replier（技術名はreplier、Benefit文はopener） ⑥なぜ今=opener（「中途採用に数か月」は §4 Ad","修正パス(2026-09-18)"
"2026-09-13T04:26:57+09:00","株式会社Loco Partners","開発部","ご担当者","【Loco Partners様｜複数プロダクトのUI改修】0→1から幅広く対応","開発部 ご担当者様

複数プロダクトの大規模UIを内製で抱え、フロントエンドの人手が不足していませんか。

私たち株式会社レイハウオリは、Web領域を中心に、ITリソースや専門人材が不足しているお客様を支援しています。
社内には、エンジニア・デザイナー・ディレクター・PMなど、各分野のエキスパートが在籍しています。
「何を作ればいいのかわからない」「IT周りをまとめて任せたい」といった0→1のご相談から、「社員の退職に伴うリソース不足を補いたい」といったSESのご要望まで、課題やフェーズに応じて幅広く対応しています。

下期の体制確定前の今が動き時です。

ご興味があれば、このフォームにご返信ください。

株式会社Lei Hau'oli
（tel）050-5497-3411
（mail）ml.account-sales@leihauoli.com","362","76","81","87","92","合成","0","- モード: 合成 - 部品ごとの採用元: ①件名=closer（社名明記）＋opener（課題ワード・40名/1名の数字） ②宛名＝3案共通 ③冒頭フック＝replier（「同時に回すと人手が足りなくなりませんか」）＋opener（「慢性的に」） ④自社紹介＋USP＝closer ⑤FAB+E・実績＝closer（数字は9割の記述を削除して安全化） ⑥なぜ今＝replier（「下期の体制が固まる","修正パス(2026-09-18)"
"2026-09-13T04:27:12+09:00","ログミー株式会社","開発部","ご担当者","【15分で解消】ログミー様、複数プロダクト並走のUI改修滞留にご提案","開発部 ご担当者様

複数プロダクトの大規模UIを内製で抱えるログミー様では、新機能優先でレガシー刷新が後回しになっていないでしょうか。

私たち株式会社レイハウオリは、Web領域を中心に、ITリソースや専門人材が不足しているお客様を支援しています。
社内には、エンジニア・デザイナー・ディレクター・PMなど、各分野のエキスパートが在籍しています。
「何を作ればいいのかわからない」「IT周りをまとめて任せたい」といった0→1のご相談から、「社員の退職に伴うリソース不足を補いたい」といったSESのご要望まで、課題やフェーズに応じて幅広く対応しています。

下期に向け要望が増えるほど負荷は高まります。

ご興味があれば本メールにご返信ください。

株式会社Lei Hau'oli
（tel）050-5497-3411
（mail）ml.account-sales@leihauoli.com","380","78","79","90","91","合成","0","- モード: 合成 - 部品ごとの採用元: ①件名=closer ②宛名＋冒頭=closer ③課題提示=replier（「新機能優先でレガシー刷新が後回し」の言い当て） ④自社紹介＋USP=closer ⑤FAB+E=closer＋replier（「既存フローに合わせて並走」） ⑥なぜ今=replier（下期の積み上がり） ⑦CTA=closer（決裁者接続＋返信1本） ⑧署名=共通 - ope","修正パス(2026-09-18)"
"2026-09-13T04:26:59+09:00","株式会社トライスパイド","開発部","ご担当者","【15分で解決】複数プロダクトのUI改修とレガシー刷新、両立できていますか","開発部 ご担当者様

複数プロダクトのUI改修とレガシー刷新、両方を進めるリソースは足りていますか。

私たち株式会社レイハウオリは、Web領域を中心に、ITリソースや専門人材が不足しているお客様を支援しています。
社内には、エンジニア・デザイナー・ディレクター・PMなど、各分野のエキスパートが在籍しています。
「何を作ればいいのかわからない」「IT周りをまとめて任せたい」といった0→1のご相談から、「社員の退職に伴うリソース不足を補いたい」といったSESのご要望まで、課題やフェーズに応じて幅広く対応しています。

年度後半の計画が固まる前の今がチャンスです。「15分希望」とご返信ください。

株式会社Lei Hau'oli
（tel）050-5497-3411
（mail）ml.account-sales@leihauoli.com","358","82","85","84","92","合成","0","- モード: 合成 - 部品ごとの採用元: ①件名=replier（数字表現のみ修正）②宛名＋冒頭2行=replier ③パーソナライズ／課題提示=replier ④自社紹介＋USP=opener ⑤FAB+E＋実績=closer＋opener ⑥なぜ今=closer ⑦CTA=closer（15分）×replier（返信ハードル最小化）の統合 ⑧署名=共通 - opener: 件名・冒頭の固有ワ","修正パス(2026-09-18)"
"2026-09-13T04:29:00+09:00","株式会社ファンオブライフ","開発部","ご担当者","【0→1からSESまで】複数プロダクトのUI改修と刷新、並走できていますか","開発部 ご担当者様

複数プロダクトの大規模UIを内製で抱え、レガシー刷新と新機能開発の並走で負荷が平準化できていないのではないでしょうか。

私たち株式会社レイハウオリは、Web領域を中心に、ITリソースや専門人材が不足しているお客様を支援しています。
社内には、エンジニア・デザイナー・ディレクター・PMなど、各分野のエキスパートが在籍しています。
「何を作ればいいのかわからない」「IT周りをまとめて任せたい」といった0→1のご相談から、「社員の退職に伴うリソース不足を補いたい」といったSESのご要望まで、課題やフェーズに応じて幅広く対応しています。

放置するほど改修の遅れは積み重なります。ご興味があれば、このメールにご返信ください。

株式会社Lei Hau'oli
（tel）050-5497-3411
（mail）ml.account-sales@leihauoli.com","382","78","76","79","89","合成","0","- モード: 合成 - 部品ごとの採用元: ①件名=replier（宛て感補強のためopenerの「複数プロダクト」を挿入） ②宛名＋冒頭2行=opener ③課題提示=replier ④自社紹介＋USP=closer ⑤FAB+E＋実績=closer ⑥なぜ今=closer（放置コスト）＋opener（採用期間） ⑦CTA=replier（低ハードル返信）をcloserの15分情報交換に接続 ⑧","修正パス(2026-09-18)"
"2026-09-13T04:30:00+09:00","株式会社オープンエイト","開発部","ご担当者","【開発リソース不足】15分で体制の空き状況をご案内","開発部 ご担当者様

広告・映像制作とWebサービス運営を手がける御社では、複数プロダクトの開発が並走し、リソースが不足していませんか。

私たち株式会社レイハウオリは、Web領域を中心に、ITリソースや専門人材が不足しているお客様を支援しています。
社内には、エンジニア・デザイナー・ディレクター・PMなど、各分野のエキスパートが在籍しています。
「何を作ればいいのかわからない」「IT周りをまとめて任せたい」といった0→1のご相談から、「社員の退職に伴うリソース不足を補いたい」といったSESのご要望まで、課題やフェーズに応じて幅広く対応しています。

中途採用には数か月かかります。まずは15分のオンラインで体制の空き状況をお伝えします。

ご興味があれば、ご返信ください。

株式会社Lei Hau'oli
（tel）050-5497-3411
（mail）ml.account-sales@leihauoli.com","397","81","84","82","92","合成","0","- モード: 合成 - 部品ごとの採用元: ①件名=replier ②宛名＋冒頭=closer（事業内容の固有性）＋replier（課題翻訳） ③課題提示=replier ④自社紹介＋USP=closer ⑤FAB+E＋実績=closer＋replier ⑥なぜ今=replier ⑦CTA=closer（15分オンライン／ただし「決裁者指定」は返信ハードルを上げるため除去） ⑧署名=共通 - op","修正パス(2026-09-18)"
"2026-09-13T04:31:15+09:00","アズウェル株式会社","開発部","ご担当者","【複数プロダクト・大規模UI刷新向け】0→1のご相談からSESのご要望まで幅広く対応","開発部 ご担当者様

複数プロダクトの大規模UIを内製で運用され、フロントエンドの手が足りていないのではないでしょうか。

私たち株式会社レイハウオリは、Web領域を中心に、ITリソースや専門人材が不足しているお客様を支援しています。
社内には、エンジニア・デザイナー・ディレクター・PMなど、各分野のエキスパートが在籍しています。
「何を作ればいいのかわからない」「IT周りをまとめて任せたい」といった0→1のご相談から、「社員の退職に伴うリソース不足を補いたい」といったSESのご要望まで、課題やフェーズに応じて幅広く対応しています。

下期の開発計画が動き出すこの時期に着手を。

必要な体制について、ご返信いただけますと幸いです。

株式会社Lei Hau'oli
（tel）050-5497-3411
（mail）ml.account-sales@leihauoli.com","376","84","78","82","91","合成","0","- モード: 合成 - 部品ごとの採用元: ①件名=opener ②宛名＋冒頭=opener/closer混成（課題仮説語を圧縮） ③課題提示=closer ④自社＋USP=closer（USP前倒し） ⑤FAB+E=closer＋opener ⑥なぜ今=replier（下期・年度末／数字転用部は不使用） ⑦CTA=closer＋replier混成（15分の商談設計＋「可否だけ返信」の低ハードル化","修正パス(2026-09-18)"
"2026-09-13T04:32:19+09:00","株式会社スマテン","開発部","ご担当者","【0→1からSESまで】UI改修とレガシー刷新、並走できていますか","開発部 ご担当者様

複数プロダクトのUI刷新と新機能開発、並走できていますか。

私たち株式会社レイハウオリは、Web領域を中心に、ITリソースや専門人材が不足しているお客様を支援しています。
社内には、エンジニア・デザイナー・ディレクター・PMなど、各分野のエキスパートが在籍しています。
「何を作ればいいのかわからない」「IT周りをまとめて任せたい」といった0→1のご相談から、「社員の退職に伴うリソース不足を補いたい」といったSESのご要望まで、課題やフェーズに応じて幅広く対応しています。

下期の体制調整が本格化する前に、選択肢を持っておくべきです。

ご興味があれば、このフォームにご返信ください。

株式会社Lei Hau'oli
（tel）050-5497-3411
（mail）ml.account-sales@leihauoli.com","363","84","87","77","93","合成","0","- モード: 合成 - 部品ごとの採用元: ①件名=replier ②宛名＋冒頭2行=replier ③課題提示=replier ④自社紹介＋USP=opener（社名位置をreplier流に圧縮） ⑤FAB+E＋実績=opener ⑥なぜ今=opener（機会損失）＋replier（下期の時間軸） ⑦CTA=replier（6文字返信） ⑧署名=opener（部署＋氏名欄あり） - opener","修正パス(2026-09-18)"
"2026-09-13T04:30:55+09:00","フォッグ株式会社","開発部","ご担当者","【開発体制】0→1から並走まで、レガシー刷新と新機能開発を支えます","開発部 ご担当者様

複数プロダクトを内製運営される貴社では、レガシー刷新と新機能開発が同時に走る場面も多いのではないでしょうか。

私たち株式会社レイハウオリは、Web領域を中心に、ITリソースや専門人材が不足しているお客様を支援しています。
社内には、エンジニア・デザイナー・ディレクター・PMなど、各分野のエキスパートが在籍しています。
「何を作ればいいのかわからない」「IT周りをまとめて任せたい」といった0→1のご相談から、「社員の退職に伴うリソース不足を補いたい」といったSESのご要望まで、課題やフェーズに応じて幅広く対応しています。

下期の開発計画を固める今こそ体制を整える好機です。ご興味があれば、このメールにご返信ください。

株式会社Lei Hau'oli
（tel）050-5497-3411
（mail）ml.account-sales@leihauoli.com","382","74","81","76","91","合成","0","- モード: 合成 - 部品ごとの採用元: ①件名=replier（数字誤用を含まない部分／「専門」→「体制」に補正） ②宛名＝共通 ③冒頭2行・課題提示=replier ④自社紹介＋USP=closer ⑤FAB+E＝closer＋opener ⑥なぜ今=closer ⑦CTA=replier ⑧署名=共通 - opener: 課題仮説の当て込みと実績提示は堅実。ただし件名が約50字で切れるうえ","修正パス(2026-09-18)"
"2026-09-13T04:30:41+09:00","株式会社tacoms","開発部","ご担当者","【SaaS管理画面】バックログ、下期前に15分で整理しませんか","開発部 ご担当者様

内製チームで新機能とレガシー刷新を回すと、フロントエンド改修が後回しになりがちです。下期に入るとバックログはさらに積み上がります。

私たち株式会社レイハウオリは、Web領域を中心に、ITリソースや専門人材が不足しているお客様を支援しています。
社内には、エンジニア・デザイナー・ディレクター・PMなど、各分野のエキスパートが在籍しています。
「何を作ればいいのかわからない」「IT周りをまとめて任せたい」といった0→1のご相談から、「社員の退職に伴うリソース不足を補いたい」といったSESのご要望まで、課題やフェーズに応じて幅広く対応しています。

ご興味があれば、このフォームにご返信ください。

株式会社Lei Hau'oli
（tel）050-5497-3411
（mail）ml.account-sales@leihauoli.com","369","82","88","77","91","合成","0","- モード: 合成 - 部品ごとの採用元: ①件名=opener（課題ワード）＋replier（下期の時間軸）を短縮合成 ②宛名＋冒頭=replier ③課題提示・不急=replier ④USP=replier（closerの排他表現は除去） ⑤実績＝opener/closer共通の§4準拠部分 ⑥Benefit=closer「バックログの外へ切り出す→内製チームが新機能に集中」 ⑦CTA=rep","修正パス(2026-09-18)"
"2026-09-13T04:35:22+09:00","株式会社クリュートメディカルシステムズ","情報システム部","ご担当者","【医療機器業界向け】外注品質のばらつきを0→1の体制構築で解消","情報システム部 ご担当者様

製品情報サイトや社内システムのWeb化で、外注先ごとに品質がばらつく点が課題です。

私たち株式会社レイハウオリは、Web領域を中心に、ITリソースや専門人材が不足しているお客様を支援しています。
社内には、エンジニア・デザイナー・ディレクター・PMなど、各分野のエキスパートが在籍しています。
「何を作ればいいのかわからない」「IT周りをまとめて任せたい」といった0→1のご相談から、「社員の退職に伴うリソース不足を補いたい」といったSESのご要望まで、課題やフェーズに応じて幅広く対応しています。

外注品質のばらつきを放置するほど内製負荷は増えます。

ご興味あればご返信ください。

株式会社Lei Hau'oli
（tel）050-5497-3411
（mail）ml.account-sales@leihauoli.com","366","79","80","76","90","合成","0","- モード: 合成 - 部品ごとの採用元: ①件名=opener（一部圧縮） ②宛名=opener ③冒頭2行・課題提示=replier ④自社紹介＋USP=opener ⑤FAB+E＋実績=closer ⑥なぜ今=closer ⑦CTA=closer ⑧署名=opener - opener: 強み＝件名に「医療機器」「外注品質のばらつき」「40名」を載せ、転送されても要件が伝わる。弱み＝USPが","修正パス(2026-09-18)"
"2026-09-13T04:36:46+09:00","株式会社Garage","開発部","ご担当者","【Garage様】ゲーム本体開発に集中するための、0→1からの選択肢","開発部 ご担当者様

本体開発にエンジニアを集中させたいが、公式サイトや運営管理ツールの改修が後回しになっていないでしょうか。

私たち株式会社レイハウオリは、Web領域を中心に、ITリソースや専門人材が不足しているお客様を支援しています。
社内には、エンジニア・デザイナー・ディレクター・PMなど、各分野のエキスパートが在籍しています。
「何を作ればいいのかわからない」「IT周りをまとめて任せたい」といった0→1のご相談から、「社員の退職に伴うリソース不足を補いたい」といったSESのご要望まで、課題やフェーズに応じて幅広く対応しています。

負荷の偏りは、放置するほど新機能開発の遅延に波及します。ご興味があれば、このフォームにご返信ください。

株式会社Lei Hau'oli
（tel）050-5497-3411
（mail）ml.account-sales@leihauoli.com","384","80","84","87","92","合成","0","- モード: 合成 - 部品ごとの採用元: ①件名=closer ②宛名＋冒頭=replier ③パーソナライズ／課題提示=replier ④自社紹介＋USP=closer ⑤FAB+E＋実績=closer ⑥なぜ今=closer ⑦CTA=replier（ハードルの低さ）をcloser寄りに調整 ⑧署名=opener - opener: 冒頭の課題直撃と返信CTAの素直さは良い。件名の【】が20","修正パス(2026-09-18)"
"2026-09-13T04:35:03+09:00","サスメド株式会社","開発部","ご担当者","【0→1のご相談も】複数プロダクト並走の御社へ、繁忙期の増員案","開発部 ご担当者様

医療・福祉領域で複数のWebサービスを運営される御社では、繁忙期に開発が重なることもあるのではないでしょうか。

私たち株式会社レイハウオリは、Web領域を中心に、ITリソースや専門人材が不足しているお客様を支援しています。
社内には、エンジニア・デザイナー・ディレクター・PMなど、各分野のエキスパートが在籍しています。
「何を作ればいいのかわからない」「IT周りをまとめて任せたい」といった0→1のご相談から、「社員の退職に伴うリソース不足を補いたい」といったSESのご要望まで、課題やフェーズに応じて幅広く対応しています。

繁忙期の増員体制は、早めのご検討がおすすめです。

ご興味があれば、ご返信ください。

株式会社Lei Hau'oli
（tel）050-5497-3411
（mail）ml.account-sales@leihauoli.com","376","84","83","80","90","合成","0","- モード: 合成 - 部品ごとの採用元: ①件名=replier ②宛名＋冒頭2行=replier ③課題提示=replier ④自社紹介＋USP=closer ⑤FAB+E＋実績=closer（Feature短縮） ⑥なぜ今=opener＋replier ⑦CTA=replier（返信）＋closerの15分を次段として接続 ⑧署名=opener - opener: 件名の課題ワード密度と「次","修正パス(2026-09-18)"
"2026-09-13T04:35:45+09:00","ENGAWA株式会社","開発部","ご担当者","【ENGAWA様 開発部へ】UI刷新と新機能開発、0→1から並走支援","開発部 ご担当者様

UI刷新と新機能開発の並走で、フロントエンドのリソースが不足していないでしょうか。

私たち株式会社レイハウオリは、Web領域を中心に、ITリソースや専門人材が不足しているお客様を支援しています。
社内には、エンジニア・デザイナー・ディレクター・PMなど、各分野のエキスパートが在籍しています。
「何を作ればいいのかわからない」「IT周りをまとめて任せたい」といった0→1のご相談から、「社員の退職に伴うリソース不足を補いたい」といったSESのご要望まで、課題やフェーズに応じて幅広く対応しています。

先延ばしは両方の遅延に繋がります。

ご興味があればご返信ください。

株式会社Lei Hau'oli
（tel）050-5497-3411
（mail）ml.account-sales@leihauoli.com","354","80","84","87","90","合成","0","- モード: 合成 - 部品ごとの採用元: ①件名=closer（社名）＋opener（数字40）の合成 ②冒頭＝replier ③課題提示＝replier ④自社紹介＋USP＝closer（Feature列挙を圧縮） ⑤FAB+E＝closer ⑥なぜ今＝closer ⑦CTA＝replier（規模だけ返信）＋見返り一文 ⑧署名＝closer - opener: 件名に課題ワードを詰めた点は良い","修正パス(2026-09-18)"
"2026-09-13T16:49:56+09:00","株式会社ECADソリューションズ","開発部","ご担当者","【複数プロダクトのUI改修に】0→1の相談からSES活用まで対応","開発部 ご担当者様

複数プロダクトのUI改修や新機能追加が重なり、フロントエンドの手が回らず、レガシー刷新が後回しになっていないでしょうか。

私たち株式会社レイハウオリは、Web領域を中心に、ITリソースや専門人材が不足しているお客様を支援しています。
社内には、エンジニア・デザイナー・ディレクター・PMなど、各分野のエキスパートが在籍しています。
「何を作ればいいのかわからない」「IT周りをまとめて任せたい」といった0→1のご相談から、「社員の退職に伴うリソース不足を補いたい」といったSESのご要望まで、課題やフェーズに応じて幅広く対応しています。

繁忙期前の今、体制を整えることが重要です。ご興味があれば、ご返信ください。

株式会社Lei Hau'oli
（tel）050-5497-3411
（mail）ml.account-sales@leihauoli.com","378","78","81","80","89","合成","0","- モード: 合成 - 部品ごとの採用元: ①件名=opener ②宛名＋冒頭=replier ③課題提示=replier ④自社紹介＋USP=closer ⑤FAB+E=closer ⑥なぜ今=replier（繁忙期に両方止まる）＋closer（年度後半の計画確定前） ⑦CTA=closer（15分情報交換への返信1本） ⑧署名=共通 - opener: 件名が課題仮説の固有ワード「複数プロダク","修正パス(2026-09-18)"
"2026-09-13T04:35:22+09:00","株式会社Splink","開発部","ご担当者","【医療・福祉SaaS向け】管理画面バックログ、15分で解消策を整理","開発部 ご担当者様

貴社の医療・福祉向けSaaSでは、管理画面・ダッシュボードの改修がバックログに積み上がっていませんか。

私たち株式会社レイハウオリは、Web領域を中心に、ITリソースや専門人材が不足しているお客様を支援しています。
社内には、エンジニア・デザイナー・ディレクター・PMなど、各分野のエキスパートが在籍しています。
「何を作ればいいのかわからない」「IT周りをまとめて任せたい」といった0→1のご相談から、「社員の退職に伴うリソース不足を補いたい」といったSESのご要望まで、課題やフェーズに応じて幅広く対応しています。

要望が増える時期ほど改修は積み上がります。ご興味があれば、ご返信ください。

株式会社Lei Hau'oli
（tel）050-5497-3411
（mail）ml.account-sales@leihauoli.com","369","83","79","87","91","合成","0","- モード: 合成 - 部品ごとの採用元: ①件名=opener ②宛名＋冒頭2行=closer ③パーソナライズ／課題提示=closer ④自社紹介＋USP=closer（opener「設立18年目」を圧縮採用） ⑤FAB+E＋実績=closer ⑥なぜ今=replier「要望が増える時期こそ」＋closer「放置すればするほど積み上がる」を1文に統合 ⑦CTA=replier（低ハードル返信）","修正パス(2026-09-18)"
"2026-09-13T16:49:25+09:00","Hmcomm株式会社","開発部","ご担当者","【Hmcomm開発部様】複数プロダクト並走の負荷、0→1のご相談も歓迎","開発部 ご担当者様

複数プロダクトの大規模UIを内製で回しながら、刷新と新機能開発を同時に進めるのは大変な状況かと存じます。

私たち株式会社レイハウオリは、Web領域を中心に、ITリソースや専門人材が不足しているお客様を支援しています。
社内には、エンジニア・デザイナー・ディレクター・PMなど、各分野のエキスパートが在籍しています。
「何を作ればいいのかわからない」「IT周りをまとめて任せたい」といった0→1のご相談から、「社員の退職に伴うリソース不足を補いたい」といったSESのご要望まで、課題やフェーズに応じて幅広く対応しています。

年末の改修需要が重なる前が動きどきです。ご興味があれば、このフォームにご返信ください。

株式会社Lei Hau'oli
（tel）050-5497-3411
（mail）ml.account-sales@leihauoli.com","376","79","78","86","90","合成","0","- モード: 合成 - 部品ごとの採用元: ①件名=closer（社名直指しで転送率最大）②宛名＋冒頭2行=replier（課題の言い当てが最も鋭い／数字誤用なし部分）③パーソナライズ＝replier＋opener ④自社紹介＋USP=closer ⑤FAB+E＋実績=closer（美容予約サービス＋約40名＋2008年設立）⑥なぜ今=opener（年末改修需要／9月時点で自然）⑦CTA=repl","修正パス(2026-09-18)"
"2026-09-13T16:50:33+09:00","株式会社ヴェシカ","開発部","ご担当者","【0→1】複数プロダクト運営、フロントエンド増員のご相談","開発部 ご担当者様

複数プロダクトを内製で抱える御社では、繁忙期の増員が採用だけでは間に合わないかと存じます。

私たち株式会社レイハウオリは、Web領域を中心に、ITリソースや専門人材が不足しているお客様を支援しています。
社内には、エンジニア・デザイナー・ディレクター・PMなど、各分野のエキスパートが在籍しています。
「何を作ればいいのかわからない」「IT周りをまとめて任せたい」といった0→1のご相談から、「社員の退職に伴うリソース不足を補いたい」といったSESのご要望まで、課題やフェーズに応じて幅広く対応しています。

受託案件の波が来てからでは間に合いません。

ご興味があれば、ご返信ください。

株式会社Lei Hau'oli
（tel）050-5497-3411
（mail）ml.account-sales@leihauoli.com","363","81","85","79","91","合成","0","- モード: 合成 - 部品ごとの採用元: ①件名=opener（要素）＋replier（【1名から】の短さ）を再構成 ②宛名＋冒頭2行=replier ③パーソナライズ／課題提示=replier ④自社紹介＋USP=closer ⑤FAB+E＋実績=closer ⑥なぜ今=replier ⑦CTA=replier ⑧署名=共通 - opener: 課題仮説の固有ワードを件名に集中させた開封設計が","修正パス(2026-09-18)"
"2026-09-13T16:50:20+09:00","株式会社Globee","開発部","ご担当者","【Globee様】複数SaaS運営の御社へ、0→1もSESも柔軟対応","開発部 ご担当者様

複数のSaaS/ASPサービスを内製で運営される御社では、フロントエンドの人手が不足していないでしょうか。

私たち株式会社レイハウオリは、Web領域を中心に、ITリソースや専門人材が不足しているお客様を支援しています。
社内には、エンジニア・デザイナー・ディレクター・PMなど、各分野のエキスパートが在籍しています。
「何を作ればいいのかわからない」「IT周りをまとめて任せたい」といった0→1のご相談から、「社員の退職に伴うリソース不足を補いたい」といったSESのご要望まで、課題やフェーズに応じて幅広く対応しています。

下期の開発計画を組み直す前の今が好機です。

ご興味があれば、ご返信ください。

株式会社Lei Hau'oli
（tel）050-5497-3411
（mail）ml.account-sales@leihauoli.com","371","76","75","89","92","合成","0","- モード: 合成（失格2案は該当箇所除去のうえ素材利用。主軸は唯一無失格の closer） - 部品ごとの採用元: ①件名=closer ②宛名＋冒頭=closer ③パーソナライズ／課題提示=replier（「内製で運営」「レガシー刷新と並走」「慢性的に」） ④自社紹介＋USP=closer ⑤FAB+E＋実績=closer ⑥なぜ今=opener（採用に数か月のロス）＋replier（下期計","修正パス(2026-09-18)"
"2026-09-13T16:50:58+09:00","株式会社グロースデータ","開発部","ご担当者","【0→1】SaaS管理画面の改修バックログを解消","開発部 ご担当者様

複数のSaaSプロダクトの管理画面改修が、機能追加優先でバックログに積み上がっていませんか。

私たち株式会社レイハウオリは、Web領域を中心に、ITリソースや専門人材が不足しているお客様を支援しています。
社内には、エンジニア・デザイナー・ディレクター・PMなど、各分野のエキスパートが在籍しています。
「何を作ればいいのかわからない」「IT周りをまとめて任せたい」といった0→1のご相談から、「社員の退職に伴うリソース不足を補いたい」といったSESのご要望まで、課題やフェーズに応じて幅広く対応しています。

バックログは放置するほど改修コストが膨らみます。

ご興味があれば、このフォームにご返信ください。

株式会社Lei Hau'oli
（tel）050-5497-3411
（mail）ml.account-sales@leihauoli.com","374","81","83","86","93","合成","0","- モード: 合成 - 部品ごとの採用元: ①件名=closer（【】内に数字）＋opener（専任40名の固有ワード） ②宛名＋冒頭=replier ③課題提示=replier ④自社紹介＋USP=closer ⑤FAB+E=closer＋opener（美容予約サービス実績の明記） ⑥なぜ今=closer ⑦CTA=replier（4文字返信）＋closer（15分） ⑧署名=opener（担当","修正パス(2026-09-18)"
"2026-09-13T16:52:55+09:00","株式会社イリンクス","開発部","ご担当者","【ゲーム開発50名超の貴社へ】開発体制の見直し、15分で整理しませんか","開発部 ご担当者様

複数タイトルを内製で抱える御社では、公式サイトや運営ツールの改修が積み上がっていないでしょうか。

私たち株式会社レイハウオリは、Web領域を中心に、ITリソースや専門人材が不足しているお客様を支援しています。
社内には、エンジニア・デザイナー・ディレクター・PMなど、各分野のエキスパートが在籍しています。
「何を作ればいいのかわからない」「IT周りをまとめて任せたい」といった0→1のご相談から、「社員の退職に伴うリソース不足を補いたい」といったSESのご要望まで、課題やフェーズに応じて幅広く対応しています。

複数プロダクトを抱えるほど、負荷は先送りできません。ご興味があれば、このメールにご返信ください。

株式会社Lei Hau'oli
（tel）050-5497-3411
（mail）ml.account-sales@leihauoli.com","377","83","77","88","90","合成","0","- モード: 合成 - 部品ごとの採用元: ①件名=closer ②宛名=共通 ③パーソナライズ／課題提示=replier ④自社紹介＋USP=closer ⑤FAB+E＋実績=closer（opener の「1名からチーム単位」を明示化）⑥なぜ今=closer ⑦CTA=closer（replier のハードル最小化思想で「このメールへの返信」に一本化）⑧署名=opener/closer - o","修正パス(2026-09-18)"
"2026-09-13T16:53:07+09:00","フロッグウェル株式会社","開発部","ご担当者","【15分で情報交換】複数プロダクトのUI刷新、内製だけで回っていますか","開発部 ご担当者様

複数プロダクトのUI刷新と新機能開発を同時に回し、内製の手が足りない状況ではないでしょうか。

私たち株式会社レイハウオリは、Web領域を中心に、ITリソースや専門人材が不足しているお客様を支援しています。
社内には、エンジニア・デザイナー・ディレクター・PMなど、各分野のエキスパートが在籍しています。
「何を作ればいいのかわからない」「IT周りをまとめて任せたい」といった0→1のご相談から、「社員の退職に伴うリソース不足を補いたい」といったSESのご要望まで、課題やフェーズに応じて幅広く対応しています。

積み残しが増えるほど、来期のスピードが変わります。

ご興味があれば、このフォームにご返信ください。

株式会社Lei Hau'oli
（tel）050-5497-3411
（mail）ml.account-sales@leihauoli.com","375","84","81","86","92","合成","0","- モード: 合成 - 部品ごとの採用元: ①件名=opener（数字の具体性）＋closer（問いかけ型フック）②宛名＝共通 ③冒頭パーソナライズ=replier ④自社紹介＋USP=closer ⑤FAB+E=closer＋opener（技術スタック明示）⑥なぜ今=replier（今期／来期の時間軸）＋closer（積み残し）⑦CTA=closer（15分オンライン）⑧署名=opener - ","修正パス(2026-09-18)"
"2026-09-13T16:52:20+09:00","株式会社ブレインスリープ","開発部","ご担当者","【0→1】複数プロダクト×大規模UIの並走、体制は足りていますか","開発部 ご担当者様

複数プロダクトの大規模UIで、刷新と新機能開発の並走に手が足りていないのではないでしょうか。

私たち株式会社レイハウオリは、Web領域を中心に、ITリソースや専門人材が不足しているお客様を支援しています。
社内には、エンジニア・デザイナー・ディレクター・PMなど、各分野のエキスパートが在籍しています。
「何を作ればいいのかわからない」「IT周りをまとめて任せたい」といった0→1のご相談から、「社員の退職に伴うリソース不足を補いたい」といったSESのご要望まで、課題やフェーズに応じて幅広く対応しています。

UI改修の停滞が長引くほど、競合との差は広がります。ご興味があれば、このフォームにご返信ください。

株式会社Lei Hau'oli
（tel）050-5497-3411
（mail）ml.account-sales@leihauoli.com","376","84","85","82","93","合成","0","- モード: 合成 - 部品ごとの採用元: ①件名=opener（固有ワード）＋replier（【】内数字）を合成 ②宛名＋冒頭2行=replier ③課題提示=replier ④自社紹介＋USP=closer（「唯一の」を除去しUSP一言の範囲に修正） ⑤FAB+E＋実績=closer＋opener（開発フロー持込の因果） ⑥なぜ今=closer ⑦CTA=replier（返信1本）＋close","修正パス(2026-09-18)"
"2026-09-13T16:54:58+09:00","株式会社カウリス","技術部","ご担当者","【0→1】セキュリティ製品の管理コンソールUI、切り出せます","技術部 ご担当者様

セキュリティ専門のエンジニアが、管理コンソールのUI実装まで抱えていませんか。

私たち株式会社レイハウオリは、Web領域を中心に、ITリソースや専門人材が不足しているお客様を支援しています。
社内には、エンジニア・デザイナー・ディレクター・PMなど、各分野のエキスパートが在籍しています。
「何を作ればいいのかわからない」「IT周りをまとめて任せたい」といった0→1のご相談から、「社員の退職に伴うリソース不足を補いたい」といったSESのご要望まで、課題やフェーズに応じて幅広く対応しています。

下期の体制を固める前に整理しませんか。ご興味があれば、ご返信ください。

株式会社Lei Hau'oli
（tel）050-5497-3411
（mail）ml.account-sales@leihauoli.com","355","73","82","83","90","合成","0","- モード: 合成 - 部品ごとの採用元: ①件名=closer ②冒頭2行=closer（USP先出し＋課題直撃） ③パーソナライズ／課題提示=replier（「同じチームで並走させるとどちらも中途半端」）＋opener発想の「製品評価に直結」1文（表現は書き下ろし） ④自社紹介＋USP=closer ⑤FAB+E＋実績=closer ⑥なぜ今=replier（「下期の体制を固める前」） ⑦CT","修正パス(2026-09-18)"
"2026-09-13T16:53:49+09:00","株式会社manebi","開発部","ご担当者","【SaaS・通信教育の複数プロダクト】0→1からSESまで並走支援","開発部 ご担当者様

複数のSaaS・通信教育プロダクトを内製運営される貴社では、UI改修や新機能追加でリソースが不足していないでしょうか。

私たち株式会社レイハウオリは、Web領域を中心に、ITリソースや専門人材が不足しているお客様を支援しています。
社内には、エンジニア・デザイナー・ディレクター・PMなど、各分野のエキスパートが在籍しています。
「何を作ればいいのかわからない」「IT周りをまとめて任せたい」といった0→1のご相談から、「社員の退職に伴うリソース不足を補いたい」といったSESのご要望まで、課題やフェーズに応じて幅広く対応しています。

年度後半は人材確保が難しくなります。ご興味があれば、本メールにご返信ください。

株式会社Lei Hau'oli
（tel）050-5497-3411
（mail）ml.account-sales@leihauoli.com","379","81","76","74","88","選抜","0","- モード: 選抜（失格でない案が opener 1件のため。replier/closer は誤用箇所を除去した部品のみ最小限で流用） - 部品ごとの採用元: ①件名=opener（短縮のみ） ②冒頭=opener ③課題提示=opener ④USP=opener ⑤実績=opener＋closer の「大規模BtoCの品質基準をそのまま持ち込める」（§4 Advantage準拠） ⑥なぜ今=op","修正パス(2026-09-18)"
"2026-09-13T16:56:09+09:00","GMOリザーブプラス株式会社","開発部","ご担当者","【0→1のご相談から】フロントエンド開発リソース不足の解消をご支援","開発部 ご担当者様

複数プロダクトの大規模UIを内製で抱え、フロントエンド開発が止まっていないでしょうか。

私たち株式会社レイハウオリは、Web領域を中心に、ITリソースや専門人材が不足しているお客様を支援しています。
社内には、エンジニア・デザイナー・ディレクター・PMなど、各分野のエキスパートが在籍しています。
「何を作ればいいのかわからない」「IT周りをまとめて任せたい」といった0→1のご相談から、「社員の退職に伴うリソース不足を補いたい」といったSESのご要望まで、課題やフェーズに応じて幅広く対応しています。

年度後半の開発計画を見直す時期こそ好機です。

ご興味があれば、ご返信ください。

株式会社Lei Hau'oli
（tel）050-5497-3411
（mail）ml.account-sales@leihauoli.com","362","84","82","79","90","合成","0","- モード: 合成 - 部品ごとの採用元: ①件名=opener（末尾5字を圧縮）②宛名＋冒頭2行=opener ③課題提示=opener＋replier ④自社紹介＋USP=closer ⑤FAB+E＋実績=closer ⑥なぜ今=closer ⑦CTA=replier ⑧署名=opener - opener: 件名に「予約サービス」を置き社名（リザーブ＝予約）と実績を直結させた開封設計が最良。","修正パス(2026-09-18)"
"2026-09-13T16:56:11+09:00","株式会社エニトグループ","開発部","ご担当者","【0→1〜SESまで】レガシー刷新と新機能開発の並走を止めない増員策","開発部 ご担当者様

複数プロダクトを内製運営される中、レガシー刷新と新機能開発を並走させきれていないのではないでしょうか。

私たち株式会社レイハウオリは、Web領域を中心に、ITリソースや専門人材が不足しているお客様を支援しています。
社内には、エンジニア・デザイナー・ディレクター・PMなど、各分野のエキスパートが在籍しています。
「何を作ればいいのかわからない」「IT周りをまとめて任せたい」といった0→1のご相談から、「社員の退職に伴うリソース不足を補いたい」といったSESのご要望まで、課題やフェーズに応じて幅広く対応しています。

中途採用の間も改修要望は積み上がります。

ご興味があれば、ご返信ください。

株式会社Lei Hau'oli
（tel）050-5497-3411
（mail）ml.account-sales@leihauoli.com","368","82","81","84","92","合成","0","- モード: 合成 - 部品ごとの採用元: ①件名=opener（数字「40」＋課題固有語）＋closerの「止めない」語調 ②冒頭＝closer ③パーソナライズ＝closer ④自社紹介＋USP＝closer ⑤FAB+E＝closer＋opener（開発フロー持込） ⑥なぜ今＝closer（中途採用に数か月かける間も要望が積み上がる） ⑦CTA＝replier（「詳細希望」返信）＋close","修正パス(2026-09-18)"
"2026-09-13T16:56:12+09:00","A1A株式会社","開発部","ご担当者","【0→1からSESまで】複数プロダクトのUI改修・刷新を支援","開発部 ご担当者様

複数プロダクトの大規模UIを内製で抱えながら、レガシー刷新と新機能開発を並走させるのは簡単ではないはずです。

私たち株式会社レイハウオリは、Web領域を中心に、ITリソースや専門人材が不足しているお客様を支援しています。
社内には、エンジニア・デザイナー・ディレクター・PMなど、各分野のエキスパートが在籍しています。
「何を作ればいいのかわからない」「IT周りをまとめて任せたい」といった0→1のご相談から、「社員の退職に伴うリソース不足を補いたい」といったSESのご要望まで、課題やフェーズに応じて幅広く対応しています。

下期はUI改修の要望が増える時期です。

ご興味があれば、このフォームにご返信ください。

株式会社Lei Hau'oli
（tel）050-5497-3411
（mail）ml.account-sales@leihauoli.com","377","82","87","84","90","合成","0","- モード: 合成 - 部品ごとの採用元: ①件名=replier（【】内に「40」を入れ短く言い切る型／opener の件名は40字超で一覧表示で切れる）②宛名＝共通 ③冒頭・課題提示=replier（「刷新に着手したいのに改修依頼で手一杯」が最も自分事化する）④自社紹介＝closer＋replier ⑤FAB+E・実績=closer（採用を待たずに即戦力／技術スタック明示）⑥なぜ今=close","修正パス(2026-09-18)"
"2026-09-13T16:59:33+09:00","株式会社リーディング・ウィン","開発部","ご担当者","【0→1からSESまで】15分のご相談で、SPA化とUI改修を止めない開発支援","開発部 ご担当者様

React/Vueへの刷新やSPA化を控えながら、経験者が採れず対応が滞っていないでしょうか。

私たち株式会社レイハウオリは、Web領域を中心に、ITリソースや専門人材が不足しているお客様を支援しています。
社内には、エンジニア・デザイナー・ディレクター・PMなど、各分野のエキスパートが在籍しています。
「何を作ればいいのかわからない」「IT周りをまとめて任せたい」といった0→1のご相談から、「社員の退職に伴うリソース不足を補いたい」といったSESのご要望まで、課題やフェーズに応じて幅広く対応しています。

採用を待たずに進められます。

ご興味があればご返信ください。

株式会社Lei Hau'oli
（tel）050-5497-3411
（mail）ml.account-sales@leihauoli.com","357","85","86","88","91","合成","0","- モード: 合成 - 部品ごとの採用元: ①件名=closer（語を微調整）②宛名＋冒頭=closer ③パーソナライズ／課題提示=replier（「要望が積み上がっていないでしょうか」の実感語）④自社紹介＋USP=closer ⑤FAB+E＋実績=closer（Featureの列挙は字数確保のため圧縮）⑥なぜ今=closer＋replier（採用の数か月＋成長期の機会損失）⑦CTA=close","修正パス(2026-09-18)"
"2026-09-13T16:56:42+09:00","株式会社ビルドイット","開発部","ご担当者","【0→1からSESまで】複数プロダクトのUI改修を支援","開発部 ご担当者様

複数プロダクトのUI改修要望に対し、フロントエンドの手が不足していないでしょうか。

私たち株式会社レイハウオリは、Web領域を中心に、ITリソースや専門人材が不足しているお客様を支援しています。
社内には、エンジニア・デザイナー・ディレクター・PMなど、各分野のエキスパートが在籍しています。
「何を作ればいいのかわからない」「IT周りをまとめて任せたい」といった0→1のご相談から、「社員の退職に伴うリソース不足を補いたい」といったSESのご要望まで、課題やフェーズに応じて幅広く対応しています。

今期のUI改修要望が積み上がる前に、ご興味があればご返信ください。

株式会社Lei Hau'oli
（tel）050-5497-3411
（mail）ml.account-sales@leihauoli.com","355","78","85","82","90","合成","0","- モード: 合成 - 部品ごとの採用元: ①件名=replier（数字の正確さ）+opener（「複数プロダクト」の具体語）②宛名＋冒頭=replier ③課題提示=replier ④自社紹介＋USP=closer ⑤FAB+E＝closer ⑥なぜ今=closer＋opener（年度/今期の積み上がり）⑦CTA=replier（返信ハードル）×closer（15分商談）の合成 ⑧署名=open","修正パス(2026-09-18)"
"2026-09-13T16:57:55+09:00","情報セキュリティ株式会社","開発部","ご担当者","【0→1】React/Vue刷新、着手できていませんか","開発部 ご担当者様

React/VueへのSPA化に着手できていない状況ではないでしょうか。

私たち株式会社レイハウオリは、Web領域を中心に、ITリソースや専門人材が不足しているお客様を支援しています。
社内には、エンジニア・デザイナー・ディレクター・PMなど、各分野のエキスパートが在籍しています。
「何を作ればいいのかわからない」「IT周りをまとめて任せたい」といった0→1のご相談から、「社員の退職に伴うリソース不足を補いたい」といったSESのご要望まで、課題やフェーズに応じて幅広く対応しています。

SPA化を控えた今動かないと、リソース不足が固定化します。ご興味があればご返信ください。

株式会社Lei Hau'oli
（tel）050-5497-3411
（mail）ml.account-sales@leihauoli.com","361","70","85","71","91","合成","0","- モード: 合成 - 部品ごとの採用元: ①件名=replier ②宛名＋冒頭2行=replier ③課題提示＝replier（「受託案件の波で稼働が上下する」はopenerの語彙を移植） ④自社紹介＋USP=closer（「唯一」を除去し§4のUSP原文に差し戻し） ⑤FAB+E＋実績=closer ⑥なぜ今=closer ⑦CTA=replier×closer合成（返信1本化＋「15分の情報","修正パス(2026-09-18)"
"2026-09-13T17:00:19+09:00","株式会社リンケージ","開発部","ご担当者","【0→1】React/Vue刷新・SPA化のフロントエンド不足を補う専門人材","開発部 ご担当者様

React/Vue刷新やSPA化を進めたいが、フロントエンドの人手が足りない状況ではないでしょうか。

私たち株式会社レイハウオリは、Web領域を中心に、ITリソースや専門人材が不足しているお客様を支援しています。
社内には、エンジニア・デザイナー・ディレクター・PMなど、各分野のエキスパートが在籍しています。
「何を作ればいいのかわからない」「IT周りをまとめて任せたい」といった0→1のご相談から、「社員の退職に伴うリソース不足を補いたい」といったSESのご要望まで、課題やフェーズに応じて幅広く対応しています。

SPA化を控えた今こそ、体制づくりが重要です。

ご興味があれば本メールにご返信ください。

株式会社Lei Hau'oli
（tel）050-5497-3411
（mail）ml.account-sales@leihauoli.com","374","77","83","80","90","合成","0","- モード: 合成 - 部品ごとの採用元: ①件名=opener（固有ワード「React/Vue刷新・SPA化」「40名」）＋replier（「1名から」）を圧縮合成 ②宛名＋冒頭2行=replier ③パーソナライズ／課題提示=replier ④自社紹介＋USP=replier（数字は§4 Evidenceの「エンジニア約40名がフロントエンド中心」に是正） ⑤FAB+E＋実績=replier＋","修正パス(2026-09-18)"
"2026-09-13T17:02:08+09:00","株式会社バニッシュ・スタンダード","開発部","ご担当者","【EC×React/Vue刷新】0→1からSESまで支援できる体制","開発部 ご担当者様

React/VueへのSPA化を控える中、フロントエンド人材の採用が進まず、UI改修が滞っていないでしょうか。

私たち株式会社レイハウオリは、Web領域を中心に、ITリソースや専門人材が不足しているお客様を支援しています。
社内には、エンジニア・デザイナー・ディレクター・PMなど、各分野のエキスパートが在籍しています。
「何を作ればいいのかわからない」「IT周りをまとめて任せたい」といった0→1のご相談から、「社員の退職に伴うリソース不足を補いたい」といったSESのご要望まで、課題やフェーズに応じて幅広く対応しています。

繁忙期前の体制づくりが重要です。

ご興味があれば、このフォームにご返信ください。

株式会社Lei Hau'oli
（tel）050-5497-3411
（mail）ml.account-sales@leihauoli.com","375","86","76","81","92","合成","0","- モード: 合成 - 部品ごとの採用元: ①件名=opener ②宛名＋冒頭2行=opener ③パーソナライズ／課題提示=opener ④自社紹介＋USP=closer ⑤FAB+E＋実績=closer ⑥なぜ今=opener/replier（セール時期＝繁忙期前） ⑦CTA=replier（6文字返信）＋closer（決裁者限定） ⑧署名=共通 - opener: 件名に「EC×React/","修正パス(2026-09-18)"
"2026-09-13T17:00:19+09:00","株式会社ヴィッツ沖縄","技術部","ご担当者","【0→1のご相談から】管理コンソールのUI、専門人材が不足していませんか","技術部 ご担当者様

セキュリティ専門のエンジニアが、UI実装まで抱え込み、本来の開発が滞っていないでしょうか。

私たち株式会社レイハウオリは、Web領域を中心に、ITリソースや専門人材が不足しているお客様を支援しています。
社内には、エンジニア・デザイナー・ディレクター・PMなど、各分野のエキスパートが在籍しています。
「何を作ればいいのかわからない」「IT周りをまとめて任せたい」といった0→1のご相談から、「社員の退職に伴うリソース不足を補いたい」といったSESのご要望まで、課題やフェーズに応じて幅広く対応しています。

体制構築の遅れが、今後の成長速度を左右します。

ご興味があれば、ご返信ください。

株式会社Lei Hau'oli
（tel）050-5497-3411
（mail）ml.account-sales@leihauoli.com","365","85","87","83","94","合成","0","- モード: 合成 - 部品ごとの採用元: ①件名=replier（問いかけ型）＋opener（固有ワード） ②冒頭2行=replier ③パーソナライズ／課題提示=replier ④自社紹介＋USP=opener＋closer（USPは§4原文に寄せて再構成） ⑤FAB+E＋実績=opener ⑥なぜ今=closer ⑦CTA=replier ⑧署名=opener/closer - opener","修正パス(2026-09-18)"
"2026-09-13T17:05:19+09:00","株式会社JCG","開発部","ご担当者","【管理画面刷新】0→1の相談から伴走、採用に頼らずバックログ解消","開発部 ご担当者様

御社では、管理画面・ダッシュボードの機能追加が続き、刷新が後回しになっていないでしょうか。

私たち株式会社レイハウオリは、Web領域を中心に、ITリソースや専門人材が不足しているお客様を支援しています。
社内には、エンジニア・デザイナー・ディレクター・PMなど、各分野のエキスパートが在籍しています。
「何を作ればいいのかわからない」「IT周りをまとめて任せたい」といった0→1のご相談から、「社員の退職に伴うリソース不足を補いたい」といったSESのご要望まで、課題やフェーズに応じて幅広く対応しています。

採用が長引くほど、刷新も足踏みします。

ご興味があれば、ご返信ください。

株式会社Lei Hau'oli
（tel）050-5497-3411
（mail）ml.account-sales@leihauoli.com","361","83","87","80","93","合成","0","- モード: 合成 - 部品ごとの採用元: ①件名=opener（【】内を課題ワードに寄せて短縮） ②宛名＋冒頭=replier ③パーソナライズ／課題提示=replier ④自社紹介＝replier＋USP一言=closer ⑤FAB+E＝closer（Feature〜Benefit）＋replier（美容予約サービス実績） ⑥なぜ今=replier（機会損失型）＋不適の壁=closer ⑦CT","修正パス(2026-09-18)"
"2026-09-13T17:04:59+09:00","株式会社スカイマティクス","開発部","ご担当者","【スカイマティクス開発部様】SPA化前に、必要な人材確保を15分相談","開発部 ご担当者様

React/VueへのSPA化を控え、フロントエンド経験者が採れず着手できないのではないでしょうか。

私たち株式会社レイハウオリは、Web領域を中心に、ITリソースや専門人材が不足しているお客様を支援しています。
社内には、エンジニア・デザイナー・ディレクター・PMなど、各分野のエキスパートが在籍しています。
「何を作ればいいのかわからない」「IT周りをまとめて任せたい」といった0→1のご相談から、「社員の退職に伴うリソース不足を補いたい」といったSESのご要望まで、課題やフェーズに応じて幅広く対応しています。

成長期の今、要望は積み上がる一方です。ご興味があれば、このフォームにご返信ください。

株式会社Lei Hau'oli
（tel）050-5497-3411
（mail）ml.account-sales@leihauoli.com","373","82","81","85","88","合成","0","- モード: 合成 - 部品ごとの採用元: ①件名=closer（社名入りを短縮） ②宛名＋冒頭2行=replier ③課題提示=replier ④自社紹介＋USP=closer ⑤FAB+E＋実績=closer ⑥なぜ今=replier ⑦CTA=closer ⑧署名=opener - opener: 件名の「40名体制」「React/Vue刷新」が具体で開封力は高い。ただし本文中盤が箇条書き的","修正パス(2026-09-18)"
"2026-09-13T16:58:48+09:00","タイムカプセル株式会社","開発部","ご担当者","【開発体制】フロントエンド刷新、0→1から伴走支援","開発部 ご担当者様

貴社のWebサービスは成長期で、刷新に着手しづらい状況ではないでしょうか。

私たち株式会社レイハウオリは、Web領域を中心に、ITリソースや専門人材が不足しているお客様を支援しています。
社内には、エンジニア・デザイナー・ディレクター・PMなど、各分野のエキスパートが在籍しています。
「何を作ればいいのかわからない」「IT周りをまとめて任せたい」といった0→1のご相談から、「社員の退職に伴うリソース不足を補いたい」といったSESのご要望まで、課題やフェーズに応じて幅広く対応しています。

採用を待つ間も要望は積み上がります。

貴社の開発体制について、15分程度オンラインでお話しできませんか。ご返信をお待ちしております。

株式会社Lei Hau'oli
（tel）050-5497-3411
（mail）ml.account-sales@leihauoli.com","383","84","84","82","91","合成","0","- モード: 合成 - 部品ごとの採用元: ①件名=opener（短縮）②宛名＋冒頭=replier ③課題提示・同業種言及=replier ④自社紹介＋USP=replier/closer ⑤FAB+E=closer ⑥なぜ今=replier＋closer ⑦CTA=opener/closer ⑧署名=opener - opener: 件名が課題仮説（React/Vue刷新・SPA化）を直撃し開","修正パス(2026-09-18)"
"2026-09-13T17:05:59+09:00","株式会社ディーアンドエーコンサルティング","開発部","ご担当者","【React/Vue刷新】まずは15分、ご相談ください","開発部 ご担当者様

貴社のWebサービスで、UI改修や機能追加にフロント開発が追いつかず、刷新の着手が遅れていないでしょうか。採用難が続くほど着手は遅れます。

私たち株式会社レイハウオリは、Web領域を中心に、ITリソースや専門人材が不足しているお客様を支援しています。
社内には、エンジニア・デザイナー・ディレクター・PMなど、各分野のエキスパートが在籍しています。
「何を作ればいいのかわからない」「IT周りをまとめて任せたい」といった0→1のご相談から、「社員の退職に伴うリソース不足を補いたい」といったSESのご要望まで、課題やフェーズに応じて幅広く対応しています。

ご興味があれば、このフォームにご返信ください。

株式会社Lei Hau'oli
（tel）050-5497-3411
（mail）ml.account-sales@leihauoli.com","373","81","84","84","93","合成","0","- モード: 合成 - 部品ごとの採用元: ①件名=replier（【】が短く数字2つ、相手固有ワードが前方） ②宛名＋冒頭=closer ③課題提示=closer＋opener（採用難の一文） ④自社紹介＋USP=closer（§4準拠で誤用なし） ⑤FAB+E＋実績=closer ⑥なぜ今=closer「採用難が続くほどSPA化は遅れます」 ⑦CTA=replier（低ハードル返信）＋clos","修正パス(2026-09-18)"
"2026-09-13T17:07:35+09:00","株式会社バイタルエリア","開発部","ご担当者","【15分の壁打ち】SaaSのReact/Vue刷新を支援","開発部 ご担当者様

SaaSやASPを自社運営する御社では、React/Vueへの刷新が進みにくいのではないでしょうか。

私たち株式会社レイハウオリは、Web領域を中心に、ITリソースや専門人材が不足しているお客様を支援しています。
社内には、エンジニア・デザイナー・ディレクター・PMなど、各分野のエキスパートが在籍しています。
「何を作ればいいのかわからない」「IT周りをまとめて任せたい」といった0→1のご相談から、「社員の退職に伴うリソース不足を補いたい」といったSESのご要望まで、課題やフェーズに応じて幅広く対応しています。

動かなければ着手は来期に持ち越されます。

ご興味があれば、このフォームにご返信ください。

株式会社Lei Hau'oli
（tel）050-5497-3411
（mail）ml.account-sales@leihauoli.com","374","79","84","82","89","合成","0","- モード: 合成 - 部品ごとの採用元: ①件名=replier骨格＋opener の事業ワード「SaaS」「React/Vue」を移植 ②宛名＋冒頭2行=replier ③課題提示=replier（圧縮） ④自社紹介＋USP=closer ⑤FAB+E=closer（圧縮） ⑥なぜ今=replier ⑦CTA=replier の「詳細希望」＋closer の「15分」を返信後の流れとして1本化","修正パス(2026-09-18)"
"2026-09-13T17:08:56+09:00","株式会社KEY WEST","開発部","ご担当者","【0→1】ゲーム本体を止めずにWeb改修の体制を確保","開発部 ご担当者様

ゲーム本体の開発にエンジニアを集中させたい一方、公式サイトやWeb版の改修が後回しになっていないでしょうか。

私たち株式会社レイハウオリは、Web領域を中心に、ITリソースや専門人材が不足しているお客様を支援しています。
社内には、エンジニア・デザイナー・ディレクター・PMなど、各分野のエキスパートが在籍しています。
「何を作ればいいのかわからない」「IT周りをまとめて任せたい」といった0→1のご相談から、「社員の退職に伴うリソース不足を補いたい」といったSESのご要望まで、課題やフェーズに応じて幅広く対応しています。

採用を待つ間もリリースは止まりません。

ご興味があれば、このフォームにご返信ください。

株式会社Lei Hau'oli
（tel）050-5497-3411
（mail）ml.account-sales@leihauoli.com","377","84","86","79","93","合成","0","- モード: 合成 - 部品ごとの採用元: ①件名=replier骨格＋opener語（「React/Vue刷新」「1名から」） ②宛名＋冒頭=replier ③パーソナライズ／課題提示=replier ④自社紹介＋USP=closer（「フロントエンド特化」）＋replier（「1名からチーム単位」） ⑤FAB+E=closer ⑥なぜ今=closer（「採用を待つ間もリリースは止まりません」）","修正パス(2026-09-18)"
"2026-09-13T17:06:09+09:00","株式会社Ruby開発","開発部","ご担当者","【React/Vue刷新・SPA化】15分で体制整理のご相談","開発部 ご担当者様

React/Vueへの刷新やSPA化を控え、フロントエンド人材が不足していませんか。

刷新前の今なら、体制を整える余地があります。

私たち株式会社レイハウオリは、Web領域を中心に、ITリソースや専門人材が不足しているお客様を支援しています。
社内には、エンジニア・デザイナー・ディレクター・PMなど、各分野のエキスパートが在籍しています。
「何を作ればいいのかわからない」「IT周りをまとめて任せたい」といった0→1のご相談から、「社員の退職に伴うリソース不足を補いたい」といったSESのご要望まで、課題やフェーズに応じて幅広く対応しています。

進め方を15分で整理させてください。ご興味があれば、このフォームにご返信ください。

株式会社Lei Hau'oli
（tel）050-5497-3411
（mail）ml.account-sales@leihauoli.com","386","85","80","78","90","合成","0","- モード: 合成 - 部品ごとの採用元: ①件名=opener（数字・固有ワードを微修正）②宛名＋冒頭=opener＋replier ③課題提示=replier ④自社紹介＋USP=opener ⑤FAB+E＋実績=closer（Feature詳細は圧縮）⑥なぜ今=closer＋replier ⑦CTA=closer（15分整理／返信1本）⑧署名=closer - opener: 件名の固有ワー","修正パス(2026-09-18)"
"2026-09-13T17:09:45+09:00","ブラックライン株式会社","開発部","ご担当者","【0→1からSESまで】管理画面改修のリソース不足、専門人材で解決","開発部 ご担当者様

管理画面やダッシュボードの機能改修がバックログに積み上がっていませんか。

私たち株式会社レイハウオリは、Web領域を中心に、ITリソースや専門人材が不足しているお客様を支援しています。
社内には、エンジニア・デザイナー・ディレクター・PMなど、各分野のエキスパートが在籍しています。
「何を作ればいいのかわからない」「IT周りをまとめて任せたい」といった0→1のご相談から、「社員の退職に伴うリソース不足を補いたい」といったSESのご要望まで、課題やフェーズに応じて幅広く対応しています。

採用を待つ間もバックログは増え続けます。ご興味があれば本フォームにご返信ください。

株式会社Lei Hau'oli
（tel）050-5497-3411
（mail）ml.account-sales@leihauoli.com","358","72","81","80","90","合成","0","- モード: **合成** - 部品ごとの採用元: ①件名=opener（数字誤用部を除去し圧縮） ②宛名＋冒頭2行=closer（USP一言＋社名を冒頭に置く型） ③課題提示=replier ④自社紹介＋USP=closer ⑤FAB+E＋実績=closer＋replier（SaaS管理画面刷新を追加） ⑥なぜ今=replier ⑦CTA=replier ⑧署名=closer - opener:","修正パス(2026-09-18)"
"2026-09-13T17:12:34+09:00","株式会社エスマット","開発部","ご担当者","【15分相談】エスマット様のフロントエンド刷新、開発支援のご提案","開発部 ご担当者様

貴社のUI改修や機能追加が積み上がる一方、フロントエンド刷新が後回しになっていないでしょうか。

私たち株式会社レイハウオリは、Web領域を中心に、ITリソースや専門人材が不足しているお客様を支援しています。
社内には、エンジニア・デザイナー・ディレクター・PMなど、各分野のエキスパートが在籍しています。
「何を作ればいいのかわからない」「IT周りをまとめて任せたい」といった0→1のご相談から、「社員の退職に伴うリソース不足を補いたい」といったSESのご要望まで、課題やフェーズに応じて幅広く対応しています。

着手が遅れるほど、UI改善の機会損失が膨らみます。

15分程度、オンラインでお話しできませんか。

株式会社Lei Hau'oli
（tel）050-5497-3411
（mail）ml.account-sales@leihauoli.com","375","84","82","88","91","合成","0","- モード: 合成 - 部品ごとの採用元: ①件名=closer（社名＋React/Vue刷新＋数字で「自社宛て」が一目で分かる）②冒頭2行=replier ③パーソナライズ／課題提示=replier ④自社紹介＋USP=closer ⑤FAB+E＋実績=closer（2008年設立をopenerから補強）⑥なぜ今=opener（機会損失が膨らむ）⑦CTA=closer（15分＋返信1本）⑧署名=","修正パス(2026-09-18)"
"2026-09-13T17:09:49+09:00","株式会社ビズリンク","開発部","ご担当者","【開発リソース不足】15分で刷新の進め方を整理","開発部 ご担当者様

貴社サービスの機能追加が積み上がる一方、フロントエンドの手が回っていないのではないでしょうか。

私たち株式会社レイハウオリは、Web領域を中心に、ITリソースや専門人材が不足しているお客様を支援しています。
社内には、エンジニア・デザイナー・ディレクター・PMなど、各分野のエキスパートが在籍しています。
「何を作ればいいのかわからない」「IT周りをまとめて任せたい」といった0→1のご相談から、「社員の退職に伴うリソース不足を補いたい」といったSESのご要望まで、課題やフェーズに応じて幅広く対応しています。

採用市場が厳しい今、外部活用が近道です。

15分で整理します。ご返信ください。

株式会社Lei Hau'oli
（tel）050-5497-3411
（mail）ml.account-sales@leihauoli.com","366","77","83","85","90","合成","0","- モード: 合成 - 部品ごとの採用元: ①件名=closer ②宛名＋冒頭2行=replier ③課題提示=replier ④自社紹介＋USP=closer ⑤FAB+E＋実績=closer（数値表現を§4準拠に修正）⑥なぜ今=closer＋replier ⑦CTA=replier（低ハードル返信）＋closer（15分の整理という目的）⑧署名=opener/closer形式 - opener","修正パス(2026-09-18)"
"2026-09-13T17:12:43+09:00","アイ・インテグレーション株式会社","開発部","ご担当者","【0→1から伴走】採用に頼らずReact/Vue刷新を進める方法","開発部 ご担当者様

中途採用で経験者が採れず、SPA化が足踏みしているとのお声を伺っています。

私たち株式会社レイハウオリは、Web領域を中心に、ITリソースや専門人材が不足しているお客様を支援しています。
社内には、エンジニア・デザイナー・ディレクター・PMなど、各分野のエキスパートが在籍しています。
「何を作ればいいのかわからない」「IT周りをまとめて任せたい」といった0→1のご相談から、「社員の退職に伴うリソース不足を補いたい」といったSESのご要望まで、課題やフェーズに応じて幅広く対応しています。

採用を待たずに体制を整えれば、計画通り開発を進められます。

ご興味があれば、ご返信ください。

株式会社Lei Hau'oli
（tel）050-5497-3411
（mail）ml.account-sales@leihauoli.com","363","82","73","85","90","合成","0","- モード: 合成 - 部品ごとの採用元: ①件名=closer ②宛名＋冒頭2行=opener ③パーソナライズ／課題提示=opener（replierの「中途採用で経験者が採れない」語感を吸収） ④自社紹介＋USP=closer ⑤FAB+E＋実績=closer＋opener（設立年・エンジニア約40名） ⑥なぜ今=closer ⑦CTA=closer（15分＋返信1本化） ⑧署名=opene","修正パス(2026-09-18)"
"2026-09-13T17:10:48+09:00","株式会社ZEN Integration","開発部","ご担当者","【ECサイト運営・SPA化検討中の企業様へ】採用難でも進める、15分で分かる伴走支援","開発部 ご担当者様

eコマース事業を運営される御社にとって、SPA化に伴う人材不足は課題ではないでしょうか。

私たち株式会社レイハウオリは、Web領域を中心に、ITリソースや専門人材が不足しているお客様を支援しています。
社内には、エンジニア・デザイナー・ディレクター・PMなど、各分野のエキスパートが在籍しています。
「何を作ればいいのかわからない」「IT周りをまとめて任せたい」といった0→1のご相談から、「社員の退職に伴うリソース不足を補いたい」といったSESのご要望まで、課題やフェーズに応じて幅広く対応しています。

採用難の中、対応は早いほど有利です。

15分ほど、本フォームへご返信ください。

株式会社Lei Hau'oli
（tel）050-5497-3411
（mail）ml.account-sales@leihauoli.com","363","80","72","79","80","選抜","0","- モード: 選抜（失格でない案が opener 1案のみのため、合成素材が確保できず） - 部品ごとの採用元（合成の場合）: 該当なし。失格案 A1〜A3 違反は合成素材からも除外というルールに従い、replier / closer の部品は一切流用していない。 - 各案の強み・弱み - opener: 件名に「ECサイト運営」「SPA化」という相手固有ワードと「40名」を同居させ、冒頭2行で自","修正パス(2026-09-18)"
"2026-09-13T17:11:11+09:00","株式会社マプリィ","開発部","ご担当者","【SPA化・React刷新前に】15分で開発体制のご相談を","開発部 ご担当者様

貴社はプロダクト成長期でSPA化を担う人材確保にお困りではないでしょうか。

私たち株式会社レイハウオリは、Web領域を中心に、ITリソースや専門人材が不足しているお客様を支援しています。
社内には、エンジニア・デザイナー・ディレクター・PMなど、各分野のエキスパートが在籍しています。
「何を作ればいいのかわからない」「IT周りをまとめて任せたい」といった0→1のご相談から、「社員の退職に伴うリソース不足を補いたい」といったSESのご要望まで、課題やフェーズに応じて幅広く対応しています。

採用を待たず必要な人材を確保できる今が好機です。ご興味があれば、このフォームにご返信ください。

株式会社Lei Hau'oli
（tel）050-5497-3411
（mail）ml.account-sales@leihauoli.com","365","79","76","81","88","合成","0","- モード: 合成 - 部品ごとの採用元: ①件名=opener（【】部分）+replier（後半の簡潔表現） ②宛名＋冒頭2行=opener ③パーソナライズ／課題提示=closer（成長期＋採用難の当て込み） ④自社紹介＋USP=opener＋closer（直請け経験・1名からチーム単位） ⑤FAB+E=closer（内製チームがコアに集中まで到達） ⑥なぜ今=closer（採用に数か月→機能","修正パス(2026-09-18)"
"2026-09-13T17:14:49+09:00","株式会社アズテックスシステム","開発部","ご担当者","【アズテックスシステム様】フロントエンド人材の確保、15分で選択肢を整理","開発部 ご担当者様

UI改修のたびにフロントエンド人材が不足し、要員確保に苦慮されていませんか。

私たち株式会社レイハウオリは、Web領域を中心に、ITリソースや専門人材が不足しているお客様を支援しています。
社内には、エンジニア・デザイナー・ディレクター・PMなど、各分野のエキスパートが在籍しています。
「何を作ればいいのかわからない」「IT周りをまとめて任せたい」といった0→1のご相談から、「社員の退職に伴うリソース不足を補いたい」といったSESのご要望まで、課題やフェーズに応じて幅広く対応しています。

成長期の今、体制を固められるかが分かれ目です。ご興味があれば、本フォームにご返信ください。

株式会社Lei Hau'oli
（tel）050-5497-3411
（mail）ml.account-sales@leihauoli.com","364","70","83","85","90","合成","0","- モード: 合成 - 部品ごとの採用元: ①件名=closer（社名入り＋「1名」で数字要件も充足、開封力最強） ②冒頭2行=replier ③パーソナライズ＝replier（「人材を扱う御社なら」の当て込み） ④自社紹介＋USP=replier/closer混成（「弊社だけの強み」で言い切り） ⑤FAB+E=closer（Next.js／40名／美容予約サービス） ⑥なぜ今=replier（採","修正パス(2026-09-18)"
"2026-09-13T17:15:10+09:00","株式会社エモーションテック","開発部","ご担当者","【SaaS管理画面向け】0→1から専門人材で開発支援","開発部 ご担当者様

顧客要望への機能追加が続き、管理画面のSPA化刷新に着手できない状況ではないでしょうか。

私たち株式会社レイハウオリは、Web領域を中心に、ITリソースや専門人材が不足しているお客様を支援しています。
社内には、エンジニア・デザイナー・ディレクター・PMなど、各分野のエキスパートが在籍しています。
「何を作ればいいのかわからない」「IT周りをまとめて任せたい」といった0→1のご相談から、「社員の退職に伴うリソース不足を補いたい」といったSESのご要望まで、課題やフェーズに応じて幅広く対応しています。

採用を待たず、今すぐ刷新を進められます。

ご興味があれば、このフォームにご返信ください。

株式会社Lei Hau'oli
（tel）050-5497-3411
（mail）ml.account-sales@leihauoli.com","368","81","85","79","92","合成","0","- モード: 合成 - 部品ごとの採用元: ①件名=opener（「約」を補い数字を§4準拠に修正） ②宛名=共通 ③冒頭課題提示=replier ④自社紹介＋USP=closer（9割記述を除去し§4のUSP一言に差し替え） ⑤FAB+E＋実績=opener＋closer ⑥なぜ今=opener＋replier（2文を1文に圧縮） ⑦CTA=replier ⑧署名=共通 - opener: 件名","修正パス(2026-09-18)"
"2026-09-13T17:14:54+09:00","ジップラス株式会社","開発部","ご担当者","【フロントエンド増員】SPA化を控える貴社へ、まずは15分のご相談を","開発部 ご担当者様

UI改修や機能追加のご要望が増える中、フロントエンドの人手不足を感じていらっしゃるのではないでしょうか。

私たち株式会社レイハウオリは、Web領域を中心に、ITリソースや専門人材が不足しているお客様を支援しています。
社内には、エンジニア・デザイナー・ディレクター・PMなど、各分野のエキスパートが在籍しています。
「何を作ればいいのかわからない」「IT周りをまとめて任せたい」といった0→1のご相談から、「社員の退職に伴うリソース不足を補いたい」といったSESのご要望まで、課題やフェーズに応じて幅広く対応しています。

SPA化を控える今こそ、体制強化が急務です。

ご興味があれば、ご返信ください。

株式会社Lei Hau'oli
（tel）050-5497-3411
（mail）ml.account-sales@leihauoli.com","371","79","88","87","94","合成","0","- モード: 合成 - 部品ごとの採用元: ①件名=replier（「貴社」に修正） ②宛名＋冒頭2行=replier ③パーソナライズ／課題提示=replier ④自社紹介＋USP=closer ⑤FAB+E＋実績=closer ⑥なぜ今=closer ⑦CTA=replier（返信ハードル）×closer（15分情報交換）の折衷 ⑧署名=closer - opener: 課題仮説の固有ワードを","修正パス(2026-09-18)"
"2026-09-13T17:13:25+09:00","オープラン株式会社","開発部","ご担当者","【オープラン株式会社 開発部様】0→1のご相談から15分の情報交換まで","開発部 ご担当者様

UI改修や機能追加の要望に手が回らないまま、React/Vueへの刷新やSPA化を控えていませんか。

私たち株式会社レイハウオリは、Web領域を中心に、ITリソースや専門人材が不足しているお客様を支援しています。
社内には、エンジニア・デザイナー・ディレクター・PMなど、各分野のエキスパートが在籍しています。
「何を作ればいいのかわからない」「IT周りをまとめて任せたい」といった0→1のご相談から、「社員の退職に伴うリソース不足を補いたい」といったSESのご要望まで、課題やフェーズに応じて幅広く対応しています。

成長期の今、体制を組めるかで刷新の進み方が変わります。

15分のオンライン情報交換をご検討いただければ、本メールにご返信ください。

株式会社Lei Hau'oli
（tel）050-5497-3411
（mail）ml.account-sales@leihauoli.com","395","82","82","86","90","合成","0","- モード: 合成 - 部品ごとの採用元: ①件名=closer（社名明示）+opener（課題ワード「React/Vue刷新・繁忙期」）②宛名＋冒頭=replier ③パーソナライズ／課題提示=replier ④自社紹介＋USP=closer ⑤FAB+E＋実績=closer＋replier（受託と自社開発の並行＝不適潰し）⑥なぜ今=replier（採用中も要望が積み上がる）+closer（成長","修正パス(2026-09-18)"
"2026-09-13T17:15:49+09:00","RUN.EDGE株式会社","開発部","ご担当者","【0→1の相談も】採用に頼らずフロントエンド課題を解決する方法","開発部 ご担当者様

UI改修や機能追加の要望はあるのに、フロントエンドの手が足りず後回しになっていないでしょうか。

私たち株式会社レイハウオリは、Web領域を中心に、ITリソースや専門人材が不足しているお客様を支援しています。
社内には、エンジニア・デザイナー・ディレクター・PMなど、各分野のエキスパートが在籍しています。
「何を作ればいいのかわからない」「IT周りをまとめて任せたい」といった0→1のご相談から、「社員の退職に伴うリソース不足を補いたい」といったSESのご要望まで、課題やフェーズに応じて幅広く対応しています。

採用に時間をかける間にも、改修要望は積み上がります。

ご興味があれば、ご返信ください。

株式会社Lei Hau'oli
（tel）050-5497-3411
（mail）ml.account-sales@leihauoli.com","370","78","89","86","92","合成","0","- モード: 合成 - 部品ごとの採用元: ①件名=closer ②宛名＋冒頭=replier ③課題提示=replier ④自社紹介＋USP=closer（「唯一」を「特化」に修正） ⑤FAB+E＋実績=closer ⑥なぜ今=replier＋closer統合 ⑦CTA=replier ⑧署名=共通 - opener: 件名の固有ワード密度は高いが、件名が長く一覧で切れる。CTAが2択で行動コス","修正パス(2026-09-18)"
"2026-09-13T17:18:05+09:00","株式会社ユニトラスト","開発部","ご担当者","【ユニトラスト開発部様】React/Vue刷新を0→1から支援","開発部 ご担当者様

SPA化やReact/Vue刷新に着手できる人員が不足していませんか。

私たち株式会社レイハウオリは、Web領域を中心に、ITリソースや専門人材が不足しているお客様を支援しています。
社内には、エンジニア・デザイナー・ディレクター・PMなど、各分野のエキスパートが在籍しています。
「何を作ればいいのかわからない」「IT周りをまとめて任せたい」といった0→1のご相談から、「社員の退職に伴うリソース不足を補いたい」といったSESのご要望まで、課題やフェーズに応じて幅広く対応しています。

今動かなければ刷新の遅れがリリース遅延に直結します。

ご興味があれば、このメールにご返信ください。

株式会社Lei Hau'oli
（tel）050-5497-3411
（mail）ml.account-sales@leihauoli.com","364","82","85","88","92","合成","0","- モード: 合成 - 部品ごとの採用元: ①件名=closer（社名＋課題ワード＋数字2種で開封力最大） ②宛名=closer/replier（同文・書式適合） ③パーソナライズ／課題提示=replier（「依頼が積み上がる一方、着手できる人員が足りない」が相手の実感に最も近い） ④自社紹介＋USP=closer（18年目・直請け経験者を1名から） ⑤FAB+E=closer（React/Vue","修正パス(2026-09-18)"
"2026-09-13T17:22:23+09:00","talentbook株式会社","開発部","ご担当者","【SPA化・React刷新】0→1から伴走するフロントエンド開発支援","開発部 ご担当者様

UI改修や機能追加の要望が積み重なる中、フロントエンド刷新を進めにくい状況ではないでしょうか。

私たち株式会社レイハウオリは、Web領域を中心に、ITリソースや専門人材が不足しているお客様を支援しています。
社内には、エンジニア・デザイナー・ディレクター・PMなど、各分野のエキスパートが在籍しています。
「何を作ればいいのかわからない」「IT周りをまとめて任せたい」といった0→1のご相談から、「社員の退職に伴うリソース不足を補いたい」といったSESのご要望まで、課題やフェーズに応じて幅広く対応しています。

採用を待つ間も刷新の遅れは表示速度の差になります。

ご興味があれば、このフォームにご返信ください。

株式会社Lei Hau'oli
（tel）050-5497-3411
（mail）ml.account-sales@leihauoli.com","376","85","84","82","92","合成","0","- モード: 合成 - 部品ごとの採用元: ①件名=opener ②宛名=共通 ③冒頭パーソナライズ=replier ④自社紹介=closer ⑤FAB+E／実績=closer ⑥なぜ今=replier（「待つ間も要望は積み上がる」）+ closer（劣化リスク）を1文に圧縮 ⑦USP一言=opener ⑧CTA=closer（15分＋返信で日程調整の1アクション） - opener: 件名が【】","修正パス(2026-09-18)"
"2026-09-13T17:17:52+09:00","株式会社WHERE","開発部","ご担当者","【15分相談】React/Vue刷新・SPA化を止めない専門人材支援","開発部 ご担当者様

React/Vueへの刷新やSPA化を進めたいが、フロントエンド採用だけ進まない状況ではないでしょうか。

私たち株式会社レイハウオリは、Web領域を中心に、ITリソースや専門人材が不足しているお客様を支援しています。
社内には、エンジニア・デザイナー・ディレクター・PMなど、各分野のエキスパートが在籍しています。
「何を作ればいいのかわからない」「IT周りをまとめて任せたい」といった0→1のご相談から、「社員の退職に伴うリソース不足を補いたい」といったSESのご要望まで、課題やフェーズに応じて幅広く対応しています。

着手が早いほど負担は少なく済みます。ご興味があればご返信ください。

株式会社Lei Hau'oli
（tel）050-5497-3411
（mail）ml.account-sales@leihauoli.com","366","76","80","86","91","合成","0","- モード: 合成 - 部品ごとの採用元: ①件名=closer【1名から】＋openerの固有ワード（「React/Vue刷新・SPA化」「40名」）を短縮合成 ②冒頭2行=replier ③課題提示=replier ④自社紹介＋USP=closer ⑤FAB+E＋実績=closer ⑥なぜ今=opener ⑦CTA=closer（15分＋返信一本） ⑧署名=closer - opener: 件","修正パス(2026-09-18)"
"2026-09-13T17:22:31+09:00","共達フォース株式会社","開発部","ご担当者","【React/Vue刷新】0→1のご相談から幅広く対応","開発部 ご担当者様

貴社が進めるReact/Vue刷新やSPA化で、実装リソース不足に直面していないでしょうか。

私たち株式会社レイハウオリは、Web領域を中心に、ITリソースや専門人材が不足しているお客様を支援しています。
社内には、エンジニア・デザイナー・ディレクター・PMなど、各分野のエキスパートが在籍しています。
「何を作ればいいのかわからない」「IT周りをまとめて任せたい」といった0→1のご相談から、「社員の退職に伴うリソース不足を補いたい」といったSESのご要望まで、課題やフェーズに応じて幅広く対応しています。

中途採用には数か月かかり、その間も計画は止まりません。

ご興味があれば、ご返信ください。

株式会社Lei Hau'oli
（tel）050-5497-3411
（mail）ml.account-sales@leihauoli.com","370","79","86","87","91","合成","0","- モード: 合成 - 部品ごとの採用元: ①件名=replier（+opener の「約40名」表記を補正） ②宛名＋冒頭2行=replier ③課題提示=replier ④自社紹介＋USP=closer ⑤FAB+E＋実績=closer ⑥なぜ今=replier ⑦CTA=closer（15分情報交換／返信1本） ⑧署名=closer - opener: 件名に課題仮説の固有ワードを詰め込んだ","修正パス(2026-09-18)"
"2026-09-13T17:22:34+09:00","株式会社エムプラス","開発部","ご担当者","【0→1支援】医療系WebサービスのUI改修を伴走支援","開発部 ご担当者様

医療・福祉分野のWebサービスを運営される御社では、UI改修に必要な専門人材の確保が後回しになっていないでしょうか。

私たち株式会社レイハウオリは、Web領域を中心に、ITリソースや専門人材が不足しているお客様を支援しています。
社内には、エンジニア・デザイナー・ディレクター・PMなど、各分野のエキスパートが在籍しています。
「何を作ればいいのかわからない」「IT周りをまとめて任せたい」といった0→1のご相談から、「社員の退職に伴うリソース不足を補いたい」といったSESのご要望まで、課題やフェーズに応じて幅広く対応しています。

採用を待つ間もリリースは止まりません。

ご興味があれば、このフォームにご返信ください。

株式会社Lei Hau'oli
（tel）050-5497-3411
（mail）ml.account-sales@leihauoli.com","381","79","83","87","93","合成","0","- モード: 合成 - 部品ごとの採用元: ①件名=closer ②宛名＋冒頭=closer（replierの「後回しになっていないでしょうか」の語り口を融合） ③課題提示=replier ④自社紹介＋USP=closer ⑤FAB+E＋実績=closer ⑥なぜ今=replier ⑦CTA=closer（opener の返信誘導文で締め） ⑧署名=opener - opener: 課題仮説の固有","修正パス(2026-09-18)"
"2026-09-13T17:19:02+09:00","Quants株式会社","開発部","ご担当者","【決済・金融SaaS開発部向け】React/Vue刷新、15分で体制相談","開発部 ご担当者様

決済・金融領域のSaaS開発で、React/Vue刷新を控えていらっしゃいませんか。

私たち株式会社レイハウオリは、Web領域を中心に、ITリソースや専門人材が不足しているお客様を支援しています。
社内には、エンジニア・デザイナー・ディレクター・PMなど、各分野のエキスパートが在籍しています。
「何を作ればいいのかわからない」「IT周りをまとめて任せたい」といった0→1のご相談から、「社員の退職に伴うリソース不足を補いたい」といったSESのご要望まで、課題やフェーズに応じて幅広く対応しています。

中途採用市場で人材確保が難しい今こそ体制構築が急務です。

まずは15分、情報交換いただけますか。

株式会社Lei Hau'oli
（tel）050-5497-3411
（mail）ml.account-sales@leihauoli.com","370","84","74","73","85","選抜","0","- モード: **選抜**（失格でない案が opener 1つのみのため、合成モードへ進めない） - 部品ごとの採用元: 全部品 opener。ただし §4 の「USP一言」表現で④自社紹介＋USPを最小限だけ補強し、字数超過分をQ3・Q1を削らずに圧縮した。 - opener の強み: 件名に「決済・金融SaaS」「React/Vue刷新」「40名」を積み、開発部宛と即断できる。冒頭2行が課題仮","修正パス(2026-09-18)"
"2026-09-13T17:25:02+09:00","マイクロフォーカスエンタープライズ株式会社","開発部","ご担当者","【React/Vue刷新を控える開発部様へ】0→1から伴走できる専門人材","開発部 ご担当者様

SPA化やReact/Vueへの刷新を控え、フロントエンド人材の確保にお困りではないでしょうか。

私たち株式会社レイハウオリは、Web領域を中心に、ITリソースや専門人材が不足しているお客様を支援しています。
社内には、エンジニア・デザイナー・ディレクター・PMなど、各分野のエキスパートが在籍しています。
「何を作ればいいのかわからない」「IT周りをまとめて任せたい」といった0→1のご相談から、「社員の退職に伴うリソース不足を補いたい」といったSESのご要望まで、課題やフェーズに応じて幅広く対応しています。

今動かなければ、機会損失が広がります。ご興味があれば、ご返信ください。

株式会社Lei Hau'oli
（tel）050-5497-3411
（mail）ml.account-sales@leihauoli.com","364","83","82","87","92","合成","0","- モード: 合成 - 部品ごとの採用元: ①件名=opener ②宛名＋冒頭=replier（課題の実感語り）③パーソナライズ=replier＋opener（SaaS/ASP明示）④自社紹介＋USP=closer ⑤FAB+E＝closer（Featureは1語削減）⑥なぜ今=closer（成長期・滞留・機会損失）⑦CTA=replier（「詳細希望」4文字）＋closer（15分の整理を後続提","修正パス(2026-09-18)"
"2026-09-13T17:22:39+09:00","株式会社いろはにぽぺと","開発部","ご担当者","【0→1】ゲーム本体開発に集中したい開発部様へ","開発部 ご担当者様

ゲーム本体の開発にエンジニアを集中させたい一方、公式サイトや運営管理ツール、Web版の改修が後回しになっていませんか。

私たち株式会社レイハウオリは、Web領域を中心に、ITリソースや専門人材が不足しているお客様を支援しています。
社内には、エンジニア・デザイナー・ディレクター・PMなど、各分野のエキスパートが在籍しています。
「何を作ればいいのかわからない」「IT周りをまとめて任せたい」といった0→1のご相談から、「社員の退職に伴うリソース不足を補いたい」といったSESのご要望まで、課題やフェーズに応じて幅広く対応しています。

刷新計画が動き出す前の今が、体制を組む最短ルートです。

ご興味があれば、ご返信ください。

株式会社Lei Hau'oli
（tel）050-5497-3411
（mail）ml.account-sales@leihauoli.com","383","79","86","85","92","合成","0","- モード: 合成 - 部品ごとの採用元: ①件名=replier ②宛名＋冒頭2行=replier ③パーソナライズ／課題提示=replier ④自社紹介＋USP=closer ⑤FAB+E＋実績=closer＋opener ⑥なぜ今=replier（先送り）＋closer（刷新前の今） ⑦CTA=replier（返信ハードル最小）＋closer（15分で提案）の統合 ⑧署名=共通 - open","修正パス(2026-09-18)"
"2026-09-13T17:25:51+09:00","アラスジャパン合同会社","開発部","ご担当者","【0→1相談OK】フロントエンド人材不足でSPA化が止まる前に","開発部 ご担当者様

UI改修や機能追加は必要なのに、専門人材が採れずSPA化が止まっていませんか。

改修が滞る期間が長引くほど競合との差は開きます。

私たち株式会社レイハウオリは、Web領域を中心に、ITリソースや専門人材が不足しているお客様を支援しています。
社内には、エンジニア・デザイナー・ディレクター・PMなど、各分野のエキスパートが在籍しています。
「何を作ればいいのかわからない」「IT周りをまとめて任せたい」といった0→1のご相談から、「社員の退職に伴うリソース不足を補いたい」といったSESのご要望まで、課題やフェーズに応じて幅広く対応しています。

ご興味があれば、このフォームにご返信ください。

株式会社Lei Hau'oli
（tel）050-5497-3411
（mail）ml.account-sales@leihauoli.com","367","75","83","74","86","選抜","0","- モード: 選抜（非失格案が replier 1案のみのため、規定に従い合成モードから切替） - 部品ごとの採用元: 全部品を replier から採用。手直しは①§4にない誇張「刷新を数多く支援」の削除、②USPを§4原文（フロントエンド特化／国内大手BtoC直請け現場／1名から）に差し替え、③「フロントエンドエンジニア約40名在籍」を§4準拠の「エンジニア約40名がフロントエンドを中心に担当","修正パス(2026-09-18)"
"2026-09-13T17:23:27+09:00","カルー株式会社","開発部","ご担当者","【0→1のご相談から】カルー様のSPA化・案件対応を専門人材で支えます","開発部 ご担当者様

貴社では今後のSPA化に伴い、開発リソース不足が生じているのではないでしょうか。採用を待つ間にリリースが止まりかねません。

私たち株式会社レイハウオリは、Web領域を中心に、ITリソースや専門人材が不足しているお客様を支援しています。
社内には、エンジニア・デザイナー・ディレクター・PMなど、各分野のエキスパートが在籍しています。
「何を作ればいいのかわからない」「IT周りをまとめて任せたい」といった0→1のご相談から、「社員の退職に伴うリソース不足を補いたい」といったSESのご要望まで、課題やフェーズに応じて幅広く対応しています。

ご興味があれば、ご返信ください。

株式会社Lei Hau'oli
（tel）050-5497-3411
（mail）ml.account-sales@leihauoli.com","358","74","79","81","87","合成","0","- モード: 合成（失格でない案が opener / replier の2案あるため合成モードを維持。closer は失格だが、創作箇所を除去した部品は素材として使用） - 部品ごとの採用元: ①件名=closer（社名固有ワード）＋replier（数字の置き方） ②宛名＋冒頭2行=closer ③パーソナライズ／課題提示=closer＋replier ④自社紹介＋USP=opener/repli","修正パス(2026-09-18)"
"2026-09-13T17:25:41+09:00","株式会社ケップル","開発部","ご担当者","【SaaS管理画面】15分で整理、専門人材で刷新を支援","開発部 ご担当者様

顧客要望による機能追加が続き、フロントエンド改修がバックログに積み上がっていませんか。

私たち株式会社レイハウオリは、Web領域を中心に、ITリソースや専門人材が不足しているお客様を支援しています。
社内には、エンジニア・デザイナー・ディレクター・PMなど、各分野のエキスパートが在籍しています。
「何を作ればいいのかわからない」「IT周りをまとめて任せたい」といった0→1のご相談から、「社員の退職に伴うリソース不足を補いたい」といったSESのご要望まで、課題やフェーズに応じて幅広く対応しています。

プロダクト成長期の今、要望は積み上がり続けます。

15分オンラインでご相談させてください。

株式会社Lei Hau'oli
（tel）050-5497-3411
（mail）ml.account-sales@leihauoli.com","368","83","85","85","92","合成","0","- モード: 合成 - 部品ごとの採用元: ①件名=replier（短く【】1組・数字2つで一覧性が最も高い） ②宛名＋冒頭2行=opener／replier（課題仮説の直写し） ③課題提示=opener ④自社紹介＋USP=closer（「採用に頼らず刷新を進められる、フロントエンド特化の常駐エンジニア供給会社」の言い切り） ⑤FAB+E=closer＋replier（2008年設立・約40名・","修正パス(2026-09-18)"
"2026-09-13T17:26:16+09:00","富士ウェーブ株式会社","開発部","ご担当者","【0→1】富士ウェーブ様のReact/Vue刷新、伴走でご支援します","開発部 ご担当者様

貴社のReact/Vue刷新が採用難で止まっているのではと拝察します。

私たち株式会社レイハウオリは、Web領域を中心に、ITリソースや専門人材が不足しているお客様を支援しています。
社内には、エンジニア・デザイナー・ディレクター・PMなど、各分野のエキスパートが在籍しています。
「何を作ればいいのかわからない」「IT周りをまとめて任せたい」といった0→1のご相談から、「社員の退職に伴うリソース不足を補いたい」といったSESのご要望まで、課題やフェーズに応じて幅広く対応しています。

採用を待たず、今すぐ体制を組めます。

ご興味があれば、このフォームにご返信ください。

株式会社Lei Hau'oli
（tel）050-5497-3411
（mail）ml.account-sales@leihauoli.com","357","72","84","87","91","合成","0","- モード: 合成 - 部品ごとの採用元: ①件名=closer ②宛名＋冒頭2行=closer ③パーソナライズ／課題提示=replier ④自社紹介＋USP=closer ⑤FAB+E＋実績=opener（Next.js含む専門エンジニア約40名の書き方）＋closer ⑥なぜ今=replier ⑦CTA=replier（議題はcloser由来） ⑧署名=共通 - opener: 件名に「SP","修正パス(2026-09-18)"
"2026-09-13T17:29:47+09:00","RESTAR株式会社","開発部","ご担当者","【0→1】RESTAR様の管理画面刷新を専門人材体制で支援","開発部 ご担当者様

RESTAR様では管理画面・ダッシュボードの改修が続き、フロントエンド刷新が進みにくいのではないでしょうか。

私たち株式会社レイハウオリは、Web領域を中心に、ITリソースや専門人材が不足しているお客様を支援しています。
社内には、エンジニア・デザイナー・ディレクター・PMなど、各分野のエキスパートが在籍しています。
「何を作ればいいのかわからない」「IT周りをまとめて任せたい」といった0→1のご相談から、「社員の退職に伴うリソース不足を補いたい」といったSESのご要望まで、課題やフェーズに応じて幅広く対応しています。

プロダクト成長期の今、着手が遅れるほど改修コストは膨らみます。
ご興味があれば、ご返信ください。

株式会社Lei Hau'oli
（tel）050-5497-3411
（mail）ml.account-sales@leihauoli.com","382","81","80","83","90","合成","0","- モード: 合成 - 部品ごとの採用元: ①件名=closer（社名入り＋【1名から】）に opener の課題ワード「管理画面刷新」を接合 ②宛名＋冒頭=closer ③パーソナライズ／課題提示=closer＋replier ④自社紹介＋USP=closer ⑤FAB+E＝closer＋opener（「大規模BtoCの開発フローを持ち込み」） ⑥なぜ今=opener（採用に数か月）＋repli","修正パス(2026-09-18)"
"2026-09-13T17:27:15+09:00","株式会社ジーン","開発部","ご担当者","【アパレルEC運営向け】フロントエンド人材、15分で情報交換","開発部 ご担当者様

貴社が運営するアパレルWebサービスは成長期にあり、フロントエンド人材の確保にお悩みではないでしょうか。

私たち株式会社レイハウオリは、Web領域を中心に、ITリソースや専門人材が不足しているお客様を支援しています。
社内には、エンジニア・デザイナー・ディレクター・PMなど、各分野のエキスパートが在籍しています。
「何を作ればいいのかわからない」「IT周りをまとめて任せたい」といった0→1のご相談から、「社員の退職に伴うリソース不足を補いたい」といったSESのご要望まで、課題やフェーズに応じて幅広く対応しています。

成長期の今、対応が遅れるほど刷新コストは膨らみます。ご興味があれば、ご返信ください。

株式会社Lei Hau'oli
（tel）050-5497-3411
（mail）ml.account-sales@leihauoli.com","375","75","83","87","92","合成","0","- モード: 合成 - 部品ごとの採用元: ①件名=closer（短縮再構成） ②宛名＋冒頭2行=closer ③パーソナライズ／課題提示=closer ④自社紹介＋USP=closer＋§4のUSP一言で「当社だけ」を明示補強（closerのQ6弱点を解消） ⑤FAB+E=closer ⑥なぜ今=closer（replierの「負債が積み上がる」と同趣旨のため一本化） ⑦CTA=closer（r","修正パス(2026-09-18)"
"2026-09-13T17:30:28+09:00","エボラニ株式会社","開発部","ご担当者","【0→1対応】React/Vue刷新のリソース、中途採用に頼らず確保する方法","開発部 ご担当者様

UI改修や機能追加の要望が積み上がる一方、フロントエンドの手が足りず後回しになっていないでしょうか。

私たち株式会社レイハウオリは、Web領域を中心に、ITリソースや専門人材が不足しているお客様を支援しています。
社内には、エンジニア・デザイナー・ディレクター・PMなど、各分野のエキスパートが在籍しています。
「何を作ればいいのかわからない」「IT周りをまとめて任せたい」といった0→1のご相談から、「社員の退職に伴うリソース不足を補いたい」といったSESのご要望まで、課題やフェーズに応じて幅広く対応しています。

今のうちに体制を確保することが計画を守る鍵です。

ご興味があれば、このフォームにご返信ください。

株式会社Lei Hau'oli
（tel）050-5497-3411
（mail）ml.account-sales@leihauoli.com","378","73","83","85","90","合成","0","- モード: 合成 - 部品ごとの採用元: ①件名=replier ②宛名＋冒頭2行=replier ③パーソナライズ／課題提示=replier ④自社紹介＋USP=closer ⑤FAB+E＋実績=closer ⑥なぜ今=replier（closerの「計画を守る鍵」を接続） ⑦CTA=replier（closerの「15分」を吸収し返信1本に統合） ⑧署名=closer - opener: 件","修正パス(2026-09-18)"
"2026-09-13T17:28:53+09:00","株式会社ゴールドオンライン","開発部","ご担当者","【開発部向け】採用に頼らずReact/Vue刷新、0→1から伴走支援","開発部 ご担当者様

貴社では、React/VueへのSPA化に伴い、専門人材の確保にお困りではないでしょうか。

私たち株式会社レイハウオリは、Web領域を中心に、ITリソースや専門人材が不足しているお客様を支援しています。
社内には、エンジニア・デザイナー・ディレクター・PMなど、各分野のエキスパートが在籍しています。
「何を作ればいいのかわからない」「IT周りをまとめて任せたい」といった0→1のご相談から、「社員の退職に伴うリソース不足を補いたい」といったSESのご要望まで、課題やフェーズに応じて幅広く対応しています。

採用を待つ間も、開発は遅れ続けます。

ご興味があれば、このフォームにご返信ください。

株式会社Lei Hau'oli
（tel）050-5497-3411
（mail）ml.account-sales@leihauoli.com","367","79","76","82","88","合成","0","- モード: 合成 - 部品ごとの採用元: ①件名=opener（【開発部向け】の転送誘導）＋closerの訴求軸 ②宛名＋冒頭2行=opener ③課題提示=opener ④自社紹介＋USP=closer（「唯一の」言い切り） ⑤FAB+E=closer（設立18年目・美容予約サービス） ⑥なぜ今=opener（「採用に数か月かける間も遅れ続ける」） ⑦CTA=closer（15分情報交換）をo","修正パス(2026-09-18)"
"2026-09-13T17:29:23+09:00","株式会社サン・ルート","開発部","ご担当者","【福岡】フロントエンド不足も0→1から伴走できます","開発部 ご担当者様

UI改修や機能追加のご要望はあるものの、フロントエンド人材の確保にお困りではないでしょうか。

私たち株式会社レイハウオリは、Web領域を中心に、ITリソースや専門人材が不足しているお客様を支援しています。
社内には、エンジニア・デザイナー・ディレクター・PMなど、各分野のエキスパートが在籍しています。
「何を作ればいいのかわからない」「IT周りをまとめて任せたい」といった0→1のご相談から、「社員の退職に伴うリソース不足を補いたい」といったSESのご要望まで、課題やフェーズに応じて幅広く対応しています。

採用を待つ間も遅れは積み上がります。

ご興味があれば、このフォームにご返信ください。

株式会社Lei Hau'oli
（tel）050-5497-3411
（mail）ml.account-sales@leihauoli.com","368","80","75","74","88","合成","0","- モード: 合成（replier / closer は案としては失格だが、SKILL §3 の「該当箇所を除去すれば素材としては使ってよい」に従い、誤用数字「9割」を全削除した上で部品のみ利用） - 部品ごとの採用元: ①件名=closer（【福岡】）＋opener（40名・1名の数字）②宛名＋冒頭=replier ③課題提示=replier ④自社紹介＝opener（正確な表記に統一）＋clo","修正パス(2026-09-18)"
"2026-09-13T17:32:18+09:00","AIQ株式会社","開発部","ご担当者","【0→1からSESまで】SPA化・フロント要員不足のご相談","開発部 ご担当者様

顧客要望による管理画面・ダッシュボードの改修でフロントエンドのバックログが積み上がっていないでしょうか。採用を待つ間もバックログは積み上がります。

私たち株式会社レイハウオリは、Web領域を中心に、ITリソースや専門人材が不足しているお客様を支援しています。
社内には、エンジニア・デザイナー・ディレクター・PMなど、各分野のエキスパートが在籍しています。
「何を作ればいいのかわからない」「IT周りをまとめて任せたい」といった0→1のご相談から、「社員の退職に伴うリソース不足を補いたい」といったSESのご要望まで、課題やフェーズに応じて幅広く対応しています。

ご興味があれば、このフォームにご返信ください。

株式会社Lei Hau'oli
（tel）050-5497-3411
（mail）ml.account-sales@leihauoli.com","377","82","80","82","90","合成","0","- モード: 合成 - 部品ごとの採用元: ①件名=closer＋opener（「エンジニア約40名」＋「SaaS管理画面」を統合、【】は1組）②宛名＋冒頭=opener ③パーソナライズ／課題提示=opener＋replier（クライアント案件の要員供給不足を追加）④自社紹介＋USP=closer ⑤FAB+E＋実績=closer ⑥なぜ今=replier ⑦CTA=replier（二択一言返信","修正パス(2026-09-18)"
"2026-09-13T17:30:54+09:00","コアブレイン株式会社","開発部","ご担当者","【0→1からSESまで】React/Vue刷新・SPA化を止めない開発体制","開発部 ご担当者様

貴社でReact/Vue刷新やSPA化の着手が、リソース不足で遅れていないでしょうか。

私たち株式会社レイハウオリは、Web領域を中心に、ITリソースや専門人材が不足しているお客様を支援しています。
社内には、エンジニア・デザイナー・ディレクター・PMなど、各分野のエキスパートが在籍しています。
「何を作ればいいのかわからない」「IT周りをまとめて任せたい」といった0→1のご相談から、「社員の退職に伴うリソース不足を補いたい」といったSESのご要望まで、課題やフェーズに応じて幅広く対応しています。

成長期の今が着手の好機です。貴社に必要な体制を15分のオンラインで整理させてください。

ご興味があれば、このメールにご返信ください。

株式会社Lei Hau'oli
（tel）050-5497-3411
（mail）ml.account-sales@leihauoli.com","389","83","78","86","91","合成","0","- モード: 合成 - 部品ごとの採用元: ①件名=closer ②宛名＋冒頭=closer ③パーソナライズ／課題提示=closer＋replier（「中途採用で経験者が採れず足踏み」の一文のみ／創作数字は不使用） ④自社紹介＋USP=opener（USP一言）＋closer ⑤FAB+E＋実績=closer ⑥なぜ今=closer＋opener ⑦CTA=closer ⑧署名=共通 - ope","修正パス(2026-09-18)"
"2026-09-13T17:33:12+09:00","株式会社シコメルフードテック","開発部","ご担当者","【開発支援】採用を待たず、貴社のSPA化・React/Vue刷新を0→1で支援","開発部 ご担当者様

UI改修や機能追加を進めたくても、着手できるフロントエンドの手が足りない状況かとお察しします。

採用を待つ間もリリースは止まったままです。

私たち株式会社レイハウオリは、Web領域を中心に、ITリソースや専門人材が不足しているお客様を支援しています。
社内には、エンジニア・デザイナー・ディレクター・PMなど、各分野のエキスパートが在籍しています。
「何を作ればいいのかわからない」「IT周りをまとめて任せたい」といった0→1のご相談から、「社員の退職に伴うリソース不足を補いたい」といったSESのご要望まで、課題やフェーズに応じて幅広く対応しています。

ご興味があれば本メールにご返信ください。

株式会社Lei Hau'oli
（tel）050-5497-3411
（mail）ml.account-sales@leihauoli.com","369","81","88","86","93","合成","0","- モード: 合成 - 部品ごとの採用元: ①件名=replier（【】が先頭で数字2種、課題ワードを後段に配置）②宛名＋冒頭2行=replier ③パーソナライズ／課題提示=replier ④自社紹介＋USP=replier＋closer（closerの「大手BtoCの直請け」を接続）⑤FAB+E＋実績=closer ⑥なぜ今=replier（closerの未確認事例文は除去）⑦CTA=clos","修正パス(2026-09-18)"
"2026-09-13T17:33:09+09:00","株式会社テレマ","開発部","ご担当者","【SPA化・React刷新を控える開発部様へ】0→1のご相談も、必要な専門人材で支援","開発部 ご担当者様

React/VueへのSPA化を控える中、採用が進まず改修が滞っていませんか。

私たち株式会社レイハウオリは、Web領域を中心に、ITリソースや専門人材が不足しているお客様を支援しています。
社内には、エンジニア・デザイナー・ディレクター・PMなど、各分野のエキスパートが在籍しています。
「何を作ればいいのかわからない」「IT周りをまとめて任せたい」といった0→1のご相談から、「社員の退職に伴うリソース不足を補いたい」といったSESのご要望まで、課題やフェーズに応じて幅広く対応しています。

刷新の着手が遅れるほど改修要望は積み上がります。ご興味があれば、このフォームにご返信ください。

株式会社Lei Hau'oli
（tel）050-5497-3411
（mail）ml.account-sales@leihauoli.com","367","84","80","79","86","選抜","0","- モード: 選抜（失格でない案が opener 1件のみのため、合成モードの条件を満たさない） - ベース: opener案をそのまま採用し、絶対条件を壊さない範囲で最終段落（なぜ今＋CTA）のみ最小限の手直しを実施。新しい主張・新しい数字は一切追加していない。 - 手直し理由: 原案のCTA「現状のリソース状況をお聞かせください」は相手に記述負担を課し返信率を下げる。返信を「情報交換希望」の一","修正パス(2026-09-18)"
"2026-09-13T17:32:23+09:00","株式会社アモティ","開発部","ご担当者","【15分で相談】フロントエンド刷新、採用より先に着手しませんか","開発部 ご担当者様

リサーチ・調査サービスの機能拡張に伴い、フロントエンド対応が追いついていないのではないでしょうか。

採用を待たずに確保できれば、計画は止まりません。

私たち株式会社レイハウオリは、Web領域を中心に、ITリソースや専門人材が不足しているお客様を支援しています。
社内には、エンジニア・デザイナー・ディレクター・PMなど、各分野のエキスパートが在籍しています。
「何を作ればいいのかわからない」「IT周りをまとめて任せたい」といった0→1のご相談から、「社員の退職に伴うリソース不足を補いたい」といったSESのご要望まで、課題やフェーズに応じて幅広く対応しています。

15分だけご相談させてください。ご返信をお待ちしております。

株式会社Lei Hau'oli
（tel）050-5497-3411
（mail）ml.account-sales@leihauoli.com","384","79","85","85","91","合成","0","- モード: 合成 - 部品ごとの採用元: ①件名=replier ②宛名＋冒頭=replier ③パーソナライズ／課題提示=replier ④自社紹介＋USP=closer ⑤FAB+E＋実績=closer（openerの「設立年＋40名」を圧縮統合） ⑥なぜ今=replier＋closer統合 ⑦CTA=closer（replierの低ハードル表現で補強） ⑧署名=共通 - opener: 冒","修正パス(2026-09-18)"
"2026-09-13T17:33:20+09:00","株式会社銀河システムソリューション","開発部","ご担当者","【0→1のご相談も】React/Vue刷新を専門人材が支援","開発部 ご担当者様

スマホアプリの機能追加やUI改修の要望が届く中、React/VueへのSPA化を控えているかと存じます。

私たち株式会社レイハウオリは、Web領域を中心に、ITリソースや専門人材が不足しているお客様を支援しています。
社内には、エンジニア・デザイナー・ディレクター・PMなど、各分野のエキスパートが在籍しています。
「何を作ればいいのかわからない」「IT周りをまとめて任せたい」といった0→1のご相談から、「社員の退職に伴うリソース不足を補いたい」といったSESのご要望まで、課題やフェーズに応じて幅広く対応しています。

成長期の今、着手の遅れは機会損失になります。ご興味があれば、このフォームにご返信ください。

株式会社Lei Hau'oli
（tel）050-5497-3411
（mail）ml.account-sales@leihauoli.com","378","76","83","80","89","選抜","0","- モード: 選抜（失格でない案が replier 1案のみのため、合成モードは不成立） - 手直し箇所（絶対条件・§4に反しない範囲の最小限）: ①件名に「約」を補い「1名から」を追加（数字の正確化＋USP前出し） ②自社名を本文で明示（Q2の主体を明確化） ③USPを「1名からチーム単位まで供給できるのが強み」と言い切り（Q6強化） ④Benefit「内製チームはコア機能に集中」と不急の一文「","修正パス(2026-09-18)"
"2026-09-13T17:36:52+09:00","株式会社MagicPod","開発部","ご担当者","【MagicPod様】管理画面改修の滞留解消、0→1のご相談も","開発部 ご担当者様

管理画面・ダッシュボードの機能追加が続き、フロントエンド改修が滞留していませんか。

私たち株式会社レイハウオリは、Web領域を中心に、ITリソースや専門人材が不足しているお客様を支援しています。
社内には、エンジニア・デザイナー・ディレクター・PMなど、各分野のエキスパートが在籍しています。
「何を作ればいいのかわからない」「IT周りをまとめて任せたい」といった0→1のご相談から、「社員の退職に伴うリソース不足を補いたい」といったSESのご要望まで、課題やフェーズに応じて幅広く対応しています。

プロダクト成長期の今、遅れるほど機会損失は膨らみます。ご興味があれば、ご返信ください。

株式会社Lei Hau'oli
（tel）050-5497-3411
（mail）ml.account-sales@leihauoli.com","365","84","81","86","92","合成","0","- モード: 合成 - 部品ごとの採用元: ①件名=closer（社名【MagicPod様】＋数字40/1で開封・転送に最強） ②宛名＝共通 ③冒頭パーソナライズ=opener（課題仮説の固有ワードを冒頭2行で完全再現） ④USP=closer（ただし「唯一」を削除） ⑤FAB+E＋実績=closer（2008年設立をopenerから補填） ⑥なぜ今=closer（成長期の機会損失） ⑦CTA=c","修正パス(2026-09-18)"
"2026-09-13T17:38:00+09:00","ニプロ医療電子システムズ株式会社","情報システム部","ご担当者","【医療機器商社向け】15分でポータルのSPA化の進め方を整理","情報システム部 ご担当者様

製品情報サイトや顧客向けポータル、社内システムのWeb化を進めたいものの、専任者が不足していないでしょうか。

採用に数か月かかる間、計画は止まります。

私たち株式会社レイハウオリは、Web領域を中心に、ITリソースや専門人材が不足しているお客様を支援しています。
社内には、エンジニア・デザイナー・ディレクター・PMなど、各分野のエキスパートが在籍しています。
「何を作ればいいのかわからない」「IT周りをまとめて任せたい」といった0→1のご相談から、「社員の退職に伴うリソース不足を補いたい」といったSESのご要望まで、課題やフェーズに応じて幅広く対応しています。

ご興味があれば、ご返信ください。

株式会社Lei Hau'oli
（tel）050-5497-3411
（mail）ml.account-sales@leihauoli.com","375","85","80","85","91","合成","0","- モード: 合成 - 部品ごとの採用元: ①件名=opener（長さのみ短縮）②宛名＝opener ③パーソナライズ／課題提示=closer ④自社紹介＋USP=closer ⑤FAB+E＋実績=opener＋closer ⑥なぜ今=replier（「採用に数か月かける間、刷新計画は止まります」）⑦CTA=closer（返信で15分の日程調整） ⑧署名=opener - opener: 件名に「","修正パス(2026-09-18)"
"2026-09-13T17:37:48+09:00","株式会社EduLab","開発部","ご担当者","【0→1支援】通信教育・語学学習サービスの開発体制構築をご提案","開発部 ご担当者様

貴社の通信教育・語学学習サービスでは、React/Vue刷新に向けた開発体制の確保にお困りではないでしょうか。

刷新の着手が遅れるほど改修範囲は広がります。

私たち株式会社レイハウオリは、Web領域を中心に、ITリソースや専門人材が不足しているお客様を支援しています。
社内には、エンジニア・デザイナー・ディレクター・PMなど、各分野のエキスパートが在籍しています。
「何を作ればいいのかわからない」「IT周りをまとめて任せたい」といった0→1のご相談から、「社員の退職に伴うリソース不足を補いたい」といったSESのご要望まで、課題やフェーズに応じて幅広く対応しています。

ご興味があれば、ご返信ください。

株式会社Lei Hau'oli
（tel）050-5497-3411
（mail）ml.account-sales@leihauoli.com","374","81","79","88","93","合成","0","- モード: 合成 - 部品ごとの採用元: ①件名=closer（【フロントエンド40名】）＋opener（業種ワード「通信教育・語学学習サービス」）／②宛名＋冒頭=closer／③課題提示=replier（「手が足りず後回し」）＋opener（採用難）／④USP=closer（「1名からチーム単位で供給できる数少ない開発支援会社」）／⑤FAB+E=closer＋replier（設計・実装フローを","修正パス(2026-09-18)"
"2026-09-13T17:36:52+09:00","アイザック株式会社","開発部","ご担当者","【15分】React/Vue刷新、中途採用を待たずに進めませんか","開発部 ご担当者様

UI改修や機能追加の要望が溜まる一方で、実装リソースが不足していませんか。

私たち株式会社レイハウオリは、Web領域を中心に、ITリソースや専門人材が不足しているお客様を支援しています。
社内には、エンジニア・デザイナー・ディレクター・PMなど、各分野のエキスパートが在籍しています。
「何を作ればいいのかわからない」「IT周りをまとめて任せたい」といった0→1のご相談から、「社員の退職に伴うリソース不足を補いたい」といったSESのご要望まで、課題やフェーズに応じて幅広く対応しています。

採用を待つ間、リリースは止まったままです。

ご興味があれば、このフォームにご返信ください。

株式会社Lei Hau'oli
（tel）050-5497-3411
（mail）ml.account-sales@leihauoli.com","362","80","82","77","90","合成","0","- モード: 合成 - 部品ごとの採用元: ①件名=replier（openerの課題ワード「React/Vue刷新」を注入） ②宛名＋冒頭2行=replier ③課題提示=replier ④自社紹介＋USP=closer（数字表現を§4準拠に修正） ⑤FAB+E＋実績=closer＋replier（同業態の一言） ⑥なぜ今=replier ⑦CTA=closer（返信ハードルはreplier方式","修正パス(2026-09-18)"
"2026-09-13T17:37:42+09:00","株式会社MiL","開発部","ご担当者","【SaaS管理画面】0→1のご相談から、React/Vue刷新まで伴走","開発部 ご担当者様

SaaSの管理画面刷新やSPA化がバックログに積み上がっていないでしょうか。

私たち株式会社レイハウオリは、Web領域を中心に、ITリソースや専門人材が不足しているお客様を支援しています。
社内には、エンジニア・デザイナー・ディレクター・PMなど、各分野のエキスパートが在籍しています。
「何を作ればいいのかわからない」「IT周りをまとめて任せたい」といった0→1のご相談から、「社員の退職に伴うリソース不足を補いたい」といったSESのご要望まで、課題やフェーズに応じて幅広く対応しています。

着手が遅れるほど改修コストが膨らみます。ご興味あれば本メールにご返信ください。

株式会社Lei Hau'oli
（tel）050-5497-3411
（mail）ml.account-sales@leihauoli.com","358","74","82","81","91","合成","0","- モード: 合成 - 部品ごとの採用元: ①件名=opener（固有ワード＋数字の設計を踏襲し、「専任チーム」表現を §4 準拠に修正）②冒頭2行=closer ③パーソナライズ／課題提示=closer ④自社紹介＋USP=closer＋replier（「フロントエンド特化」の言い切り）⑤FAB+E＋実績=closer（数字が §4 と完全一致）⑥なぜ今=replier（「着手が遅れるほど膨らむ","修正パス(2026-09-18)"
"2026-09-13T17:40:37+09:00","株式会社mirai計画","開発部","ご担当者","【mirai計画様】管理画面SPA化のバックログ解消、15分で相談","開発部 ご担当者様

管理画面やダッシュボードの機能追加要望が続き、フロントエンドの改修がバックログに積み上がっていないでしょうか。

私たち株式会社レイハウオリは、Web領域を中心に、ITリソースや専門人材が不足しているお客様を支援しています。
社内には、エンジニア・デザイナー・ディレクター・PMなど、各分野のエキスパートが在籍しています。
「何を作ればいいのかわからない」「IT周りをまとめて任せたい」といった0→1のご相談から、「社員の退職に伴うリソース不足を補いたい」といったSESのご要望まで、課題やフェーズに応じて幅広く対応しています。

バックログが積み上がるほど、刷新の着手は遠のきます。ご興味があればご返信ください。

株式会社Lei Hau'oli
（tel）050-5497-3411
（mail）ml.account-sales@leihauoli.com","377","79","83","84","88","合成","0","- モード: 合成 - 部品ごとの採用元: ①件名=closer（社名【】＋40・1名／最短で「自社宛て」が立つ） ②宛名＋冒頭=opener＋replier ③パーソナライズ＝replier（採用難で優先度を下げざるを得ない心理の言い当て） ④USP＝closer（「唯一」を「強みです」に緩和） ⑤FAB+E＝closer＋replierのEvidence（美容予約サービス） ⑥なぜ今＝repl","修正パス(2026-09-18)"
"2026-09-13T17:41:01+09:00","エーテンラボ株式会社","開発部","ご担当者","【管理画面・ダッシュボード改修】フロント採用0でも進めるReact/Vue刷新・SPA化","開発部 ご担当者様

管理画面・ダッシュボードのReact/Vue刷新やSPA化に、フロント採用難で着手できずにいませんか。

私たち株式会社レイハウオリは、Web領域を中心に、ITリソースや専門人材が不足しているお客様を支援しています。
社内には、エンジニア・デザイナー・ディレクター・PMなど、各分野のエキスパートが在籍しています。
「何を作ればいいのかわからない」「IT周りをまとめて任せたい」といった0→1のご相談から、「社員の退職に伴うリソース不足を補いたい」といったSESのご要望まで、課題やフェーズに応じて幅広く対応しています。

着手が遅れるほど負担は増えます。

ご返信いただけますと幸いです。

株式会社Lei Hau'oli
（tel）050-5497-3411
（mail）ml.account-sales@leihauoli.com","363","78","72","74","83","選抜","0","- モード: 選抜 - 失格でない案が opener 1案のみのため合成は行わず、opener を最小限の手直しで採用した。replier・closer は絶対条件違反のため合成素材からも除外（部品の流用はしていない）。 - opener: 課題仮説の固有ワード（管理画面・ダッシュボード／React・Vue刷新／SPA化／採用難）を件名と冒頭2行に凝縮でき、社名を伏せても自社宛てと分かる。弱点は件","修正パス(2026-09-18)"
"2026-09-13T17:41:24+09:00","株式会社安井ファシリティーズ","開発部","ご担当者","【UI改修・SPA化の人手不足に】0→1のご相談から対応可能","開発部 ご担当者様

環境コンサルや不動産領域のサービスを伸ばす御社でも、採用難で計画が先行していませんか。

私たち株式会社レイハウオリは、Web領域を中心に、ITリソースや専門人材が不足しているお客様を支援しています。
社内には、エンジニア・デザイナー・ディレクター・PMなど、各分野のエキスパートが在籍しています。
「何を作ればいいのかわからない」「IT周りをまとめて任せたい」といった0→1のご相談から、「社員の退職に伴うリソース不足を補いたい」といったSESのご要望まで、課題やフェーズに応じて幅広く対応しています。

着手が遅れるほど改修の遅延は避けられません。ご興味があれば、ご返信ください。

株式会社Lei Hau'oli
（tel）050-5497-3411
（mail）ml.account-sales@leihauoli.com","362","77","86","87","92","合成","0","- モード: 合成 - 部品ごとの採用元: ①件名=opener（課題ワード先出し）＋replier（短さ・数字）を再構成 ②冒頭2行=replier ③パーソナライズ/課題提示=replier ④自社紹介＋USP=closer ⑤FAB+E＋実績=closer ⑥なぜ今=replier（成長期）＋closer（ユーザー離脱）⑦CTA=replier ⑧署名=opener/replier - op","修正パス(2026-09-18)"
"2026-09-13T17:44:13+09:00","アイディア株式会社","開発部","ご担当者","【15分で整理】アイディア様のSPA化・機能追加を止めない開発支援","開発部 ご担当者様

貴社のSPA化・機能追加が、フロントエンド人材不足で滞っていないでしょうか。

私たち株式会社レイハウオリは、Web領域を中心に、ITリソースや専門人材が不足しているお客様を支援しています。
社内には、エンジニア・デザイナー・ディレクター・PMなど、各分野のエキスパートが在籍しています。
「何を作ればいいのかわからない」「IT周りをまとめて任せたい」といった0→1のご相談から、「社員の退職に伴うリソース不足を補いたい」といったSESのご要望まで、課題やフェーズに応じて幅広く対応しています。

プロダクト成長期の今、対応の遅れが機会損失になります。

ご興味があれば、このフォームにご返信ください。

株式会社Lei Hau'oli
（tel）050-5497-3411
（mail）ml.account-sales@leihauoli.com","369","81","80","88","92","合成","0","- モード: 合成 - 部品ごとの採用元: ①件名＝closer（社名入り）＋opener（40名の数字）②宛名・冒頭2行＝closer ③課題提示＝closer ④自社紹介＋USP＝closer ⑤FAB+E・実績＝closer＋opener（Feature圧縮）⑥なぜ今＝replier（「プロダクト成長期の今〜一番の機会損失」）⑦CTA＝replier（「詳細希望」4文字）＋closer（15","修正パス(2026-09-18)"
"2026-09-13T17:40:58+09:00","株式会社モノクロ","開発部","ご担当者","【0→1対応】ゲーム本体開発を止めずに公式サイト刷新を進める方法","開発部 ご担当者様

ゲーム本体の開発に注力したい一方、公式サイトの改修は後回しになっていませんか。

私たち株式会社レイハウオリは、Web領域を中心に、ITリソースや専門人材が不足しているお客様を支援しています。
社内には、エンジニア・デザイナー・ディレクター・PMなど、各分野のエキスパートが在籍しています。
「何を作ればいいのかわからない」「IT周りをまとめて任せたい」といった0→1のご相談から、「社員の退職に伴うリソース不足を補いたい」といったSESのご要望まで、課題やフェーズに応じて幅広く対応しています。

採用を待たず、専門人材で刷新できます。

まずは15分、開発体制について情報交換させていただけないでしょうか。ご興味があれば、ご返信ください。

株式会社Lei Hau'oli
（tel）050-5497-3411
（mail）ml.account-sales@leihauoli.com","389","81","77","86","91","合成","0","- モード: 合成 - 部品ごとの採用元: ①件名=closer ②宛名＋冒頭=opener ③パーソナライズ／課題提示=opener＋closer（「本体開発の人員を割かずに」の反転提示はcloser） ④自社紹介＋USP=closer ⑤FAB+E＋実績=closer ⑥なぜ今=opener ⑦CTA=opener ⑧署名=opener/closer共通 - opener: 課題仮説の言い換え","修正パス(2026-09-18)"
"2026-09-13T17:41:12+09:00","株式会社STYZ","開発部","ご担当者","【0→1のご相談も】React/Vue刷新・SPA化の開発体制構築を支援","開発部 ご担当者様

貴社ではReact/Vue刷新やSPA化に向け、フロントエンド人材の確保にお困りかと拝察します。

私たち株式会社レイハウオリは、Web領域を中心に、ITリソースや専門人材が不足しているお客様を支援しています。
社内には、エンジニア・デザイナー・ディレクター・PMなど、各分野のエキスパートが在籍しています。
「何を作ればいいのかわからない」「IT周りをまとめて任せたい」といった0→1のご相談から、「社員の退職に伴うリソース不足を補いたい」といったSESのご要望まで、課題やフェーズに応じて幅広く対応しています。

SPA化を先延ばしにすると改修コストが膨らみます。

ご興味があれば、このフォームにご返信ください。

株式会社Lei Hau'oli
（tel）050-5497-3411
（mail）ml.account-sales@leihauoli.com","377","84","80","87","91","合成","0","- モード: 合成 - 部品ごとの採用元: ①件名=closer（openerの「SPA化」語を吸収して短縮） ②宛名＋冒頭=closer ③パーソナライズ／課題提示=replier（事業内容＋課題仮説を1文に圧縮） ④自社紹介＋USP=closer ⑤FAB+E=closer＋opener ⑥なぜ今=closer ⑦CTA=closer（replierの低ハードル思想を反映し「返信のみ」に一本化","修正パス(2026-09-18)"
"2026-09-13T17:44:37+09:00","株式会社CMerTV","開発部","ご担当者","【0→1】CMerTV様の開発体制、採用を待たずに整えませんか","開発部 ご担当者様

御社ではUI改修・機能追加の要望が積み上がる一方、採用が追いついていないのではないでしょうか。

私たち株式会社レイハウオリは、Web領域を中心に、ITリソースや専門人材が不足しているお客様を支援しています。
社内には、エンジニア・デザイナー・ディレクター・PMなど、各分野のエキスパートが在籍しています。
「何を作ればいいのかわからない」「IT周りをまとめて任せたい」といった0→1のご相談から、「社員の退職に伴うリソース不足を補いたい」といったSESのご要望まで、課題やフェーズに応じて幅広く対応しています。

刷新を後ろ倒しにするほど改修コストは膨らみます。ご興味があれば、ご返信ください。

株式会社Lei Hau'oli
（tel）050-5497-3411
（mail）ml.account-sales@leihauoli.com","368","83","82","92","92","合成","0","- モード: **合成** - 部品ごとの採用元: ①件名=closer（社名入りで開封力最高）②宛名＋冒頭2行=replier ③課題提示=replier（事業内容＋課題仮説の二重パーソナライズ）④自社紹介＋USP=closer ⑤FAB+E＋実績=closer（Feature列挙は冗長のため圧縮）⑥なぜ今=closer ⑦CTA=closer（15分・体制ヒアリング型／返信1アクション）⑧署名","修正パス(2026-09-18)"
"2026-09-13T17:44:45+09:00","エーバイスリーセキュアシステム株式会社","技術部","ご担当者","【技術部 ご担当者様へ】15分でUI刷新の課題を伺えますか","技術部 ご担当者様

管理コンソールやダッシュボードのUI刷新が、社内のセキュリティエンジニアの兼務で進みにくくなっていませんか。

私たち株式会社レイハウオリは、Web領域を中心に、ITリソースや専門人材が不足しているお客様を支援しています。
社内には、エンジニア・デザイナー・ディレクター・PMなど、各分野のエキスパートが在籍しています。
「何を作ればいいのかわからない」「IT周りをまとめて任せたい」といった0→1のご相談から、「社員の退職に伴うリソース不足を補いたい」といったSESのご要望まで、課題やフェーズに応じて幅広く対応しています。

UI刷新の遅れは機会損失につながります。

まずは15分の情報交換にご返信ください。

株式会社Lei Hau'oli
（tel）050-5497-3411
（mail）ml.account-sales@leihauoli.com","375","85","76","86","92","合成","0","- モード: 合成 - 部品ごとの採用元: ①件名=opener（「約」を補い自然化） ②宛名＋冒頭2行=closer（「UIは製品評価に直結」が課題仮説の核心を突く） ③課題提示=closer ④自社紹介＋USP=closer（「フロントエンド特化で1名からチーム単位」を言い切り） ⑤FAB+E=closer基幹＋opener由来の「大手BtoCで培った開発フロー」（不適の壁に対応） ⑥なぜ今=","修正パス(2026-09-18)"
"2026-09-13T17:44:45+09:00","株式会社大都テクノロジーズ","開発部","ご担当者","【0→1相談歓迎】フロントエンド刷新、専門人材で補強できます","開発部 ご担当者様

UI改修や機能追加の要望が積み上がる一方、開発体制が追いつかない状況ではないでしょうか。

私たち株式会社レイハウオリは、Web領域を中心に、ITリソースや専門人材が不足しているお客様を支援しています。
社内には、エンジニア・デザイナー・ディレクター・PMなど、各分野のエキスパートが在籍しています。
「何を作ればいいのかわからない」「IT周りをまとめて任せたい」といった0→1のご相談から、「社員の退職に伴うリソース不足を補いたい」といったSESのご要望まで、課題やフェーズに応じて幅広く対応しています。

採用を待つ間も、要望は積み上がっていきます。

ご興味があれば、このフォームにご返信ください。

株式会社Lei Hau'oli
（tel）050-5497-3411
（mail）ml.account-sales@leihauoli.com","370","78","85","81","90","合成","0","- モード: 合成 - 部品ごとの採用元: ①件名=replier（微調整） ②冒頭2行=replier ③課題提示=replier ④自社紹介＋USP=closer（「唯一」除去） ⑤FAB+E＋実績=opener/closer ⑥なぜ今=closer ⑦CTA=closer（15分）+replier（返信ワード指定） ⑧署名=opener/closer - opener: 件名の課題ワード直撃","修正パス(2026-09-18)"
"2026-09-13T17:46:08+09:00","Acall株式会社","開発部","ご担当者","【React刷新・SPA化】15分で体制をご相談","開発部 ご担当者様

Acall様のサービスで、React/VueへのSPA化に伴う開発体制の確保にお困りではないでしょうか。

私たち株式会社レイハウオリは、Web領域を中心に、ITリソースや専門人材が不足しているお客様を支援しています。
社内には、エンジニア・デザイナー・ディレクター・PMなど、各分野のエキスパートが在籍しています。
「何を作ればいいのかわからない」「IT周りをまとめて任せたい」といった0→1のご相談から、「社員の退職に伴うリソース不足を補いたい」といったSESのご要望まで、課題やフェーズに応じて幅広く対応しています。

採用を待つ間も改修は進める必要があります。

15分だけ、オンラインでご相談させてください。

株式会社Lei Hau'oli
（tel）050-5497-3411
（mail）ml.account-sales@leihauoli.com","377","73","80","84","91","合成","0","- モード: **合成** - 部品ごとの採用元: ①件名=opener（課題ワード直撃／数字を「40名・1名」に差し替え短縮） ②宛名＋冒頭=opener＋closer（社名明示でパーソナライズ強化） ③課題提示=replier（「要望はあるのに手が足りず後回し」＋採用難で計画停止） ④自社紹介＋USP=closer（1名からチーム単位までの言い切り） ⑤FAB+E＋実績=closer（2008","修正パス(2026-09-18)"
"2026-09-13T17:48:30+09:00","株式会社レトリバ","開発部","ご担当者","【0→1のご相談から】Web開発における専門人材支援","開発部 ご担当者様

貴社のWebサービスでUI改修の要望が増える一方、必要な人材が採れず着手が止まっていませんか。

私たち株式会社レイハウオリは、Web領域を中心に、ITリソースや専門人材が不足しているお客様を支援しています。
社内には、エンジニア・デザイナー・ディレクター・PMなど、各分野のエキスパートが在籍しています。
「何を作ればいいのかわからない」「IT周りをまとめて任せたい」といった0→1のご相談から、「社員の退職に伴うリソース不足を補いたい」といったSESのご要望まで、課題やフェーズに応じて幅広く対応しています。

採用難が長引くほど機会損失は積み上がります。

ご興味があれば、このフォームにご返信ください。

株式会社Lei Hau'oli
（tel）050-5497-3411
（mail）ml.account-sales@leihauoli.com","373","84","78","89","91","合成","0","- モード: 合成（closer をベースに opener の部品を移植。replier は A1 失格のため合成素材からも除外） - 部品ごとの採用元: ①件名=opener＋closer の合成（openerの固有ワード「React/Vue刷新」＋closerの「1名から」「40名」を1組の【】に圧縮）②宛名＋冒頭2行=closer ③課題提示=closer ④自社紹介＋USP=closer（","修正パス(2026-09-18)"
"2026-09-13T17:47:57+09:00","株式会社miraii","開発部","ご担当者","【0→1】採用に頼らず開発体制を整える方法","開発部 ご担当者様

イベント・IT教育・Webマーケ領域を運営する御社では、フロントエンド担当が手一杯ではないでしょうか。

中途採用が難しい今こそ動くべきタイミングです。

私たち株式会社レイハウオリは、Web領域を中心に、ITリソースや専門人材が不足しているお客様を支援しています。
社内には、エンジニア・デザイナー・ディレクター・PMなど、各分野のエキスパートが在籍しています。
「何を作ればいいのかわからない」「IT周りをまとめて任せたい」といった0→1のご相談から、「社員の退職に伴うリソース不足を補いたい」といったSESのご要望まで、課題やフェーズに応じて幅広く対応しています。

刷新について15分オンラインでお話しできませんか。

株式会社Lei Hau'oli
（tel）050-5497-3411
（mail）ml.account-sales@leihauoli.com","380","80","82","78","90","合成","0","- モード: 合成 - 部品ごとの採用元: ①件名=closer（短縮改稿） ②宛名＋冒頭2行=replier ③課題提示=replier ④自社紹介＋USP=closer ⑤FAB+E＋実績=closer＋opener ⑥なぜ今=closer ⑦CTA=closer（返信1本に整理） ⑧署名=共通 - opener: 件名に課題ワードを詰め込んだ点は強いが、件名が長く受信一覧で切れる。段落が多く","修正パス(2026-09-18)"
"2026-09-13T17:48:55+09:00","株式会社お金のデザイン","開発部","ご担当者","【SaaS管理画面のフロントエンド改修】15分で改修の進め方を整理","開発部 ご担当者様

フロントエンド改修がバックログに積み上がっているのではないでしょうか。

私たち株式会社レイハウオリは、Web領域を中心に、ITリソースや専門人材が不足しているお客様を支援しています。
社内には、エンジニア・デザイナー・ディレクター・PMなど、各分野のエキスパートが在籍しています。
「何を作ればいいのかわからない」「IT周りをまとめて任せたい」といった0→1のご相談から、「社員の退職に伴うリソース不足を補いたい」といったSESのご要望まで、課題やフェーズに応じて幅広く対応しています。

採用難が続くほど、改修は積み増えます。

まずは15分の情報交換にご返信ください。

株式会社Lei Hau'oli
（tel）050-5497-3411
（mail）ml.account-sales@leihauoli.com","355","83","81","88","92","合成","0","- モード: 合成 - 部品ごとの採用元: ①件名=closer（短縮のうえ採用） ②宛名＋冒頭=opener ③パーソナライズ／課題提示=opener（圧縮） ④自社紹介＋USP=closer ⑤FAB+E＋実績=closer＋replier ⑥なぜ今=closer ⑦CTA=closer（15分／件名と整合） ⑧署名=共通 - opener: 課題仮説の固有ワードを冒頭に集中させ「自社宛て」感","修正パス(2026-09-18)"
"2026-09-13T17:54:37+09:00","株式会社スイッチメディア","開発部","ご担当者","【SPA化・React刷新】中途採用を待たず0→1から体制確保","開発部 ご担当者様

貴社のWebサービスでUI改修や機能追加が続く中、フロントエンドの人材不足でSPA化が進みにくいのではないでしょうか。

私たち株式会社レイハウオリは、Web領域を中心に、ITリソースや専門人材が不足しているお客様を支援しています。
社内には、エンジニア・デザイナー・ディレクター・PMなど、各分野のエキスパートが在籍しています。
「何を作ればいいのかわからない」「IT周りをまとめて任せたい」といった0→1のご相談から、「社員の退職に伴うリソース不足を補いたい」といったSESのご要望まで、課題やフェーズに応じて幅広く対応しています。

成長期の今、改修の遅れは機会損失に直結します。
ご興味があれば、このフォームにご返信ください。

株式会社Lei Hau'oli
（tel）050-5497-3411
（mail）ml.account-sales@leihauoli.com","386","81","79","83","89","合成","0","- モード: 合成 - 部品ごとの採用元: ①件名=closer（簡潔・【】1組・数字「1名」で転送しやすい） ②宛名＋冒頭2行=opener ③パーソナライズ／課題提示=opener ④自社紹介＋USP=closer（「唯一」を削り§4のUSP表現に戻す） ⑤FAB+E＋実績=closer ⑥なぜ今=closer＋opener ⑦CTA=opener（フォーム返信＋15分、行動は1つ） ⑧署名=","修正パス(2026-09-18)"
"2026-09-13T17:48:23+09:00","株式会社iMedical","開発部","ご担当者","【15分】iMedical様のSPA化を止めない開発体制のご相談","開発部 ご担当者様

React/Vueへの刷新やSPA化を控える中、フロントエンドの手が足りず改修が後回しになっていないでしょうか。

私たち株式会社レイハウオリは、Web領域を中心に、ITリソースや専門人材が不足しているお客様を支援しています。
社内には、エンジニア・デザイナー・ディレクター・PMなど、各分野のエキスパートが在籍しています。
「何を作ればいいのかわからない」「IT周りをまとめて任せたい」といった0→1のご相談から、「社員の退職に伴うリソース不足を補いたい」といったSESのご要望まで、課題やフェーズに応じて幅広く対応しています。

改修が止まる期間がそのまま機会損失になります。

ご興味あれば15分オンラインでご相談を。

株式会社Lei Hau'oli
（tel）050-5497-3411
（mail）ml.account-sales@leihauoli.com","380","76","84","89","92","合成","0","- モード: 合成 - 部品ごとの採用元: ①件名=closer（社名＋「1名から」＋課題ワードが最短距離）／②宛名＋冒頭2行=replier（「手が足りず後回し」という社内の生の言葉）／③課題提示=replier／④自社紹介＋USP=closer（§4のUSP一言をほぼ原文で使用）／⑤FAB+E＋実績=closer（表現のみ簡潔化）／⑥なぜ今=replier（「改修が止まる期間＝機会損失」）／⑦","修正パス(2026-09-18)"
"2026-09-13T17:51:38+09:00","株式会社バーナードソフト","開発部","ご担当者","【React/Vue刷新・SPA化】15分で進め方をご相談","開発部 ご担当者様

Webサービスの受託開発を続けながら、UI改修やSPA化の要望にフロントエンドの手が回らない状況ではないでしょうか。

私たち株式会社レイハウオリは、Web領域を中心に、ITリソースや専門人材が不足しているお客様を支援しています。
社内には、エンジニア・デザイナー・ディレクター・PMなど、各分野のエキスパートが在籍しています。
「何を作ればいいのかわからない」「IT周りをまとめて任せたい」といった0→1のご相談から、「社員の退職に伴うリソース不足を補いたい」といったSESのご要望まで、課題やフェーズに応じて幅広く対応しています。

採用を待つ間も要望は積み上がります。

SPA化の進め方を15分ほど伺えればと思います。ご興味があれば、ご返信ください。

株式会社Lei Hau'oli
（tel）050-5497-3411
（mail）ml.account-sales@leihauoli.com","397","75","80","80","89","合成","0","- モード: **合成** - 部品ごとの採用元: ①件名=opener（課題ワード）＋closer（数字40/1） ②冒頭2行=closer（北海道の採用難） ③課題提示=replier ④自社紹介＋USP=replier（正確な「React/Vue/Next.js専門のエンジニア約40名」）＋closer（フロントエンド特化・1名からチーム単位） ⑤FAB+E=closer ⑥なぜ今=repl","修正パス(2026-09-18)"
"2026-09-13T17:54:55+09:00","スーパーマイクロ株式会社","開発部","ご担当者","【0→1相談も】採用待ちの開発体制を15分で整理しませんか","開発部 ご担当者様

UI改修や機能追加の要望はあるのに、着手できる担当がいないのではないでしょうか。

私たち株式会社レイハウオリは、Web領域を中心に、ITリソースや専門人材が不足しているお客様を支援しています。
社内には、エンジニア・デザイナー・ディレクター・PMなど、各分野のエキスパートが在籍しています。
「何を作ればいいのかわからない」「IT周りをまとめて任せたい」といった0→1のご相談から、「社員の退職に伴うリソース不足を補いたい」といったSESのご要望まで、課題やフェーズに応じて幅広く対応しています。

計画が動き出す前の今なら、早期に体制を整えられます。

ご興味があれば、このフォームにご返信ください。

株式会社Lei Hau'oli
（tel）050-5497-3411
（mail）ml.account-sales@leihauoli.com","370","75","83","86","92","合成","0","- モード: 合成 - 部品ごとの採用元: ①件名=closer（【エンジニア約40名】＋15分）に replier の「採用待ち」を接合 ②宛名＋冒頭2行=replier ③課題提示=replier ④自社紹介＋USP=closer ⑤FAB+E＋実績=closer（opener の「2008年設立」表現を短縮流用） ⑥なぜ今=closer ⑦CTA=closer の15分情報交換を repli","修正パス(2026-09-18)"
"2026-09-13T17:55:02+09:00","株式会社グラモ","開発部","ご担当者","【0→1から支援】React/Vue刷新・SPA化を止めない開発支援","開発部 ご担当者様

UI改修や機能追加のご要望が増える一方、フロントエンド経験者の採用が進まない状況もあるかと存じます。

私たち株式会社レイハウオリは、Web領域を中心に、ITリソースや専門人材が不足しているお客様を支援しています。
社内には、エンジニア・デザイナー・ディレクター・PMなど、各分野のエキスパートが在籍しています。
「何を作ればいいのかわからない」「IT周りをまとめて任せたい」といった0→1のご相談から、「社員の退職に伴うリソース不足を補いたい」といったSESのご要望まで、課題やフェーズに応じて幅広く対応しています。

着手が遅れるほど改修要望は積み上がります。ご興味があれば本フォームにご返信ください。

株式会社Lei Hau'oli
（tel）050-5497-3411
（mail）ml.account-sales@leihauoli.com","373","77","78","81","89","合成","0","- モード: 合成 - 部品ごとの採用元: ①件名=replier（簡潔さ）+opener（固有ワード「React/Vue刷新・SPA化」） ②宛名＋冒頭2行=replier（課題言語化の言い回し／創作部分は不使用） ③パーソナライズ=opener ④自社紹介＋USP=closer ⑤FAB+E＋実績=opener＋closer ⑥なぜ今=closer ⑦CTA=closer（15分整理、ただし決","修正パス(2026-09-18)"
"2026-09-13T17:55:29+09:00","ニューラルグループ株式会社","開発部","ご担当者","【React/Vue刷新に】15分で分かる体制構築のご相談","開発部 ご担当者様

UI改修や機能追加の要望が積み上がる一方、フロントエンド対応の手が足りていないのではないでしょうか。中途採用を待つ間にも改修要望は溜まり続けます。

私たち株式会社レイハウオリは、Web領域を中心に、ITリソースや専門人材が不足しているお客様を支援しています。
社内には、エンジニア・デザイナー・ディレクター・PMなど、各分野のエキスパートが在籍しています。
「何を作ればいいのかわからない」「IT周りをまとめて任せたい」といった0→1のご相談から、「社員の退職に伴うリソース不足を補いたい」といったSESのご要望まで、課題やフェーズに応じて幅広く対応しています。

ご興味があれば本メールにご返信ください。

株式会社Lei Hau'oli
（tel）050-5497-3411
（mail）ml.account-sales@leihauoli.com","374","83","82","78","92","合成","0","- モード: 合成 - 部品ごとの採用元: ①件名=opener（「解消した」の過去形のみ修正） ②宛名＋冒頭2行=replier ③パーソナライズ/課題提示=replier ④自社紹介＋USP=closer ⑤FAB+E＋実績=closer ⑥なぜ今=replier ⑦CTA=replier（closerの「15分」を返信後の価値提示として接続し、行動は1つに維持） ⑧署名=共通 - opene","修正パス(2026-09-18)"
"2026-09-13T17:56:04+09:00","株式会社レイ・イージス・ジャパン","技術部","ご担当者","【管理コンソールUI刷新】採用に頼らず15分で体制相談","技術部 ご担当者様

管理コンソールやダッシュボードのUIは、セキュリティ製品の評価に直結するのではないでしょうか。

私たち株式会社レイハウオリは、Web領域を中心に、ITリソースや専門人材が不足しているお客様を支援しています。
社内には、エンジニア・デザイナー・ディレクター・PMなど、各分野のエキスパートが在籍しています。
「何を作ればいいのかわからない」「IT周りをまとめて任せたい」といった0→1のご相談から、「社員の退職に伴うリソース不足を補いたい」といったSESのご要望まで、課題やフェーズに応じて幅広く対応しています。

中途採用で探す間もプロダクト評価は固定化していきます。

ご興味があれば、フォームにご返信ください。

株式会社Lei Hau'oli
（tel）050-5497-3411
（mail）ml.account-sales@leihauoli.com","376","82","71","85","89","合成","0","- モード: 合成 - 部品ごとの採用元: ①件名=opener＋closer（opener の固有ワード「管理コンソールUI刷新」「40名」に closer の簡潔さを合わせ、件名長を短縮）／②宛名=opener ③冒頭2行・課題提示=replier（創作実績部を除去し、課題仮説の文言のみ使用）／④自社紹介＋USP=closer ⑤FAB+E＋実績=closer ⑥なぜ今=replier（採用市","修正パス(2026-09-18)"
"2026-09-13T17:57:33+09:00","株式会社メイキップ","開発部","ご担当者","【React刷新・SPA化】0→1のご相談から対応可能","開発部 ご担当者様

貴社では、SPA化などフロントエンド刷新を担う人材確保にお困りではないでしょうか。

私たち株式会社レイハウオリは、Web領域を中心に、ITリソースや専門人材が不足しているお客様を支援しています。
社内には、エンジニア・デザイナー・ディレクター・PMなど、各分野のエキスパートが在籍しています。
「何を作ればいいのかわからない」「IT周りをまとめて任せたい」といった0→1のご相談から、「社員の退職に伴うリソース不足を補いたい」といったSESのご要望まで、課題やフェーズに応じて幅広く対応しています。

着手が遅れるほど機会損失は広がります。

ご興味があれば、このフォームにご返信ください。

株式会社Lei Hau'oli
（tel）050-5497-3411
（mail）ml.account-sales@leihauoli.com","364","85","84","86","93","合成","0","- モード: 合成 - 部品ごとの採用元: ①件名=opener（課題ワード先頭）＋closer（簡潔化） ②宛名＝全案共通 ③パーソナライズ／課題提示=replier ④自社紹介＋USP=opener/closer ⑤FAB+E＋実績=closer ⑥なぜ今=closer＋opener ⑦CTA=replier（「相談したい」5文字）＋closerの15分を返信後の流れとして接続 ⑧署名=clo","修正パス(2026-09-18)"
"2026-09-13T17:58:13+09:00","Institution for a Global Society株式会社","開発部","ご担当者","【SPA化・React刷新】0→1のご相談にも対応","開発部 ご担当者様

UI改修やSPA化を進めたい一方、要員が不足していませんか。

私たち株式会社レイハウオリは、Web領域を中心に、ITリソースや専門人材が不足しているお客様を支援しています。
社内には、エンジニア・デザイナー・ディレクター・PMなど、各分野のエキスパートが在籍しています。
「何を作ればいいのかわからない」「IT周りをまとめて任せたい」といった0→1のご相談から、「社員の退職に伴うリソース不足を補いたい」といったSESのご要望まで、課題やフェーズに応じて幅広く対応しています。

着手が遅れるほど遅延が積み上がります。

ご興味があれば、ご返信ください。

株式会社Lei Hau'oli
（tel）050-5497-3411
（mail）ml.account-sales@leihauoli.com","346","81","87","80","93","合成","0","- モード: 合成 - 部品ごとの採用元: ①件名=opener（課題ワード＋数字を【】に格納、ただし「React刷新」を足して短縮） ②宛名＝全案共通 ③パーソナライズ／課題提示=replier（自社SPA化とクライアント供給の「二重の不足」） ④自社紹介＋USP=closer（フロントエンド特化の言い切り、ただし「唯一」は削除） ⑤FAB+E＋実績=replier＋closer（約40名・9割","修正パス(2026-09-18)"
"2026-09-13T17:59:13+09:00","株式会社ZenmuTech","開発部","ご担当者","【React/Vue刷新・ダッシュボード改修向け】0→1のご相談から常駐まで対応","開発部 ご担当者様

管理画面・ダッシュボードの改修がバックログに積み上がり、要員確保にお困りではないでしょうか。

私たち株式会社レイハウオリは、Web領域を中心に、ITリソースや専門人材が不足しているお客様を支援しています。
社内には、エンジニア・デザイナー・ディレクター・PMなど、各分野のエキスパートが在籍しています。
「何を作ればいいのかわからない」「IT周りをまとめて任せたい」といった0→1のご相談から、「社員の退職に伴うリソース不足を補いたい」といったSESのご要望まで、課題やフェーズに応じて幅広く対応しています。

年内の体制構築なら、早めの判断が現実的です。

ご興味があれば、このフォームにご返信ください。

株式会社Lei Hau'oli
（tel）050-5497-3411
（mail）ml.account-sales@leihauoli.com","372","84","81","76","91","合成","0","- モード: 合成 - 部品ごとの採用元: ①件名=opener（「移行」→「刷新」に微修正） ②宛名＋冒頭=opener ③パーソナライズ／課題提示=replier ④自社紹介＋USP=closer（USP一言を§4原文に矯正） ⑤FAB+E＋実績=closer＋opener（美容予約サービスは「フロントエンド開発」と正確表記に戻す） ⑥なぜ今=closer＋replier ⑦CTA=repli","修正パス(2026-09-18)"
"2026-09-13T17:57:57+09:00","クレイトエージェンシー株式会社","開発部","ご担当者","【0→1からSESまで】フロントエンド人材確保のご相談","開発部 ご担当者様

UI改修や機能追加が溜まる一方で、フロントエンド人材が不足していないでしょうか。

今動けば、後回しの課題に早く着手できます。

私たち株式会社レイハウオリは、Web領域を中心に、ITリソースや専門人材が不足しているお客様を支援しています。
社内には、エンジニア・デザイナー・ディレクター・PMなど、各分野のエキスパートが在籍しています。
「何を作ればいいのかわからない」「IT周りをまとめて任せたい」といった0→1のご相談から、「社員の退職に伴うリソース不足を補いたい」といったSESのご要望まで、課題やフェーズに応じて幅広く対応しています。

ご興味があれば、このフォームにご返信ください。

株式会社Lei Hau'oli
（tel）050-5497-3411
（mail）ml.account-sales@leihauoli.com","365","80","85","82","92","合成","0","- モード: 合成 - 部品ごとの採用元: ①件名=replier（opener の「SPA化・刷新」ワードを合流）②冒頭2行=replier ③課題提示=replier ④自社紹介＋USP=opener（USP言い切り）＋closer（設立年） ⑤FAB+E=opener/closer ⑥なぜ今=replier（来期持ち越し）＋closer（積み上がる遅れ） ⑦CTA=replier（4文字返信","修正パス(2026-09-18)"
"2026-09-13T17:58:46+09:00","株式会社リッジワークス","開発部","ご担当者","【React刷新・SPA化】15分の面談で、必要な専門人材を","開発部 ご担当者様

React/Vueへの刷新やSPA化を控え、フロントエンド経験者の確保に苦労されていませんか。

私たち株式会社レイハウオリは、Web領域を中心に、ITリソースや専門人材が不足しているお客様を支援しています。
社内には、エンジニア・デザイナー・ディレクター・PMなど、各分野のエキスパートが在籍しています。
「何を作ればいいのかわからない」「IT周りをまとめて任せたい」といった0→1のご相談から、「社員の退職に伴うリソース不足を補いたい」といったSESのご要望まで、課題やフェーズに応じて幅広く対応しています。

採用を待つ間の遅れが機会損失です。15分のオンライン面談のご都合を、ご返信でお教えください。

株式会社Lei Hau'oli
（tel）050-5497-3411
（mail）ml.account-sales@leihauoli.com","374","83","85","82","91","合成","0","- モード: 合成 - 部品ごとの採用元: ①件名=opener（課題ワード）＋replier（「採用ゼロ」訴求）を統合 ②宛名＋冒頭2行=replier ③課題提示=replier ④自社紹介＋USP=closer ⑤FAB+E＋実績=opener/closer ⑥なぜ今=replier ⑦CTA=closer（15分・返信1本）⑧署名=opener - opener: 件名の課題ワード密度が最","修正パス(2026-09-18)"
"2026-09-13T18:01:55+09:00","日本救急システム株式会社","開発部","ご担当者","【0→1から対応】IT人材不足でシステム開発が止まっていませんか","開発部 ご担当者様

宮崎でWebサービスを運営される貴社では、UI改修対応の人手不足にお困りではないでしょうか。

私たち株式会社レイハウオリは、Web領域を中心に、ITリソースや専門人材が不足しているお客様を支援しています。
社内には、エンジニア・デザイナー・ディレクター・PMなど、各分野のエキスパートが在籍しています。
「何を作ればいいのかわからない」「IT周りをまとめて任せたい」といった0→1のご相談から、「社員の退職に伴うリソース不足を補いたい」といったSESのご要望まで、課題やフェーズに応じて幅広く対応しています。

採用を待たず、今から体制強化をおすすめします。

ご興味があれば本メールにご返信ください。

株式会社Lei Hau'oli
（tel）050-5497-3411
（mail）ml.account-sales@leihauoli.com","370","75","84","84","86","合成","0","- モード: 合成 - 部品ごとの採用元: ①件名=closer ②宛名＋冒頭2行=replier ③パーソナライズ／課題提示=replier ④自社紹介＋USP=closer ⑤FAB+E＋実績=closer ⑥なぜ今=replier ⑦CTA=replier ⑧署名=共通 - opener: 課題ワードの網羅性は高いが、件名の【】内が18字と長く受信箱で末尾が切れる。本文も課題仮説の丸写しで、","修正パス(2026-09-18)"
"2026-09-13T18:01:18+09:00","ユアマイスター株式会社","開発部","ご担当者","【ユアマイスター様】0→1のご相談からSESまで対応","開発部 ご担当者様

UI改修や機能追加のご要望が増えるほど、専門人材の手が足りなくなっていませんか。中途採用を待つほど計画は後ろ倒しになります。

私たち株式会社レイハウオリは、Web領域を中心に、ITリソースや専門人材が不足しているお客様を支援しています。
社内には、エンジニア・デザイナー・ディレクター・PMなど、各分野のエキスパートが在籍しています。
「何を作ればいいのかわからない」「IT周りをまとめて任せたい」といった0→1のご相談から、「社員の退職に伴うリソース不足を補いたい」といったSESのご要望まで、課題やフェーズに応じて幅広く対応しています。

ご興味があれば、このフォームにご返信ください。

株式会社Lei Hau'oli
（tel）050-5497-3411
（mail）ml.account-sales@leihauoli.com","366","74","70","87","93","合成","0","- モード: 合成 - 部品ごとの採用元: ①件名=closer（社名【】＋数字2つが最強） ②宛名＋冒頭2行=replier（痛みの言語化） ③課題提示=replier＋opener（クライアント案件の要員供給） ④自社紹介＋USP=closer ⑤FAB+E＋実績=closer ⑥なぜ今=replier（採用を待つほど後ろ倒し） ⑦CTA=closer（15分＋返信1本） ⑧署名=closer","修正パス(2026-09-18)"
"2026-09-13T18:02:02+09:00","リンク株式会社","開発部","ご担当者","【0→1】繁忙期の専門人材不足を即戦力で解消","開発部 ご担当者様

貴社では繁忙期に専門人材が不足しがちではないでしょうか。

私たち株式会社レイハウオリは、Web領域を中心に、ITリソースや専門人材が不足しているお客様を支援しています。
社内には、エンジニア・デザイナー・ディレクター・PMなど、各分野のエキスパートが在籍しています。
「何を作ればいいのかわからない」「IT周りをまとめて任せたい」といった0→1のご相談から、「社員の退職に伴うリソース不足を補いたい」といったSESのご要望まで、課題やフェーズに応じて幅広く対応しています。

着手が遅れるほど負債は積み上がります。

ご興味があれば、ご返信ください。

株式会社Lei Hau'oli
（tel）050-5497-3411
（mail）ml.account-sales@leihauoli.com","344","76","86","79","90","合成","0","- モード: 合成 - 部品ごとの採用元: ①件名=replier ②宛名＋冒頭2行=replier（宛名の空白表記はopener準拠） ③課題提示=replier ④自社紹介＋USP=replier ⑤FAB+E＋実績=opener（「中途採用を待たずに即戦力」「繁忙期の波」）＋replier（実績・不適の壁） ⑥なぜ今=replier ⑦CTA=replier ⑧署名=opener（担当者名行","修正パス(2026-09-18)"
"2026-09-13T18:02:39+09:00","フルカイテン株式会社","開発部","ご担当者","【開発支援】React/Vue刷新のリソース不足を0→1から解消","開発部 ご担当者様

大阪発のSaaSとして成長期にある貴社では、フロントエンド人材の不足が課題ではないでしょうか。

私たち株式会社レイハウオリは、Web領域を中心に、ITリソースや専門人材が不足しているお客様を支援しています。
社内には、エンジニア・デザイナー・ディレクター・PMなど、各分野のエキスパートが在籍しています。
「何を作ればいいのかわからない」「IT周りをまとめて任せたい」といった0→1のご相談から、「社員の退職に伴うリソース不足を補いたい」といったSESのご要望まで、課題やフェーズに応じて幅広く対応しています。

採用には数か月かかり、その間も要望は積み上がります。

ご興味があれば、このフォームにご返信ください。

株式会社Lei Hau'oli
（tel）050-5497-3411
（mail）ml.account-sales@leihauoli.com","377","84","90","81","92","合成","0","- モード: 合成 - 部品ごとの採用元: ①件名=replier ②宛名＋冒頭2行=replier ③パーソナライズ／課題提示=replier（+closerの「大阪発」を会社データ範囲で採用） ④自社紹介＋USP=replier ⑤FAB+E＋実績=replier/closer ⑥なぜ今=replier（採用待ちの機会損失）+closer（刷新前の手戻り） ⑦CTA=closer（15分）×r","修正パス(2026-09-18)"
"2026-09-13T18:04:09+09:00","WHITE CROSS株式会社","開発部","ご担当者","【WHITE CROSS様】0→1のご相談からSES活用まで、開発体制のご相談を承ります","開発部 ご担当者様

UI改修や機能追加の依頼はあるのに、手を動かせるフロントエンド担当がいない状況はないでしょうか。

私たち株式会社レイハウオリは、Web領域を中心に、ITリソースや専門人材が不足しているお客様を支援しています。
社内には、エンジニア・デザイナー・ディレクター・PMなど、各分野のエキスパートが在籍しています。
「何を作ればいいのかわからない」「IT周りをまとめて任せたい」といった0→1のご相談から、「社員の退職に伴うリソース不足を補いたい」といったSESのご要望まで、課題やフェーズに応じて幅広く対応しています。

成長期の今、リソース不足のまま進めると手戻りが増えます。

ご興味があれば、このフォームにご返信ください。

株式会社Lei Hau'oli
（tel）050-5497-3411
（mail）ml.account-sales@leihauoli.com","380","76","84","88","91","合成","0","- モード: 合成 - 部品ごとの採用元: ①件名=closer（社名冠）＋opener（React/Vue刷新ワード） ②宛名＋冒頭=replier ③課題提示=replier ④自社紹介＋USP=replier ⑤FAB+E＝closer ⑥なぜ今=closer ⑦CTA=replier ⑧署名=opener/closer - opener: 件名の課題ワード直撃と冒頭の転送しやすさは最良。た","修正パス(2026-09-18)"
"2026-09-13T18:09:50+09:00","株式会社アルタイル","開発部","ご担当者","【0→1〜SES】採用を待たずに開発体制を整える支援","開発部 ご担当者様

Webアプリ・サービスを運営される御社で、UI改修や機能追加のご要望に対し、開発体制が手薄になっていないでしょうか。

私たち株式会社レイハウオリは、Web領域を中心に、ITリソースや専門人材が不足しているお客様を支援しています。
社内には、エンジニア・デザイナー・ディレクター・PMなど、各分野のエキスパートが在籍しています。
「何を作ればいいのかわからない」「IT周りをまとめて任せたい」といった0→1のご相談から、「社員の退職に伴うリソース不足を補いたい」といったSESのご要望まで、課題やフェーズに応じて幅広く対応しています。

採用を待つ間にも要望は積み上がります。ご興味があれば、このフォームにご返信ください。

株式会社Lei Hau'oli
（tel）050-5497-3411
（mail）ml.account-sales@leihauoli.com","381","82","88","86","92","合成","0","- モード: 合成 - 部品ごとの採用元: ①件名=replier（末尾のみ「方法」→「体制」に微修正）②宛名＋冒頭2行=replier ③課題提示=replier＋opener ④自社紹介＋USP=closer ⑤FAB+E＋実績=closer＋opener ⑥なぜ今=replier＋closer ⑦CTA=replier（4文字返信）＋closer（15分）を1アクションに統合 ⑧署名=共通 ","修正パス(2026-09-18)"
"2026-09-13T18:05:38+09:00","YAOYA株式会社","開発部","ご担当者","【0→1開発】採用を待たずにSPA化を進める方法","開発部 ご担当者様

UI改修や機能追加の要望が積み上がる一方、フロントエンドに手を割ける人がいない状況ではないでしょうか。

私たち株式会社レイハウオリは、Web領域を中心に、ITリソースや専門人材が不足しているお客様を支援しています。
社内には、エンジニア・デザイナー・ディレクター・PMなど、各分野のエキスパートが在籍しています。
「何を作ればいいのかわからない」「IT周りをまとめて任せたい」といった0→1のご相談から、「社員の退職に伴うリソース不足を補いたい」といったSESのご要望まで、課題やフェーズに応じて幅広く対応しています。

成長期の今、実装の遅れは機会損失です。

ご興味があれば、このフォームにご返信ください。

株式会社Lei Hau'oli
（tel）050-5497-3411
（mail）ml.account-sales@leihauoli.com","374","81","78","88","91","合成","0","- モード: 合成 - 部品ごとの採用元: ①件名=closer ②宛名＋冒頭2行=replier（数字創作なし部分） ③パーソナライズ＝replier（事業内容への言及）＋opener（課題仮説の言い当て） ④自社紹介＋USP=closer ⑤FAB+E＋実績=closer（TypeScript列挙は字数調整で削除） ⑥なぜ今=replier ⑦CTA=replier（5文字返信）＋closer","修正パス(2026-09-18)"
"2026-09-13T18:06:34+09:00","株式会社ココロファン","開発部","ご担当者","【0→1】ココロファン様のSPA化・UI改修、支援のご案内","開発部 ご担当者様

UI改修や機能追加の要望に対し、SPA化を進める人手が不足していませんか。

私たち株式会社レイハウオリは、Web領域を中心に、ITリソースや専門人材が不足しているお客様を支援しています。
社内には、エンジニア・デザイナー・ディレクター・PMなど、各分野のエキスパートが在籍しています。
「何を作ればいいのかわからない」「IT周りをまとめて任せたい」といった0→1のご相談から、「社員の退職に伴うリソース不足を補いたい」といったSESのご要望まで、課題やフェーズに応じて幅広く対応しています。

リソース不足のまま待てば、後ろ倒しになりかねません。

ご興味があれば、このフォームにご返信ください。

株式会社Lei Hau'oli
（tel）050-5497-3411
（mail）ml.account-sales@leihauoli.com","367","73","85","85","91","合成","0","- モード: 合成 - 部品ごとの採用元: ①件名=replier骨格＋closerの社名差し込み（【】内の「専任」は§4逸脱のため「フロントエンド40名」に補正） ②宛名＝3案共通 ③冒頭2行/課題提示=replier ④自社紹介＋USP=closer（技術スタック明示）＋replier（2008年設立） ⑤FAB+E=closer ⑥なぜ今=closer（半年後ろ倒し） ⑦CTA=replie","修正パス(2026-09-18)"
"2026-09-13T18:05:56+09:00","ユニオンエタニティ株式会社","開発部","ご担当者","【SaaS管理画面のフロントエンド刷新】0→1のご相談も対応可能","開発部 ご担当者様

管理画面のReact/Vue刷新やSPA化が後回しになっていないでしょうか。対応を先延ばしにする間にも、バックログは積み上がり続けます。

私たち株式会社レイハウオリは、Web領域を中心に、ITリソースや専門人材が不足しているお客様を支援しています。
社内には、エンジニア・デザイナー・ディレクター・PMなど、各分野のエキスパートが在籍しています。
「何を作ればいいのかわからない」「IT周りをまとめて任せたい」といった0→1のご相談から、「社員の退職に伴うリソース不足を補いたい」といったSESのご要望まで、課題やフェーズに応じて幅広く対応しています。

ご興味があれば、ご返信ください。

株式会社Lei Hau'oli
（tel）050-5497-3411
（mail）ml.account-sales@leihauoli.com","365","74","82","73","82","選抜","0","- モード: 選抜 - 失格でない案が replier 1案のみのため、合成モードは適用せず選抜。opener・closer は絶対条件A1（400字以内）を1字超過で違反しており、素材として部分流用すると文体の接合で字数が再び膨らむリスクが高いと判断した。 - opener: 件名に「管理画面・ダッシュボード刷新」「40名」「1名」を集中投下した開封設計は3案中最良。ただし401字で失格、USP","修正パス(2026-09-18)"
"2026-09-13T18:06:44+09:00","株式会社DRAGON AGENCY","開発部","ご担当者","【0→1】中途採用に頼らず、SPA化のフロント人材を確保","開発部 ご担当者様

貴社のSPA化に伴い、フロントエンド人材の確保にお困りではないでしょうか。

私たち株式会社レイハウオリは、Web領域を中心に、ITリソースや専門人材が不足しているお客様を支援しています。
社内には、エンジニア・デザイナー・ディレクター・PMなど、各分野のエキスパートが在籍しています。
「何を作ればいいのかわからない」「IT周りをまとめて任せたい」といった0→1のご相談から、「社員の退職に伴うリソース不足を補いたい」といったSESのご要望まで、課題やフェーズに応じて幅広く対応しています。

中途採用は時間がかかり、着手が遅れます。

ご興味があればご返信ください。

株式会社Lei Hau'oli
（tel）050-5497-3411
（mail）ml.account-sales@leihauoli.com","353","77","84","87","87","合成","0","- モード: 合成 - 部品ごとの採用元: ①件名=closer ②宛名＋冒頭=replier ③パーソナライズ／課題提示=replier ④自社紹介＋USP=closer ⑤FAB+E＋実績=closer ⑥なぜ今=closer ⑦CTA=closer（replierの「返信1本化」の思想を踏襲） ⑧署名=共通 - opener: 件名の事業ワード＋実績数字で開封力は3案最高。ただしA1違反で失","修正パス(2026-09-18)"
"2026-09-13T18:10:18+09:00","株式会社アライザー","開発部","ご担当者","【開発リソース不足】専門人材で刷新を支援、15分でご案内","開発部 ご担当者様

フロントエンドの開発リソース不足で、刷新対応が後回しになっていないでしょうか。

私たち株式会社レイハウオリは、Web領域を中心に、ITリソースや専門人材が不足しているお客様を支援しています。
社内には、エンジニア・デザイナー・ディレクター・PMなど、各分野のエキスパートが在籍しています。
「何を作ればいいのかわからない」「IT周りをまとめて任せたい」といった0→1のご相談から、「社員の退職に伴うリソース不足を補いたい」といったSESのご要望まで、課題やフェーズに応じて幅広く対応しています。

成長期の今、放置するほど刷新は遅れます。

ご返信いただければ、15分程度でご案内可能です。

株式会社Lei Hau'oli
（tel）050-5497-3411
（mail）ml.account-sales@leihauoli.com","364","81","82","82","91","合成","0","- モード: 合成 - 部品ごとの採用元: ①件名=opener（短縮） ②宛名＋冒頭2行=opener ③パーソナライズ追補=replier（採用市場の一文） ④自社紹介＋USP=closer／replier ⑤FAB+E＋実績=closer ⑥なぜ今=closer＋replier ⑦CTA=replier（4文字返信）＋opener（15分の案内） ⑧署名=共通 - opener: 件名と冒頭","修正パス(2026-09-18)"
"2026-09-13T18:00:38+09:00","株式会社ヒナプロジェクト","開発部","ご担当者","【15分で解決】ヒナプロジェクト様 SPA化・フロント人材確保のご相談","開発部 ご担当者様

私たち株式会社レイハウオリは、Web領域を中心に、ITリソースや専門人材が不足しているお客様を支援しています。
社内には、エンジニア・デザイナー・ディレクター・PMなど、各分野のエキスパートが在籍しています。
「何を作ればいいのかわからない」「IT周りをまとめて任せたい」といった0→1のご相談から、「社員の退職に伴うリソース不足を補いたい」といったSESのご要望まで、課題やフェーズに応じて幅広く対応しています。

SPA化やReact/Vue刷新を進める中、フロント人材確保にお悩みと伺っております。

採用を待つ間もリリースは遅れ続けます。

まずは15分オンラインでご相談を。

株式会社Lei Hau'oli
（tel）050-5497-3411
（mail）ml.account-sales@leihauoli.com","360","80","82","86","90","合成","0","- モード: 合成 - 部品ごとの採用元: ①件名=closer（社名入り／短縮） ②宛名＋冒頭2行=closer（USP先出し） ③パーソナライズ＝replier（大阪・成長期）＋closer（課題仮説） ④自社紹介＋USP=closer ⑤FAB+E＋実績=closer ⑥なぜ今=closer＋replier（採用を待つ間もリリースは遅れる） ⑦CTA=closer（15分＋返信）をrepli","修正パス(2026-09-18)"
"2026-09-13T18:11:01+09:00","株式会社justInCaseTechnologies","開発部","ご担当者","【0→1のご相談も】管理画面刷新のバックログ解消","開発部 ご担当者様

管理画面・ダッシュボードの機能追加が続き、刷新が後回しになっていないでしょうか。

私たち株式会社レイハウオリは、Web領域を中心に、ITリソースや専門人材が不足しているお客様を支援しています。
社内には、エンジニア・デザイナー・ディレクター・PMなど、各分野のエキスパートが在籍しています。
「何を作ればいいのかわからない」「IT周りをまとめて任せたい」といった0→1のご相談から、「社員の退職に伴うリソース不足を補いたい」といったSESのご要望まで、課題やフェーズに応じて幅広く対応しています。

成長期の今、体制を整えることが重要です。

ご興味があれば、このフォームにご返信ください。

株式会社Lei Hau'oli
（tel）050-5497-3411
（mail）ml.account-sales@leihauoli.com","364","74","84","86","91","合成","0","- モード: 合成 - 部品ごとの採用元: ①件名=closer ②宛名＋冒頭=opener（課題直撃）を簡潔化 ③パーソナライズ＝replier（「クライアント案件で要員を求められても供給しきれない」） ④自社紹介＋USP=closer（冒頭でUSPを言い切り） ⑤FAB+E＋実績=closer＋replier（SaaS管理画面の同業訴求をreplierから移植） ⑥なぜ今=replier ⑦C","修正パス(2026-09-18)"
"2026-09-13T18:11:41+09:00","株式会社indent","開発部","ご担当者","【0→1のご相談も】indent様のSPA化、フロントエンド体制について","開発部 ご担当者様

SPA化を控える中、フロントエンド人材の不足を感じていらっしゃいませんか。

私たち株式会社レイハウオリは、Web領域を中心に、ITリソースや専門人材が不足しているお客様を支援しています。
社内には、エンジニア・デザイナー・ディレクター・PMなど、各分野のエキスパートが在籍しています。
「何を作ればいいのかわからない」「IT周りをまとめて任せたい」といった0→1のご相談から、「社員の退職に伴うリソース不足を補いたい」といったSESのご要望まで、課題やフェーズに応じて幅広く対応しています。

リソース不足のまま刷新を進めると、手戻りが大きくなります。

ご興味があれば、このフォームにご返信ください。

株式会社Lei Hau'oli
（tel）050-5497-3411
（mail）ml.account-sales@leihauoli.com","370","74","83","87","93","合成","0","- モード: 合成 - 部品ごとの採用元: ①件名=closer（+openerの「1名から」を接合） ②宛名=共通 ③冒頭2行・課題提示=replier ④自社紹介＋USP=closer ⑤FAB+E＋実績=closer ⑥なぜ今=closer（手戻り）＋replier（成長期の損失）を1文に圧縮 ⑦CTA=closer（15分情報交換＋返信に一本化） ⑧署名=opener/closer - o","修正パス(2026-09-18)"
"2026-09-13T18:14:29+09:00","株式会社リチカ","開発部","ご担当者","【開発部向け】React/Vue刷新、0→1の体制構築もご相談ください","開発部 ご担当者様

Webサービスの刷新に向け、フロントエンド人材の不足で改修が停滞していませんか。

私たち株式会社レイハウオリは、Web領域を中心に、ITリソースや専門人材が不足しているお客様を支援しています。
社内には、エンジニア・デザイナー・ディレクター・PMなど、各分野のエキスパートが在籍しています。
「何を作ればいいのかわからない」「IT周りをまとめて任せたい」といった0→1のご相談から、「社員の退職に伴うリソース不足を補いたい」といったSESのご要望まで、課題やフェーズに応じて幅広く対応しています。

成長期の今、体制整備が急務です。

ご興味があれば、ご返信ください。

株式会社Lei Hau'oli
（tel）050-5497-3411
（mail）ml.account-sales@leihauoli.com","353","74","73","82","84","選抜","0","- モード: 選抜（失格でない案が closer 1案のみのため、合成モードの条件「2案以上」を満たさない） - 部品ごとの採用元: 全て closer。最小限の手直しのみ実施（①冒頭にパーソナライズ一句を追加／②Featureの詳細「TypeScript」と自社説明の冗長部を削り字数余裕を確保） - 各案の強み・弱み - opener: 件名が課題仮説の固有ワード（React/Vue刷新・SPA","修正パス(2026-09-18)"
"2026-09-13T18:10:52+09:00","インフォメティス株式会社","開発部","ご担当者","【0→1から伴走】React/Vue刷新・UI改修が滞るSaaS開発部様へ","開発部 ご担当者様

SaaS/ASPのUI改修やSPA化が、採用難で進まないのではないでしょうか。

私たち株式会社レイハウオリは、Web領域を中心に、ITリソースや専門人材が不足しているお客様を支援しています。
社内には、エンジニア・デザイナー・ディレクター・PMなど、各分野のエキスパートが在籍しています。
「何を作ればいいのかわからない」「IT周りをまとめて任せたい」といった0→1のご相談から、「社員の退職に伴うリソース不足を補いたい」といったSESのご要望まで、課題やフェーズに応じて幅広く対応しています。

先送りするほど改修コストは膨らみます。

ご興味があれば、このフォームにご返信ください。

株式会社Lei Hau'oli
（tel）050-5497-3411
（mail）ml.account-sales@leihauoli.com","362","81","87","81","92","合成","0","- モード: 合成 - 部品ごとの採用元: ①件名=replier（openerの「SaaS」を併合）②宛名＋冒頭=replier ③課題提示=replier ④自社紹介＋USP=closer＋replier ⑤FAB+E・実績=closer ⑥なぜ今=replier＋closer ⑦CTA=replier（closerの「決める方」を1アクション内に統合）⑧署名=opener/closer - ","修正パス(2026-09-18)"
"2026-09-13T18:12:29+09:00","株式会社レクシード","開発部","ご担当者","【15分で提案】ゲーム本体開発を止めないReact/Vue刷新支援","開発部 ご担当者様

貴社ではゲーム本体開発を優先し、公式サイト等の刷新が後回しになりがちではないでしょうか。

私たち株式会社レイハウオリは、Web領域を中心に、ITリソースや専門人材が不足しているお客様を支援しています。
社内には、エンジニア・デザイナー・ディレクター・PMなど、各分野のエキスパートが在籍しています。
「何を作ればいいのかわからない」「IT周りをまとめて任せたい」といった0→1のご相談から、「社員の退職に伴うリソース不足を補いたい」といったSESのご要望まで、課題やフェーズに応じて幅広く対応しています。

繁忙期に入る前に体制を決めることが重要です。

ご興味があれば、本メールにご返信ください。

株式会社Lei Hau'oli
（tel）050-5497-3411
（mail）ml.account-sales@leihauoli.com","368","84","85","88","93","合成","0","- モード: 合成 - 部品ごとの採用元: ①件名=closer ②宛名＋冒頭=replier ③パーソナライズ／課題提示=replier＋opener ④自社紹介＋USP=closer ⑤FAB+E＋実績=closer ⑥なぜ今=closer ⑦CTA=replier（低ハードル）＋closer（15分の中身）⑧署名=共通 - opener: 冒頭の課題密度は3案最高。ただし件名が長く【】内に数","修正パス(2026-09-18)"
"2026-09-13T18:14:05+09:00","株式会社コミチ","開発部","ご担当者","【0→1】コミチ様のReact/Vue刷新、採用を待たずに着手","開発部 ご担当者様

書籍・メディアのWeb運営でUI改修や機能追加のご要望が増えているかと存じます。

私たち株式会社レイハウオリは、Web領域を中心に、ITリソースや専門人材が不足しているお客様を支援しています。
社内には、エンジニア・デザイナー・ディレクター・PMなど、各分野のエキスパートが在籍しています。
「何を作ればいいのかわからない」「IT周りをまとめて任せたい」といった0→1のご相談から、「社員の退職に伴うリソース不足を補いたい」といったSESのご要望まで、課題やフェーズに応じて幅広く対応しています。

採用を待つ間も要望は積み上がります。ご興味があれば、本メールにご返信ください。

株式会社Lei Hau'oli
（tel）050-5497-3411
（mail）ml.account-sales@leihauoli.com","360","75","86","87","92","合成","0","- モード: 合成 - 部品ごとの採用元: ①件名=replier（【1名から】＋社名）＋closer（React/Vue刷新）②宛名・冒頭=closer ③課題提示=closer＋replier ④自社紹介＋USP=closer ⑤FAB+E＝closer ⑥なぜ今=replier ⑦CTA=replier（5文字返信）＋closer（15分）⑧署名=共通 - opener: 件名の課題ワード当","修正パス(2026-09-18)"
"2026-09-13T18:14:42+09:00","株式会社グルーヴノーツ","開発部","ご担当者","【0→1】管理画面のバックログ解消とSPA化を支援","開発部 ご担当者様

管理画面の機能追加が続き、フロントエンド改修がバックログに積み上がっていませんか。

私たち株式会社レイハウオリは、Web領域を中心に、ITリソースや専門人材が不足しているお客様を支援しています。
社内には、エンジニア・デザイナー・ディレクター・PMなど、各分野のエキスパートが在籍しています。
「何を作ればいいのかわからない」「IT周りをまとめて任せたい」といった0→1のご相談から、「社員の退職に伴うリソース不足を補いたい」といったSESのご要望まで、課題やフェーズに応じて幅広く対応しています。

体制の遅れはリリース停滞に直結します。

ご興味があれば、このフォームにご返信ください。

株式会社Lei Hau'oli
（tel）050-5497-3411
（mail）ml.account-sales@leihauoli.com","364","85","88","88","94","合成","0","- モード: 合成 - 部品ごとの採用元: ①件名=closer（骨格）＋opener（課題固有ワード） ②宛名＋冒頭=opener ③パーソナライズ／課題提示=opener＋closer（「成長期に共通する壁」） ④自社紹介＋USP=replier ⑤FAB+E＋実績=closer＋replier（SaaS管理画面＝不適潰し） ⑥なぜ今=closer ⑦CTA=replier（一言返信）＋clo","修正パス(2026-09-18)"
"2026-09-13T18:16:29+09:00","アスクプロ株式会社","開発部","ご担当者","【0→1】アスクプロ様のSPA化を止めないフロントエンド増員","開発部 ご担当者様

貴社のWebサービスでReact/VueへのSPA化を控え、フロントエンドの開発リソースが不足していませんか。

私たち株式会社レイハウオリは、Web領域を中心に、ITリソースや専門人材が不足しているお客様を支援しています。
社内には、エンジニア・デザイナー・ディレクター・PMなど、各分野のエキスパートが在籍しています。
「何を作ればいいのかわからない」「IT周りをまとめて任せたい」といった0→1のご相談から、「社員の退職に伴うリソース不足を補いたい」といったSESのご要望まで、課題やフェーズに応じて幅広く対応しています。

経験者採用には時間がかかり、今が増員の好機です。

ご興味があれば、ご返信ください。

株式会社Lei Hau'oli
（tel）050-5497-3411
（mail）ml.account-sales@leihauoli.com","376","73","81","86","91","合成","0","- モード: 合成 - 部品ごとの採用元: ①件名=closer ②宛名＋冒頭=opener/replier（「UI改修・機能追加の要望が続く」の具体描写） ③パーソナライズ=replier（クライアント案件の要員供給） ④自社紹介＋USP=closer（短縮） ⑤FAB+E＋実績=closer ⑥なぜ今=opener（中途採用に数か月）＋closer（今が決める時期） ⑦CTA=closer（返","修正パス(2026-09-18)"
"2026-09-13T18:15:19+09:00","株式会社リザーブリンク","開発部","ご担当者","【0→1のご相談も】採用を待たず、React/Vue刷新を進める方法","開発部 ご担当者様

UI改修や機能追加の要望に対し、フロントエンドの体制不足が後回しになっていないでしょうか。

私たち株式会社レイハウオリは、Web領域を中心に、ITリソースや専門人材が不足しているお客様を支援しています。
社内には、エンジニア・デザイナー・ディレクター・PMなど、各分野のエキスパートが在籍しています。
「何を作ればいいのかわからない」「IT周りをまとめて任せたい」といった0→1のご相談から、「社員の退職に伴うリソース不足を補いたい」といったSESのご要望まで、課題やフェーズに応じて幅広く対応しています。

採用を待たず、今から着手できます。

ご興味があれば、このフォームにご返信ください。

株式会社Lei Hau'oli
（tel）050-5497-3411
（mail）ml.account-sales@leihauoli.com","366","80","86","87","92","合成","0","- モード: 合成 - 部品ごとの採用元: ①件名=replier ②宛名＋冒頭2行=replier ③課題提示=replier ④自社紹介＋USP=closer ⑤FAB+E＋実績=closer（openerの「1名からチーム単位」表現を統合） ⑥なぜ今=replier＋closer（採用を待たない／放置コスト） ⑦CTA=closer（15分の整理＋返信の一択） ⑧署名=opener/clos","修正パス(2026-09-18)"
"2026-09-13T18:17:38+09:00","Nadia株式会社","開発部","ご担当者","【React刷新・SPA化】0→1のご相談から対応可能","開発部 ご担当者様

UI改修や機能追加のご要望に、フロントエンドの手が足りていないのではないでしょうか。

私たち株式会社レイハウオリは、Web領域を中心に、ITリソースや専門人材が不足しているお客様を支援しています。
社内には、エンジニア・デザイナー・ディレクター・PMなど、各分野のエキスパートが在籍しています。
「何を作ればいいのかわからない」「IT周りをまとめて任せたい」といった0→1のご相談から、「社員の退職に伴うリソース不足を補いたい」といったSESのご要望まで、課題やフェーズに応じて幅広く対応しています。

採用を待つ間もUI改修は滞留します。

ご興味があれば、ご返信ください。

株式会社Lei Hau'oli
（tel）050-5497-3411
（mail）ml.account-sales@leihauoli.com","357","83","85","83","93","合成","0","- モード: 合成 - 部品ごとの採用元: ①件名=opener（語を圧縮） ②宛名＋冒頭2行=replier＋closer ③課題提示=replier ④自社紹介＋USP=closer ⑤FAB+E＋実績=closer ⑥なぜ今=closer ⑦CTA=replier ⑧署名=replier - opener: 件名に相手固有の「SPA化・React刷新」を置いた開封設計が最良。ただし件名が44","修正パス(2026-09-18)"
"2026-09-13T18:17:45+09:00","Cinarra Systems Japan株式会社","開発部","ご担当者","【React/Vue刷新を控える開発部様へ】0→1の相談からSES支援まで","開発部 ご担当者様

貴社はSPA化やReact/Vue刷新を控え、フロントエンド要員確保にお悩みではないでしょうか。

私たち株式会社レイハウオリは、Web領域を中心に、ITリソースや専門人材が不足しているお客様を支援しています。
社内には、エンジニア・デザイナー・ディレクター・PMなど、各分野のエキスパートが在籍しています。
「何を作ればいいのかわからない」「IT周りをまとめて任せたい」といった0→1のご相談から、「社員の退職に伴うリソース不足を補いたい」といったSESのご要望まで、課題やフェーズに応じて幅広く対応しています。

刷新を控える今、体制構築が計画の鍵となります。

ご興味があればご返信ください。

株式会社Lei Hau'oli
（tel）050-5497-3411
（mail）ml.account-sales@leihauoli.com","367","83","81","86","91","合成","0","- モード: 合成（opener × closer の2案合成。replier は失格のため素材からも全面除外し、replier固有の表現「採用市場にも社内にもいない」「案件を断る事態」「詳細希望の4文字」は最終文面に一切使用していない） - 部品ごとの採用元: ①件名=opener（「開発部様へ」＋「40名／1名から常駐支援」）＋closer（「React/Vue刷新」）②宛名＝opener/c","修正パス(2026-09-18)"
"2026-09-13T18:18:13+09:00","株式会社Buzzreach","開発部","ご担当者","【0→1のご相談から】中途採用を待たずに、必要な人材体制を","開発部 ご担当者様

医療・福祉領域のWebサービスを自社運営されている御社では、UI改修などの対応リソースが不足していないでしょうか。

私たち株式会社レイハウオリは、Web領域を中心に、ITリソースや専門人材が不足しているお客様を支援しています。
社内には、エンジニア・デザイナー・ディレクター・PMなど、各分野のエキスパートが在籍しています。
「何を作ればいいのかわからない」「IT周りをまとめて任せたい」といった0→1のご相談から、「社員の退職に伴うリソース不足を補いたい」といったSESのご要望まで、課題やフェーズに応じて幅広く対応しています。

採用に時間がかかる今、早期の対応が重要です。

ご興味があれば、このフォームにご返信ください。

株式会社Lei Hau'oli
（tel）050-5497-3411
（mail）ml.account-sales@leihauoli.com","383","77","85","83","90","合成","0","- モード: 合成 - 部品ごとの採用元: ①件名=replier（短く数字が2つ、刺さる訴求） ②宛名＋冒頭2行=replier（医療・福祉＋課題仮説直撃） ③課題提示=replier ④自社紹介＋USP=closer（§4忠実なFeature表記／直請け経験＋1名から） ⑤FAB+E＋実績=closer ⑥なぜ今=replier（採用に数か月＝不急の具体化） ⑦CTA=replier（返信ハー","修正パス(2026-09-18)"
"2026-09-13T18:18:41+09:00","株式会社はばたーく","開発部","ご担当者","【15分で相談】SPA化控えるフロントエンド、繁忙期の人材確保","開発部 ご担当者様

SPA化やReact/Vue刷新を控える中、繁忙期だけ人材を確保する手立てがないのではないでしょうか。採用を待たず、今の体制強化が重要です。

私たち株式会社レイハウオリは、Web領域を中心に、ITリソースや専門人材が不足しているお客様を支援しています。
社内には、エンジニア・デザイナー・ディレクター・PMなど、各分野のエキスパートが在籍しています。
「何を作ればいいのかわからない」「IT周りをまとめて任せたい」といった0→1のご相談から、「社員の退職に伴うリソース不足を補いたい」といったSESのご要望まで、課題やフェーズに応じて幅広く対応しています。

ご興味があれば、このフォームにご返信ください。

株式会社Lei Hau'oli
（tel）050-5497-3411
（mail）ml.account-sales@leihauoli.com","374","81","87","89","93","合成","0","- モード: 合成 - 部品ごとの採用元: ①件名=closer ②宛名＋冒頭=replier ③課題提示=replier ④自社紹介＋USP=closer（opener の「1名からチーム単位」に差し替え）⑤FAB+E=closer ⑥なぜ今=replier ⑦CTA=replier＋closer（返信1本＋15分の中身を後置）⑧署名=共通 - opener: 冒頭2行の課題言い換えが最も濃く、","修正パス(2026-09-18)"
"2026-09-13T18:21:23+09:00","株式会社エイムワールド","開発部","ご担当者","【0→1からSESまで】フロントエンド刷新のご支援","開発部 ご担当者様

UI改修や機能追加の要望が積み上がる中、フロントエンドの手が足りない状況かと存じます。

採用を待つ間も要望は増え続けます。

私たち株式会社レイハウオリは、Web領域を中心に、ITリソースや専門人材が不足しているお客様を支援しています。
社内には、エンジニア・デザイナー・ディレクター・PMなど、各分野のエキスパートが在籍しています。
「何を作ればいいのかわからない」「IT周りをまとめて任せたい」といった0→1のご相談から、「社員の退職に伴うリソース不足を補いたい」といったSESのご要望まで、課題やフェーズに応じて幅広く対応しています。

ご興味があればご返信ください。

株式会社Lei Hau'oli
（tel）050-5497-3411
（mail）ml.account-sales@leihauoli.com","356","86","88","80","93","合成","0","- モード: 合成 - 部品ごとの採用元: ①件名=opener（「約」を補記）②宛名＋冒頭2行=replier ③課題提示＝replier ④自社紹介＋USP=replier（「フロントエンドだけに特化」の言い切り）⑤FAB+E＝opener（技術スタック＋常駐形態）＋opener のBenefit「内製チームはコア機能に集中」⑥なぜ今=replier（「採用に数か月かければ、その間も要望リスト","修正パス(2026-09-18)"
"2026-09-13T18:24:45+09:00","株式会社RECORE","開発部","ご担当者","【SaaS/ASP運営企業向け】React/Vue刷新を止める0→1開発支援体制","開発部 ご担当者様

SaaSプロダクトのUI改修要望が積み上がる一方、フロントエンド人材確保にお困りではないでしょうか。

私たち株式会社レイハウオリは、Web領域を中心に、ITリソースや専門人材が不足しているお客様を支援しています。
社内には、エンジニア・デザイナー・ディレクター・PMなど、各分野のエキスパートが在籍しています。
「何を作ればいいのかわからない」「IT周りをまとめて任せたい」といった0→1のご相談から、「社員の退職に伴うリソース不足を補いたい」といったSESのご要望まで、課題やフェーズに応じて幅広く対応しています。

刷新が遅れるほど保守コストが膨らみます。

ご興味があれば、このフォームにご返信ください。

株式会社Lei Hau'oli
（tel）050-5497-3411
（mail）ml.account-sales@leihauoli.com","374","84","86","85","93","合成","0","- モード: 合成 - 部品ごとの採用元: ①件名=opener ②宛名=共通 ③冒頭の課題提示=replier（opener冒頭と統合） ④自社紹介＋USP=closer ⑤FAB+E＋実績=closer（opener/replierの実績表現と共通） ⑥なぜ今=replier＋closer（採用待ちの積み上がり＋旧UI保守コスト）＋openerの「採用と並行して先に確保」 ⑦CTA=close","修正パス(2026-09-18)"
"2026-09-13T18:19:33+09:00","ITKエンジニアリングジャパン株式会社","開発部","ご担当者","【フロントエンド採用難の解消】15分で分かる、必要な体制づくりのご提案","開発部 ご担当者様

御社のプロダクト成長に伴うUI改修対応で、開発リソース不足にお困りではありませんか。

私たち株式会社レイハウオリは、Web領域を中心に、ITリソースや専門人材が不足しているお客様を支援しています。
社内には、エンジニア・デザイナー・ディレクター・PMなど、各分野のエキスパートが在籍しています。
「何を作ればいいのかわからない」「IT周りをまとめて任せたい」といった0→1のご相談から、「社員の退職に伴うリソース不足を補いたい」といったSESのご要望まで、課題やフェーズに応じて幅広く対応しています。

採用を待たず、15分で体制づくりの相談が可能です。

ご返信でご都合をお聞かせください。

株式会社Lei Hau'oli
（tel）050-5497-3411
（mail）ml.account-sales@leihauoli.com","365","72","73","84","85","選抜","0","- モード: 選抜 - 選抜理由: 失格でない案が closer 1案のみのため、合成モードの条件（失格でない案2つ以上）を満たさない。closer をベースに、絶対条件を損なわない範囲の最小限の手直しのみを行った。 - 手直し箇所: 「必要な期間ご参画いただけるため」→「必要な期間だけ参画できるため」（自社側の行為に尊敬語を使う誤用を修正。字数は1字減、意味・主張の追加なし）。 - opener","修正パス(2026-09-18)"
"2026-09-13T18:21:25+09:00","株式会社ユニリタプラス","開発部","ご担当者","【開発支援】SPA化・React刷新、15分の相談から","開発部 ご担当者様

サービスの成長期に、UI改修や機能追加のご要望が積み上がっていないでしょうか。

私たち株式会社レイハウオリは、Web領域を中心に、ITリソースや専門人材が不足しているお客様を支援しています。
社内には、エンジニア・デザイナー・ディレクター・PMなど、各分野のエキスパートが在籍しています。
「何を作ればいいのかわからない」「IT周りをまとめて任せたい」といった0→1のご相談から、「社員の退職に伴うリソース不足を補いたい」といったSESのご要望まで、課題やフェーズに応じて幅広く対応しています。

採用に時間がかかる間も、要望は積み上がります。

ご興味があれば、ご返信ください。

株式会社Lei Hau'oli
（tel）050-5497-3411
（mail）ml.account-sales@leihauoli.com","359","82","81","81","92","合成","0","- モード: 合成 - 部品ごとの採用元: ①件名=replier ②宛名＋冒頭2行=opener ③課題提示=replier（1文84字を2文に分割し文体調整） ④自社紹介＋USP=closer＋replier（9割表現を除去し§4準拠に修正） ⑤FAB+E＝closer ⑥なぜ今=closer ⑦CTA=closer（15分情報交換1本、行動は「返信」のみ） ⑧署名=共通 - opener: ","修正パス(2026-09-18)"
"2026-09-13T18:26:10+09:00","株式会社ZIQ COM","開発部","ご担当者","【SPA化・React刷新を止めない】15分で進め方を整理","開発部 ご担当者様

UI改修や機能追加のご要望が積み上がる一方、フロントエンドの手が足りず後回しになっていないでしょうか。

私たち株式会社レイハウオリは、Web領域を中心に、ITリソースや専門人材が不足しているお客様を支援しています。
社内には、エンジニア・デザイナー・ディレクター・PMなど、各分野のエキスパートが在籍しています。
「何を作ればいいのかわからない」「IT周りをまとめて任せたい」といった0→1のご相談から、「社員の退職に伴うリソース不足を補いたい」といったSESのご要望まで、課題やフェーズに応じて幅広く対応しています。

採用市場は厳しく、成長期の今が体制づくりの好機です。

ご興味があれば、ご返信ください。

株式会社Lei Hau'oli
（tel）050-5497-3411
（mail）ml.account-sales@leihauoli.com","374","83","84","87","92","合成","0","- モード: 合成 - 部品ごとの採用元: ①件名=closer（短縮） ②冒頭2行=replier ③課題提示=replier ④自社紹介＋USP=closer＋opener（「特化」の言い切りを強化） ⑤FAB+E=closer（品質基準の持ち込み）＋replier（コア機能集中） ⑥なぜ今=closer ⑦CTA=closer（15分の整理）＋replier（5文字返信） ⑧署名=共通 - ","修正パス(2026-09-18)"
"2026-09-13T18:25:20+09:00","株式会社シロク","開発部","ご担当者","【ECのSPA化・表示速度改善に】専門人材の増員相談、15分で","開発部 ご担当者様

ECサイトのUI改修やSPA化を進めたくても、専門人材が採用市場で見つからない状況ではないでしょうか。

私たち株式会社レイハウオリは、Web領域を中心に、ITリソースや専門人材が不足しているお客様を支援しています。
社内には、エンジニア・デザイナー・ディレクター・PMなど、各分野のエキスパートが在籍しています。
「何を作ればいいのかわからない」「IT周りをまとめて任せたい」といった0→1のご相談から、「社員の退職に伴うリソース不足を補いたい」といったSESのご要望まで、課題やフェーズに応じて幅広く対応しています。

繁忙期前の今、体制を固める時期です。

ご興味があれば本メールにご返信ください。

株式会社Lei Hau'oli
（tel）050-5497-3411
（mail）ml.account-sales@leihauoli.com","370","83","87","92","96","合成","0","- モード: 合成 - 部品ごとの採用元: ①件名=closer ②宛名=共通（全案同一） ③冒頭2行・課題提示=replier ④自社紹介＋USP=closer（短縮） ⑤FAB+E＋実績=closer ⑥なぜ今=closer＋replier ⑦CTA=replier（「詳細希望」返信）＋closer（15分）を返信1本に統合 ⑧署名=opener/replier形式 - opener: 件名の","修正パス(2026-09-18)"
"2026-09-13T18:25:45+09:00","株式会社ギークフィード","開発部","ご担当者","【React/Vue刷新・SPA化】0→1から人材支援まで対応","開発部 ご担当者様

React/Vueへの刷新やSPA化に伴い、フロントエンド人材の確保にお困りではないでしょうか。

私たち株式会社レイハウオリは、Web領域を中心に、ITリソースや専門人材が不足しているお客様を支援しています。
社内には、エンジニア・デザイナー・ディレクター・PMなど、各分野のエキスパートが在籍しています。
「何を作ればいいのかわからない」「IT周りをまとめて任せたい」といった0→1のご相談から、「社員の退職に伴うリソース不足を補いたい」といったSESのご要望まで、課題やフェーズに応じて幅広く対応しています。

採用に時間をかける間も、計画は進みます。

ご興味があれば、このフォームにご返信ください。

株式会社Lei Hau'oli
（tel）050-5497-3411
（mail）ml.account-sales@leihauoli.com","372","81","85","79","91","合成","0","- モード: 合成 - 部品ごとの採用元: ①件名=opener ②宛名＋冒頭=opener ③パーソナライズ／課題提示=replier ④自社紹介＋USP=opener/replier ⑤FAB+E＋実績=closer ⑥なぜ今=closer（replierの時間軸と統合） ⑦CTA=closer ⑧署名=opener（要確認行は削除し字数確保） - opener: 件名に「React/Vue刷","修正パス(2026-09-18)"
"2026-09-13T18:22:04+09:00","Qiita株式会社","開発部","ご担当者","【15分で相談】React/Vue刷新を止めないフロントエンド増員","開発部 ご担当者様

UI改修や機能追加の要望に対し、フロントエンドの開発リソース不足でお困りではないでしょうか。

私たち株式会社レイハウオリは、Web領域を中心に、ITリソースや専門人材が不足しているお客様を支援しています。
社内には、エンジニア・デザイナー・ディレクター・PMなど、各分野のエキスパートが在籍しています。
「何を作ればいいのかわからない」「IT周りをまとめて任せたい」といった0→1のご相談から、「社員の退職に伴うリソース不足を補いたい」といったSESのご要望まで、課題やフェーズに応じて幅広く対応しています。

着手が遅れるほど、機能リリースは滞ります。

まずは15分、オンラインでお話しできればと存じます。ご返信ください。

株式会社Lei Hau'oli
（tel）050-5497-3411
（mail）ml.account-sales@leihauoli.com","382","81","81","77","85","選抜","0","- モード: 選抜 - 失格でない案が opener 1案のみのため、合成モードは不成立。opener をそのまま基軸とし、絶対条件を壊さない範囲の最小限の手直し（件名の短縮／不急・不適の文言調整）のみを行った。 - opener の強み: 課題仮説（UI改修・機能追加・React/Vue刷新・中途採用難）を冒頭2行に正確に落とし込み、数字の扱いが3案で唯一正確（「React・Vueを専門とするエ","修正パス(2026-09-18)"
"2026-09-13T18:28:48+09:00","株式会社EventHub","開発部","ご担当者","【0→1のご相談も】EventHub様の管理画面バックログ解消策","開発部 ご担当者様

ダッシュボード改修がバックログ化し、着手が進んでいない状況ではありませんか。

着手が遅れるほど、要望は積み上がります。

私たち株式会社レイハウオリは、Web領域を中心に、ITリソースや専門人材が不足しているお客様を支援しています。
社内には、エンジニア・デザイナー・ディレクター・PMなど、各分野のエキスパートが在籍しています。
「何を作ればいいのかわからない」「IT周りをまとめて任せたい」といった0→1のご相談から、「社員の退職に伴うリソース不足を補いたい」といったSESのご要望まで、課題やフェーズに応じて幅広く対応しています。

ご興味があれば、このフォームにご返信ください。

株式会社Lei Hau'oli
（tel）050-5497-3411
（mail）ml.account-sales@leihauoli.com","362","82","77","84","89","合成","0","- モード: 合成 - 部品ごとの採用元: ①件名=closer（社名＋課題ワード＋提供形態で最も自社宛て感が強い） ②宛名＋冒頭2行=closer ③パーソナライズ／課題提示=closer ④自社紹介＋USP=closer ⑤FAB+E＋実績=closer（Featureの「TypeScript」を字数調整で削除） ⑥なぜ今=replier（「刷新の着手が遅れるほど追加要望は積み上がる」＝相手の","修正パス(2026-09-18)"
"2026-09-13T18:22:10+09:00","株式会社アルファスティング","開発部","ご担当者","【0→1のご相談からSESまで】15分で開発体制の情報交換","開発部 ご担当者様

UI改修や機能追加に対しフロントエンドの人手が足りず、対応が後回しになっていないでしょうか。

私たち株式会社レイハウオリは、Web領域を中心に、ITリソースや専門人材が不足しているお客様を支援しています。
社内には、エンジニア・デザイナー・ディレクター・PMなど、各分野のエキスパートが在籍しています。
「何を作ればいいのかわからない」「IT周りをまとめて任せたい」といった0→1のご相談から、「社員の退職に伴うリソース不足を補いたい」といったSESのご要望まで、課題やフェーズに応じて幅広く対応しています。

着手が遅れるほど、成長期の機会を逃します。

ご興味があれば、このフォームにご返信ください。

株式会社Lei Hau'oli
（tel）050-5497-3411
（mail）ml.account-sales@leihauoli.com","371","75","76","73","82","選抜","0","- モード: **選抜**（失格でない案が1つのため合成不可） - 採用元: opener 全体。最小限の手直しのみ実施。 1. 「フロントエンド特化でここまでの体制は他にありません」→ 根拠なき優位主張（§3）のため削除し、§4 Feature由来の「設計から運用まで担える」USPに差し替え。 2. 不急の壁が「悩みもあるかと思います」だけで弱かったため、replierの発想（失格箇所ではない）","修正パス(2026-09-18)"
"2026-09-13T18:26:12+09:00","ビーンズユー株式会社","開発部","ご担当者","【0→1のご相談も】React/Vue刷新を、専門人材の常駐で支援","開発部 ご担当者様

私たち株式会社レイハウオリは、Web領域を中心に、ITリソースや専門人材が不足しているお客様を支援しています。
社内には、エンジニア・デザイナー・ディレクター・PMなど、各分野のエキスパートが在籍しています。
「何を作ればいいのかわからない」「IT周りをまとめて任せたい」といった0→1のご相談から、「社員の退職に伴うリソース不足を補いたい」といったSESのご要望まで、課題やフェーズに応じて幅広く対応しています。

貴社は成長期のWebサービスでReact/Vue刷新を控え、専門人材確保にお困りではと拝察します。

改修の遅延は機会損失につながります。成長期の今動けば、負債の拡大を防げます。

ご興味があれば、ご返信ください。

株式会社Lei Hau'oli
（tel）050-5497-3411
（mail）ml.account-sales@leihauoli.com","384","69","68","77","84","選抜","0","- モード: 選抜（失格でない案が closer 1案のみのため、合成モードは不可） - 各案の強み・弱み - opener: 件名の「SPA化・React刷新控え」は開封力最高。ただし数字誤用で失格、本文も自社説明が実績列挙に寄り CTA が弱い。 - replier: 「1名から相談したいとだけご返信ください」の返信ハードル設計は3案最良。同じ数字誤用で失格、件名の訴求が曖昧。 - close","修正パス(2026-09-18)"
"2026-09-13T18:28:48+09:00","株式会社光庭インフォ","開発部","ご担当者","【0→1のご相談歓迎】UI改修を止めない開発体制づくり","開発部 ご担当者様

UI改修や機能追加のご要望はあるのに、フロントエンドの手が足りず後回しになっていませんか。中途採用に時間をかけている余裕はないはずです。

私たち株式会社レイハウオリは、Web領域を中心に、ITリソースや専門人材が不足しているお客様を支援しています。
社内には、エンジニア・デザイナー・ディレクター・PMなど、各分野のエキスパートが在籍しています。
「何を作ればいいのかわからない」「IT周りをまとめて任せたい」といった0→1のご相談から、「社員の退職に伴うリソース不足を補いたい」といったSESのご要望まで、課題やフェーズに応じて幅広く対応しています。

ご興味があれば、このフォームにご返信ください。

株式会社Lei Hau'oli
（tel）050-5497-3411
（mail）ml.account-sales@leihauoli.com","372","78","87","87","92","合成","0","- モード: 合成 - 部品ごとの採用元: ①件名=closer＋replier（closerの「1名から常駐／React/Vue刷新・UI改修」＋replierの「フロント専門エンジニア40名」を結合し、長さを圧縮） ②宛名＋冒頭2行=replier ③課題提示=replier ④自社紹介＋USP=closer ⑤FAB+E＋実績=closer＋replier（品質基準の持ち込み→リリースを止め","修正パス(2026-09-18)"
"2026-09-13T18:27:22+09:00","株式会社ブレイントラスト","開発部","ご担当者","【0→1から伴走】受託開発の波に合わせて増減できる開発体制","開発部 ご担当者様

翻訳・受託開発・eコマースを運営される貴社では、フロントエンドの開発体制が不足しているのではないでしょうか。

私たち株式会社レイハウオリは、Web領域を中心に、ITリソースや専門人材が不足しているお客様を支援しています。
社内には、エンジニア・デザイナー・ディレクター・PMなど、各分野のエキスパートが在籍しています。
「何を作ればいいのかわからない」「IT周りをまとめて任せたい」といった0→1のご相談から、「社員の退職に伴うリソース不足を補いたい」といったSESのご要望まで、課題やフェーズに応じて幅広く対応しています。

下期の体制が固まる前に動くことをおすすめします。

ご興味があれば、ご返信ください。

株式会社Lei Hau'oli
（tel）050-5497-3411
（mail）ml.account-sales@leihauoli.com","375","83","85","82","92","合成","0","- モード: 合成 - 部品ごとの採用元: ①件名=replier（数字2種で信用を立てる）＋opener（「受託の波」で自社宛て感）② 宛名＋冒頭=replier ③課題提示=replier ④自社紹介＋USP=replier（「フロントエンド特化」）＋closer（「1名からチーム単位」）⑤FAB+E=closer ⑥なぜ今=replier（「下期の体制が固まる前に」）⑦CTA=replier","修正パス(2026-09-18)"
"2026-09-13T18:29:29+09:00","GMOインサイト株式会社","開発部","ご担当者","【0→1から常駐まで】GMOインサイト様のReact/Vue刷新を止めない開発支援","開発部 ご担当者様

UI改修や機能追加の要望が積み上がる一方、React/Vue刷新に着手する体制が足りていないのではないでしょうか。

私たち株式会社レイハウオリは、Web領域を中心に、ITリソースや専門人材が不足しているお客様を支援しています。
社内には、エンジニア・デザイナー・ディレクター・PMなど、各分野のエキスパートが在籍しています。
「何を作ればいいのかわからない」「IT周りをまとめて任せたい」といった0→1のご相談から、「社員の退職に伴うリソース不足を補いたい」といったSESのご要望まで、課題やフェーズに応じて幅広く対応しています。

着手が遅れるほど改善が遅れます。

ご興味があれば、ご返信ください。

株式会社Lei Hau'oli
（tel）050-5497-3411
（mail）ml.account-sales@leihauoli.com","370","77","80","87","92","合成","0","- モード: 合成 - 部品ごとの採用元: ①件名=closer ②宛名＋冒頭2行=replier ③課題提示=replier ④自社紹介＋USP=closer（数字を§4準拠に修正） ⑤FAB+E＋実績=closer ⑥なぜ今=replier（年度後半の時間軸）＋closer（競合遅れ）を1文に圧縮 ⑦CTA=replier（5文字返信）＋closer（15分の中身指定）を1アクションに統合 ⑧","修正パス(2026-09-18)"
"2026-09-13T18:30:27+09:00","株式会社アペルザ","開発部","ご担当者","【React/Vue刷新】フロントエンド人材確保、0→1のご相談も","開発部 ご担当者様

eコマースサービスのUI改修に伴い、フロントエンド人材の不足を感じておられるのではないでしょうか。

私たち株式会社レイハウオリは、Web領域を中心に、ITリソースや専門人材が不足しているお客様を支援しています。
社内には、エンジニア・デザイナー・ディレクター・PMなど、各分野のエキスパートが在籍しています。
「何を作ればいいのかわからない」「IT周りをまとめて任せたい」といった0→1のご相談から、「社員の退職に伴うリソース不足を補いたい」といったSESのご要望まで、課題やフェーズに応じて幅広く対応しています。

繁忙期前の着手が重要です。

ご興味があれば、このメールにご返信ください。

株式会社Lei Hau'oli
（tel）050-5497-3411
（mail）ml.account-sales@leihauoli.com","365","84","79","74","89","合成","0","- モード: 合成 - 部品ごとの採用元: ①件名=opener（冗長部を圧縮） ②宛名＋冒頭2行=opener ③課題提示=opener ④自社紹介＋USP=opener（closerのUSP言い切り型を語順に反映） ⑤FAB+E=opener ⑥なぜ今=opener ⑦CTA=replier（「詳細希望」返信） ⑧署名=共通 - opener: 件名・冒頭・FAB+Eが全て課題仮説に接続され、","修正パス(2026-09-18)"
"2026-09-13T18:33:05+09:00","株式会社シベスピ","開発部","ご担当者","【SPA化を控える開発部へ】0→1からSESまで、必要な人材をご相談ください","開発部 ご担当者様

UI改修や機能追加でフロントエンド人材が不足していませんか。

私たち株式会社レイハウオリは、Web領域を中心に、ITリソースや専門人材が不足しているお客様を支援しています。
社内には、エンジニア・デザイナー・ディレクター・PMなど、各分野のエキスパートが在籍しています。
「何を作ればいいのかわからない」「IT周りをまとめて任せたい」といった0→1のご相談から、「社員の退職に伴うリソース不足を補いたい」といったSESのご要望まで、課題やフェーズに応じて幅広く対応しています。

採用難が続くほど刷新の着手は遅れます。ご興味があれば、このフォームにご返信ください。

株式会社Lei Hau'oli
（tel）050-5497-3411
（mail）ml.account-sales@leihauoli.com","353","79","82","85","91","合成","0","- モード: 合成 - 部品ごとの採用元: ①件名=opener（「SPA化を控える開発部」＋「40名」）に closer の「1名から常駐」を接合 ②宛名＝共通 ③冒頭・課題提示=replier（開発部の""心の声""＋人材供給業態への当て込み） ④自社紹介＋USP=closer ⑤FAB+E=closer＋opener（「大手BtoCの開発フローをそのまま持ち込める」） ⑥なぜ今=closer（採","修正パス(2026-09-18)"
"2026-09-13T18:29:31+09:00","株式会社HACARUS","開発部","ご担当者","【0→1のご相談も】React/Vue刷新、15分で整理を","開発部 ご担当者様

京都からSaaS・ASPサービスを展開される御社では、React/Vue刷新に向けた人材確保が課題ではないでしょうか。

私たち株式会社レイハウオリは、Web領域を中心に、ITリソースや専門人材が不足しているお客様を支援しています。
社内には、エンジニア・デザイナー・ディレクター・PMなど、各分野のエキスパートが在籍しています。
「何を作ればいいのかわからない」「IT周りをまとめて任せたい」といった0→1のご相談から、「社員の退職に伴うリソース不足を補いたい」といったSESのご要望まで、課題やフェーズに応じて幅広く対応しています。

採用に時間をかける間もプロダクト開発は止まりません。

15分の相談で、進め方を整理しませんか。

株式会社Lei Hau'oli
（tel）050-5497-3411
（mail）ml.account-sales@leihauoli.com","386","82","81","85","86","合成","0","- モード: 合成 - 部品ごとの採用元: ①件名=closer（【】がタグとして機能し数字40が具体、語順のみ相手課題先出しに調整） ②宛名＋冒頭=replier（京都・SaaS/ASPの実名級パーソナライズが最強） ③課題提示=replier ④自社紹介＋USP一言=closer ⑤FAB+E＋実績=closer（Feature列挙はTypeScriptを削り圧縮） ⑥なぜ今=replier「","修正パス(2026-09-18)"
"2026-09-13T18:32:44+09:00","株式会社カイラステクノロジー","開発部","ご担当者","【開発リソース不足】フロントエンド刷新を0→1から支援","開発部 ご担当者様

UI改修や機能追加の要望が積み上がる一方、フロントエンド刷新の着手が止まっていませんか。採用を待つ間にも、要望は積み上がっていきます。

私たち株式会社レイハウオリは、Web領域を中心に、ITリソースや専門人材が不足しているお客様を支援しています。
社内には、エンジニア・デザイナー・ディレクター・PMなど、各分野のエキスパートが在籍しています。
「何を作ればいいのかわからない」「IT周りをまとめて任せたい」といった0→1のご相談から、「社員の退職に伴うリソース不足を補いたい」といったSESのご要望まで、課題やフェーズに応じて幅広く対応しています。

ご興味があれば、ご返信ください。

株式会社Lei Hau'oli
（tel）050-5497-3411
（mail）ml.account-sales@leihauoli.com","364","83","76","82","91","合成","0","- モード: 合成 - 部品ごとの採用元: ①件名=opener ②宛名＋冒頭2行=closer（課題2点を1文に圧縮）③課題提示=closer ④自社紹介＋USP=closer ⑤FAB+E＋実績=closer ⑥なぜ今=replier（採用を待つ数か月の機会損失）＋opener ⑦CTA=replier（低ハードル返信）＋closer（日程調整で商談直結）⑧署名=opener - opener","修正パス(2026-09-18)"
"2026-09-13T18:33:47+09:00","株式会社CAD SOLUTIONS","開発部","ご担当者","【React/Vue刷新×0→1相談も歓迎】開発支援のご案内","開発部 ご担当者様

御社はReact/Vueへの刷新やSPA化を控え、成長期の今こそUI改修・機能追加を止められない局面かと存じます。

私たち株式会社レイハウオリは、Web領域を中心に、ITリソースや専門人材が不足しているお客様を支援しています。
社内には、エンジニア・デザイナー・ディレクター・PMなど、各分野のエキスパートが在籍しています。
「何を作ればいいのかわからない」「IT周りをまとめて任せたい」といった0→1のご相談から、「社員の退職に伴うリソース不足を補いたい」といったSESのご要望まで、課題やフェーズに応じて幅広く対応しています。

採用に数か月かける余裕がない今こそ、必要な体制を整えることが重要です。

ご興味があれば、このフォームにご返信ください。

株式会社Lei Hau'oli
（tel）050-5497-3411
（mail）ml.account-sales@leihauoli.com","396","80","86","77","92","合成","0","- モード: 合成（失格でない opener / replier の2案で再構成） - 部品ごとの採用元: ①件名=opener（短縮） ②宛名＋冒頭2行=replier ③パーソナライズ／課題提示=replier ④自社紹介＋USP=replier（実績文）＋opener（USP一言） ⑤FAB+E=replier ⑥なぜ今=opener ⑦CTA=replier ⑧署名=共通 - opener","修正パス(2026-09-18)"
"2026-09-13T18:32:15+09:00","株式会社AIコミュニケーション","開発部","ご担当者","【開発リソース不足】React/Vue刷新、15分でご相談を","開発部 ご担当者様

UI改修や機能追加の要望が積み上がる一方、React/Vueへの刷新やSPA化に着手できずにいませんか。

私たち株式会社レイハウオリは、Web領域を中心に、ITリソースや専門人材が不足しているお客様を支援しています。
社内には、エンジニア・デザイナー・ディレクター・PMなど、各分野のエキスパートが在籍しています。
「何を作ればいいのかわからない」「IT周りをまとめて任せたい」といった0→1のご相談から、「社員の退職に伴うリソース不足を補いたい」といったSESのご要望まで、課題やフェーズに応じて幅広く対応しています。

セール時期の表示速度やUI品質は売上に直結します。

15分のオンライン相談へご返信ください。

株式会社Lei Hau'oli
（tel）050-5497-3411
（mail）ml.account-sales@leihauoli.com","378","80","80","82","90","合成","0","- モード: 合成 - 部品ごとの採用元: ①件名=opener（要素を圧縮再構成） ②宛名＋冒頭=replier ③課題提示=replier ④自社紹介＋USP=opener ⑤FAB+E＋実績=opener ⑥なぜ今=replier＋closer ⑦CTA=closer（返信1本に集約）＋replierの低ハードル表現 ⑧署名=replier - opener: 件名に「React/Vue刷新","修正パス(2026-09-18)"
"2026-09-13T18:31:50+09:00","株式会社RIT","開発部","ご担当者","【0→1から】RIT様のフロントエンド開発を止めない支援","開発部 ご担当者様

UI改修や機能追加の要望が増える一方、フロントエンドの開発リソース不足で対応が進みにくい状況ではないでしょうか。

私たち株式会社レイハウオリは、Web領域を中心に、ITリソースや専門人材が不足しているお客様を支援しています。
社内には、エンジニア・デザイナー・ディレクター・PMなど、各分野のエキスパートが在籍しています。
「何を作ればいいのかわからない」「IT周りをまとめて任せたい」といった0→1のご相談から、「社員の退職に伴うリソース不足を補いたい」といったSESのご要望まで、課題やフェーズに応じて幅広く対応しています。

採用を待つ間も、改修要望は積み上がります。ご興味があれば、ご返信ください。

株式会社Lei Hau'oli
（tel）050-5497-3411
（mail）ml.account-sales@leihauoli.com","374","74","73","86","92","合成","0","- モード: 合成 - 部品ごとの採用元: ①件名=closer（社名RIT＋刷新テーマを直撃） ②宛名=closer（A3準拠の空白あり） ③課題提示=closer ④USP=closer（「唯一の」を除去し§4の表現に戻す） ⑤FAB+E＝closer ⑥なぜ今=replier（採用待ちの数か月に要望が積み上がる） ⑦CTA=replier（「詳細希望」とだけ返信＝最低ハードル） ⑧署名=共通","修正パス(2026-09-18)"
"2026-09-13T18:36:12+09:00","DiDiモビリティジャパン株式会社","開発部","ご担当者","【タクシー配車アプリ向け】0→1の開発体制構築を支援","開発部 ご担当者様

タクシー配車サービスのUI改修や機能追加の対応で、専門人材の確保にお困りではないでしょうか。

私たち株式会社レイハウオリは、Web領域を中心に、ITリソースや専門人材が不足しているお客様を支援しています。
社内には、エンジニア・デザイナー・ディレクター・PMなど、各分野のエキスパートが在籍しています。
「何を作ればいいのかわからない」「IT周りをまとめて任せたい」といった0→1のご相談から、「社員の退職に伴うリソース不足を補いたい」といったSESのご要望まで、課題やフェーズに応じて幅広く対応しています。

成長期の今、対応が遅れるほど開発が滞ります。

ご興味があれば、ご返信ください。

株式会社Lei Hau'oli
（tel）050-5497-3411
（mail）ml.account-sales@leihauoli.com","365","85","77","84","91","合成","0","- モード: 合成 - 部品ごとの採用元: ①件名=opener（「約40名」に表記修正） ②宛名＋冒頭=opener ③課題提示=opener＋replier（「開発が後回しに」の実感語） ④自社紹介＋USP=closer＋opener（USP一言はopener） ⑤FAB+E＋実績=closer ⑥なぜ今=closer ⑦CTA=closer（replierの低ハードル志向を反映し文末を平易化","修正パス(2026-09-18)"
"2026-09-13T18:36:24+09:00","DataRobot Japan株式会社","開発部","ご担当者","【0→1から】止めないフロントエンド体制構築","開発部 ご担当者様

貴社のAIサービスは成長期にあり、UI改修や機能追加の要望に対応するフロントエンド体制が課題ではないでしょうか。

私たち株式会社レイハウオリは、Web領域を中心に、ITリソースや専門人材が不足しているお客様を支援しています。
社内には、エンジニア・デザイナー・ディレクター・PMなど、各分野のエキスパートが在籍しています。
「何を作ればいいのかわからない」「IT周りをまとめて任せたい」といった0→1のご相談から、「社員の退職に伴うリソース不足を補いたい」といったSESのご要望まで、課題やフェーズに応じて幅広く対応しています。

採用を待つ間も刷新は止まりません。

ご興味があれば、このフォームにご返信ください。

株式会社Lei Hau'oli
（tel）050-5497-3411
（mail）ml.account-sales@leihauoli.com","377","80","74","86","89","合成","0","- モード: 合成 - 部品ごとの採用元: ①件名=closer【エンジニア約40名】＋opener「React/Vue刷新を止めない」 ②宛名＋冒頭=opener ③課題提示=replier（担当者の本音口調「負荷だけが増えていませんか」／創作事例は除去） ④自社紹介＋USP=closer ⑤FAB+E=closer ⑥なぜ今=closer「採用を待つ間も刷新は止まりません」＋replier「旧","修正パス(2026-09-18)"
"2026-09-13T18:37:01+09:00","株式会社アジャイルジェイピー","開発部","ご担当者","【15分で情報交換】React/Vue刷新のリソース支援","開発部 ご担当者様

受託案件で立て込む中、React/VueへのSPA化に着手できず止まっている、というお話をよく伺います。

私たち株式会社レイハウオリは、Web領域を中心に、ITリソースや専門人材が不足しているお客様を支援しています。
社内には、エンジニア・デザイナー・ディレクター・PMなど、各分野のエキスパートが在籍しています。
「何を作ればいいのかわからない」「IT周りをまとめて任せたい」といった0→1のご相談から、「社員の退職に伴うリソース不足を補いたい」といったSESのご要望まで、課題やフェーズに応じて幅広く対応しています。

繁忙期に入ってからでは間に合いません。

ご興味があれば、ご返信ください。

株式会社Lei Hau'oli
（tel）050-5497-3411
（mail）ml.account-sales@leihauoli.com","368","84","78","84","92","合成","0","- モード: 合成 - 部品ごとの採用元: ①件名=opener（相手固有ワード「React/Vue刷新・SPA化」）＋closer（【】内の数字40） ②宛名＝共通 ③冒頭・パーソナライズ＝replier（「Web制作と人材派遣を両輪」＋受託の波→UI改修が止まる） ④自社紹介・USP＝closer（誤用のない「エンジニア約40名」表記に統一） ⑤FAB+E＝closer＋opener（品質基準","修正パス(2026-09-18)"
"2026-09-13T18:36:32+09:00","株式会社やどかり","開発部","ご担当者","【0→1支援】採用を待たずReact/Vue刷新・SPA化を進める","開発部 ご担当者様

React/Vue刷新を控える一方、中途採用でフロントエンド人材が採れず対応が追いつかない状況ではないでしょうか。

私たち株式会社レイハウオリは、Web領域を中心に、ITリソースや専門人材が不足しているお客様を支援しています。
社内には、エンジニア・デザイナー・ディレクター・PMなど、各分野のエキスパートが在籍しています。
「何を作ればいいのかわからない」「IT周りをまとめて任せたい」といった0→1のご相談から、「社員の退職に伴うリソース不足を補いたい」といったSESのご要望まで、課題やフェーズに応じて幅広く対応しています。

成長期の今、採用を待たなければ要望は積み上がる一方です。

ご興味があれば、本メールにご返信ください。

株式会社Lei Hau'oli
（tel）050-5497-3411
（mail）ml.account-sales@leihauoli.com","387","85","84","83","91","合成","0","- モード: **合成** - 部品ごとの採用元: ①件名=replier（「SPA化」を追記して調整） ②宛名＝共通／冒頭2行=closer ③課題提示=closer ④自社紹介＋実績=replier骨格＋opener表現（9割の誤用を除去） ⑤FAB+E=opener（開発フロー持込み）＋closer（1名から常駐） ⑥なぜ今=replier「要望が積み上がる」＋closer「成長期の今」 ⑦","修正パス(2026-09-18)"
"2026-09-13T18:40:00+09:00","東京インタープレイ株式会社","開発部","ご担当者","【15分で相談】採用難で止まったSPA化・React刷新、体制構築のご相談承ります","開発部 ご担当者様

UI改修の要望が積み上がる一方、SPA化を任せられる人材が採用市場で決まらないのではないでしょうか。

私たち株式会社レイハウオリは、Web領域を中心に、ITリソースや専門人材が不足しているお客様を支援しています。
社内には、エンジニア・デザイナー・ディレクター・PMなど、各分野のエキスパートが在籍しています。
「何を作ればいいのかわからない」「IT周りをまとめて任せたい」といった0→1のご相談から、「社員の退職に伴うリソース不足を補いたい」といったSESのご要望まで、課題やフェーズに応じて幅広く対応しています。

採用を待つほど改修負荷は膨らみます。ご興味があれば、このフォームにご返信ください。

株式会社Lei Hau'oli
（tel）050-5497-3411
（mail）ml.account-sales@leihauoli.com","372","82","84","77","90","合成","0","- モード: 合成 - 部品ごとの採用元: ①件名=opener＋replier合成（openerの課題ワード＋replierの短さ）／②宛名＝共通／③冒頭パーソナライズ=replier／④自社紹介＋USP=closer（冒頭USPを自社紹介に統合）／⑤FAB+E＋実績=closer＋replier／⑥なぜ今=replier＋closer（採用待ちの機会損失＋後回しの負荷増）／⑦CTA=opene","修正パス(2026-09-18)"
"2026-09-13T18:40:26+09:00","株式会社リピスト","開発部","ご担当者","【リピスト様】ITリソース不足のご相談、0→1から対応可能","開発部 ご担当者様

eコマースから商業施設企画まで手がける御社では、UI改修や機能追加の対応が後回しになっていないでしょうか。

私たち株式会社レイハウオリは、Web領域を中心に、ITリソースや専門人材が不足しているお客様を支援しています。
社内には、エンジニア・デザイナー・ディレクター・PMなど、各分野のエキスパートが在籍しています。
「何を作ればいいのかわからない」「IT周りをまとめて任せたい」といった0→1のご相談から、「社員の退職に伴うリソース不足を補いたい」といったSESのご要望まで、課題やフェーズに応じて幅広く対応しています。

セール期の表示速度は売上に直結します。

ご興味があれば、返信ください。

株式会社Lei Hau'oli
（tel）050-5497-3411
（mail）ml.account-sales@leihauoli.com","368","81","83","82","90","合成","0","- モード: 合成 - 部品ごとの採用元: ①件名=closer（社名入りが最強、ただし「採用ゼロ」の誇大表現は削除） ②宛名＋冒頭2行=replier ③課題提示=replier ④自社紹介＋USP=closer（「唯一」→§4のUSP一言に差し替え） ⑤FAB+E=closer ⑥なぜ今=replier＋opener ⑦CTA=replier ⑧署名=共通 - opener: 件名の固有ワード","修正パス(2026-09-18)"
"2026-09-13T18:40:09+09:00","Blue Prism株式会社","開発部","ご担当者","【0→1】採用を待たずに進める、React/Vue刷新","開発部 ご担当者様

UI改修や機能追加の要望は増える一方、フロントエンドに手が回っていないのではないでしょうか。

私たち株式会社レイハウオリは、Web領域を中心に、ITリソースや専門人材が不足しているお客様を支援しています。
社内には、エンジニア・デザイナー・ディレクター・PMなど、各分野のエキスパートが在籍しています。
「何を作ればいいのかわからない」「IT周りをまとめて任せたい」といった0→1のご相談から、「社員の退職に伴うリソース不足を補いたい」といったSESのご要望まで、課題やフェーズに応じて幅広く対応しています。

刷新の遅れは、そのまま機会損失になります。ご興味があれば、このフォームにご返信ください。

株式会社Lei Hau'oli
（tel）050-5497-3411
（mail）ml.account-sales@leihauoli.com","371","84","88","86","92","合成","0","- モード: 合成 - 部品ごとの採用元: ①件名=replier（骨格）＋closerの「フロントエンド」語を挿入 ②宛名＋冒頭2行=replier ③課題提示=replier ④自社紹介＋USP=closer/opener（§4準拠に修正） ⑤FAB+E＋実績=closer ⑥なぜ今=opener（要望が積み上がる）＋closer（成長期の機会損失） ⑦CTA=opener（15分＋本メール返","修正パス(2026-09-18)"
"2026-09-13T18:40:01+09:00","株式会社エーピーテック","開発部","ご担当者","【SPA化・React刷新向け】中途採用に頼らず、まず1通のご返信から始める方法","開発部 ご担当者様

SPA化を控える中、フロントエンド人材が採れず要望が積み上がっていませんか。

私たち株式会社レイハウオリは、Web領域を中心に、ITリソースや専門人材が不足しているお客様を支援しています。
社内には、エンジニア・デザイナー・ディレクター・PMなど、各分野のエキスパートが在籍しています。
「何を作ればいいのかわからない」「IT周りをまとめて任せたい」といった0→1のご相談から、「社員の退職に伴うリソース不足を補いたい」といったSESのご要望まで、課題やフェーズに応じて幅広く対応しています。

採用には時間がかかり、遅れるほど後ろ倒しになります。

ご興味があれば、ご返信ください。

株式会社Lei Hau'oli
（tel）050-5497-3411
（mail）ml.account-sales@leihauoli.com","361","83","81","80","91","合成","0","- モード: 合成 - 部品ごとの採用元: ①件名=opener ②宛名＋冒頭2行=opener ③パーソナライズ／課題提示=opener＋replier（要望の積み上がりを統合） ④自社紹介＋USP=closer ⑤FAB+E＋実績=closer＋opener ⑥なぜ今=replier ⑦CTA=replier ⑧署名=共通 - opener: 件名に「SPA化・React刷新」の固有ワードを直","修正パス(2026-09-18)"
"2026-09-13T18:44:08+09:00","株式会社シナリオテクノロジーミカガミ","開発部","ご担当者","【ゲーム本体開発に集中したい貴社へ】0→1のご相談も対応可能な専門人材","開発部 ご担当者様

ゲーム本体の開発にエンジニアを集中させたい一方、公式サイトや運営ツールの改修は後回しになりがちではないでしょうか。

私たち株式会社レイハウオリは、Web領域を中心に、ITリソースや専門人材が不足しているお客様を支援しています。
社内には、エンジニア・デザイナー・ディレクター・PMなど、各分野のエキスパートが在籍しています。
「何を作ればいいのかわからない」「IT周りをまとめて任せたい」といった0→1のご相談から、「社員の退職に伴うリソース不足を補いたい」といったSESのご要望まで、課題やフェーズに応じて幅広く対応しています。

今が刷新の好機です。

ご興味があればご返信ください。

株式会社Lei Hau'oli
（tel）050-5497-3411
（mail）ml.account-sales@leihauoli.com","363","82","82","87","93","合成","0","- モード: 合成 - 部品ごとの採用元: ①件名=opener ②宛名＋冒頭2行=closer（課題3点名指し）③課題提示・なぜ今=closer ④USP=closer ⑤FAB+E＋実績=closer＋opener ⑥Benefit=replier ⑦CTA=replier（「詳細希望」返信）＋closerの15分を「返信後の流れ」として従属化 ⑧署名=共通 - opener: 件名が相手の業","修正パス(2026-09-18)"
"2026-09-13T18:42:59+09:00","株式会社ライズサービス","開発部","ご担当者","【0→1のご相談も】フロントエンド開発の専門人材を支援","開発部 ご担当者様

貴社のWebアプリ・サービスのUI改修に、フロントエンドの開発リソースが追いついていないのではないでしょうか。

私たち株式会社レイハウオリは、Web領域を中心に、ITリソースや専門人材が不足しているお客様を支援しています。
社内には、エンジニア・デザイナー・ディレクター・PMなど、各分野のエキスパートが在籍しています。
「何を作ればいいのかわからない」「IT周りをまとめて任せたい」といった0→1のご相談から、「社員の退職に伴うリソース不足を補いたい」といったSESのご要望まで、課題やフェーズに応じて幅広く対応しています。

採用に時間をかける間も、刷新の着手は遅れます。

ご興味があれば、このフォームにご返信ください。

株式会社Lei Hau'oli
（tel）050-5497-3411
（mail）ml.account-sales@leihauoli.com","382","80","84","82","91","合成","0","- モード: 合成 - 部品ごとの採用元: ①件名=opener（冗長部を圧縮） ②宛名＋冒頭=replier ③課題提示=replier ④自社紹介＋USP=closer ⑤FAB+E＋実績=closer ⑥なぜ今=replier＋closer統合 ⑦CTA=opener ⑧署名=共通 - opener: 件名に「React/Vue刷新・SPA化」「開発部」を入れた開封設計が最強。一方でUSPが","修正パス(2026-09-18)"
"2026-09-13T18:40:48+09:00","playground株式会社","開発部","ご担当者","【0→1から伴走】playground株式会社様 SPA化・React刷新のご相談","開発部 ご担当者様

貴社が進めるSPA化・React刷新が、フロントエンド人材確保の壁で止まっていませんか。対応が遅れるほど改修要望は積み上がります。

私たち株式会社レイハウオリは、Web領域を中心に、ITリソースや専門人材が不足しているお客様を支援しています。
社内には、エンジニア・デザイナー・ディレクター・PMなど、各分野のエキスパートが在籍しています。
「何を作ればいいのかわからない」「IT周りをまとめて任せたい」といった0→1のご相談から、「社員の退職に伴うリソース不足を補いたい」といったSESのご要望まで、課題やフェーズに応じて幅広く対応しています。

ご興味があれば、ご返信ください。

株式会社Lei Hau'oli
（tel）050-5497-3411
（mail）ml.account-sales@leihauoli.com","362","76","76","82","89","合成","0","- モード: **合成** - 部品ごとの採用元: ①件名=closer ②宛名＋冒頭1文=closer ③課題提示の2文目=replier ④自社紹介＋USP=closer（「唯一」を削除し「フロントエンド特化」で言い切り） ⑤FAB+E＝closer（Benefitに opener の「内製チームはコア機能に集中」を接続） ⑥なぜ今=closer＋replier（積み上がる要望＋リリース遅延→","修正パス(2026-09-18)"
"2026-09-13T18:44:08+09:00","株式会社SEO","開発部","ご担当者","【0→1のご相談も】React/Vue刷新、中途採用だけで進めていませんか","開発部 ご担当者様

React刷新やSPA化を進めたいのに、要員が中途採用で確保できない状況ではないでしょうか。

私たち株式会社レイハウオリは、Web領域を中心に、ITリソースや専門人材が不足しているお客様を支援しています。
社内には、エンジニア・デザイナー・ディレクター・PMなど、各分野のエキスパートが在籍しています。
「何を作ればいいのかわからない」「IT周りをまとめて任せたい」といった0→1のご相談から、「社員の退職に伴うリソース不足を補いたい」といったSESのご要望まで、課題やフェーズに応じて幅広く対応しています。

採用難が続くほどリリース遅延は積み重なります。

ご興味があれば、ご返信ください。

株式会社Lei Hau'oli
（tel）050-5497-3411
（mail）ml.account-sales@leihauoli.com","366","77","84","76","90","合成","0","- モード: 合成 - 部品ごとの採用元: ①件名=replier（短縮） ②宛名＋冒頭2行=replier ③課題提示=replier ④自社紹介＋USP=closer ⑤FAB+E＋実績=closer＋replier ⑥なぜ今=closer ⑦CTA=replier ⑧署名=closer - opener: 件名の固有ワード密度は高く冒頭も自社宛て感が強い。ただし冒頭1文が約80字で§3の60","修正パス(2026-09-18)"
"2026-09-13T18:44:43+09:00","株式会社STAGEUP","開発部","ご担当者","【求人媒体・人材紹介向け】0→1からSESまで、フロントエンド体制のご相談","開発部 ご担当者様

貴社では、UI改修や機能追加のたびにフロントエンドの人手が不足していないでしょうか。

私たち株式会社レイハウオリは、Web領域を中心に、ITリソースや専門人材が不足しているお客様を支援しています。
社内には、エンジニア・デザイナー・ディレクター・PMなど、各分野のエキスパートが在籍しています。
「何を作ればいいのかわからない」「IT周りをまとめて任せたい」といった0→1のご相談から、「社員の退職に伴うリソース不足を補いたい」といったSESのご要望まで、課題やフェーズに応じて幅広く対応しています。

採用市場で人材が採れない今、対応が遅れます。

ご興味があれば、ご返信ください。

株式会社Lei Hau'oli
（tel）050-5497-3411
（mail）ml.account-sales@leihauoli.com","361","79","84","82","90","合成","0","- モード: 合成 - 部品ごとの採用元: ①件名=opener ②宛名＋冒頭=opener ③課題提示=closer（「UI改修や機能追加のたびに」＋SPA化構想）＋replier（クライアント案件で出しきれない） ④自社紹介＋USP=closer ⑤FAB+E＋実績=opener／closer ⑥なぜ今=closer（採用難による機会損失） ⑦CTA=replier（「相談したい」返信／創作事","修正パス(2026-09-18)"
"2026-09-13T18:47:01+09:00","Bleaf株式会社","開発部","ご担当者","【Bleaf様】採用に頼らずSPA・React刷新を進める、15分の情報交換","開発部 ご担当者様

SPA化・React刷新を控え、フロントエンド人材確保にお悩みではないでしょうか。

私たち株式会社レイハウオリは、Web領域を中心に、ITリソースや専門人材が不足しているお客様を支援しています。
社内には、エンジニア・デザイナー・ディレクター・PMなど、各分野のエキスパートが在籍しています。
「何を作ればいいのかわからない」「IT周りをまとめて任せたい」といった0→1のご相談から、「社員の退職に伴うリソース不足を補いたい」といったSESのご要望まで、課題やフェーズに応じて幅広く対応しています。

開発を止めないためにも、今動くべきです。進め方を15分で整理させてください。ご興味があれば、このフォームにご返信ください。

株式会社Lei Hau'oli
（tel）050-5497-3411
（mail）ml.account-sales@leihauoli.com","383","73","78","83","90","合成","0","- モード: 合成 - 部品ごとの採用元: ①件名=closer（数字を本文と整合させ15分に修正） ②宛名＋冒頭=replier ③課題提示=replier ④自社紹介＋USP=closer ⑤FAB+E＋実績=closer ⑥なぜ今=replier ⑦CTA=closer＋replier折衷 ⑧署名=closer - opener: 件名に課題仮説の固有ワードを3つ載せた開封力は3案最高。ただ","修正パス(2026-09-18)"
"2026-09-13T18:44:20+09:00","バリュエンステクノロジーズ株式会社","開発部","ご担当者","【0→1から伴走】SaaS管理画面のフロントエンド改修、採用難の解消を支援","開発部 ご担当者様

管理画面の機能追加が続き、フロントエンド改修がバックログに積み上がっていませんか。

私たち株式会社レイハウオリは、Web領域を中心に、ITリソースや専門人材が不足しているお客様を支援しています。
社内には、エンジニア・デザイナー・ディレクター・PMなど、各分野のエキスパートが在籍しています。
「何を作ればいいのかわからない」「IT周りをまとめて任せたい」といった0→1のご相談から、「社員の退職に伴うリソース不足を補いたい」といったSESのご要望まで、課題やフェーズに応じて幅広く対応しています。

採用を待つ間も、損失は積み上がります。ご興味があれば、このフォームにご返信ください。

株式会社Lei Hau'oli
（tel）050-5497-3411
（mail）ml.account-sales@leihauoli.com","364","83","82","86","92","合成","0","- モード: 合成 - 部品ごとの採用元: ①件名=closer（【】が短く一目で読める＋「SaaS管理画面」で自社宛て判定が速い） ②宛名＋冒頭=closer＋opener（3課題を1文に圧縮） ③パーソナライズ=replier（「クライアント案件の要員も供給しきれない」という担当者の社内語） ④自社紹介＋USP=opener（「〜人材だけを、1名からチーム単位で」の言い切り） ⑤FAB+E＋実","修正パス(2026-09-18)"
"2026-09-13T18:46:31+09:00","ライブテック株式会社","開発部","ご担当者","【EC・人材紹介のSPA化】採用を待たず、0→1から伴走支援","開発部 ご担当者様

eコマース・人材紹介など複数サービスを運営される中、SPA化に向けた専門人材確保にお困りではないでしょうか。

私たち株式会社レイハウオリは、Web領域を中心に、ITリソースや専門人材が不足しているお客様を支援しています。
社内には、エンジニア・デザイナー・ディレクター・PMなど、各分野のエキスパートが在籍しています。
「何を作ればいいのかわからない」「IT周りをまとめて任せたい」といった0→1のご相談から、「社員の退職に伴うリソース不足を補いたい」といったSESのご要望まで、課題やフェーズに応じて幅広く対応しています。

セール期を控える今、対応の遅れは売上に直結します。ご興味があれば、このフォームにご返信ください。

株式会社Lei Hau'oli
（tel）050-5497-3411
（mail）ml.account-sales@leihauoli.com","383","82","80","90","94","合成","0","- モード: 合成 - 部品ごとの採用元: ①件名=opener（【】内に事業固有ワード＋「40」を配置）＋closer（「1名から」の粒度）を統合 ②宛名＋冒頭=closer ③パーソナライズ／課題提示=replier（「eコマース・人材派遣・人材紹介」の3事業列挙が最も社名差替え不可） ④USP＝closer ⑤FAB+E＋実績=closer（opener の「2008年設立」を補強として追加","修正パス(2026-09-18)"
"2026-09-13T18:50:17+09:00","株式会社ALiNKインターネット","開発部","ご担当者","【ALiNKインターネット様｜15分で体制診断】React/Vue刷新を、採用を待たずに","開発部 ご担当者様

React/VueへのSPA化に必要な開発リソース不足でお悩みではないでしょうか。

私たち株式会社レイハウオリは、Web領域を中心に、ITリソースや専門人材が不足しているお客様を支援しています。
社内には、エンジニア・デザイナー・ディレクター・PMなど、各分野のエキスパートが在籍しています。
「何を作ればいいのかわからない」「IT周りをまとめて任せたい」といった0→1のご相談から、「社員の退職に伴うリソース不足を補いたい」といったSESのご要望まで、課題やフェーズに応じて幅広く対応しています。

採用を待つ間にもSPA化の好機は過ぎていきます。

ご興味があれば、ご返信ください。

株式会社Lei Hau'oli
（tel）050-5497-3411
（mail）ml.account-sales@leihauoli.com","362","79","76","83","89","合成","0","- モード: 合成 - 部品ごとの採用元: ①件名=closer（社名入りの宛て名性）＋opener的な具体語を圧縮 ②宛名＋冒頭=replier（担当者の実感に近い課題描写）③パーソナライズ=replier ④自社紹介＋USP=closer ⑤FAB+E＋実績=closer ⑥なぜ今=closer＋replier（好機逸失＋リリース遅延）⑦CTA=replier（返信1本・低ハードル）×clos","修正パス(2026-09-18)"
"2026-09-13T18:50:18+09:00","サグリ株式会社","開発部","ご担当者","【フロントエンド刷新】採用難でも0→1から相談できる体制","開発部 ご担当者様

SPA化やReact/Vueへの刷新を控える中、フロントエンド経験者の採用に苦戦されているのではないでしょうか。

私たち株式会社レイハウオリは、Web領域を中心に、ITリソースや専門人材が不足しているお客様を支援しています。
社内には、エンジニア・デザイナー・ディレクター・PMなど、各分野のエキスパートが在籍しています。
「何を作ればいいのかわからない」「IT周りをまとめて任せたい」といった0→1のご相談から、「社員の退職に伴うリソース不足を補いたい」といったSESのご要望まで、課題やフェーズに応じて幅広く対応しています。

採用を待つ間にも刷新の遅れが響きます。

ご興味があれば本フォームにご返信ください。

株式会社Lei Hau'oli
（tel）050-5497-3411
（mail）ml.account-sales@leihauoli.com","377","79","85","75","90","合成","0","- モード: 合成 - 部品ごとの採用元: ①件名=replier ②宛名＋冒頭2行=replier ③パーソナライズ／課題提示=replier ④自社紹介＋USP=closer ⑤FAB+E＋実績=closer ⑥なぜ今=replier ⑦CTA=replier（ハードル最小の返信）＋closer（決裁層視点）⑧署名=opener/closer - opener: 件名に課題仮説の固有ワードを詰","修正パス(2026-09-18)"
"2026-09-13T18:47:52+09:00","メトロエンジン株式会社","開発部","ご担当者","【0→1支援】React/Vue刷新とクライアント要員供給のご相談","開発部 ご担当者様

React/Vue刷新やSPA化を進めたいが、要員が不足していませんか。

私たち株式会社レイハウオリは、Web領域を中心に、ITリソースや専門人材が不足しているお客様を支援しています。
社内には、エンジニア・デザイナー・ディレクター・PMなど、各分野のエキスパートが在籍しています。
「何を作ればいいのかわからない」「IT周りをまとめて任せたい」といった0→1のご相談から、「社員の退職に伴うリソース不足を補いたい」といったSESのご要望まで、課題やフェーズに応じて幅広く対応しています。

中途採用を待つ間に好機は過ぎていきます。

ご興味があれば、本メールへご返信ください。

株式会社Lei Hau'oli
（tel）050-5497-3411
（mail）ml.account-sales@leihauoli.com","358","76","84","84","89","合成","0","- モード: 合成 - 部品ごとの採用元: ①件名=replier（closerの技術ワードを一部移植） ②宛名＋冒頭2行=replier ③パーソナライズ／課題提示=replier ④自社紹介＋USP=closer ⑤FAB+E＋実績=closer ⑥なぜ今=replier＋closer ⑦CTA=closer（15分＋返信1本） ⑧署名=closer - opener: 冒頭の課題提示と「私た","修正パス(2026-09-18)"
"2026-09-13T18:47:20+09:00","株式会社MIERUNE","開発部","ご担当者","【0→1からSESまで】MIERUNE様の開発課題を支援","開発部 ご担当者様

北海道でWeb開発とUI/UXデザインを手がける御社では、開発リソース不足が課題ではないでしょうか。

私たち株式会社レイハウオリは、Web領域を中心に、ITリソースや専門人材が不足しているお客様を支援しています。
社内には、エンジニア・デザイナー・ディレクター・PMなど、各分野のエキスパートが在籍しています。
「何を作ればいいのかわからない」「IT周りをまとめて任せたい」といった0→1のご相談から、「社員の退職に伴うリソース不足を補いたい」といったSESのご要望まで、課題やフェーズに応じて幅広く対応しています。

改修待ちの要望は積み上がっていきます。ご興味があれば、このフォームにご返信ください。

株式会社Lei Hau'oli
（tel）050-5497-3411
（mail）ml.account-sales@leihauoli.com","373","77","78","85","91","合成","0","- モード: 合成 - 部品ごとの採用元: ①件名=closer（長すぎるため短縮） ②宛名=共通 ③パーソナライズ=replier ④USP＋FAB=closer ⑤実績=closer ⑥なぜ今=replier ⑦CTA=closer ⑧署名=closer - opener: 件名の「UI改修・SPA化を控える開発部様へ」は最も宛名性が高いが、本文が453字で絶対条件A1を破っており素材として使","修正パス(2026-09-18)"
"2026-09-13T18:47:04+09:00","プラナスソリューションズ株式会社","開発部","ご担当者","【15分】フロントエンド体制 プラナスソリューションズ様のSPA化を止めない相談","開発部 ご担当者様

プラナスソリューションズ様はSPA化を控える一方、フロントエンド人員の採用に苦戦されていませんか。

私たち株式会社レイハウオリは、Web領域を中心に、ITリソースや専門人材が不足しているお客様を支援しています。
社内には、エンジニア・デザイナー・ディレクター・PMなど、各分野のエキスパートが在籍しています。
「何を作ればいいのかわからない」「IT周りをまとめて任せたい」といった0→1のご相談から、「社員の退職に伴うリソース不足を補いたい」といったSESのご要望まで、課題やフェーズに応じて幅広く対応しています。

採用を待たず、今の体制のまま着手できます。

15分オンラインでご相談させてください。ご興味があれば、このフォームにご返信ください。

株式会社Lei Hau'oli
（tel）050-5497-3411
（mail）ml.account-sales@leihauoli.com","394","72","68","84","87","選抜","0","- モード: 選抜 - 失格でない案が closer 1案のみのため、合成は行わず closer を採用し、絶対条件を破らない範囲で最小限の手直しのみ実施。 - 手直し内容: ①「開発優先順位を決められる方と」を削除（CTAの前提条件が返信ハードルを不要に上げていたため。アクション自体は1つのまま）、②「採用と並行して着手できます」を「採用と並行して、今の体制のまま着手できます」に補い主語の飛びを","修正パス(2026-09-18)"
"2026-09-13T18:51:33+09:00","株式会社Finatextホールディングス","開発部","ご担当者","【SPA化・React刷新を止めない】0→1のご相談から伴走支援","開発部 ご担当者様

SPA化やUI改修を控え、フロントエンド人材が採用市場で採れていない状況ではないでしょうか。

私たち株式会社レイハウオリは、Web領域を中心に、ITリソースや専門人材が不足しているお客様を支援しています。
社内には、エンジニア・デザイナー・ディレクター・PMなど、各分野のエキスパートが在籍しています。
「何を作ればいいのかわからない」「IT周りをまとめて任せたい」といった0→1のご相談から、「社員の退職に伴うリソース不足を補いたい」といったSESのご要望まで、課題やフェーズに応じて幅広く対応しています。

採用を待たず、必要な体制を確保できます。

ご興味があれば、ご返信ください。

株式会社Lei Hau'oli
（tel）050-5497-3411
（mail）ml.account-sales@leihauoli.com","363","71","80","86","91","合成","0","- モード: 合成 - 部品ごとの採用元: ①件名=closer（ベネフィット型）＋replier（「1名から常駐支援」で数字確保） ②冒頭2行=closer ③課題提示＝replier（「今まさに開発部が抱える課題」の自分事化） ④自社紹介＋USP=closer ⑤FAB+E＋実績=closer ⑥なぜ今=replier ⑦CTA=closer（15分の情報交換）＋replier（返信文言の低ハ","修正パス(2026-09-18)"
"2026-09-13T18:50:54+09:00","株式会社ビーライズ","開発部","ご担当者","【フロントエンド刷新】15分でReact/Vue移行の進め方をご相談","開発部 ご担当者様

UI改修・機能追加に対し、フロントエンド開発リソースが不足していませんか。

私たち株式会社レイハウオリは、Web領域を中心に、ITリソースや専門人材が不足しているお客様を支援しています。
社内には、エンジニア・デザイナー・ディレクター・PMなど、各分野のエキスパートが在籍しています。
「何を作ればいいのかわからない」「IT周りをまとめて任せたい」といった0→1のご相談から、「社員の退職に伴うリソース不足を補いたい」といったSESのご要望まで、課題やフェーズに応じて幅広く対応しています。

採用が難しい今こそ着手しないと、刷新は遅れます。

React/Vue刷新の進め方を15分で整理させてください。ご興味があれば、このフォームにご返信ください。

株式会社Lei Hau'oli
（tel）050-5497-3411
（mail）ml.account-sales@leihauoli.com","395","79","73","80","89","合成","0","- モード: 合成 - 部品ごとの採用元: ①件名=opener（短縮） ②宛名＋冒頭2行=opener ③課題提示=opener ④自社紹介＋USP=closer（「唯一」を除去し§4のUSP文言へ差し替え） ⑤FAB+E＋実績=opener＋closer ⑥なぜ今=closer ⑦CTA=closer（15分＋返信で一本化） ⑧署名=共通 - opener: 冒頭2行の課題当て込みと件名の固有","修正パス(2026-09-18)"
"2026-09-13T18:51:44+09:00","Link‐Uグループ株式会社","開発部","ご担当者","【0→1からSESまで】React/Vue刷新のリソース不足に対応","開発部 ご担当者様

Webサービスを自社運営されていると、フロントエンド人材の不足でUI改修が進まないことはないでしょうか。

私たち株式会社レイハウオリは、Web領域を中心に、ITリソースや専門人材が不足しているお客様を支援しています。
社内には、エンジニア・デザイナー・ディレクター・PMなど、各分野のエキスパートが在籍しています。
「何を作ればいいのかわからない」「IT周りをまとめて任せたい」といった0→1のご相談から、「社員の退職に伴うリソース不足を補いたい」といったSESのご要望まで、課題やフェーズに応じて幅広く対応しています。

今動かなければ、改修の遅れは広がる一方です。

ご興味があれば、このフォームにご返信ください。

株式会社Lei Hau'oli
（tel）050-5497-3411
（mail）ml.account-sales@leihauoli.com","378","82","84","86","91","合成","0","- モード: 合成 - 部品ごとの採用元: ①件名=closer（【】前置き型）＋opener（課題ワード）②宛名＋冒頭=closer（社名明記）③課題提示=replier（担当者の言葉での描写）④自社紹介＋USP=closer（直請け×専任×1名から）⑤FAB+E＋実績=closer＋replier（Next.js／リリースを止めない）⑥なぜ今=replier（刷新遅れ＝UI改善遅れ）⑦CTA=","修正パス(2026-09-18)"
