"処理日時","会社名","部署","担当者","件名","本文","本文字数","opener_score","replier_score","closer_score","final_score","モード","差し戻し回数","採用理由","備考"
"2026-09-09T14:33:56+09:00","Earth Technology株式会社","開発部","ご担当者","【0→1から伴走】複数プロダクトのUI改修・レガシー刷新を止めない体制づくり","開発部 ご担当者様

UI改修や機能追加が続く中、レガシー刷新と新機能開発の負荷が偏っていないでしょうか。

私たち株式会社レイハウオリは、Web領域を中心に、ITリソースや専門人材が不足しているお客様を支援しています。
社内には、エンジニア・デザイナー・ディレクター・PMなど、各分野のエキスパートが在籍しています。
「何を作ればいいのかわからない」「IT周りをまとめて任せたい」といった0→1のご相談から、「社員の退職に伴うリソース不足を補いたい」といったSESのご要望まで、課題やフェーズに応じて幅広く対応しています。

年度後半に要望が積み上がる前に体制を整えておくと安心です。

ご興味があれば、ご返信ください。

株式会社Lei Hau'oli
（tel）050-5497-3411
（mail）ml.account-sales@leihauoli.com","368","71","80","82","90","合成","0","- モード: 合成 - 部品ごとの採用元: ①件名=closer ②宛名＋冒頭2行=replier ③パーソナライズ／課題提示=replier ④自社紹介＋USP=closer ⑤FAB+E＋実績=closer ⑥なぜ今=closer ⑦CTA=replier ⑧署名=共通 - opener: 件名の「複数プロダクト×大規模UI」は最も自社宛て感が強く開封力は3案中最高。ただし A3 を落としてお","修正パス(2026-09-18)"
"2026-09-09T14:16:30+09:00","株式会社グラスホッパー・マニファクチュア","開発部","ご担当者","【ゲーム開発部向け】本体開発を止めずに進めるWeb刷新、0→1のご相談も対応","開発部 ご担当者様

ゲーム開発の貴社で、公式サイトや運営管理ツールの改修が後回しになっていませんか。

私たち株式会社レイハウオリは、Web領域を中心に、ITリソースや専門人材が不足しているお客様を支援しています。
社内には、エンジニア・デザイナー・ディレクター・PMなど、各分野のエキスパートが在籍しています。
「何を作ればいいのかわからない」「IT周りをまとめて任せたい」といった0→1のご相談から、「社員の退職に伴うリソース不足を補いたい」といったSESのご要望まで、課題やフェーズに応じて幅広く対応しています。

年内着手なら今が動く時期です。

ご興味があれば、このフォームにご返信ください。

株式会社Lei Hau'oli
（tel）050-5497-3411
（mail）ml.account-sales@leihauoli.com","359","80","79","80","88","合成","0","件名と冒頭2行はopener、USP言い切りとFAB+E線はcloser、「年内着手なら9月の今」の不急潰しと4文字CTAはreplierから合成。共通の弱点はゲーム業界事例が自社プロフィールに無く不適の壁を埋められない点。","自社プロフィールにゲーム業界事例なし（契約力の上限要因） 修正パス(2026-09-18)"
"2026-09-09T14:15:58+09:00","パロニム株式会社","開発部","ご担当者","【フロント兼任の開発部向け】UI改修を止めない、0→1の相談も可能な専門人材","開発部 ご担当者様

パロニム株式会社様のように少人数運営の開発部では、UI改修の要望が後回しになっていないでしょうか。

私たち株式会社レイハウオリは、Web領域を中心に、ITリソースや専門人材が不足しているお客様を支援しています。
社内には、エンジニア・デザイナー・ディレクター・PMなど、各分野のエキスパートが在籍しています。
「何を作ればいいのかわからない」「IT周りをまとめて任せたい」といった0→1のご相談から、「社員の退職に伴うリソース不足を補いたい」といったSESのご要望まで、課題やフェーズに応じて幅広く対応しています。

年末の繁忙期前の対応が、下期の進行を左右します。

ご興味があれば、このフォームにご返信ください。

株式会社Lei Hau'oli
（tel）050-5497-3411
（mail）ml.account-sales@leihauoli.com","377","78","84","80","89","合成","0","件名はopener（固有ワードと「1名から」）、冒頭の「フロントの手が空くまで待ち」と不急潰し・4文字CTAはreplier、USP→準委任で即戦力→リリースを止めない→美容予約サービス実績のFAB+E線と不適潰しはcloserから合成。","修正パス(2026-09-18)"
"2026-09-09T14:15:58+09:00","セーフィー株式会社","開発部","ご担当者","【防犯機器×クラウドSaaS向け】管理画面・ダッシュボード改修のバックログに、0→1から伴走できる体制を","開発部 ご担当者様

防犯機器とクラウドの複数プロダクトで管理画面・ダッシュボードを内製し、顧客要望の機能追加とレガシー刷新が並走する貴社へ。

私たち株式会社レイハウオリは、Web領域を中心に、ITリソースや専門人材が不足しているお客様を支援しています。
社内には、エンジニア・デザイナー・ディレクター・PMなど、各分野のエキスパートが在籍しています。
「何を作ればいいのかわからない」「IT周りをまとめて任せたい」といった0→1のご相談から、「社員の退職に伴うリソース不足を補いたい」といったSESのご要望まで、課題やフェーズに応じて幅広く対応しています。

固まる前の今なら、要員込みでご提案できます。

ご興味があれば、このフォームにご返信ください。

株式会社Lei Hau'oli
（tel）050-5497-3411
（mail）ml.account-sales@leihauoli.com","386","82","85","79","88","合成","0","件名・冒頭のパーソナライズはopener、USP言い切りとFAB+E・不適潰し（SaaS管理画面刷新）はcloser、なぜ今の補強と「詳細希望」4文字CTAはreplierから合成。replierの「防犯カメラ」は入力にない推測のため除去。","修正パス(2026-09-18)"
"2026-09-09T14:53:34+09:00","株式会社FLUX","開発部","ご担当者","【FLUX開発部様】UI負荷の分散、15分で相談可能","開発部 ご担当者様

複数プロダクトのUI改修要望が積み上がっていないでしょうか。

私たち株式会社レイハウオリは、Web領域を中心に、ITリソースや専門人材が不足しているお客様を支援しています。
社内には、エンジニア・デザイナー・ディレクター・PMなど、各分野のエキスパートが在籍しています。
「何を作ればいいのかわからない」「IT周りをまとめて任せたい」といった0→1のご相談から、「社員の退職に伴うリソース不足を補いたい」といったSESのご要望まで、課題やフェーズに応じて幅広く対応しています。

下期の開発計画が固まる前に、15分お話を伺えないでしょうか。

ご興味があれば、このフォームにご返信ください。

株式会社Lei Hau'oli
（tel）050-5497-3411
（mail）ml.account-sales@leihauoli.com","364","81","83","82","90","合成","0","- モード: 合成 - 部品ごとの採用元: ①件名=closer ②宛名＋冒頭=closer＋replier ③課題提示=replier ④自社紹介＋USP=closer ⑤FAB+E＋実績=opener＋closer ⑥なぜ今=opener（下期計画）＋closer（採用待ちの機会損失） ⑦CTA=opener ⑧署名=共通 - opener: 課題仮説の固有ワードを件名・冒頭に集中させた点が最","修正パス(2026-09-18)"
"2026-09-09T14:53:57+09:00","株式会社ecbeing","開発部","ご担当者","【0→1からSESまで】レガシー刷新と新機能の並走を支援します","開発部 ご担当者様

複数プロダクトの大規模UIを運営し、レガシー刷新と新機能開発を並走される御社の体制に注目しています。

私たち株式会社レイハウオリは、Web領域を中心に、ITリソースや専門人材が不足しているお客様を支援しています。
社内には、エンジニア・デザイナー・ディレクター・PMなど、各分野のエキスパートが在籍しています。
「何を作ればいいのかわからない」「IT周りをまとめて任せたい」といった0→1のご相談から、「社員の退職に伴うリソース不足を補いたい」といったSESのご要望まで、課題やフェーズに応じて幅広く対応しています。

繁忙期に入る前に、今から合流させておくと安心です。

ご興味があれば本メールにご返信ください。

株式会社Lei Hau'oli
（tel）050-5497-3411
（mail）ml.account-sales@leihauoli.com","376","85","78","82","92","合成","0","- モード: 合成 - 部品ごとの採用元: ①件名=opener＋replier合成（「約40名」の数字＋課題ワード） ②宛名＋冒頭=closer（問いかけ型で当事者化） ③課題提示=closer ④自社紹介＋USP=closer ⑤FAB+E＋実績=closer＋opener ⑥なぜ今=replier（「繁忙期に入ってからでは間に合わない」） ⑦CTA=replier（「相談したい」の一言返信）","修正パス(2026-09-18)"
"2026-09-09T14:56:46+09:00","株式会社JVCケンウッド・公共産業システム","技術部","ご担当者","【0→1対応】管理コンソールUIの開発、切り出しませんか","技術部 ご担当者様

無線通信機器や防犯機器のセキュリティが強みの御社ですが、管理コンソールのUI実装まで手が回っていないのでは。

私たち株式会社レイハウオリは、Web領域を中心に、ITリソースや専門人材が不足しているお客様を支援しています。
社内には、エンジニア・デザイナー・ディレクター・PMなど、各分野のエキスパートが在籍しています。
「何を作ればいいのかわからない」「IT周りをまとめて任せたい」といった0→1のご相談から、「社員の退職に伴うリソース不足を補いたい」といったSESのご要望まで、課題やフェーズに応じて幅広く対応しています。

下期の体制を組むこの時期に、ご興味があればご返信ください。

株式会社Lei Hau'oli
（tel）050-5497-3411
（mail）ml.account-sales@leihauoli.com","364","85","86","82","92","合成","0","- モード: 合成 - 部品ごとの採用元: ①件名=replier（【フロントエンド約40名】）＋closer（「切り出しませんか」の切り口）／②宛名＋冒頭2行=replier／③パーソナライズ・課題提示=replier／④自社紹介＋USP=closer（1名からチーム単位）＋opener（2008年設立18年目）／⑤FAB+E・実績=closer／⑥なぜ今=closer（下期の体制）／⑦CTA=","修正パス(2026-09-18)"
"2026-09-09T14:53:58+09:00","株式会社LegalOn Technologies","開発部","ご担当者","【複数プロダクト運用のSaaS向け】改修バックログを解消する0→1支援体制","開発部 ご担当者様

複数プロダクトの管理画面やダッシュボードを内製で運用されている貴社の開発チームへのご案内です。

私たち株式会社レイハウオリは、Web領域を中心に、ITリソースや専門人材が不足しているお客様を支援しています。
社内には、エンジニア・デザイナー・ディレクター・PMなど、各分野のエキスパートが在籍しています。
「何を作ればいいのかわからない」「IT周りをまとめて任せたい」といった0→1のご相談から、「社員の退職に伴うリソース不足を補いたい」といったSESのご要望まで、課題やフェーズに応じて幅広く対応しています。

改修放置はコスト増加に繋がります。

ご興味があれば、このフォームにご返信ください。

株式会社Lei Hau'oli
（tel）050-5497-3411
（mail）ml.account-sales@leihauoli.com","368","85","84","86","93","合成","0","- モード: 合成 - 部品ごとの採用元: ①件名=opener ②宛名＋冒頭=opener ③課題提示=closer ④自社紹介＋USP=opener＋closer ⑤FAB+E=closer ⑥なぜ今=closer ⑦CTA=closer ⑧署名=共通 - opener: 件名の【】内が「複数プロダクト運用のSaaS向け」と**相手側の属性**になっており3案中最も転送されやすい。冒頭の「貴社","修正パス(2026-09-18)"
"2026-09-09T14:57:23+09:00","株式会社IIJグローバルソリューションズ","開発部","ご担当者","【0→1のご相談も】SaaS/ASPのレガシー刷新と新機能開発を並走させる体制","開発部 ご担当者様

複数のSaaS/ASPを内製チームで運用し、刷新と新機能開発の並走で人手が足りない場面はないでしょうか。

私たち株式会社レイハウオリは、Web領域を中心に、ITリソースや専門人材が不足しているお客様を支援しています。
社内には、エンジニア・デザイナー・ディレクター・PMなど、各分野のエキスパートが在籍しています。
「何を作ればいいのかわからない」「IT周りをまとめて任せたい」といった0→1のご相談から、「社員の退職に伴うリソース不足を補いたい」といったSESのご要望まで、課題やフェーズに応じて幅広く対応しています。

下期計画を固める今、着手が遅れると後手に回りかねません。

ご興味があれば、本メールにご返信ください。

株式会社Lei Hau'oli
（tel）050-5497-3411
（mail）ml.account-sales@leihauoli.com","382","81","79","85","91","合成","0","- モード: 合成 - 部品ごとの採用元: ①件名=closer（【約40名】）+opener（SaaS/ASPの固有ワード） ②宛名＋冒頭2行=opener ③課題提示=opener/replier ④自社紹介＋USP=closer ⑤FAB+E＋実績=replier/closer ⑥なぜ今=closer ⑦CTA=closer ⑧署名=共通 - opener: 強み=件名に「SaaS/ASP運","修正パス(2026-09-18)"
"2026-09-09T14:57:28+09:00","アディッシュ株式会社","開発部","ご担当者","【0→1のご相談も】複数プロダクトのUI改修とレガシー刷新のご支援","開発部 ご担当者様

複数プロダクトの大規模UIを内製で抱え、レガシー刷新と新機能開発を並走させ、フロントエンドの手が足りていないでしょうか。

私たち株式会社レイハウオリは、Web領域を中心に、ITリソースや専門人材が不足しているお客様を支援しています。
社内には、エンジニア・デザイナー・ディレクター・PMなど、各分野のエキスパートが在籍しています。
「何を作ればいいのかわからない」「IT周りをまとめて任せたい」といった0→1のご相談から、「社員の退職に伴うリソース不足を補いたい」といったSESのご要望まで、課題やフェーズに応じて幅広く対応しています。

下期の改修需要が増える前に体制確保をおすすめします。

ご興味があれば、このフォームにご返信ください。

株式会社Lei Hau'oli
（tel）050-5497-3411
（mail）ml.account-sales@leihauoli.com","390","84","83","86","93","合成","0","- モード: 合成 - 部品ごとの採用元: ①件名=replier の型＋opener/closer の固有ワード ②宛名＋冒頭=closer ③課題提示=closer＋replier ④自社紹介＝closer ⑤USP＝closer ⑥FAB+E＝closer＋replier（得意領域）⑦なぜ今＝closer ⑧CTA＝closer ⑨署名＝共通 - opener: 件名の固有ワード（複数プロダ","修正パス(2026-09-18)"
"2026-09-09T14:57:02+09:00","株式会社アバント","開発部","ご担当者","【UI改修と新機能開発】15分で開発体制のご相談を","開発部 ご担当者様

複数プロダクトのUIを内製で抱え、刷新と新機能追加を同時に回す中、人手が常に足りない状況ではないでしょうか。

私たち株式会社レイハウオリは、Web領域を中心に、ITリソースや専門人材が不足しているお客様を支援しています。
社内には、エンジニア・デザイナー・ディレクター・PMなど、各分野のエキスパートが在籍しています。
「何を作ればいいのかわからない」「IT周りをまとめて任せたい」といった0→1のご相談から、「社員の退職に伴うリソース不足を補いたい」といったSESのご要望まで、課題やフェーズに応じて幅広く対応しています。

下期の要望が積み上がる前の今なら、先に体制を組めます。

ご興味があれば本メールにご返信ください。

株式会社Lei Hau'oli
（tel）050-5497-3411
（mail）ml.account-sales@leihauoli.com","382","82","85","85","91","合成","0","- モード: 合成 - 部品ごとの採用元: ①件名=replier ②宛名＋冒頭2行=replier ③パーソナライズ／課題提示=replier ④自社紹介＋USP=closer ⑤FAB+E＋実績=closer（技術スタック列挙は字数調整で削除）⑥なぜ今=replier ⑦CTA=closer（決裁者言及は削り摩擦を低減）⑧署名=opener/closer - opener: 冒頭に課題仮説の固","修正パス(2026-09-18)"
"2026-09-09T14:58:17+09:00","株式会社プレイド","開発部","ご担当者","【複数プロダクトの開発負荷】15分のオンライン相談で開発体制をご提案","開発部 ご担当者様

複数プロダクトを大規模UIで内製運営される貴社では、フロントエンドの手が足りない場面が増えていないでしょうか。

私たち株式会社レイハウオリは、Web領域を中心に、ITリソースや専門人材が不足しているお客様を支援しています。
社内には、エンジニア・デザイナー・ディレクター・PMなど、各分野のエキスパートが在籍しています。
「何を作ればいいのかわからない」「IT周りをまとめて任せたい」といった0→1のご相談から、「社員の退職に伴うリソース不足を補いたい」といったSESのご要望まで、課題やフェーズに応じて幅広く対応しています。

並走が続くほど後の立て直しコストは増えていきます。

15分のオンライン相談にご返信ください。

株式会社Lei Hau'oli
（tel）050-5497-3411
（mail）ml.account-sales@leihauoli.com","381","81","72","86","89","合成","0","- モード: 合成 - 部品ごとの採用元: ①件名=closer ②宛名＋冒頭=closer＋replier（課題の疑問形フックを合流） ③パーソナライズ／課題提示=replier ④自社紹介＋USP=closer ⑤FAB+E＋実績=closer ⑥なぜ今=closer（負荷蓄積）＋replier（下期の時間軸） ⑦CTA=closer（15分情報交換）＋replierのハードル低減表現 ⑧署名","修正パス(2026-09-18)"
"2026-09-09T15:00:13+09:00","ニフティ株式会社","開発部","ご担当者","【0→1開発】複数プロダクトのUI改修、内製チームだけで回せていますか","開発部 ご担当者様

複数プロダクトの大規模UIを内製で抱え、レガシー刷新と新機能開発を同じ人手で並走させる体制かと存じます。

私たち株式会社レイハウオリは、Web領域を中心に、ITリソースや専門人材が不足しているお客様を支援しています。
社内には、エンジニア・デザイナー・ディレクター・PMなど、各分野のエキスパートが在籍しています。
「何を作ればいいのかわからない」「IT周りをまとめて任せたい」といった0→1のご相談から、「社員の退職に伴うリソース不足を補いたい」といったSESのご要望まで、課題やフェーズに応じて幅広く対応しています。

下期が始まる今、体制を整えることが重要です。

ご興味があれば、このフォームにご返信ください。

株式会社Lei Hau'oli
（tel）050-5497-3411
（mail）ml.account-sales@leihauoli.com","378","82","90","86","95","合成","0","- モード: 合成 - 部品ごとの採用元: ①件名=replier（短縮リライト） ②宛名＋冒頭2行=replier ③パーソナライズ／課題提示=replier ④自社紹介＋USP=closer ⑤FAB+E＋実績=replier＋closer ⑥なぜ今=replier ⑦CTA=replier（4文字返信）＋closer（決裁者指定） ⑧署名=共通 - opener: 課題仮説の固有ワードを件名","修正パス(2026-09-18)"
"2026-09-09T15:00:09+09:00","株式会社アイ・ディ・エイチ","開発部","ご担当者","【10月からの並走負荷に】必要な人材を増員できます","開発部 ご担当者様

複数プロダクトを内製チームで運用しながら、UI改修と新機能開発の両立にリソースが足りていませんか。

私たち株式会社レイハウオリは、Web領域を中心に、ITリソースや専門人材が不足しているお客様を支援しています。
社内には、エンジニア・デザイナー・ディレクター・PMなど、各分野のエキスパートが在籍しています。
「何を作ればいいのかわからない」「IT周りをまとめて任せたい」といった0→1のご相談から、「社員の退職に伴うリソース不足を補いたい」といったSESのご要望まで、課題やフェーズに応じて幅広く対応しています。

下期計画を組む今、10月以降の負荷を軽減できます。ご返信いただければ、詳しくご説明します。

株式会社Lei Hau'oli
（tel）050-5497-3411
（mail）ml.account-sales@leihauoli.com","375","75","84","82","91","合成","0","- モード: 合成 - 部品ごとの採用元: ①件名=replier（時間軸＋数字）②冒頭2行=replier ③課題提示=replier ④自社紹介＋USP=closer ⑤FAB+E＋実績=closer（美容予約サービスの事例はopener/replierから補強）⑥なぜ今=replier ⑦CTA=closer寄り（15分＋返信を「返信1つ」に統合）⑧署名=opener - opener: 件","修正パス(2026-09-18)"
"2026-09-09T15:00:25+09:00","シンプレクス株式会社","開発部","ご担当者","【複数プロダクトの大規模UI刷新】15分で体制のご相談","開発部 ご担当者様

複数プロダクトの大規模UI刷新と新機能開発の並走で、負荷が平準化できていないのではないでしょうか。

私たち株式会社レイハウオリは、Web領域を中心に、ITリソースや専門人材が不足しているお客様を支援しています。
社内には、エンジニア・デザイナー・ディレクター・PMなど、各分野のエキスパートが在籍しています。
「何を作ればいいのかわからない」「IT周りをまとめて任せたい」といった0→1のご相談から、「社員の退職に伴うリソース不足を補いたい」といったSESのご要望まで、課題やフェーズに応じて幅広く対応しています。

下期の体制を組む今のタイミングで、15分の情報交換をさせてください。ご興味があれば、ご返信ください。

株式会社Lei Hau'oli
（tel）050-5497-3411
（mail）ml.account-sales@leihauoli.com","380","82","87","82","91","合成","0","- モード: 合成 - 部品ごとの採用元: ①件名=opener（課題ワード）＋closer（数字を前に出す構造）を圧縮 ②宛名＋冒頭=opener ③パーソナライズ／課題提示=replier ④自社紹介＋USP=closer（「9割」除去）＋replier ⑤FAB+E=closer ⑥なぜ今=replier（中途採用の数か月）＋closer（下期の体制） ⑦CTA=replier（返信文言固定","修正パス(2026-09-18)"
"2026-09-09T15:00:41+09:00","株式会社アトラス","開発部","ご担当者","【ゲーム本体開発を止めない】公式サイト・Web版改修を15分でご相談","開発部 ご担当者様

ゲーム本体の開発に集中させたい一方、公式サイトやWeb版の改修は後回しになりがちではないでしょうか。

私たち株式会社レイハウオリは、Web領域を中心に、ITリソースや専門人材が不足しているお客様を支援しています。
社内には、エンジニア・デザイナー・ディレクター・PMなど、各分野のエキスパートが在籍しています。
「何を作ればいいのかわからない」「IT周りをまとめて任せたい」といった0→1のご相談から、「社員の退職に伴うリソース不足を補いたい」といったSESのご要望まで、課題やフェーズに応じて幅広く対応しています。

Web領域だけ切り出せば、本体開発にリソースを集中できます。

ご興味があれば、このフォームにご返信ください。

株式会社Lei Hau'oli
（tel）050-5497-3411
（mail）ml.account-sales@leihauoli.com","384","84","80","86","93","合成","0","- モード: 合成 - 部品ごとの採用元: ①件名=opener（closerの「1名から」要素を圧縮して統合） ②宛名＋冒頭2行=opener ③課題提示=closer ④自社紹介＋USP=closer＋opener（USP一言はopenerの言い切りを採用） ⑤FAB+E=closer ⑥なぜ今=closer ⑦CTA=closer（文長を短縮） ⑧署名=replier（〇〇（要確認）を落とし","修正パス(2026-09-18)"
"2026-09-09T15:02:45+09:00","東芝テリー株式会社","開発部","ご担当者","【0→1相談も歓迎】複数プロダクトのUI改修と新機能開発の並走に","開発部 ご担当者様

複数プロダクトを内製で抱えつつ、UI改修と新機能開発の並走で負荷が平準化できずにいませんか。

私たち株式会社レイハウオリは、Web領域を中心に、ITリソースや専門人材が不足しているお客様を支援しています。
社内には、エンジニア・デザイナー・ディレクター・PMなど、各分野のエキスパートが在籍しています。
「何を作ればいいのかわからない」「IT周りをまとめて任せたい」といった0→1のご相談から、「社員の退職に伴うリソース不足を補いたい」といったSESのご要望まで、課題やフェーズに応じて幅広く対応しています。

下期の体制が固まる前の今が重要です。ご興味があれば、このフォームにご返信ください。

株式会社Lei Hau'oli
（tel）050-5497-3411
（mail）ml.account-sales@leihauoli.com","368","78","85","88","90","合成","0","- モード: 合成 - 部品ごとの採用元: ①件名=closer（骨格）＋opener（「複数プロダクト」の固有ワード） ②宛名＋冒頭2行=closer ③パーソナライズ／課題提示=closer ④自社紹介＋USP=closer（USP一言が明示的で最も強い） ⑤FAB+E=closer＋opener（Benefit「内製チームはコア機能に集中」を opener から採用） ⑥なぜ今=closer","修正パス(2026-09-18)"
"2026-09-09T15:00:35+09:00","株式会社ジーニー","開発部","ご担当者","【0→1】SaaS/ASP複数運営の御社へ、必要な体制をスピーディにご提供","開発部 ご担当者様

複数プロダクトのUI改修と新機能開発が並走し、フロントエンドの人手が足りない時期はありませんか。受託案件の波で稼働が上下する今、必要な体制を整えておくことが重要です。

私たち株式会社レイハウオリは、Web領域を中心に、ITリソースや専門人材が不足しているお客様を支援しています。
社内には、エンジニア・デザイナー・ディレクター・PMなど、各分野のエキスパートが在籍しています。
「何を作ればいいのかわからない」「IT周りをまとめて任せたい」といった0→1のご相談から、「社員の退職に伴うリソース不足を補いたい」といったSESのご要望まで、課題やフェーズに応じて幅広く対応しています。

ご興味があれば、このメールにご返信ください。

株式会社Lei Hau'oli
（tel）050-5497-3411
（mail）ml.account-sales@leihauoli.com","386","79","87","84","92","合成","0","- モード: 合成 - 部品ごとの採用元: ①件名=replier（+closer「繁忙期だけ」を付加） ②宛名＋冒頭2行=replier ③課題提示=replier ④自社紹介＋USP=closer（「フロントエンド特化」「1名からチーム単位」を明示） ⑤FAB+E＝closer（開発フローごと持ち込む）＋replier（Benefit2点） ⑥なぜ今=replier ⑦CTA=replier ","修正パス(2026-09-18)"
"2026-09-09T15:04:15+09:00","株式会社PKSHA Technology","開発部","ご担当者","【0→1から繁忙期対応まで】複数プロダクトの開発リソース不足、埋めませんか","開発部 ご担当者様

複数プロダクトを内製運営されており、開発リソースの不足にお悩みではないでしょうか。

私たち株式会社レイハウオリは、Web領域を中心に、ITリソースや専門人材が不足しているお客様を支援しています。
社内には、エンジニア・デザイナー・ディレクター・PMなど、各分野のエキスパートが在籍しています。
「何を作ればいいのかわからない」「IT周りをまとめて任せたい」といった0→1のご相談から、「社員の退職に伴うリソース不足を補いたい」といったSESのご要望まで、課題やフェーズに応じて幅広く対応しています。

このまま放置すると、リリース遅延のリスクが高まります。

ご興味があれば、このフォームにご返信ください。

株式会社Lei Hau'oli
（tel）050-5497-3411
（mail）ml.account-sales@leihauoli.com","372","79","86","86","91","合成","0","- モード: 合成 - 部品ごとの採用元: ①件名=replier ②宛名＋冒頭2行=replier ③パーソナライズ／課題提示=replier ④自社紹介＋USP=closer ⑤FAB+E＋実績=closer（opener の「2008年設立」を接合） ⑥なぜ今=closer ⑦CTA=replier（closer の15分要素を返信1本に統合） ⑧署名=closer（字数制約で部署までに短縮","修正パス(2026-09-18)"
"2026-09-09T15:02:59+09:00","株式会社Preferred Networks","開発部","ご担当者","【UI改修とレガシー刷新の並走に】15分で体制例をご紹介","開発部 ご担当者様

レガシー刷新と新機能開発の並走で、UI改修の手が回っていないのではないでしょうか。

私たち株式会社レイハウオリは、Web領域を中心に、ITリソースや専門人材が不足しているお客様を支援しています。
社内には、エンジニア・デザイナー・ディレクター・PMなど、各分野のエキスパートが在籍しています。
「何を作ればいいのかわからない」「IT周りをまとめて任せたい」といった0→1のご相談から、「社員の退職に伴うリソース不足を補いたい」といったSESのご要望まで、課題やフェーズに応じて幅広く対応しています。

着手が遅れるほど、選択肢は狭まります。15分のオンライン情報交換で体制の一例をお示しします。ご興味があれば、このフォームにご返信ください。

株式会社Lei Hau'oli
（tel）050-5497-3411
（mail）ml.account-sales@leihauoli.com","391","74","86","84","91","合成","0","- モード: 合成 - 部品ごとの採用元: ①件名=replier ②宛名＋冒頭2行=replier ③パーソナライズ／課題提示=replier ④自社紹介＋USP=closer ⑤FAB+E＋実績=closer（Feature部は§4準拠に是正） ⑥なぜ今=replier ⑦CTA=closer ⑧署名=共通 - opener: 件名の「複数プロダクト内製開発向け」は転送性が高く開封力最上位。し","修正パス(2026-09-18)"
"2026-09-09T15:04:57+09:00","株式会社ドキドキグルーヴワークス","開発部","ご担当者","【ゲーム開発企業向け】0→1のご相談から公式サイト・運営ツール改修まで幅広く対応","開発部 ご担当者様

ゲーム本体の開発にエンジニアを集中させたい一方、公式サイトや運営管理ツールの改修が後回しになっていないでしょうか。着手が遅れるほどリリース計画に影響します。

私たち株式会社レイハウオリは、Web領域を中心に、ITリソースや専門人材が不足しているお客様を支援しています。
社内には、エンジニア・デザイナー・ディレクター・PMなど、各分野のエキスパートが在籍しています。
「何を作ればいいのかわからない」「IT周りをまとめて任せたい」といった0→1のご相談から、「社員の退職に伴うリソース不足を補いたい」といったSESのご要望まで、課題やフェーズに応じて幅広く対応しています。

ご興味があれば、このフォームにご返信ください。

株式会社Lei Hau'oli
（tel）050-5497-3411
（mail）ml.account-sales@leihauoli.com","382","71","80","83","89","合成","0","- モード: 合成 - 部品ごとの採用元: ①件名=opener（数字を「約40名」に是正） ②宛名＋冒頭2行=replier ③パーソナライズ／課題提示=replier ④自社紹介＋USP=closer ⑤FAB+E＋実績=closer（Feature列挙を圧縮） ⑥なぜ今=replier（「着手が遅れるほどリリース計画に響きます」） ⑦CTA=replier ⑧署名=共通 - opener: ","修正パス(2026-09-18)"
"2026-09-09T15:05:55+09:00","株式会社TOKIUM","開発部","ご担当者","【0→1からSESまで】複数プロダクトのUI改修とレガシー刷新の並走を支えます","開発部 ご担当者様

複数のSaaSを内製で抱える御社では、負荷を平準化しにくい構造かと存じます。

私たち株式会社レイハウオリは、Web領域を中心に、ITリソースや専門人材が不足しているお客様を支援しています。
社内には、エンジニア・デザイナー・ディレクター・PMなど、各分野のエキスパートが在籍しています。
「何を作ればいいのかわからない」「IT周りをまとめて任せたい」といった0→1のご相談から、「社員の退職に伴うリソース不足を補いたい」といったSESのご要望まで、課題やフェーズに応じて幅広く対応しています。

負荷の偏りは放置するほど蓄積します。

ご興味があれば、このフォームにご返信ください。

株式会社Lei Hau'oli
（tel）050-5497-3411
（mail）ml.account-sales@leihauoli.com","360","84","86","82","92","合成","0","- モード: 合成 - 部品ごとの採用元: ①件名=replier（【フロントエンド専門40名】）＋opener（課題ワード）②宛名＋冒頭2行=replier ③パーソナライズ／課題提示=replier ④自社紹介＋USP=closer ⑤FAB+E＋実績=closer ⑥なぜ今=closer（負荷の偏りは放置するほど蓄積）⑦CTA=closer（15分＋切り出し方）＋opener（返信一本化）⑧","修正パス(2026-09-18)"
"2026-09-09T15:05:27+09:00","日本ウェブサービス株式会社","開発部","ご担当者","【日本ウェブサービス様】フロントエンド並走の負荷、15分でご相談可能","開発部 ご担当者様

複数プロダクト・大規模UIを内製で抱える御社では、フロントエンドの負荷が偏りやすいのではないでしょうか。

私たち株式会社レイハウオリは、Web領域を中心に、ITリソースや専門人材が不足しているお客様を支援しています。
社内には、エンジニア・デザイナー・ディレクター・PMなど、各分野のエキスパートが在籍しています。
「何を作ればいいのかわからない」「IT周りをまとめて任せたい」といった0→1のご相談から、「社員の退職に伴うリソース不足を補いたい」といったSESのご要望まで、課題やフェーズに応じて幅広く対応しています。

並走したまま下期を越えると、どちらも中途半端になりかねません。ご興味があれば、このフォームにご返信ください。

株式会社Lei Hau'oli
（tel）050-5497-3411
（mail）ml.account-sales@leihauoli.com","387","80","86","87","91","合成","0","- モード: 合成 - 部品ごとの採用元: ①件名=closer（社名冠）+replier（短文化・数字1） ②宛名＋冒頭=replier ③パーソナライズ／課題提示=replier ④自社紹介＋USP=closer ⑤FAB+E＋実績=closer ⑥なぜ今=replier（下期基準） ⑦CTA=replier（「詳細希望」低ハードル）+closer（15分） ⑧署名=opener - open","修正パス(2026-09-18)"
"2026-09-09T15:11:36+09:00","丸紅ITソリューションズ株式会社","開発部","ご担当者","【0→1からSESまで】複数プロダクトのUI改修と新機能開発を支援","開発部 ご担当者様

複数プロダクトのUI改修と新機能開発を内製体制で並走させるのは、負荷の波をならしにくいものと存じます。

私たち株式会社レイハウオリは、Web領域を中心に、ITリソースや専門人材が不足しているお客様を支援しています。
社内には、エンジニア・デザイナー・ディレクター・PMなど、各分野のエキスパートが在籍しています。
「何を作ればいいのかわからない」「IT周りをまとめて任せたい」といった0→1のご相談から、「社員の退職に伴うリソース不足を補いたい」といったSESのご要望まで、課題やフェーズに応じて幅広く対応しています。

繁忙期に入ってから探しても間に合いません。ご興味があれば、ご返信ください。

株式会社Lei Hau'oli
（tel）050-5497-3411
（mail）ml.account-sales@leihauoli.com","369","82","80","79","89","合成","0","- モード: 合成 - 部品ごとの採用元: ①件名=opener（課題語）＋replier（数字の置き方） ②宛名＝共通 ③パーソナライズ／課題提示=replier ④自社紹介＋USP=replier（技術スタック）＋closer（USP言い切り） ⑤FAB+E=closer（中途採用不要→即戦力）＋opener（両輪を支える） ⑥なぜ今=closer（繁忙期に入ってから探しても間に合わない） ⑦","修正パス(2026-09-18)"
"2026-09-09T15:06:29+09:00","株式会社ワンキャリア","開発部","ご担当者","【開発支援】複数プロダクト運営、UI改修のリソース不足に0→1から対応","開発部 ご担当者様

複数プロダクトを運営される御社では、UI改修と新機能対応でフロントエンドの手が足りないのではないでしょうか。

私たち株式会社レイハウオリは、Web領域を中心に、ITリソースや専門人材が不足しているお客様を支援しています。
社内には、エンジニア・デザイナー・ディレクター・PMなど、各分野のエキスパートが在籍しています。
「何を作ればいいのかわからない」「IT周りをまとめて任せたい」といった0→1のご相談から、「社員の退職に伴うリソース不足を補いたい」といったSESのご要望まで、課題やフェーズに応じて幅広く対応しています。

リソース不足を放置すれば、改修要望は積み上がる一方です。

ご興味があれば、ご返信ください。

株式会社Lei Hau'oli
（tel）050-5497-3411
（mail）ml.account-sales@leihauoli.com","379","84","87","80","89","合成","0","- モード: 合成 - 部品ごとの採用元: ①件名=opener（固有ワード）＋replier（【1名から常駐可】の数字入り短冠） ②宛名＋冒頭=replier ③パーソナライズ／課題提示=replier ④自社紹介＋USP=replier ⑤FAB+E＝replier（Feature/Advantage）＋opener（Benefit「UI改修と新機能開発を止めない体制」） ⑥なぜ今=opene","修正パス(2026-09-18)"
"2026-09-09T15:11:47+09:00","株式会社クラウドワークス","開発部","ご担当者","【0→1〜SES】複数プロダクト並走の負荷分散をご支援","開発部 ご担当者様

複数プロダクトを内製運営される中、フロントエンド要員の不足に悩まれる場面があるのではないでしょうか。

私たち株式会社レイハウオリは、Web領域を中心に、ITリソースや専門人材が不足しているお客様を支援しています。
社内には、エンジニア・デザイナー・ディレクター・PMなど、各分野のエキスパートが在籍しています。
「何を作ればいいのかわからない」「IT周りをまとめて任せたい」といった0→1のご相談から、「社員の退職に伴うリソース不足を補いたい」といったSESのご要望まで、課題やフェーズに応じて幅広く対応しています。

下期の体制見直しが進む今こそ、確保しておく価値があります。

ご興味があれば、このフォームにご返信ください。

株式会社Lei Hau'oli
（tel）050-5497-3411
（mail）ml.account-sales@leihauoli.com","383","76","83","86","91","合成","0","- モード: 合成 - 部品ごとの採用元: ①件名=closer ②宛名＋冒頭=replier ③パーソナライズ／課題提示=replier ④自社紹介＋USP=closer ⑤FAB+E＋実績=closer ⑥なぜ今=closer ⑦CTA=replier（4文字返信）＋closer（決裁者名指し）⑧署名=closer - opener: 強み＝件名の業種ワードと課題ワードが事業内容に直結。弱み＝","修正パス(2026-09-18)"
"2026-09-09T15:12:26+09:00","デンツプライシロナ株式会社","情報システム部","ご担当者","【0→1からSESまで】レガシー刷新と新機能開発を並走させる開発体制","情報システム部 ご担当者様

製品情報サイトや顧客向けポータル、社内システムのWeb化を進める中、専任者が不在で品質にばらつきが出ていませんか。

私たち株式会社レイハウオリは、Web領域を中心に、ITリソースや専門人材が不足しているお客様を支援しています。
社内には、エンジニア・デザイナー・ディレクター・PMなど、各分野のエキスパートが在籍しています。
「何を作ればいいのかわからない」「IT周りをまとめて任せたい」といった0→1のご相談から、「社員の退職に伴うリソース不足を補いたい」といったSESのご要望まで、課題やフェーズに応じて幅広く対応しています。

今期中に体制を整えないと来期も後回しになりかねません。ご興味があれば本メールにご返信ください。

株式会社Lei Hau'oli
（tel）050-5497-3411
（mail）ml.account-sales@leihauoli.com","389","83","88","82","94","合成","0","- モード: 合成 - 部品ごとの採用元: ①件名=replier の【1名から常駐】＋opener の課題ワード（レガシー刷新／新機能開発の並走）を合成 ②宛名＋冒頭2行=opener ③パーソナライズ／課題提示=replier ④自社紹介＋USP=closer（冒頭一言でSES特化を言い切る型） ⑤FAB+E＋実績=closer＋replier ⑥なぜ今=replier（今期／来期の対比） ⑦","修正パス(2026-09-18)"
"2026-09-09T15:12:23+09:00","株式会社イルカ","開発部","ご担当者","【ゲーム開発企業向け】公式サイト・運営ツール改修の停滞を、0→1の体制で解消","開発部 ご担当者様

公式サイトや運営管理ツールの改修が、本体開発の陰で後回しになっていないでしょうか。

私たち株式会社レイハウオリは、Web領域を中心に、ITリソースや専門人材が不足しているお客様を支援しています。
社内には、エンジニア・デザイナー・ディレクター・PMなど、各分野のエキスパートが在籍しています。
「何を作ればいいのかわからない」「IT周りをまとめて任せたい」といった0→1のご相談から、「社員の退職に伴うリソース不足を補いたい」といったSESのご要望まで、課題やフェーズに応じて幅広く対応しています。

放置が延びるほど刷新コストは膨らみます。

ご興味があれば、ご返信ください。

株式会社Lei Hau'oli
（tel）050-5497-3411
（mail）ml.account-sales@leihauoli.com","358","78","86","80","91","合成","0","- モード: 合成 - 部品ごとの採用元: ①件名=opener（＋replierの「フロントエンド専門40名」を接合） ②宛名＋冒頭2行=opener ③課題提示=opener／replier ④自社紹介＋USP=replier（数字表現が§4に忠実） ⑤FAB+E＝closer＋replier（SaaS管理画面・jQuery資産のSPA化で「不適」を補強） ⑥なぜ今=closer（放置＝刷新コ","修正パス(2026-09-18)"
"2026-09-09T15:14:19+09:00","株式会社SUPER STUDIO","開発部","ご担当者","【SUPER STUDIO様】管理画面改修の滞留を、0→1のご相談から解消","開発部 ご担当者様

複数プロダクトの管理画面・ダッシュボードで機能追加が続き、内製チームの負荷が平準化できていない状況ではないでしょうか。

私たち株式会社レイハウオリは、Web領域を中心に、ITリソースや専門人材が不足しているお客様を支援しています。
社内には、エンジニア・デザイナー・ディレクター・PMなど、各分野のエキスパートが在籍しています。
「何を作ればいいのかわからない」「IT周りをまとめて任せたい」といった0→1のご相談から、「社員の退職に伴うリソース不足を補いたい」といったSESのご要望まで、課題やフェーズに応じて幅広く対応しています。

9月は下期体制を組む最後のタイミングです。ご興味があれば、ご返信ください。

株式会社Lei Hau'oli
（tel）050-5497-3411
（mail）ml.account-sales@leihauoli.com","377","77","85","88","91","合成","0","- モード: 合成 - 部品ごとの採用元: ①件名=closer（社名＋40名／要素を圧縮して短縮）②宛名＋冒頭=closer ③課題提示=closer＋replier ④自社紹介＋USP=replier ⑤FAB+E・実績=replier＋closer ⑥なぜ今=replier（9月・下期体制）⑦CTA=closer（15分＋返信1本）⑧署名=opener/closer - opener: 件名","修正パス(2026-09-18)"
"2026-09-09T15:13:04+09:00","クラレノリタケデンタル株式会社","情報システム部","ご担当者","【製品情報サイト・ポータル刷新向け】0→1のご相談からSESまで、外注品質のばらつきを解消","情報システム部 ご担当者様

製品情報サイトや顧客ポータルのWeb化を進めたいが、フロントエンド専任者が社内におらず外注先の品質もばらつく。

私たち株式会社レイハウオリは、Web領域を中心に、ITリソースや専門人材が不足しているお客様を支援しています。
社内には、エンジニア・デザイナー・ディレクター・PMなど、各分野のエキスパートが在籍しています。
「何を作ればいいのかわからない」「IT周りをまとめて任せたい」といった0→1のご相談から、「社員の退職に伴うリソース不足を補いたい」といったSESのご要望まで、課題やフェーズに応じて幅広く対応しています。

負荷は着手が遅れるほど積み上がります。ご興味があれば、このフォームにご返信ください。

株式会社Lei Hau'oli
（tel）050-5497-3411
（mail）ml.account-sales@leihauoli.com","382","83","81","87","91","合成","0","- モード: 合成 - 部品ごとの採用元: ①件名=opener（相手固有ワード「製品情報サイト・ポータル刷新」を残し短縮） ②宛名＋冒頭2行=opener ③課題提示=replier＋closer（複数プロダクト／大規模UI／並走負荷） ④自社紹介＋USP=closer（「フロントエンドだけに特化」へ言い切りを強化） ⑤FAB+E=closer ⑥なぜ今=replier（積み上がる負荷）＋clo","修正パス(2026-09-18)"
"2026-09-09T15:15:13+09:00","株式会社ROXX","開発部","ご担当者","【0→1対応】ROXX様｜レガシー刷新と新機能開発、両立できていますか","開発部 ご担当者様

複数プロダクトの大規模UIで、レガシー刷新と新機能開発を同時に進めるのは負荷が大きいのではないでしょうか。

私たち株式会社レイハウオリは、Web領域を中心に、ITリソースや専門人材が不足しているお客様を支援しています。
社内には、エンジニア・デザイナー・ディレクター・PMなど、各分野のエキスパートが在籍しています。
「何を作ればいいのかわからない」「IT周りをまとめて任せたい」といった0→1のご相談から、「社員の退職に伴うリソース不足を補いたい」といったSESのご要望まで、課題やフェーズに応じて幅広く対応しています。

負荷が偏っている今こそ、体制を見直す好機です。ご興味があれば、このフォームにご返信ください。

株式会社Lei Hau'oli
（tel）050-5497-3411
（mail）ml.account-sales@leihauoli.com","380","73","86","83","91","合成","0","- モード: 合成 - 部品ごとの採用元: ①件名=replier ②宛名＋冒頭2行=replier ③パーソナライズ／課題提示=replier ④自社紹介＋USP=closer ⑤FAB+E＋実績=closer ⑥なぜ今=closer ⑦CTA=replier（15分の情報交換をreplierの一言返信で受ける形に統合） ⑧署名=closer - opener: 件名の「複数プロダクト運営×人材","修正パス(2026-09-18)"
"2026-09-09T15:15:34+09:00","AnyMind Japan株式会社","開発部","ご担当者","【AnyMind Japan開発部様】0→1の開発体制構築も伴走支援","開発部 ご担当者様

複数プロダクトの改修が同時進行し、内製チームだけでは負荷が平準化できていないのではないでしょうか。

私たち株式会社レイハウオリは、Web領域を中心に、ITリソースや専門人材が不足しているお客様を支援しています。
社内には、エンジニア・デザイナー・ディレクター・PMなど、各分野のエキスパートが在籍しています。
「何を作ればいいのかわからない」「IT周りをまとめて任せたい」といった0→1のご相談から、「社員の退職に伴うリソース不足を補いたい」といったSESのご要望まで、課題やフェーズに応じて幅広く対応しています。

下期の開発体制を今組めるかで、年内の進捗が変わります。

ご興味があれば、このフォームにご返信ください。

株式会社Lei Hau'oli
（tel）050-5497-3411
（mail）ml.account-sales@leihauoli.com","380","72","87","79","91","合成","0","- モード: 合成 - 部品ごとの採用元: ①件名=replier（社名＋数字、短く転送しやすい）②宛名＋冒頭2行=replier ③パーソナライズ／課題提示=replier（opener/closer と同趣旨のため最も自然な語り口を採用）④自社紹介＋USP=replier＋closer ⑤FAB+E＋実績=closer（「直請けで参画」の表現を採用）⑥なぜ今=replier（「下期の開発計画が","修正パス(2026-09-18)"
"2026-09-09T15:16:01+09:00","株式会社コドモン","開発部","ご担当者","【複数プロダクト×大規模UI】0→1のご相談からリソース支援まで","開発部 ご担当者様

複数プロダクトの大規模UIを内製で抱える御社では、フロントエンドの手が足りない場面もあるのではないでしょうか。

私たち株式会社レイハウオリは、Web領域を中心に、ITリソースや専門人材が不足しているお客様を支援しています。
社内には、エンジニア・デザイナー・ディレクター・PMなど、各分野のエキスパートが在籍しています。
「何を作ればいいのかわからない」「IT周りをまとめて任せたい」といった0→1のご相談から、「社員の退職に伴うリソース不足を補いたい」といったSESのご要望まで、課題やフェーズに応じて幅広く対応しています。

UI改修の滞留は利用者体験に直結します。ご興味があれば、このフォームにご返信ください。

株式会社Lei Hau'oli
（tel）050-5497-3411
（mail）ml.account-sales@leihauoli.com","379","82","87","87","92","合成","0","- モード: 合成 - 部品ごとの採用元: ①件名=opener ②宛名＋冒頭2行=replier ③課題提示=replier ④自社紹介＋USP=closer/replier ⑤FAB+E＋実績=replier（技術スタック）＋closer（Benefit「内製チームがコア機能に集中」） ⑥なぜ今=closer ⑦CTA=replier（低ハードル返信）にcloserの15分情報交換を接続し1ア","修正パス(2026-09-18)"
"2026-09-09T15:14:41+09:00","Supership株式会社","開発部","ご担当者","【SaaS管理画面の改修バックログ解消】0→1の相談から伴走支援","開発部 ご担当者様

貴社ではSaaS管理画面の機能追加が続き、フロントエンド改修がバックログに積み上がっていませんか。

私たち株式会社レイハウオリは、Web領域を中心に、ITリソースや専門人材が不足しているお客様を支援しています。
社内には、エンジニア・デザイナー・ディレクター・PMなど、各分野のエキスパートが在籍しています。
「何を作ればいいのかわからない」「IT周りをまとめて任せたい」といった0→1のご相談から、「社員の退職に伴うリソース不足を補いたい」といったSESのご要望まで、課題やフェーズに応じて幅広く対応しています。

バックログは放置するほど改修コストが膨らみます。

ご興味があれば、このメールにご返信ください。

株式会社Lei Hau'oli
（tel）050-5497-3411
（mail）ml.account-sales@leihauoli.com","376","83","87","79","91","合成","0","- モード: 合成 - 部品ごとの採用元: ①件名=opener（課題ワードを冒頭に置き数字2種を含む形へ微修正） ②宛名＋冒頭2行=opener ③パーソナライズ／課題提示=opener＋replier（複数プロダクト・顧客要望を統合） ④自社紹介＋USP=closer（USP一言をそのまま骨格に） ⑤FAB+E＋実績=closer＋replier ⑥なぜ今=closer（放置するほど改修コスト","修正パス(2026-09-18)"
"2026-09-09T15:17:31+09:00","株式会社ビザスク","開発部","ご担当者","【15分で体制診断】複数プロダクトのUI改修、止まっていませんか","開発部 ご担当者様

複数プロダクトを運営される御社では、UI改修と新機能開発が同時に発生していませんか。

私たち株式会社レイハウオリは、Web領域を中心に、ITリソースや専門人材が不足しているお客様を支援しています。
社内には、エンジニア・デザイナー・ディレクター・PMなど、各分野のエキスパートが在籍しています。
「何を作ればいいのかわからない」「IT周りをまとめて任せたい」といった0→1のご相談から、「社員の退職に伴うリソース不足を補いたい」といったSESのご要望まで、課題やフェーズに応じて幅広く対応しています。

下期にUI改修と機能追加が本格化すると、負荷が広がります。ご興味があれば、このフォームにご返信ください。

株式会社Lei Hau'oli
（tel）050-5497-3411
（mail）ml.account-sales@leihauoli.com","375","73","86","81","90","合成","0","- モード: 合成 - 部品ごとの採用元: ①件名=replier ②宛名＋冒頭=replier ③パーソナライズ／課題提示=replier ④自社紹介＋USP=closer ⑤FAB+E＋実績=closer ⑥なぜ今=replier（下期の負荷拡大）＋closer（本格化前） ⑦CTA=replier（一言返信）＋closer（15分）を1動作に統合 ⑧署名=共通 - opener: 強み＝件名","修正パス(2026-09-18)"
"2026-09-09T15:18:32+09:00","株式会社ツクルバ","開発部","ご担当者","【0→1のご相談も】複数プロダクトのフロント開発、負荷平準化のご提案","開発部 ご担当者様

複数のWebサービスを内製で運営される貴社では、フロントエンドの負荷が偏りがちではないでしょうか。

私たち株式会社レイハウオリは、Web領域を中心に、ITリソースや専門人材が不足しているお客様を支援しています。
社内には、エンジニア・デザイナー・ディレクター・PMなど、各分野のエキスパートが在籍しています。
「何を作ればいいのかわからない」「IT周りをまとめて任せたい」といった0→1のご相談から、「社員の退職に伴うリソース不足を補いたい」といったSESのご要望まで、課題やフェーズに応じて幅広く対応しています。

下期の要望が積み上がる今、体制の検討が必要です。ご興味があれば、このフォームにご返信ください。

株式会社Lei Hau'oli
（tel）050-5497-3411
（mail）ml.account-sales@leihauoli.com","377","85","86","86","94","合成","0","- モード: 合成 - 部品ごとの採用元: ①件名=closer ②宛名＋冒頭2行=replier ③課題提示=replier ④自社紹介＋USP=opener（§4 原文表現） ⑤FAB+E＋実績=closer ⑥なぜ今=closer ⑦CTA=replier＋closer ⑧署名=共通 - opener: 冒頭で複数プロダクト内製運営に触れる導入は最良だが、件名が45字と長く受信一覧で末尾が切","修正パス(2026-09-18)"
"2026-09-09T15:19:12+09:00","GMOサイバーセキュリティbyイエラエ株式会社","技術部","ご担当者","【0→1からSESまで対応】管理コンソールのUI、セキュリティ人材の負荷になっていませんか","技術部 ご担当者様

セキュリティ専門のエンジニアが管理コンソールのUI実装まで抱え込み、開発が止まっていませんか。UI負債は放置するほど改善コストが膨らみます。

私たち株式会社レイハウオリは、Web領域を中心に、ITリソースや専門人材が不足しているお客様を支援しています。
社内には、エンジニア・デザイナー・ディレクター・PMなど、各分野のエキスパートが在籍しています。
「何を作ればいいのかわからない」「IT周りをまとめて任せたい」といった0→1のご相談から、「社員の退職に伴うリソース不足を補いたい」といったSESのご要望まで、課題やフェーズに応じて幅広く対応しています。

ご興味があれば、ご返信ください。

株式会社Lei Hau'oli
（tel）050-5497-3411
（mail）ml.account-sales@leihauoli.com","367","84","84","86","91","合成","0","- モード: 合成 - 部品ごとの採用元: ①件名=closer（【フロントエンド専任40名】）＋replier（問いかけ型の後半）／②宛名＋冒頭2行=replier／③パーソナライズ・課題提示=replier／④自社紹介＋USP=closer（「外付けできる」）＋opener（設立年・専任数）／⑤FAB+E=closer＋replier（SaaS管理画面）／⑥なぜ今=closer（UI負債・改善","修正パス(2026-09-18)"
"2026-09-09T15:19:05+09:00","レバテック株式会社","開発部","ご担当者","【複数プロダクトのUI改修に】0→1からSESまで幅広く対応","開発部 ご担当者様

複数プロダクトを内製で抱える御社では、フロントエンドの手が足りない場面もあるのではないでしょうか。

私たち株式会社レイハウオリは、Web領域を中心に、ITリソースや専門人材が不足しているお客様を支援しています。
社内には、エンジニア・デザイナー・ディレクター・PMなど、各分野のエキスパートが在籍しています。
「何を作ればいいのかわからない」「IT周りをまとめて任せたい」といった0→1のご相談から、「社員の退職に伴うリソース不足を補いたい」といったSESのご要望まで、課題やフェーズに応じて幅広く対応しています。

下期の開発計画を固める今なら、負荷を分散できます。

ご興味があれば、ご返信ください。

株式会社Lei Hau'oli
（tel）050-5497-3411
（mail）ml.account-sales@leihauoli.com","371","83","82","80","92","合成","0","- モード: 合成 - 部品ごとの採用元: ①件名=opener ②宛名=共通 ③冒頭パーソナライズ／課題提示=replier ④自社紹介＋USP=closer ⑤FAB+E＋実績=closer ⑥なぜ今＝replier（下期計画＋クライアント案件補強） ⑦CTA=replier＋closer統合（返信1アクションで15分に接続） ⑧署名=closer形式（字数優先で2行） - opener: 件","修正パス(2026-09-18)"
"2026-09-09T15:18:14+09:00","株式会社ログラス","開発部","ご担当者","【SaaS管理画面向け】フロントエンド改修バックログ、0→1のご相談も伴走","開発部 ご担当者様

管理画面・ダッシュボードの改修がバックログに積み上がっていないでしょうか。

私たち株式会社レイハウオリは、Web領域を中心に、ITリソースや専門人材が不足しているお客様を支援しています。
社内には、エンジニア・デザイナー・ディレクター・PMなど、各分野のエキスパートが在籍しています。
「何を作ればいいのかわからない」「IT周りをまとめて任せたい」といった0→1のご相談から、「社員の退職に伴うリソース不足を補いたい」といったSESのご要望まで、課題やフェーズに応じて幅広く対応しています。

下期の計画を固める前に、体制の選択肢を持てます。

ご興味があれば、このフォームにご返信ください。

株式会社Lei Hau'oli
（tel）050-5497-3411
（mail）ml.account-sales@leihauoli.com","365","81","82","85","91","合成","0","- モード: 合成 - 部品ごとの採用元: ①件名=opener（課題ワード＋数字を相手起点で凝縮）②宛名＋冒頭2行=closer（簡潔で自分事化が速い）③課題提示=opener＋closer（「平準化」の語で課題仮説に密着）④自社紹介＋USP=closer ⑤FAB+E＋実績=closer（美容予約サービスの具体実績）⑥なぜ今=replier（「下期の計画を固める前に」）⑦CTA=closer（","修正パス(2026-09-18)"
"2026-09-09T15:20:21+09:00","ウェルスナビ株式会社","開発部","ご担当者","【管理画面・ダッシュボード改修】15分で進め方を整理","開発部 ご担当者様

管理画面・ダッシュボードのフロントエンド改修がバックログに積み上がっていませんか。

私たち株式会社レイハウオリは、Web領域を中心に、ITリソースや専門人材が不足しているお客様を支援しています。
社内には、エンジニア・デザイナー・ディレクター・PMなど、各分野のエキスパートが在籍しています。
「何を作ればいいのかわからない」「IT周りをまとめて任せたい」といった0→1のご相談から、「社員の退職に伴うリソース不足を補いたい」といったSESのご要望まで、課題やフェーズに応じて幅広く対応しています。

バックログが積み上がるほど機会損失が広がります。まずは15分で進め方を整理させてください。ご興味があれば、このフォームにご返信ください。

株式会社Lei Hau'oli
（tel）050-5497-3411
（mail）ml.account-sales@leihauoli.com","390","84","83","85","92","合成","0","- モード: **合成** - 部品ごとの採用元: ①件名=opener（課題固有ワード＋数字を圧縮） ②宛名＋冒頭2行=opener/replier ③パーソナライズ・課題提示=replier ④自社紹介＋USP=closer ⑤FAB+E＋実績=closer ⑥なぜ今=closer ⑦CTA=replier（15分の枠組みはcloserから拝借し、行動は返信1つに統合） ⑧署名=共通 - op","修正パス(2026-09-18)"
"2026-09-09T15:20:45+09:00","STORES株式会社","開発部","ご担当者","【複数プロダクト運営の開発部様へ】15分で体制構築のご相談","開発部 ご担当者様

複数プロダクトの大規模UIを内製で抱えると、刷新と新機能開発の同時進行は負荷が偏りがちです。

私たち株式会社レイハウオリは、Web領域を中心に、ITリソースや専門人材が不足しているお客様を支援しています。
社内には、エンジニア・デザイナー・ディレクター・PMなど、各分野のエキスパートが在籍しています。
「何を作ればいいのかわからない」「IT周りをまとめて任せたい」といった0→1のご相談から、「社員の退職に伴うリソース不足を補いたい」といったSESのご要望まで、課題やフェーズに応じて幅広く対応しています。

新機能開発が本格化する前の今こそ、体制構築の好機です。

まずは15分のオンライン相談はいかがでしょうか。

株式会社Lei Hau'oli
（tel）050-5497-3411
（mail）ml.account-sales@leihauoli.com","378","85","84","80","90","合成","0","- モード: 合成 - 部品ごとの採用元: ①件名=opener（固有課題ワード）＋closer（短さ）を折衷 ②宛名＝共通 ③冒頭2行・課題提示=replier ④自社紹介＋USP=closer/replier ⑤FAB+E＋実績=closer ⑥なぜ今=replier＋closer（リリース遅延防止）⑦CTA=opener ⑧署名=opener - opener: 件名の固有課題ワードと実績提","修正パス(2026-09-18)"
"2026-09-09T15:21:41+09:00","GROOVE X株式会社","開発部","ご担当者","【複数プロダクトのUI開発向け】0→1のご相談からSESまで幅広く対応","開発部 ご担当者様

複数プロダクトのUI改修とレガシー刷新を内製チームで並走され、フロントエンドの人員不足が慢性化していないでしょうか。

私たち株式会社レイハウオリは、Web領域を中心に、ITリソースや専門人材が不足しているお客様を支援しています。
社内には、エンジニア・デザイナー・ディレクター・PMなど、各分野のエキスパートが在籍しています。
「何を作ればいいのかわからない」「IT周りをまとめて任せたい」といった0→1のご相談から、「社員の退職に伴うリソース不足を補いたい」といったSESのご要望まで、課題やフェーズに応じて幅広く対応しています。

中途採用に数か月かかる間も、負荷は積み上がります。ご興味があれば、ご返信ください。

株式会社Lei Hau'oli
（tel）050-5497-3411
（mail）ml.account-sales@leihauoli.com","380","82","81","80","91","合成","0","- モード: 合成 - 部品ごとの採用元: ①件名=opener ②宛名＋冒頭2行=closer ③課題提示=closer ④自社紹介＋USP=closer ⑤FAB+E＋実績=closer（重複部を圧縮） ⑥なぜ今=opener ⑦CTA=closer＋replier（決裁者指定を外しハードルを下げた折衷） ⑧署名=opener - opener: 件名が課題語＋数字＋「1名から」で最も開封され","修正パス(2026-09-18)"
"2026-09-09T15:25:32+09:00","株式会社ニーリー","開発部","ご担当者","【複数プロダクト×繁忙期対応】0→1のご相談からSESまで柔軟対応","開発部 ご担当者様

複数プロダクトのUI改修と新機能開発を内製で並走させ、繁忙期だけ即戦力を確保できず稼働が波打っていませんか。

私たち株式会社レイハウオリは、Web領域を中心に、ITリソースや専門人材が不足しているお客様を支援しています。
社内には、エンジニア・デザイナー・ディレクター・PMなど、各分野のエキスパートが在籍しています。
「何を作ればいいのかわからない」「IT周りをまとめて任せたい」といった0→1のご相談から、「社員の退職に伴うリソース不足を補いたい」といったSESのご要望まで、課題やフェーズに応じて幅広く対応しています。

繁忙期が本格化する前の今、ご興味があれば、このフォームにご返信ください。

株式会社Lei Hau'oli
（tel）050-5497-3411
（mail）ml.account-sales@leihauoli.com","371","84","79","86","92","合成","0","- モード: 合成 - 部品ごとの採用元: ①件名=opener ②宛名＋冒頭=closer ③パーソナライズ／課題提示=closer ④自社紹介＋USP=closer ⑤FAB+E＋実績=closer ⑥なぜ今=opener（中途採用に数か月）＋closer（繁忙期が本格化する前） ⑦CTA=opener（このメールへの返信）＋closer（15分の情報交換） ⑧署名=closer - open","修正パス(2026-09-18)"
"2026-09-09T15:21:51+09:00","株式会社hacomono","開発部","ご担当者","【0→1相談】複数プロダクト並走のUI開発、体制は足りていますか","開発部 ご担当者様

hacomono様は複数プロダクトの大規模UIを内製チームで抱え、開発を並走させていらっしゃると拝察します。

私たち株式会社レイハウオリは、Web領域を中心に、ITリソースや専門人材が不足しているお客様を支援しています。
社内には、エンジニア・デザイナー・ディレクター・PMなど、各分野のエキスパートが在籍しています。
「何を作ればいいのかわからない」「IT周りをまとめて任せたい」といった0→1のご相談から、「社員の退職に伴うリソース不足を補いたい」といったSESのご要望まで、課題やフェーズに応じて幅広く対応しています。

中途採用を待つ間も要望は積み上がります。ご興味があれば、このフォームにご返信ください。

株式会社Lei Hau'oli
（tel）050-5497-3411
（mail）ml.account-sales@leihauoli.com","378","85","85","81","93","合成","0","- モード: 合成 - 部品ごとの採用元: ①件名=opener（【】＋40名）×replier（疑問形フック）を統合 ②宛名＋冒頭=replier（社名明示） ③課題提示=replier（社内の口ぐせに翻訳） ④自社紹介＋USP=opener（USP言い切り） ⑤FAB+E=closer（1文圧縮のFeature→Advantage→Benefit） ⑥なぜ今=replier（採用待ちの機会損失","修正パス(2026-09-18)"
"2026-09-09T15:21:45+09:00","eBASE-PLUS株式会社","開発部","ご担当者","【eBASE-PLUS開発部様】0→1相談からSES対応まで、繁忙期の負荷平準化","開発部 ご担当者様

レガシー刷新と新機能開発を並走させ、繁忙期の稼働確保に苦労されていませんか。

私たち株式会社レイハウオリは、Web領域を中心に、ITリソースや専門人材が不足しているお客様を支援しています。
社内には、エンジニア・デザイナー・ディレクター・PMなど、各分野のエキスパートが在籍しています。
「何を作ればいいのかわからない」「IT周りをまとめて任せたい」といった0→1のご相談から、「社員の退職に伴うリソース不足を補いたい」といったSESのご要望まで、課題やフェーズに応じて幅広く対応しています。

繁忙期に入ってからでは間に合いません。

ご興味あればご返信ください。

株式会社Lei Hau'oli
（tel）050-5497-3411
（mail）ml.account-sales@leihauoli.com","352","82","82","87","90","合成","0","- モード: 合成 - 部品ごとの採用元: ①件名=closer（社名入りを短縮） ②宛名＋冒頭2行=closer ③課題提示=replier（「受託案件の波で稼働が上下」を追加） ④自社紹介＋USP=closer ⑤FAB+E＋実績=closer ⑥なぜ今=replier（「繁忙期に入ってから探し始めても間に合いません」） ⑦CTA=closer骨格＋replierの低ハードル化 ⑧署名=共通 ","修正パス(2026-09-18)"
"2026-09-09T15:25:45+09:00","株式会社カケハシ","開発部","ご担当者","【複数プロダクト・大規模UI刷新】0→1から支援できる体制","開発部 ご担当者様

複数のプロダクトのUI改修と新機能開発を並走させると、レガシー刷新が後回しになりがちではないでしょうか。

私たち株式会社レイハウオリは、Web領域を中心に、ITリソースや専門人材が不足しているお客様を支援しています。
社内には、エンジニア・デザイナー・ディレクター・PMなど、各分野のエキスパートが在籍しています。
「何を作ればいいのかわからない」「IT周りをまとめて任せたい」といった0→1のご相談から、「社員の退職に伴うリソース不足を補いたい」といったSESのご要望まで、課題やフェーズに応じて幅広く対応しています。

下期の開発計画を固めるこの時期にご検討ください。ご興味があれば本フォームにご返信ください。

株式会社Lei Hau'oli
（tel）050-5497-3411
（mail）ml.account-sales@leihauoli.com","378","78","83","81","91","合成","0","- モード: 合成 - 部品ごとの採用元: ①件名=opener（表示長を考慮し末尾のみ圧縮／主張は不変） ②宛名＝共通 ③パーソナライズ＝replier ④自社紹介＋USP＝closer＋opener ⑤FAB+E＝opener（大手直請けフロー）＋closer（実績） ⑥なぜ今＝closer ⑦CTA＝replier ⑧署名＝共通 - opener: 件名の固有ワード＋「40名」が最も自分事化","修正パス(2026-09-18)"
"2026-09-09T22:37:47+09:00","テックファーム株式会社","開発部","ご担当者","【複数プロダクト・大規模UI運営向け】繁忙期だけ専門人材を増強する方法（相談は15分）","開発部 ご担当者様

複数プロダクトの大規模UI改修と新機能開発を、限られた人数で並走されていませんか。

私たち株式会社レイハウオリは、Web領域を中心に、ITリソースや専門人材が不足しているお客様を支援しています。
社内には、エンジニア・デザイナー・ディレクター・PMなど、各分野のエキスパートが在籍しています。
「何を作ればいいのかわからない」「IT周りをまとめて任せたい」といった0→1のご相談から、「社員の退職に伴うリソース不足を補いたい」といったSESのご要望まで、課題やフェーズに応じて幅広く対応しています。

繁忙期に入ってからでは確保が間に合いません。

ご興味があれば、このフォームにご返信ください。

株式会社Lei Hau'oli
（tel）050-5497-3411
（mail）ml.account-sales@leihauoli.com","367","84","83","86","94","合成","0","- モード: 合成 - 部品ごとの採用元: ①件名=opener ②宛名＋冒頭=closer ③課題提示=replier（受託案件の波） ④自社紹介＋USP=opener（USP一言）＋closer（会社定義） ⑤FAB+E=closer ⑥なぜ今=opener（繁忙期前でないと間に合わない） ⑦CTA=replier（「検討したい」一言返信）＋closer（15分）を1アクションに統合 ⑧署名=","修正パス(2026-09-18)"
"2026-09-09T15:25:34+09:00","サークレイス株式会社","開発部","ご担当者","【複数プロダクトのUI開発向け】0→1から繁忙期の補強まで","開発部 ご担当者様

複数プロダクトのUI改修や新機能開発が並走し、フロントエンドの体制確保にお困りではないでしょうか。

私たち株式会社レイハウオリは、Web領域を中心に、ITリソースや専門人材が不足しているお客様を支援しています。
社内には、エンジニア・デザイナー・ディレクター・PMなど、各分野のエキスパートが在籍しています。
「何を作ればいいのかわからない」「IT周りをまとめて任せたい」といった0→1のご相談から、「社員の退職に伴うリソース不足を補いたい」といったSESのご要望まで、課題やフェーズに応じて幅広く対応しています。

下期の開発計画が固まる前の今が、体制を整える好機です。ご興味があれば、このフォームにご返信ください。

株式会社Lei Hau'oli
（tel）050-5497-3411
（mail）ml.account-sales@leihauoli.com","380","84","86","78","90","合成","0","- モード: 合成 - 部品ごとの採用元: ①件名=opener（固有語）＋replier（繁忙期軸）を圧縮 ②冒頭2行=replier ③課題提示=replier ④自社紹介＋USP=replier ⑤FAB+E＝opener（中途採用〜並走）＋replier（コア機能集中） ⑥なぜ今=opener「開発計画が固まる時期」＋replier「下期」 ⑦CTA=opener（返信＋次に何が起きるか明","修正パス(2026-09-18)"
"2026-09-09T22:37:06+09:00","株式会社ヤプリ","開発部","ご担当者","【0→1からSESまで】複数プロダクト運営の負荷を平準化する支援","開発部 ご担当者様

複数プロダクトのUI改修や機能追加が重なり、開発リソースが逼迫しているのではないでしょうか。

私たち株式会社レイハウオリは、Web領域を中心に、ITリソースや専門人材が不足しているお客様を支援しています。
社内には、エンジニア・デザイナー・ディレクター・PMなど、各分野のエキスパートが在籍しています。
「何を作ればいいのかわからない」「IT周りをまとめて任せたい」といった0→1のご相談から、「社員の退職に伴うリソース不足を補いたい」といったSESのご要望まで、課題やフェーズに応じて幅広く対応しています。

下期の体制を組む今が、来期の開発速度を左右します。

ご興味があれば、このフォームにご返信ください。

株式会社Lei Hau'oli
（tel）050-5497-3411
（mail）ml.account-sales@leihauoli.com","375","76","83","83","89","合成","0","- モード: 合成 - 部品ごとの採用元: ①件名=closer ②宛名＋冒頭=replier ③パーソナライズ／課題提示=replier ④自社紹介＋USP=closer（「フロントエンド特化の開発支援会社」の言い切り） ⑤FAB+E=closer ⑥なぜ今=replier（下期計画期→来期リリース速度） ⑦CTA=replier（4文字返信）＋closerの体制案提示 ⑧署名=共通 - ope","修正パス(2026-09-18)"
"2026-09-09T22:36:47+09:00","株式会社マイベスト","開発部","ご担当者","【複数プロダクトのUI改修】0→1から伴走する専門人材体制","開発部 ご担当者様

複数プロダクトの大規模UIを内製で抱えながら、刷新と新機能開発を並走させるのは難しくないでしょうか。

私たち株式会社レイハウオリは、Web領域を中心に、ITリソースや専門人材が不足しているお客様を支援しています。
社内には、エンジニア・デザイナー・ディレクター・PMなど、各分野のエキスパートが在籍しています。
「何を作ればいいのかわからない」「IT周りをまとめて任せたい」といった0→1のご相談から、「社員の退職に伴うリソース不足を補いたい」といったSESのご要望まで、課題やフェーズに応じて幅広く対応しています。

中途採用には時間がかかり、要望は積み上がります。

ご興味があれば、ご返信ください。

株式会社Lei Hau'oli
（tel）050-5497-3411
（mail）ml.account-sales@leihauoli.com","371","80","86","82","93","合成","0","- モード: 合成 - 部品ごとの採用元: ①件名=opener（骨格）＋closer（約40名の具体）＋replier（1名から） ②宛名=共通 ③冒頭2行・課題提示=replier ④自社紹介＋USP=closer ⑤FAB+E＋実績=closer＋replier ⑥なぜ今=replier ⑦CTA=replier（ハードル）＋closer（15分で商談化） ⑧署名=共通 - opener: ","修正パス(2026-09-18)"
"2026-09-09T22:40:11+09:00","株式会社スタディスト","開発部","ご担当者","【0→1のご相談から】UI刷新と新機能開発、並走できていますか","開発部 ご担当者様

UI改修と新機能開発、レガシー刷新の並走でリソース不足を感じていませんか。

私たち株式会社レイハウオリは、Web領域を中心に、ITリソースや専門人材が不足しているお客様を支援しています。
社内には、エンジニア・デザイナー・ディレクター・PMなど、各分野のエキスパートが在籍しています。
「何を作ればいいのかわからない」「IT周りをまとめて任せたい」といった0→1のご相談から、「社員の退職に伴うリソース不足を補いたい」といったSESのご要望まで、課題やフェーズに応じて幅広く対応しています。

下期の開発計画を固める前の今なら、選択肢が広がります。ご興味があれば、このフォームにご返信ください。

株式会社Lei Hau'oli
（tel）050-5497-3411
（mail）ml.account-sales@leihauoli.com","368","84","86","85","92","合成","0","- モード: 合成 - 部品ごとの採用元: ①件名=replier ②宛名＋冒頭2行=replier ③課題提示=replier ④自社紹介＋USP=closer ⑤FAB+E＋実績=closer ⑥なぜ今=opener ⑦CTA=opener（replierの低ハードル思想を反映し「返信で可否を一言」に統合） ⑧署名=共通 - opener: 件名に課題仮説の固有ワードを詰め込み転送耐性は高いが","修正パス(2026-09-18)"
"2026-09-09T22:38:17+09:00","株式会社TYL","開発部","ご担当者","【0→1対応】求人媒体のUI改修とレガシー刷新、両立できていますか","開発部 ご担当者様

人材紹介・求人媒体など複数プロダクトを内製運営する貴社では、UI改修とレガシー刷新の並走が難しくなっていませんか。

私たち株式会社レイハウオリは、Web領域を中心に、ITリソースや専門人材が不足しているお客様を支援しています。
社内には、エンジニア・デザイナー・ディレクター・PMなど、各分野のエキスパートが在籍しています。
「何を作ればいいのかわからない」「IT周りをまとめて任せたい」といった0→1のご相談から、「社員の退職に伴うリソース不足を補いたい」といったSESのご要望まで、課題やフェーズに応じて幅広く対応しています。

年末の開発計画が固まる前の今、選択肢が広がります。

ご興味があればご返信ください。

株式会社Lei Hau'oli
（tel）050-5497-3411
（mail）ml.account-sales@leihauoli.com","378","77","82","82","89","合成","0","- モード: 合成 - 部品ごとの採用元: ①件名=replier（【】＋数字＋疑問形）＋opener（「求人媒体」の固有ワード） ②宛名＋冒頭=opener／closer（3プロダクト列挙） ③課題提示=replier（「並走しきれていない」の内心翻訳） ④自社紹介＋USP=closer ⑤FAB+E=closer＋opener（Benefit「コア機能に集中」） ⑥なぜ今=closer（年末の","修正パス(2026-09-18)"
"2026-09-09T22:37:19+09:00","株式会社セルシス","開発部","ご担当者","【複数プロダクト・大規模UI並走に】0→1から専門人材で負荷を平準化","開発部 ご担当者様

複数プロダクトの大規模UIを内製チームで抱えつつ、刷新と新機能開発を並走させると負荷が偏りがちです。

私たち株式会社レイハウオリは、Web領域を中心に、ITリソースや専門人材が不足しているお客様を支援しています。
社内には、エンジニア・デザイナー・ディレクター・PMなど、各分野のエキスパートが在籍しています。
「何を作ればいいのかわからない」「IT周りをまとめて任せたい」といった0→1のご相談から、「社員の退職に伴うリソース不足を補いたい」といったSESのご要望まで、課題やフェーズに応じて幅広く対応しています。

着手が遅れるほど機会損失が積み上がります。ご興味があれば、ご返信ください。

株式会社Lei Hau'oli
（tel）050-5497-3411
（mail）ml.account-sales@leihauoli.com","368","85","87","79","93","合成","0","- モード: 合成 - 部品ごとの採用元: ①件名=opener（末尾のみ短縮）②宛名＋冒頭2行=replier ③課題提示=replier ④自社紹介＋USP=closer＋opener（USP一言「フロントエンド特化で」を明示化）⑤FAB+E=closer ⑥なぜ今=opener ⑦CTA=replier ⑧署名=共通 - opener: 件名が「複数プロダクト・大規模UI・並走」と課題語を全","修正パス(2026-09-18)"
"2026-09-09T22:40:12+09:00","株式会社TENTIAL","開発部","ご担当者","【0→1相談も】管理画面のバックログ、下期前に崩しませんか","開発部 ご担当者様

管理画面のフロントエンド改修がバックログに滞留していないでしょうか。

私たち株式会社レイハウオリは、Web領域を中心に、ITリソースや専門人材が不足しているお客様を支援しています。
社内には、エンジニア・デザイナー・ディレクター・PMなど、各分野のエキスパートが在籍しています。
「何を作ればいいのかわからない」「IT周りをまとめて任せたい」といった0→1のご相談から、「社員の退職に伴うリソース不足を補いたい」といったSESのご要望まで、課題やフェーズに応じて幅広く対応しています。

下期が本格化する前に一部だけでも切り出しませんか。

ご興味があれば、このフォームにご返信ください。

株式会社Lei Hau'oli
（tel）050-5497-3411
（mail）ml.account-sales@leihauoli.com","363","85","87","79","91","合成","0","- モード: 合成 - 部品ごとの採用元: ①件名=replier ②宛名＋冒頭=replier ③課題提示=replier（表現を圧縮） ④自社紹介＋USP=replier＋opener（「フロントエンド特化」＋「約40名」） ⑤FAB+E＝opener（大規模BtoCの品質基準を持ち込む→バックログを止めず並走）＋closer（1名から参画の規模感） ⑥なぜ今=opener（積み上がるほど着手","修正パス(2026-09-18)"
"2026-09-09T22:39:57+09:00","FutureOne株式会社","開発部","ご担当者","【FutureOne様｜0→1からSESまで】UI改修とレガシー刷新、両立できていますか","開発部 ご担当者様

UI改修とレガシー刷新の並走で、フロントエンドのリソース不足を感じていないでしょうか。

私たち株式会社レイハウオリは、Web領域を中心に、ITリソースや専門人材が不足しているお客様を支援しています。
社内には、エンジニア・デザイナー・ディレクター・PMなど、各分野のエキスパートが在籍しています。
「何を作ればいいのかわからない」「IT周りをまとめて任せたい」といった0→1のご相談から、「社員の退職に伴うリソース不足を補いたい」といったSESのご要望まで、課題やフェーズに応じて幅広く対応しています。

下期は要望が重なりやすく、今の体制整備が鍵です。

ご興味があれば、ご返信ください。

株式会社Lei Hau'oli
（tel）050-5497-3411
（mail）ml.account-sales@leihauoli.com","364","73","83","87","92","合成","0","- モード: 合成 - 部品ごとの採用元: ①件名=closer（社名＋数字）×replier（問いかけ）のハイブリッド ②宛名＋冒頭2行=replier ③課題提示=replier ④自社紹介＋USP=closer ⑤FAB+E＋実績=closer ⑥なぜ今=closer（下期の要望集中）＋opener（採用に数か月） ⑦CTA=replier（「情報交換希望」だけの返信） ⑧署名=closer","修正パス(2026-09-18)"
"2026-09-09T22:42:00+09:00","株式会社RevComm","開発部","ご担当者","【15分で解決】複数プロダクト×大規模UIの開発リソース不足に","開発部 ご担当者様

複数プロダクトの大規模UIを内製で抱える御社では、フロントエンドの人手が不足しているのではないでしょうか。

私たち株式会社レイハウオリは、Web領域を中心に、ITリソースや専門人材が不足しているお客様を支援しています。
社内には、エンジニア・デザイナー・ディレクター・PMなど、各分野のエキスパートが在籍しています。
「何を作ればいいのかわからない」「IT周りをまとめて任せたい」といった0→1のご相談から、「社員の退職に伴うリソース不足を補いたい」といったSESのご要望まで、課題やフェーズに応じて幅広く対応しています。

下期の開発計画が固まる今こそ好機です。ご興味あれば返信ください。

株式会社Lei Hau'oli
（tel）050-5497-3411
（mail）ml.account-sales@leihauoli.com","366","80","82","79","89","合成","0","- モード: 合成 - 部品ごとの採用元: ①件名=opener（語順を入れ替えて短縮のみ） ②宛名＋冒頭=opener＋replier ③パーソナライズ／課題提示=replier ④自社紹介＋USP=opener ⑤FAB+E=opener ⑥なぜ今=replier ⑦CTA=replier ⑧署名=共通 - opener: 件名の固有ワード凝縮と冒頭の当て込みが最良。一方でCTAが「情報交換」","修正パス(2026-09-18)"
"2026-09-09T22:42:39+09:00","株式会社HRBrain","開発部","ご担当者","【0→1からSESまで】管理画面改修のバックログ、解消しませんか","開発部 ご担当者様

顧客要望で管理画面・ダッシュボードの機能追加が続き、フロントエンド改修がバックログに積み上がっていませんか。

私たち株式会社レイハウオリは、Web領域を中心に、ITリソースや専門人材が不足しているお客様を支援しています。
社内には、エンジニア・デザイナー・ディレクター・PMなど、各分野のエキスパートが在籍しています。
「何を作ればいいのかわからない」「IT周りをまとめて任せたい」といった0→1のご相談から、「社員の退職に伴うリソース不足を補いたい」といったSESのご要望まで、課題やフェーズに応じて幅広く対応しています。

来期の新機能開発前に体制を整えたいところです。

ご興味があれば、このフォームにご返信ください。

株式会社Lei Hau'oli
（tel）050-5497-3411
（mail）ml.account-sales@leihauoli.com","381","82","87","84","92","合成","0","- モード: 合成 - 部品ごとの採用元: ①件名=replier（closerの「1名から」を接合） ②宛名＋冒頭2行=replier ③課題提示=replier ④自社紹介＋USP=closer ⑤FAB+E＋実績=closer＋replier ⑥なぜ今=opener ⑦CTA=replier ⑧署名=opener/closer - opener: 強み＝件名の「SaaS/管理画面」「40名」","修正パス(2026-09-18)"
"2026-09-09T22:42:49+09:00","エムシーディースリー株式会社","開発部","ご担当者","【0→1からSESまで】UI改修と新機能開発、並走できていませんか","開発部 ご担当者様

複数プロダクトの大規模UIを内製チームで運営される中、UI改修や機能追加の対応に追われているのではないでしょうか。

私たち株式会社レイハウオリは、Web領域を中心に、ITリソースや専門人材が不足しているお客様を支援しています。
社内には、エンジニア・デザイナー・ディレクター・PMなど、各分野のエキスパートが在籍しています。
「何を作ればいいのかわからない」「IT周りをまとめて任せたい」といった0→1のご相談から、「社員の退職に伴うリソース不足を補いたい」といったSESのご要望まで、課題やフェーズに応じて幅広く対応しています。

下期の体制が固まる前の今、見直す余地があります。ご都合が良ければ、本メールにご返信ください。

株式会社Lei Hau'oli
（tel）050-5497-3411
（mail）ml.account-sales@leihauoli.com","384","81","87","86","93","合成","0","- モード: 合成 - 部品ごとの採用元: ①件名=opener（数字の具体性）＋replier（問いかけ型・短縮）の合成 ②宛名＋冒頭=closer（「複数プロダクトの大規模UI」）＋replier（担当者の口語に翻訳） ③課題提示=replier ④自社紹介＋USP=replier（2008年設立＋フロントエンド特化＋1名から） ⑤FAB+E=closer（負荷の高いプロダクトから体制→内製チ","修正パス(2026-09-18)"
"2026-09-09T22:43:22+09:00","LINE WORKS株式会社","開発部","ご担当者","【0→1のご相談も】複数プロダクト並走時のリソース不足を解消","開発部 ご担当者様

複数プロダクトが並走し、フロントエンドの負荷が積み上がっていないでしょうか。

私たち株式会社レイハウオリは、Web領域を中心に、ITリソースや専門人材が不足しているお客様を支援しています。
社内には、エンジニア・デザイナー・ディレクター・PMなど、各分野のエキスパートが在籍しています。
「何を作ればいいのかわからない」「IT周りをまとめて任せたい」といった0→1のご相談から、「社員の退職に伴うリソース不足を補いたい」といったSESのご要望まで、課題やフェーズに応じて幅広く対応しています。

着手が遅れるほどリリース遅延が積み重なります。

ご興味があればご返信ください。

株式会社Lei Hau'oli
（tel）050-5497-3411
（mail）ml.account-sales@leihauoli.com","357","74","80","84","89","合成","0","- モード: 合成 - 部品ごとの採用元: ①件名=closer（「約」を補い§4準拠に微修正） ②宛名＋冒頭2行=replier ③課題提示=replier ④自社紹介＋USP=closer＋opener（USP言い切り） ⑤FAB+E＝closer（実績列）＋opener（大規模BtoCの開発フロー・品質基準） ⑥なぜ今=closer（順番待ち・リリース遅延） ⑦CTA=replier（返信4","修正パス(2026-09-18)"
"2026-09-09T22:44:24+09:00","株式会社GENZ","開発部","ご担当者","【複数プロダクト運営×クライアント案件向け】15分で分かる人員不足解消のご提案","開発部 ご担当者様

複数プロダクトを内製チームで抱え、クライアント案件で人員が出しきれない場面はないでしょうか。

私たち株式会社レイハウオリは、Web領域を中心に、ITリソースや専門人材が不足しているお客様を支援しています。
社内には、エンジニア・デザイナー・ディレクター・PMなど、各分野のエキスパートが在籍しています。
「何を作ればいいのかわからない」「IT周りをまとめて任せたい」といった0→1のご相談から、「社員の退職に伴うリソース不足を補いたい」といったSESのご要望まで、課題やフェーズに応じて幅広く対応しています。

下期の新機能開発が動き出す今、着手の効果は大きくなります。

15分のオンラインでお話しできればと思います。

株式会社Lei Hau'oli
（tel）050-5497-3411
（mail）ml.account-sales@leihauoli.com","379","84","88","82","92","合成","0","- モード: 合成 - 部品ごとの採用元: ①件名=opener ②宛名＋冒頭2行=replier ③パーソナライズ／課題提示=replier ④自社紹介＋USP=closer ⑤FAB+E＋実績=closer ⑥なぜ今=replier ⑦CTA=closer（15分オンライン）＋opener（情報交換の言い回し） ⑧署名=共通 - opener: 件名に「複数プロダクト運営×クライアント案件」と","修正パス(2026-09-18)"
"2026-09-09T22:43:11+09:00","BASE株式会社","開発部","ご担当者","【0→1のご相談から】BASE様の複数プロダクト並走を止めないSES提案","開発部 ご担当者様

BASE様のように大規模BtoCサービスを内製運営されていると、開発の並走が常態化しやすいのではないでしょうか。

私たち株式会社レイハウオリは、Web領域を中心に、ITリソースや専門人材が不足しているお客様を支援しています。
社内には、エンジニア・デザイナー・ディレクター・PMなど、各分野のエキスパートが在籍しています。
「何を作ればいいのかわからない」「IT周りをまとめて任せたい」といった0→1のご相談から、「社員の退職に伴うリソース不足を補いたい」といったSESのご要望まで、課題やフェーズに応じて幅広く対応しています。

下期の計画を組む今、体制の目処が立たないと来期に先送りです。

ご興味があれば、本メールにご返信ください。

株式会社Lei Hau'oli
（tel）050-5497-3411
（mail）ml.account-sales@leihauoli.com","388","75","85","86","91","合成","0","- モード: 合成 - 部品ごとの採用元: ①件名=closer ②宛名＋冒頭=replier ③パーソナライズ／課題提示=replier ④自社紹介＋USP=closer ⑤FAB+E＋実績=closer ⑥なぜ今=replier ⑦CTA=replier＋closer（返信1本に統合し、15分は返信後の中身として従属化） ⑧署名=共通 - opener: 件名が課題ワード主体で汎用的に見え、社","修正パス(2026-09-18)"
"2026-09-09T22:46:41+09:00","株式会社トラストバンク","開発部","ご担当者","【複数プロダクト×大規模UI】刷新と新機能開発、0→1から並走支援","開発部 ご担当者様

複数プロダクトの内製開発と大規模UIの刷新を並走される中で、新機能の要望対応に追われていないでしょうか。

私たち株式会社レイハウオリは、Web領域を中心に、ITリソースや専門人材が不足しているお客様を支援しています。
社内には、エンジニア・デザイナー・ディレクター・PMなど、各分野のエキスパートが在籍しています。
「何を作ればいいのかわからない」「IT周りをまとめて任せたい」といった0→1のご相談から、「社員の退職に伴うリソース不足を補いたい」といったSESのご要望まで、課題やフェーズに応じて幅広く対応しています。

UI改修の滞留は機会損失に直結します。ご興味があればご返信ください。

株式会社Lei Hau'oli
（tel）050-5497-3411
（mail）ml.account-sales@leihauoli.com","367","84","80","77","90","合成","0","- モード: 合成 - 部品ごとの採用元: ①件名=opener ②宛名=共通 ③冒頭パーソナライズ／課題提示=replier ④自社紹介＋USP=closer（「9割」除去、USP文言はopener／§4準拠に整形） ⑤FAB+E＋実績=closer＋replier（美容予約サービス） ⑥なぜ今=closer（機会損失）＋replier（着任までの時間） ⑦CTA=replier（「詳細希望」4","修正パス(2026-09-18)"
"2026-09-09T22:46:07+09:00","株式会社コンカー","開発部","ご担当者","【複数プロダクト運営の開発部様へ】体制立て直しのご相談、15分でいかがでしょうか","開発部 ご担当者様

複数プロダクトの大規模UIを内製で抱えながら、レガシー刷新と新機能追加を同時に進めるのは大変ではないでしょうか。

私たち株式会社レイハウオリは、Web領域を中心に、ITリソースや専門人材が不足しているお客様を支援しています。
社内には、エンジニア・デザイナー・ディレクター・PMなど、各分野のエキスパートが在籍しています。
「何を作ればいいのかわからない」「IT周りをまとめて任せたい」といった0→1のご相談から、「社員の退職に伴うリソース不足を補いたい」といったSESのご要望まで、課題やフェーズに応じて幅広く対応しています。

下期は改修要望が増える時期です。

ご興味があれば、このフォームにご返信ください。

株式会社Lei Hau'oli
（tel）050-5497-3411
（mail）ml.account-sales@leihauoli.com","376","79","80","88","92","合成","0","- モード: 合成 - 部品ごとの採用元: ①件名=closer ②宛名＋冒頭2行=replier ③課題提示=replier ④自社紹介＋USP=closer ⑤FAB+E＋実績=closer ⑥なぜ今=closer ⑦CTA=closer（replierの「返信一本化」の思想を反映） ⑧署名=共通 - opener: 課題仮説の固有ワードを件名に全投入した点は強いが、件名が長く受信一覧で切れる","修正パス(2026-09-18)"
"2026-09-09T22:46:08+09:00","ポスタス株式会社","開発部","ご担当者","【SaaS管理画面の改修バックログ向け】15分のご相談で解消できませんか","開発部 ご担当者様

貴社ではSaaS/ASPの管理画面改修がバックログに積み上がっていませんか。

私たち株式会社レイハウオリは、Web領域を中心に、ITリソースや専門人材が不足しているお客様を支援しています。
社内には、エンジニア・デザイナー・ディレクター・PMなど、各分野のエキスパートが在籍しています。
「何を作ればいいのかわからない」「IT周りをまとめて任せたい」といった0→1のご相談から、「社員の退職に伴うリソース不足を補いたい」といったSESのご要望まで、課題やフェーズに応じて幅広く対応しています。

来期計画前の今なら、年度後半の遅延を防げます。

ご興味があれば、本メールにご返信ください。

株式会社Lei Hau'oli
（tel）050-5497-3411
（mail）ml.account-sales@leihauoli.com","363","83","81","84","94","合成","0","- モード: 合成 - 部品ごとの採用元: ①件名=opener ②宛名＋冒頭=opener ③パーソナライズ／課題提示=replier ④自社紹介＋USP=closer ⑤FAB+E＝closer（Evidenceは§4表現に戻して opener 由来の「参画」に修正） ⑥なぜ今=closer ⑦CTA=opener（返信1本／replier のハードル低減思想を踏襲） ⑧署名=opener -","修正パス(2026-09-18)"
"2026-09-09T22:53:45+09:00","株式会社CAMPFIRE","開発部","ご担当者","【複数プロダクト×レガシー刷新】0→1から増員まで伴走","開発部 ご担当者様

複数プロダクトの大規模UIを内製で抱え、レガシー刷新と新機能開発の並走で手が足りていないのではないでしょうか。

私たち株式会社レイハウオリは、Web領域を中心に、ITリソースや専門人材が不足しているお客様を支援しています。
社内には、エンジニア・デザイナー・ディレクター・PMなど、各分野のエキスパートが在籍しています。
「何を作ればいいのかわからない」「IT周りをまとめて任せたい」といった0→1のご相談から、「社員の退職に伴うリソース不足を補いたい」といったSESのご要望まで、課題やフェーズに応じて幅広く対応しています。

改修要望が積み上がる前の今なら、体制の選択肢が広がります。興味があれば、このフォームにご返信ください。

株式会社Lei Hau'oli
（tel）050-5497-3411
（mail）ml.account-sales@leihauoli.com","387","85","86","88","94","合成","0","- モード: 合成 - 部品ごとの採用元: ①件名=opener（固有ワード）＋replier（数字の見せ方）を圧縮 ②宛名＋冒頭2行=closer ③課題提示=closer ④自社紹介＋USP=closer（1文に圧縮） ⑤FAB+E＋実績=closer＋replier（「刷新は専任／内製は新機能」の役割分担） ⑥なぜ今=closer＋replier（「積み上がる前の今」＋「選択肢が広がる」） ","修正パス(2026-09-18)"
"2026-09-09T22:47:21+09:00","株式会社インフォマティクス","開発部","ご担当者","【0→1】UI改修とレガシー刷新の並走、増員のご相談","開発部 ご担当者様

レガシー刷新と新機能開発の並走で、フロントエンドの人手が不足していませんか。

私たち株式会社レイハウオリは、Web領域を中心に、ITリソースや専門人材が不足しているお客様を支援しています。
社内には、エンジニア・デザイナー・ディレクター・PMなど、各分野のエキスパートが在籍しています。
「何を作ればいいのかわからない」「IT周りをまとめて任せたい」といった0→1のご相談から、「社員の退職に伴うリソース不足を補いたい」といったSESのご要望まで、課題やフェーズに応じて幅広く対応しています。

繁忙期に入ってから探すと、リリース遅延が信用に響きます。ご興味があれば、このフォームにご返信ください。

株式会社Lei Hau'oli
（tel）050-5497-3411
（mail）ml.account-sales@leihauoli.com","370","81","88","83","91","合成","0","- モード: 合成 - 部品ごとの採用元: ①件名=replier ②宛名＋冒頭2行=closer ③課題提示=closer ④自社紹介＋USP=replier ⑤FAB+E＋実績=closer（Feature表現はreplier由来を圧縮） ⑥なぜ今=closer ⑦CTA=replier ⑧署名=共通 - opener: 冒頭の「複数プロダクト×レガシー刷新」当て込みは強いが、件名が約45字で","修正パス(2026-09-18)"
"2026-09-09T22:53:32+09:00","株式会社ビットキー","開発部","ご担当者","【管理画面改修】15分で切り出し範囲を整理しませんか","開発部 ご担当者様

管理画面の機能追加が続き、フロントエンドの改修がバックログに積み上がっていませんか。

私たち株式会社レイハウオリは、Web領域を中心に、ITリソースや専門人材が不足しているお客様を支援しています。
社内には、エンジニア・デザイナー・ディレクター・PMなど、各分野のエキスパートが在籍しています。
「何を作ればいいのかわからない」「IT周りをまとめて任せたい」といった0→1のご相談から、「社員の退職に伴うリソース不足を補いたい」といったSESのご要望まで、課題やフェーズに応じて幅広く対応しています。

改修は積み上げるほどコストが膨らみます。

ご興味があれば、このフォームにご返信ください。

株式会社Lei Hau'oli
（tel）050-5497-3411
（mail）ml.account-sales@leihauoli.com","366","80","80","84","89","合成","0","- モード: 合成 - 部品ごとの採用元: ①件名=closer（語順のみ短縮）②宛名＋冒頭2行=replier ③課題提示=replier ④自社紹介＋USP=closer ⑤FAB+E＋実績=closer＋replier（jQuery→React移行を追加）⑥なぜ今=closer/opener ⑦CTA=closer ⑧署名=共通 - opener: 件名に課題固有ワードと数字を両立させた開封","修正パス(2026-09-18)"
"2026-09-09T22:49:46+09:00","株式会社シーエスアイ","開発部","ご担当者","【体制強化】複数プロダクトの並走開発、15分で情報交換","開発部 ご担当者様

複数プロダクトの大規模UIを内製チームで抱え、繁忙期だけ人員が不足していませんか。

私たち株式会社レイハウオリは、Web領域を中心に、ITリソースや専門人材が不足しているお客様を支援しています。
社内には、エンジニア・デザイナー・ディレクター・PMなど、各分野のエキスパートが在籍しています。
「何を作ればいいのかわからない」「IT周りをまとめて任せたい」といった0→1のご相談から、「社員の退職に伴うリソース不足を補いたい」といったSESのご要望まで、課題やフェーズに応じて幅広く対応しています。

下期の繁忙期が見え始めた今、体制を整える好機です。

ご興味があれば、ご返信ください。

株式会社Lei Hau'oli
（tel）050-5497-3411
（mail）ml.account-sales@leihauoli.com","363","75","66","83","89","合成","0","- モード: 合成 - 部品ごとの採用元: ①件名=opener（課題ワード）＋closer（【】の簡潔さ）のハイブリッド ②宛名＋冒頭2行=closer ③課題提示=closer ④自社紹介＋USP=closer ⑤FAB+E＋実績=closer ⑥なぜ今=closer ⑦CTA=opener（15分情報交換）＋closer（返信で日程）／replierの「返信ハードル最小化」の思想のみ反映し決","修正パス(2026-09-18)"
"2026-09-09T22:47:13+09:00","株式会社カカオピッコマ","開発部","ご担当者","【0→1支援】書籍・コンテンツ配信のフロントエンド、15分で体制相談できます","開発部 ご担当者様

書籍・デジタルコンテンツ配信サービスで、UI改修と新機能追加が重なり、フロントエンドの内製リソースが不足していないでしょうか。

私たち株式会社レイハウオリは、Web領域を中心に、ITリソースや専門人材が不足しているお客様を支援しています。
社内には、エンジニア・デザイナー・ディレクター・PMなど、各分野のエキスパートが在籍しています。
「何を作ればいいのかわからない」「IT周りをまとめて任せたい」といった0→1のご相談から、「社員の退職に伴うリソース不足を補いたい」といったSESのご要望まで、課題やフェーズに応じて幅広く対応しています。

下期の本格化前に体制を組めるかで、リリース速度は変わります。

ご興味があれば、このフォームにご返信ください。

株式会社Lei Hau'oli
（tel）050-5497-3411
（mail）ml.account-sales@leihauoli.com","397","79","83","84","89","合成","0","- モード: 合成 - 部品ごとの採用元: ①件名=closer（事業ワード）＋replier（「1名から」）②宛名＋冒頭2行=closer ③課題提示=closer ④自社紹介＋USP=closer ⑤FAB+E＋実績=closer／replier ⑥なぜ今=replier ⑦CTA=closer（15分・役割分担整理）＋opener（返信で日程） ⑧署名=共通 - opener: 件名が事業ワ","修正パス(2026-09-18)"
"2026-09-09T22:54:16+09:00","株式会社ZEALS","開発部","ご担当者","【ZEALS様】複数プロダクトのUI刷新、15分で開発体制のご相談","開発部 ご担当者様

複数プロダクトの大規模UIを内製で抱え、刷新と新機能開発を並走されているかと存じます。

私たち株式会社レイハウオリは、Web領域を中心に、ITリソースや専門人材が不足しているお客様を支援しています。
社内には、エンジニア・デザイナー・ディレクター・PMなど、各分野のエキスパートが在籍しています。
「何を作ればいいのかわからない」「IT周りをまとめて任せたい」といった0→1のご相談から、「社員の退職に伴うリソース不足を補いたい」といったSESのご要望まで、課題やフェーズに応じて幅広く対応しています。

負荷は放置するほど蓄積します。

ご興味があれば、このフォームにご返信ください。

株式会社Lei Hau'oli
（tel）050-5497-3411
（mail）ml.account-sales@leihauoli.com","362","84","86","90","93","合成","0","- モード: 合成 - 部品ごとの採用元: ①件名=closer（【ZEALS様】＋40の社名直撃が最も開封力が高い、やや短縮） ②宛名＋冒頭2行=closer/opener（課題仮説を並走の因果で書いた closer の冒頭文を採用） ③パーソナライズ=replier/closer共通の課題仮説直撃文 ④自社紹介＋USP=closer（「フロントエンド専門のエンジニアだけで約40名」）＋open","修正パス(2026-09-18)"
"2026-09-09T22:53:56+09:00","株式会社NEFコミュニケーションズ","開発部","ご担当者","【15分】複数プロダクトのUI改修と新機能開発を並走させる体制","開発部 ご担当者様

愛知でWebサービスを運営される御社も、同様の状況ではないでしょうか。負荷が偏ったまま進めるほど、両プロジェクトの遅延リスクは積み上がります。

私たち株式会社レイハウオリは、Web領域を中心に、ITリソースや専門人材が不足しているお客様を支援しています。
社内には、エンジニア・デザイナー・ディレクター・PMなど、各分野のエキスパートが在籍しています。
「何を作ればいいのかわからない」「IT周りをまとめて任せたい」といった0→1のご相談から、「社員の退職に伴うリソース不足を補いたい」といったSESのご要望まで、課題やフェーズに応じて幅広く対応しています。

15分の情報交換を、ご返信で調整いただけますか。

株式会社Lei Hau'oli
（tel）050-5497-3411
（mail）ml.account-sales@leihauoli.com","376","71","83","84","90","合成","0","- モード: 合成 - 部品ごとの採用元: ①件名=closer ②宛名＋冒頭2行=replier ③パーソナライズ／課題提示=replier（冒頭）＋replier（愛知の一文） ④自社紹介＋USP=closer ⑤FAB+E＋実績=closer ⑥なぜ今=closer（並走による遅延リスク積み上げ） ⑦CTA=closer（15分）×replier（返信ハードル低減）の折衷 ⑧署名=close","修正パス(2026-09-18)"
"2026-09-09T22:57:22+09:00","株式会社ココナラ","開発部","ご担当者","【0→1からSESまで】UI刷新と新機能開発を止めない体制づくり","開発部 ご担当者様

複数プロダクトの大規模UIを内製で抱え、優先順位の調整に追われていませんか。

私たち株式会社レイハウオリは、Web領域を中心に、ITリソースや専門人材が不足しているお客様を支援しています。
社内には、エンジニア・デザイナー・ディレクター・PMなど、各分野のエキスパートが在籍しています。
「何を作ればいいのかわからない」「IT周りをまとめて任せたい」といった0→1のご相談から、「社員の退職に伴うリソース不足を補いたい」といったSESのご要望まで、課題やフェーズに応じて幅広く対応しています。

期末に向けUI改修要望は積み上がっています。ご興味があれば本メールにご返信ください。

株式会社Lei Hau'oli
（tel）050-5497-3411
（mail）ml.account-sales@leihauoli.com","361","84","78","83","91","合成","0","- モード: 合成 - 部品ごとの採用元: ①件名=closer（構造）＋replier（「1名から」の短さ）②宛名・冒頭=opener＋closer（「優先順位の調整」）③課題提示=opener ④自社紹介＋USP=closer ⑤FAB+E＋実績=closer＋opener（Benefit の3点）⑥なぜ今=replier ⑦CTA=replier（低ハードル返信）⑧署名=opener/clo","修正パス(2026-09-18)"
"2026-09-09T22:57:25+09:00","matsuri technologies株式会社","開発部","ご担当者","【不動産SaaS】管理画面のバックログ、15分の情報交換で解消","開発部 ご担当者様

不動産SaaSを複数展開され、管理画面の機能追加でフロントエンド改修がバックログ化していないでしょうか。

私たち株式会社レイハウオリは、Web領域を中心に、ITリソースや専門人材が不足しているお客様を支援しています。
社内には、エンジニア・デザイナー・ディレクター・PMなど、各分野のエキスパートが在籍しています。
「何を作ればいいのかわからない」「IT周りをまとめて任せたい」といった0→1のご相談から、「社員の退職に伴うリソース不足を補いたい」といったSESのご要望まで、課題やフェーズに応じて幅広く対応しています。

放置するほど改修コストが膨らみます。

このメールに返信で15分いただけますか。

株式会社Lei Hau'oli
（tel）050-5497-3411
（mail）ml.account-sales@leihauoli.com","371","84","85","89","93","合成","0","- モード: 合成 - 部品ごとの採用元: ①件名=closer ②宛名＋冒頭=opener/replier（不動産賃貸・仲介SaaS＋複数プロダクト） ③課題提示=replier（レガシー刷新と新機能開発の並走） ④自社紹介＋USP=closer ⑤FAB+E=closer＋replier（「内製チームは新機能開発に集中」） ⑥なぜ今=closer（放置＝改修コスト増→リリース速度） ⑦CTA=","修正パス(2026-09-18)"
"2026-09-09T22:54:50+09:00","株式会社日立ハイテク九州","情報システム部","ご担当者","【0→1からSESまで】レガシー刷新と新機能開発を並走支援","情報システム部 ご担当者様

製品情報サイトや顧客向けポータルのWeb化を進めたいが、社内にフロントエンド専任者がおらず、外注先ごとに品質がばらつく。

私たち株式会社レイハウオリは、Web領域を中心に、ITリソースや専門人材が不足しているお客様を支援しています。
社内には、エンジニア・デザイナー・ディレクター・PMなど、各分野のエキスパートが在籍しています。
「何を作ればいいのかわからない」「IT周りをまとめて任せたい」といった0→1のご相談から、「社員の退職に伴うリソース不足を補いたい」といったSESのご要望まで、課題やフェーズに応じて幅広く対応しています。

下期に向け新機能の比重が増える前に、優先順位を15分整理させてください。ご返信で日程調整いたします。

株式会社Lei Hau'oli
（tel）050-5497-3411
（mail）ml.account-sales@leihauoli.com","395","80","87","81","90","合成","0","- モード: 合成 - 部品ごとの採用元: ①件名=replier ②宛名＋冒頭=replier ③課題提示=replier（opener の「レガシー刷新と新機能開発の並走」語を維持） ④自社紹介＋USP=closer ⑤FAB+E＋実績=closer ⑥なぜ今=replier ⑦CTA=closer（返信ハードルは replier 寄りに緩和） ⑧署名=共通 - opener: 課題仮説の固有","修正パス(2026-09-18)"
"2026-09-10T03:35:01+09:00","コムチュアネットワーク株式会社","開発部","ご担当者","【複数プロダクト並走向け】0→1のご相談からSESまで対応","開発部 ご担当者様

複数プロダクトの内製開発と要員供給を同時に担うのは負荷が大きいのではないでしょうか。

私たち株式会社レイハウオリは、Web領域を中心に、ITリソースや専門人材が不足しているお客様を支援しています。
社内には、エンジニア・デザイナー・ディレクター・PMなど、各分野のエキスパートが在籍しています。
「何を作ればいいのかわからない」「IT周りをまとめて任せたい」といった0→1のご相談から、「社員の退職に伴うリソース不足を補いたい」といったSESのご要望まで、課題やフェーズに応じて幅広く対応しています。

下期の体制を固める前の今が動くタイミングです。

ご興味があれば、ご返信ください。

株式会社Lei Hau'oli
（tel）050-5497-3411
（mail）ml.account-sales@leihauoli.com","362","86","87","82","93","合成","0","- モード: 合成 - 部品ごとの採用元: ①件名=opener ②宛名＋冒頭2行=opener ③課題提示=opener（replierの言い回しで圧縮） ④自社紹介＋USP=closer ⑤FAB+E＋実績=closer ⑥なぜ今=closer（「下期の体制とアサインを固める前」） ⑦CTA=replier＋closer（「詳細希望」返信の低ハードル×15分の商談設計） ⑧署名=共通 - op","修正パス(2026-09-18)"
"2026-09-10T03:34:42+09:00","株式会社TWOSTONE&Sons","開発部","ご担当者","【複数プロダクト並走】フロントエンド不足、15分で解消のご相談","開発部 ご担当者様

複数のプロダクトを内製チームで抱え、フロントエンドの人手が足りない場面があるのではないでしょうか。

私たち株式会社レイハウオリは、Web領域を中心に、ITリソースや専門人材が不足しているお客様を支援しています。
社内には、エンジニア・デザイナー・ディレクター・PMなど、各分野のエキスパートが在籍しています。
「何を作ればいいのかわからない」「IT周りをまとめて任せたい」といった0→1のご相談から、「社員の退職に伴うリソース不足を補いたい」といったSESのご要望まで、課題やフェーズに応じて幅広く対応しています。

来期の体制計画に反映できるうちにご検討ください。ご興味があれば、ご返信ください。

株式会社Lei Hau'oli
（tel）050-5497-3411
（mail）ml.account-sales@leihauoli.com","370","82","85","85","91","合成","0","- モード: 合成 - 部品ごとの採用元: ①件名=replier（【1名〜】の短さ）＋opener（40名体制の数字）／②宛名＝共通、冒頭2行=replier／③パーソナライズ・課題提示=replier／④自社紹介＋USP=opener＋replier／⑤FAB+E＋実績=closer（中途採用を待たずに即戦力→並走維持→コア集中）／⑥なぜ今=closer「負荷は待っても軽くなりません」＋ope","修正パス(2026-09-18)"
"2026-09-10T03:35:26+09:00","株式会社コジマプロダクション","開発部","ご担当者","【ゲーム本体開発に集中】公式サイト・運営ツール改修も15分でご相談","開発部 ご担当者様

複数プロダクトのUI開発を内製で抱え、負荷平準化が難しいのではと拝察します。

私たち株式会社レイハウオリは、Web領域を中心に、ITリソースや専門人材が不足しているお客様を支援しています。
社内には、エンジニア・デザイナー・ディレクター・PMなど、各分野のエキスパートが在籍しています。
「何を作ればいいのかわからない」「IT周りをまとめて任せたい」といった0→1のご相談から、「社員の退職に伴うリソース不足を補いたい」といったSESのご要望まで、課題やフェーズに応じて幅広く対応しています。

負荷が積み上がるほど新機能の遅延リスクが高まります。ご興味があれば、ご返信ください。

株式会社Lei Hau'oli
（tel）050-5497-3411
（mail）ml.account-sales@leihauoli.com","361","83","77","87","93","合成","0","- モード: 合成 - 部品ごとの採用元: ①件名=opener（短縮）／②宛名＋冒頭2行=closer／③パーソナライズ＝replier・closer統合／④自社紹介＋USP=closer／⑤FAB+E=closer＋opener（「中途採用に数か月」）／⑥なぜ今=closer／⑦CTA=replier（6文字返信）＋closer（15分）／⑧署名=closer - opener: 件名が「相手","修正パス(2026-09-18)"
"2026-09-10T03:34:43+09:00","クラウドストライク合同会社","技術部","ご担当者","【複数プロダクトのUI刷新】15分でUI実装の負荷を解消","技術部 ご担当者様

セキュリティ専門のエンジニアが、管理コンソールやダッシュボードのUI実装まで抱えていませんか。

私たち株式会社レイハウオリは、Web領域を中心に、ITリソースや専門人材が不足しているお客様を支援しています。
社内には、エンジニア・デザイナー・ディレクター・PMなど、各分野のエキスパートが在籍しています。
「何を作ればいいのかわからない」「IT周りをまとめて任せたい」といった0→1のご相談から、「社員の退職に伴うリソース不足を補いたい」といったSESのご要望まで、課題やフェーズに応じて幅広く対応しています。

開発体制が固まる下期を前にした今、ご興味があれば、ご返信ください。

株式会社Lei Hau'oli
（tel）050-5497-3411
（mail）ml.account-sales@leihauoli.com","361","84","84","85","94","合成","0","- モード: 合成 - 部品ごとの採用元: ①件名=opener ②宛名＋冒頭課題提示=replier ③課題深掘り=replier ④自社紹介＋USP=closer ⑤FAB+E＋実績=closer（表現を§4準拠に修正）⑥なぜ今=closer ⑦CTA=replier（15分の目的を付与して契約力を補強）⑧署名=共通 - opener: 件名の「複数プロダクトのUI刷新」＋「40名体制」が最も","修正パス(2026-09-18)"
"2026-09-10T03:35:02+09:00","テックタッチ株式会社","開発部","ご担当者","【開発体制】UI刷新と新機能開発を止めずに並走、まずは15分相談","開発部 ご担当者様

複数プロダクトのUI改修と新機能要望が積み上がっていませんか。

私たち株式会社レイハウオリは、Web領域を中心に、ITリソースや専門人材が不足しているお客様を支援しています。
社内には、エンジニア・デザイナー・ディレクター・PMなど、各分野のエキスパートが在籍しています。
「何を作ればいいのかわからない」「IT周りをまとめて任せたい」といった0→1のご相談から、「社員の退職に伴うリソース不足を補いたい」といったSESのご要望まで、課題やフェーズに応じて幅広く対応しています。

採用には時間がかかり、その間も要望は積み上がります。

まずは15分、本メールへご返信ください。

株式会社Lei Hau'oli
（tel）050-5497-3411
（mail）ml.account-sales@leihauoli.com","358","75","87","78","91","選抜","0","- モード: 選抜（失格でない案が replier 1件のため、合成モードの条件を満たさない） - 部品ごとの採用元: replier案をベースに、失格案から「該当箇所を除去したうえで」最小限の部品のみ補正流用 ── ⑤Benefit「既存メンバーはコア機能に集中」＝closer由来、⑦CTA「15分」＝opener/closer由来。新しい主張は追加していない。 - opener: 件名の課題ワ","修正パス(2026-09-18)"
"2026-09-10T03:38:01+09:00","株式会社Edeyans","開発部","ご担当者","【ビル清掃・ハウス清掃サービス向け】複数プロダクトの開発負荷を15分でご相談","開発部 ご担当者様

複数プロダクトを運営される御社では、UI改修と新機能開発の負荷平準化が課題ではないでしょうか。

私たち株式会社レイハウオリは、Web領域を中心に、ITリソースや専門人材が不足しているお客様を支援しています。
社内には、エンジニア・デザイナー・ディレクター・PMなど、各分野のエキスパートが在籍しています。
「何を作ればいいのかわからない」「IT周りをまとめて任せたい」といった0→1のご相談から、「社員の退職に伴うリソース不足を補いたい」といったSESのご要望まで、課題やフェーズに応じて幅広く対応しています。

下期の改修需要が増える前の体制整備が重要です。

ご興味があれば、このフォームにご返信ください。

株式会社Lei Hau'oli
（tel）050-5497-3411
（mail）ml.account-sales@leihauoli.com","374","84","83","85","92","合成","0","- モード: 合成 - 部品ごとの採用元: ①件名=opener（【】に相手の事業ワード、数字40を後半に配置） ②宛名＝共通 ③冒頭パーソナライズ／課題提示=replier（1文で「複数プロダクト×並走×負荷平準化」を言い切る密度が最も高い） ④自社紹介＋USP=closer（USPを段落頭に前倒し） ⑤FAB+E＋実績=closer ⑥なぜ今=opener（「下期の改修要望が積み上がる前」＋リ","修正パス(2026-09-18)"
"2026-09-10T03:38:03+09:00","株式会社Mico","開発部","ご担当者","【SaaS管理画面のUI刷新向け】15分で改修バックログ解消をご提案","開発部 ご担当者様

SaaS管理画面の改修要望が積み上がり、内製チームの負荷分散にお悩みではないでしょうか。

私たち株式会社レイハウオリは、Web領域を中心に、ITリソースや専門人材が不足しているお客様を支援しています。
社内には、エンジニア・デザイナー・ディレクター・PMなど、各分野のエキスパートが在籍しています。
「何を作ればいいのかわからない」「IT周りをまとめて任せたい」といった0→1のご相談から、「社員の退職に伴うリソース不足を補いたい」といったSESのご要望まで、課題やフェーズに応じて幅広く対応しています。

改修は積み上がるほどコストが膨らみます。ご興味があれば、このフォームにご返信ください。

株式会社Lei Hau'oli
（tel）050-5497-3411
（mail）ml.account-sales@leihauoli.com","368","83","75","84","91","合成","0","- モード: 合成 - 部品ごとの採用元: ①件名=opener（課題ワード＋数字＋実績が同居し転送耐性が最も高い）／②宛名=共通 ③冒頭2行・課題提示=closer（「複数のSaaSプロダクト」「並走で負荷が平準化しにくい」が最も相手固有）／④自社紹介＝opener（2008年設立＋約40名）／USP一言=opener・replier系（「〜だけ」の断定は「特化の会社です」に緩和）／⑤FAB+E","修正パス(2026-09-18)"
"2026-09-10T03:38:13+09:00","株式会社クーリエ","開発部","ご担当者","【開発支援】クーリエ様の複数プロダクト並走を15分で相談","開発部 ご担当者様

UI改修と新機能開発を並走させながらレガシー刷新も進めると、工数調整に追われていないでしょうか。

私たち株式会社レイハウオリは、Web領域を中心に、ITリソースや専門人材が不足しているお客様を支援しています。
社内には、エンジニア・デザイナー・ディレクター・PMなど、各分野のエキスパートが在籍しています。
「何を作ればいいのかわからない」「IT周りをまとめて任せたい」といった0→1のご相談から、「社員の退職に伴うリソース不足を補いたい」といったSESのご要望まで、課題やフェーズに応じて幅広く対応しています。

下期のUI改修要望が増える前に、15分お話しできませんか。

ご興味があれば、ご返信ください。

株式会社Lei Hau'oli
（tel）050-5497-3411
（mail）ml.account-sales@leihauoli.com","374","82","87","82","92","合成","0","- モード: 合成 - 部品ごとの採用元: ①件名=replier（社名「クーリエ様」＋数字2種で最も宛先特定力が高い） ②宛名＋冒頭2行=replier ③パーソナライズ／課題提示=replier（「同じチームで並走→クライアント案件を断らざるを得ない」が課題仮説を最も忠実に言語化） ④自社紹介＋USP=opener＋closer（USPの言い切りはcloser、実績提示の簡潔さはopener）","修正パス(2026-09-18)"
"2026-09-10T03:38:34+09:00","ユニファ株式会社","開発部","ご担当者","【複数プロダクト・大規模UI向け】0→1の相談から専門人材の確保まで対応","開発部 ご担当者様

複数プロダクトの大規模UIを内製チームで抱えながら、レガシー刷新と新機能開発を並走させるのは、想像以上に負荷が偏ります。

私たち株式会社レイハウオリは、Web領域を中心に、ITリソースや専門人材が不足しているお客様を支援しています。
社内には、エンジニア・デザイナー・ディレクター・PMなど、各分野のエキスパートが在籍しています。
「何を作ればいいのかわからない」「IT周りをまとめて任せたい」といった0→1のご相談から、「社員の退職に伴うリソース不足を補いたい」といったSESのご要望まで、課題やフェーズに応じて幅広く対応しています。

年末に向けた開発計画の見直し時期かと存じます。

ご興味があれば、ご返信ください。

株式会社Lei Hau'oli
（tel）050-5497-3411
（mail）ml.account-sales@leihauoli.com","380","85","78","86","91","合成","0","- モード: 合成 - 部品ごとの採用元: ①件名=opener（「専任」→§4準拠で「専門」に統一）②宛名＋冒頭2行=closer ③パーソナライズ／課題提示=closer ④自社紹介＋USP=closer ⑤FAB+E＋実績=closer＋opener（「大規模BtoCの開発フロー」をopenerのAdvantage文脈から接続）⑥なぜ今=opener（「年末に向けた開発計画の見直し時期」）＋","修正パス(2026-09-18)"
"2026-09-10T03:39:05+09:00","株式会社SQUEEZE","開発部","ご担当者","【0→1】複数プロダクトのUI改修、内製だけで抱えていませんか","開発部 ご担当者様

複数プロダクトを内製で運営される御社では、UI改修の負荷が積み上がっているのではないでしょうか。

私たち株式会社レイハウオリは、Web領域を中心に、ITリソースや専門人材が不足しているお客様を支援しています。
社内には、エンジニア・デザイナー・ディレクター・PMなど、各分野のエキスパートが在籍しています。
「何を作ればいいのかわからない」「IT周りをまとめて任せたい」といった0→1のご相談から、「社員の退職に伴うリソース不足を補いたい」といったSESのご要望まで、課題やフェーズに応じて幅広く対応しています。

年内に体制を組めるかで来期の開発スピードが変わります。

ご興味があれば、このフォームにご返信ください。

株式会社Lei Hau'oli
（tel）050-5497-3411
（mail）ml.account-sales@leihauoli.com","379","82","81","84","87","合成","0","- モード: 合成 - 部品ごとの採用元: ①件名=replier（数字を「約40名」に修正）②宛名＋冒頭=replier ③課題提示=replier ④自社紹介＋USP=closer ⑤FAB+E＋実績=closer ⑥なぜ今=closer＋replier ⑦CTA=closer（replierの「まずは現状を伺うだけ」でハードルを下げる）⑧署名=共通 - opener: 課題仮説の語をそのまま","修正パス(2026-09-18)"
"2026-09-10T03:41:02+09:00","株式会社Hacobu","開発部","ご担当者","【0→1相談OK】複数プロダクト並走の開発部様へ、15分で相談","開発部 ご担当者様

複数プロダクトを内製で並走させる中、フロントエンドの手が足りず開発が止まる場面があるのではないでしょうか。

私たち株式会社レイハウオリは、Web領域を中心に、ITリソースや専門人材が不足しているお客様を支援しています。
社内には、エンジニア・デザイナー・ディレクター・PMなど、各分野のエキスパートが在籍しています。
「何を作ればいいのかわからない」「IT周りをまとめて任せたい」といった0→1のご相談から、「社員の退職に伴うリソース不足を補いたい」といったSESのご要望まで、課題やフェーズに応じて幅広く対応しています。

並走が長引くほど改修は積み残ります。ご興味があれば、ご返信ください。

株式会社Lei Hau'oli
（tel）050-5497-3411
（mail）ml.account-sales@leihauoli.com","368","82","86","85","91","合成","0","- モード: 合成 - 部品ごとの採用元: ①件名=opener（固有ワード）＋closer（40名・1名の数字）を短縮合成 ②宛名＋冒頭2行=replier ③パーソナライズ／課題提示=replier ④自社紹介＋USP=closer ⑤FAB+E＋実績=closer ⑥なぜ今=closer（放置コスト）＋opener（採用に数か月）⑦CTA=opener／closer（15分＋返信一本）⑧署名","修正パス(2026-09-18)"
"2026-09-10T03:41:10+09:00","株式会社TableCheck","開発部","ご担当者","【0→1からSESまで】複数プロダクト並走の御社へ、繁忙期だけの増員という選択","開発部 ご担当者様

複数プロダクトの大規模UIを内製チームで抱え、フロントエンドの手が慢性的に不足していませんか。

私たち株式会社レイハウオリは、Web領域を中心に、ITリソースや専門人材が不足しているお客様を支援しています。
社内には、エンジニア・デザイナー・ディレクター・PMなど、各分野のエキスパートが在籍しています。
「何を作ればいいのかわからない」「IT周りをまとめて任せたい」といった0→1のご相談から、「社員の退職に伴うリソース不足を補いたい」といったSESのご要望まで、課題やフェーズに応じて幅広く対応しています。

繁忙期の体制は年内に固めたい時期です。増員時期を返信でお知らせください。

株式会社Lei Hau'oli
（tel）050-5497-3411
（mail）ml.account-sales@leihauoli.com","364","82","84","82","91","合成","0","- モード: 合成 - 部品ごとの採用元: ①件名=closer（opener案は45字で受信箱表示が切れる。closer案は【】＋1名＋「複数プロダクト並走の御社へ」で簡潔かつ宛先特定性が高い） ②宛名＋冒頭2行=replier ③課題提示=replier ④自社紹介＋USP=closer（USP一言の言い切り）＋opener／replierの実績 ⑤FAB+E=closer ⑥なぜ今=clos","修正パス(2026-09-18)"
"2026-09-10T03:41:25+09:00","PRONI株式会社","開発部","ご担当者","【複数プロダクト運営向け】0→1からSESまで、開発体制のご相談","開発部 ご担当者様

複数プロダクトの大規模UIを内製で抱え、フロントエンドの体制が不足しているのではないでしょうか。

私たち株式会社レイハウオリは、Web領域を中心に、ITリソースや専門人材が不足しているお客様を支援しています。
社内には、エンジニア・デザイナー・ディレクター・PMなど、各分野のエキスパートが在籍しています。
「何を作ればいいのかわからない」「IT周りをまとめて任せたい」といった0→1のご相談から、「社員の退職に伴うリソース不足を補いたい」といったSESのご要望まで、課題やフェーズに応じて幅広く対応しています。

下期の体制を組み直す好機です。

ご興味があれば、このフォームにご返信ください。

株式会社Lei Hau'oli
（tel）050-5497-3411
（mail）ml.account-sales@leihauoli.com","367","83","83","81","92","合成","0","- モード: 合成 - 部品ごとの採用元: ①件名=opener（「常駐可」→「参画可」に微修正） ②宛名＋冒頭=opener＋replier（replierの「クライアント案件で要員を出せない」をopenerの導入に合流） ③課題提示=opener ④自社紹介＋USP=closer（USPを冒頭に前出しする構成） ⑤FAB+E=closer（Feature約40名／Advantage中途採用不要","修正パス(2026-09-18)"
"2026-09-10T03:43:33+09:00","UiPath株式会社","開発部","ご担当者","【通信教育サービス向け】15分でフロント増員の進め方を整理","開発部 ご担当者様

貴社の通信教育サービスでは、UI改修と刷新が重なり、フロントエンドの人手が不足しているのではないでしょうか。

私たち株式会社レイハウオリは、Web領域を中心に、ITリソースや専門人材が不足しているお客様を支援しています。
社内には、エンジニア・デザイナー・ディレクター・PMなど、各分野のエキスパートが在籍しています。
「何を作ればいいのかわからない」「IT周りをまとめて任せたい」といった0→1のご相談から、「社員の退職に伴うリソース不足を補いたい」といったSESのご要望まで、課題やフェーズに応じて幅広く対応しています。

並走させたまま人を増やせなければ、遅れは積み重なります。ご興味があれば本フォームにご返信ください。

株式会社Lei Hau'oli
（tel）050-5497-3411
（mail）ml.account-sales@leihauoli.com","384","84","84","85","91","合成","0","- モード: 合成 - 部品ごとの採用元: ①件名=opener（固有ワード「通信教育」＋数字）を closer の「1名から常駐可能」で圧縮 ②宛名＋冒頭2行=replier ③課題提示=replier ④自社紹介＋USP=closer ⑤FAB+E＝closer ⑥なぜ今=replier ⑦CTA=closer（「方針をお決めの方」限定は字数と返信ハードルの兼ね合いで除去）⑧署名=replie","修正パス(2026-09-18)"
"2026-09-10T03:41:54+09:00","REGAIN GROUP株式会社","開発部","ご担当者","【複数プロダクト×UI改修向け】0→1からSESまで対応する専門人材支援","開発部 ご担当者様

複数プロダクトのUI改修と新機能開発を内製チームで並走させる中、レガシー刷新が後回しになっていませんか。

私たち株式会社レイハウオリは、Web領域を中心に、ITリソースや専門人材が不足しているお客様を支援しています。
社内には、エンジニア・デザイナー・ディレクター・PMなど、各分野のエキスパートが在籍しています。
「何を作ればいいのかわからない」「IT周りをまとめて任せたい」といった0→1のご相談から、「社員の退職に伴うリソース不足を補いたい」といったSESのご要望まで、課題やフェーズに応じて幅広く対応しています。

今期着手できるかで来期の余力が変わります。

15分のオンライン相談にご返信ください。

株式会社Lei Hau'oli
（tel）050-5497-3411
（mail）ml.account-sales@leihauoli.com","374","83","81","80","90","合成","0","- モード: 合成 - 部品ごとの採用元: ①件名=opener ②宛名＋冒頭=opener ③課題提示=replier（「レガシー刷新が後回し」の一句） ④自社紹介＋USP=opener（USP文）／closer（設立・体制） ⑤FAB+E=closer ⑥なぜ今=replier ⑦CTA=closer（15分）＋replier（返信一本化） ⑧署名=共通 - opener: 件名の「複数プロダ","修正パス(2026-09-18)"
"2026-09-10T03:43:58+09:00","株式会社Linc’well","開発部","ご担当者","【医療SaaS・複数プロダクト向け】管理画面フロント改修、0→1から伴走支援","開発部 ご担当者様

複数プロダクトの管理画面改修が積み残しになっていないでしょうか。

私たち株式会社レイハウオリは、Web領域を中心に、ITリソースや専門人材が不足しているお客様を支援しています。
社内には、エンジニア・デザイナー・ディレクター・PMなど、各分野のエキスパートが在籍しています。
「何を作ればいいのかわからない」「IT周りをまとめて任せたい」といった0→1のご相談から、「社員の退職に伴うリソース不足を補いたい」といったSESのご要望まで、課題やフェーズに応じて幅広く対応しています。

バックログは積み上がるほど改修範囲も工数も膨らみます。

ご興味があれば、ご返信ください。

株式会社Lei Hau'oli
（tel）050-5497-3411
（mail）ml.account-sales@leihauoli.com","356","86","87","83","94","合成","0","- モード: 合成 - 部品ごとの採用元: ①件名=opener ②宛名＋冒頭=replier ③課題提示=replier ④自社紹介＋USP=closer ⑤FAB+E＋実績=closer（replierの「管理画面開発にも参画」を接合） ⑥なぜ今=closer＋opener ⑦CTA=replier（15分を接続して契約力を補強） ⑧署名=closer - opener: 件名に「医療SaaS","修正パス(2026-09-18)"
"2026-09-10T03:41:27+09:00","株式会社Techouse","開発部","ご担当者","【15分で相談可】複数プロダクトの負荷分散をご検討ください","開発部 ご担当者様

複数プロダクトの開発を内製で回しながらレガシー刷新も並走されているかと拝察します。

私たち株式会社レイハウオリは、Web領域を中心に、ITリソースや専門人材が不足しているお客様を支援しています。
社内には、エンジニア・デザイナー・ディレクター・PMなど、各分野のエキスパートが在籍しています。
「何を作ればいいのかわからない」「IT周りをまとめて任せたい」といった0→1のご相談から、「社員の退職に伴うリソース不足を補いたい」といったSESのご要望まで、課題やフェーズに応じて幅広く対応しています。

改修要望が積み上がる前にご検討ください。ご興味があれば、このフォームにご返信ください。

株式会社Lei Hau'oli
（tel）050-5497-3411
（mail）ml.account-sales@leihauoli.com","365","81","86","80","91","合成","0","- モード: 合成 - 部品ごとの採用元: ①件名=replier ②宛名＋冒頭2行=replier ③パーソナライズ／課題提示=replier ④自社紹介＋USP=closer ⑤FAB+E＋実績=closer ⑥なぜ今=closer（数字を伴わない形に調整）⑦CTA=replier（低ハードル返信）＋closer（15分情報交換）を1アクションに統合 ⑧署名=opener - opener: ","修正パス(2026-09-18)"
"2026-09-10T03:44:10+09:00","Datadog Japan合同会社","開発部","ご担当者","【複数プロダクトのUI改修】1通の返信で開発体制を強化","開発部 ご担当者様

複数プロダクトのUI改修と新機能開発を内製のみで回すのは、負荷が大きい構造だと感じています。

私たち株式会社レイハウオリは、Web領域を中心に、ITリソースや専門人材が不足しているお客様を支援しています。
社内には、エンジニア・デザイナー・ディレクター・PMなど、各分野のエキスパートが在籍しています。
「何を作ればいいのかわからない」「IT周りをまとめて任せたい」といった0→1のご相談から、「社員の退職に伴うリソース不足を補いたい」といったSESのご要望まで、課題やフェーズに応じて幅広く対応しています。

下期の開発計画を固める今、体制強化のご検討をおすすめします。

ご興味があれば、このフォームにご返信ください。

株式会社Lei Hau'oli
（tel）050-5497-3411
（mail）ml.account-sales@leihauoli.com","380","84","84","80","91","合成","0","- モード: 合成 - 部品ごとの採用元: ①件名=opener ②宛名＝共通 ③冒頭パーソナライズ／課題提示=replier ④自社紹介＋USP=closer（USP文）＋replier ⑤FAB+E＋実績=closer（Benefit「リリースを止めない／コア機能に集中」）＋opener/replier（美容予約サービス） ⑥なぜ今=replier（下期計画の時間軸） ⑦CTA=replier","修正パス(2026-09-18)"
"2026-09-10T03:49:11+09:00","株式会社Schoo","開発部","ご担当者","【0→1支援】管理画面のフロントエンド改修、バックログ解消をご支援","開発部 ご担当者様

管理画面の改修がバックログに積み上がっていませんか。

私たち株式会社レイハウオリは、Web領域を中心に、ITリソースや専門人材が不足しているお客様を支援しています。
社内には、エンジニア・デザイナー・ディレクター・PMなど、各分野のエキスパートが在籍しています。
「何を作ればいいのかわからない」「IT周りをまとめて任せたい」といった0→1のご相談から、「社員の退職に伴うリソース不足を補いたい」といったSESのご要望まで、課題やフェーズに応じて幅広く対応しています。

バックログが続くと新機能開発の遅れにつながります。

ご興味があれば、このフォームにご返信ください。

株式会社Lei Hau'oli
（tel）050-5497-3411
（mail）ml.account-sales@leihauoli.com","355","75","86","83","91","合成","0","- モード: 合成 - 部品ごとの採用元: ①件名=replier（+closer の「1名から」を追加） ②宛名＋冒頭2行=replier ③パーソナライズ／課題提示=replier ④自社紹介＋USP=closer ⑤FAB+E＋実績=closer（+opener の「開発フローを持ち込める」） ⑥なぜ今=replier ⑦CTA=replier ⑧署名=共通 - opener: 冒頭の課題再","修正パス(2026-09-18)"
"2026-09-10T03:50:09+09:00","株式会社BeeX","開発部","ご担当者","【開発部向け】0→1のご相談から体制強化まで、UI改修負荷を分散","開発部 ご担当者様

複数プロダクトのUI改修とレガシー刷新を同時に回す負荷は出ていませんか。

私たち株式会社レイハウオリは、Web領域を中心に、ITリソースや専門人材が不足しているお客様を支援しています。
社内には、エンジニア・デザイナー・ディレクター・PMなど、各分野のエキスパートが在籍しています。
「何を作ればいいのかわからない」「IT周りをまとめて任せたい」といった0→1のご相談から、「社員の退職に伴うリソース不足を補いたい」といったSESのご要望まで、課題やフェーズに応じて幅広く対応しています。

下期の計画確定前に体制を整えることが重要です。

ご興味があれば、ご返信ください。

株式会社Lei Hau'oli
（tel）050-5497-3411
（mail）ml.account-sales@leihauoli.com","356","84","87","82","92","合成","0","- モード: 合成 - 部品ごとの採用元: ①件名=opener ②宛名=共通 ③冒頭・課題提示=replier ④名乗り＝opener＋Feature=closer ⑤FAB+E=closer ⑥なぜ今=replier ⑦CTA=replier ⑧署名=共通 - opener: 件名の「開発部向け」＋数字＋課題ワードが最も転送されやすく、名乗りも明示。一方「今こそ好機です」は不急の壁を潰す根拠が","修正パス(2026-09-18)"
"2026-09-10T03:44:56+09:00","サイバーリーズン合同会社","技術部","ご担当者","【15分診断】管理コンソールUI開発、体制構築のご相談","技術部 ご担当者様

貴社の管理コンソールやダッシュボードのUI開発を、セキュリティ専門のエンジニアが兼務していませんか。

私たち株式会社レイハウオリは、Web領域を中心に、ITリソースや専門人材が不足しているお客様を支援しています。
社内には、エンジニア・デザイナー・ディレクター・PMなど、各分野のエキスパートが在籍しています。
「何を作ればいいのかわからない」「IT周りをまとめて任せたい」といった0→1のご相談から、「社員の退職に伴うリソース不足を補いたい」といったSESのご要望まで、課題やフェーズに応じて幅広く対応しています。

下期の体制を今組めるかで、年明けの負荷は変わります。15分だけお時間いただけませんか。

株式会社Lei Hau'oli
（tel）050-5497-3411
（mail）ml.account-sales@leihauoli.com","374","84","86","88","93","合成","0","- モード: 合成 - 部品ごとの採用元: ①件名=closer（「専任」→「専門」に微修正） ②宛名＋冒頭2行=opener ③課題提示=opener＋closer（クライアント案件の要員不足を1文で追加） ④自社紹介＋USP=replier ⑤FAB+E＝closer ⑥なぜ今=replier ⑦CTA=opener/closer（15分＋返信の一本化） ⑧署名=共通 - opener: 冒頭","修正パス(2026-09-18)"
"2026-09-10T03:45:59+09:00","EGテスティングサービス株式会社","開発部","ご担当者","【複数プロダクト並走の負荷】に、0→1からSESまで幅広く対応","開発部 ご担当者様

複数プロダクトの大規模UIを内製チームで抱え、UI改修要望と新機能開発が同時に押し寄せる状況ではないでしょうか。

私たち株式会社レイハウオリは、Web領域を中心に、ITリソースや専門人材が不足しているお客様を支援しています。
社内には、エンジニア・デザイナー・ディレクター・PMなど、各分野のエキスパートが在籍しています。
「何を作ればいいのかわからない」「IT周りをまとめて任せたい」といった0→1のご相談から、「社員の退職に伴うリソース不足を補いたい」といったSESのご要望まで、課題やフェーズに応じて幅広く対応しています。

後回しにするほど、技術的負債は積み上がります。貴社の開発体制と増員余地を、15分のオンライン情報交換で整理させてください。

株式会社Lei Hau'oli
（tel）050-5497-3411
（mail）ml.account-sales@leihauoli.com","398","83","86","76","89","合成","0","- モード: 合成 - 部品ごとの採用元: ①件名=closer骨格＋opener/replierの数字（合成） ②宛名＋冒頭=opener ③パーソナライズ／課題提示=replier ④自社紹介＋USP=closer ⑤FAB+E＋実績=closer＋replier（中途採用リードタイム） ⑥なぜ今=closer ⑦CTA=closer ⑧署名=opener - opener: 課題仮説の固有ワ","修正パス(2026-09-18)"
"2026-09-10T03:50:11+09:00","福井コンピュータアーキテクト株式会社","開発部","ご担当者","【0→1】建築系ソフトとWebサービス、UI刷新と新機能開発の並走支援","開発部 ご担当者様

建築系ソフトとWebサービスを並行運営される貴社は、UI刷新と新機能開発を同じチームで抱えていませんか。

私たち株式会社レイハウオリは、Web領域を中心に、ITリソースや専門人材が不足しているお客様を支援しています。
社内には、エンジニア・デザイナー・ディレクター・PMなど、各分野のエキスパートが在籍しています。
「何を作ればいいのかわからない」「IT周りをまとめて任せたい」といった0→1のご相談から、「社員の退職に伴うリソース不足を補いたい」といったSESのご要望まで、課題やフェーズに応じて幅広く対応しています。

下期の計画が固まる今、体制決定が急務です。ご興味があれば、このフォームにご返信ください。

株式会社Lei Hau'oli
（tel）050-5497-3411
（mail）ml.account-sales@leihauoli.com","377","76","85","76","90","合成","0","- モード: 合成 - 部品ごとの採用元: ①件名=replier（openerの固有ワードを圧縮して移植） ②冒頭2行=replier ③課題提示=replier ④自社紹介＝closer＋opener ⑤USP・FAB+E=closer ⑥なぜ今=replier ⑦不適潰し=replier ⑧CTA=replier ⑨署名=opener/closer - opener: 課題仮説の固有ワードを","修正パス(2026-09-18)"
"2026-09-10T03:52:40+09:00","Rapyuta Robotics株式会社","開発部","ご担当者","【複数プロダクト内製開発向け】まずは15分で体制のご相談を","開発部 ご担当者様

複数プロダクトのUI改修や機能追加でフロントエンド開発リソースが不足していませんか。

私たち株式会社レイハウオリは、Web領域を中心に、ITリソースや専門人材が不足しているお客様を支援しています。
社内には、エンジニア・デザイナー・ディレクター・PMなど、各分野のエキスパートが在籍しています。
「何を作ればいいのかわからない」「IT周りをまとめて任せたい」といった0→1のご相談から、「社員の退職に伴うリソース不足を補いたい」といったSESのご要望まで、課題やフェーズに応じて幅広く対応しています。

下期の開発計画が固まる前の今が体制検討の好機です。

ご興味があれば本フォームにご返信ください。

株式会社Lei Hau'oli
（tel）050-5497-3411
（mail）ml.account-sales@leihauoli.com","369","77","76","73","81","選抜","0","- モード: 選抜（失格でない案が opener 1つのみのため、合成モードから切替） - 部品ごとの採用元: 全部品 opener。④自社紹介の USP 表現のみ、§4「USP一言」の語（フロントエンド特化／1名からチーム単位）に置換する最小限の手直しを実施。 - opener: 件名に「複数プロダクト」「40名から1名」を置き、冒頭2行が課題仮説そのままで自社宛てと即断できる。弱みは USP ","修正パス(2026-09-18)"
"2026-09-10T03:51:23+09:00","株式会社PLAY","開発部","ご担当者","【0→1支援】PLAY様のレガシー刷新と新機能開発を15分でご相談","開発部 ご担当者様

複数プロダクトを自社運営される御社では、フロントエンドの手が足りない場面もあるのではないでしょうか。

私たち株式会社レイハウオリは、Web領域を中心に、ITリソースや専門人材が不足しているお客様を支援しています。
社内には、エンジニア・デザイナー・ディレクター・PMなど、各分野のエキスパートが在籍しています。
「何を作ればいいのかわからない」「IT周りをまとめて任せたい」といった0→1のご相談から、「社員の退職に伴うリソース不足を補いたい」といったSESのご要望まで、課題やフェーズに応じて幅広く対応しています。

下期の開発計画を固める時期かと存じます。ご興味があれば、本メールへご返信ください。

株式会社Lei Hau'oli
（tel）050-5497-3411
（mail）ml.account-sales@leihauoli.com","372","81","85","87","92","合成","0","- モード: 合成 - 部品ごとの採用元: ①件名=closer（社名入り＋40名＋1名からで自社宛て性と規模訴求が最強） ②宛名＝共通 ③冒頭・課題提示=replier（事業内容3要素＋「クライアント案件で供給しきれない」まで踏み込み、社名を伏せても自社宛てと分かる） ④自社紹介＋USP=closer（「大手BtoC直請け経験×フロントエンド特化×1名からチーム単位」を一文で言い切り） ⑤FAB","修正パス(2026-09-18)"
"2026-09-10T03:52:03+09:00","株式会社スリーシェイク","開発部","ご担当者","【複数プロダクト・レガシーUI刷新向け】15分で開発リソース不足のご相談を","開発部 ご担当者様

複数プロダクトの開発とレガシーUI刷新を同時に進める中、開発リソースが不足していませんか。

私たち株式会社レイハウオリは、Web領域を中心に、ITリソースや専門人材が不足しているお客様を支援しています。
社内には、エンジニア・デザイナー・ディレクター・PMなど、各分野のエキスパートが在籍しています。
「何を作ればいいのかわからない」「IT周りをまとめて任せたい」といった0→1のご相談から、「社員の退職に伴うリソース不足を補いたい」といったSESのご要望まで、課題やフェーズに応じて幅広く対応しています。

着手が早いほど選択肢が残ります。15分程度で現状をお伺いできますか。

株式会社Lei Hau'oli
（tel）050-5497-3411
（mail）ml.account-sales@leihauoli.com","360","82","86","80","91","合成","0","- モード: 合成（opener × replier の2案。closer は A3 失格のため素材からも除外） - 部品ごとの採用元: ①件名=opener（冗長部のみ短縮） ②宛名＋冒頭2行=replier ③パーソナライズ／課題提示=replier ④自社紹介＋USP=replier＋opener（「2008年設立」「React/Vue.js/Next.js」） ⑤FAB+E=opener（","修正パス(2026-09-18)"
"2026-09-10T03:51:02+09:00","株式会社チェンジ","開発部","ご担当者","【開発リソース不足】UI改修と新機能開発の並走負荷を15分で解消","開発部 ご担当者様

貴社では複数プロダクトのUI改修・新機能開発が並走し、フロントエンドのリソースが不足していませんか。

私たち株式会社レイハウオリは、Web領域を中心に、ITリソースや専門人材が不足しているお客様を支援しています。
社内には、エンジニア・デザイナー・ディレクター・PMなど、各分野のエキスパートが在籍しています。
「何を作ればいいのかわからない」「IT周りをまとめて任せたい」といった0→1のご相談から、「社員の退職に伴うリソース不足を補いたい」といったSESのご要望まで、課題やフェーズに応じて幅広く対応しています。

負荷の偏りは放置するほど納期に響きます。15分の情報交換にご返信ください。

株式会社Lei Hau'oli
（tel）050-5497-3411
（mail）ml.account-sales@leihauoli.com","368","73","74","85","85","選抜","1","- モード: 選抜（絶対条件を満たす案が closer 1件のみのため、合成モードは適用不可。失格2案は素材からも除外） - 部品ごとの採用元: 全部品 closer（①〜⑧） - 各案の強み・弱み - opener: 件名に「複数プロダクト×レガシー刷新向け」と課題語を積み、開封力は3案最高。ただし宛名形式を崩し絶対条件で自滅。「年度後半のリリース集中」も §4 外の一般論寄り。 - repli","修正パス(2026-09-18)"
"2026-09-10T03:52:50+09:00","アソビュー株式会社","開発部","ご担当者","【開発体制のご相談】レガシー刷新と新機能開発を止めない体制を15分で整理","開発部 ご担当者様

複数プロダクトのUI改修とレガシー刷新が重なり、開発チームの負荷が高まっていませんか。

私たち株式会社レイハウオリは、Web領域を中心に、ITリソースや専門人材が不足しているお客様を支援しています。
社内には、エンジニア・デザイナー・ディレクター・PMなど、各分野のエキスパートが在籍しています。
「何を作ればいいのかわからない」「IT周りをまとめて任せたい」といった0→1のご相談から、「社員の退職に伴うリソース不足を補いたい」といったSESのご要望まで、課題やフェーズに応じて幅広く対応しています。

要望が積み上がるほど後工程の負荷は増します。まずは本フォームへのご返信で、体制を15分で整理させてください。

株式会社Lei Hau'oli
（tel）050-5497-3411
（mail）ml.account-sales@leihauoli.com","378","86","87","83","93","合成","0","- モード: 合成 - 部品ごとの採用元: ①件名=replier ②宛名＋冒頭2行=replier（宛名形式は正規化） ③パーソナライズ／課題提示=replier ④自社紹介＋USP=closer ⑤FAB+E＋実績=closer＋opener ⑥なぜ今=closer（機会損失）＋replier（下期の時期性） ⑦CTA=closer（15分の情報交換）をreplierの低ハードル文体で ⑧署名","修正パス(2026-09-18)"
"2026-09-10T03:53:47+09:00","株式会社アイスタイルキャリア","開発部","ご担当者","【大規模UI×レガシー刷新向け】0→1から並走まで支援する開発体制","開発部 ご担当者様

求人媒体・人材紹介など複数プロダクトを内製運営される貴社では、開発体制の負荷平準化が課題ではないでしょうか。

私たち株式会社レイハウオリは、Web領域を中心に、ITリソースや専門人材が不足しているお客様を支援しています。
社内には、エンジニア・デザイナー・ディレクター・PMなど、各分野のエキスパートが在籍しています。
「何を作ればいいのかわからない」「IT周りをまとめて任せたい」といった0→1のご相談から、「社員の退職に伴うリソース不足を補いたい」といったSESのご要望まで、課題やフェーズに応じて幅広く対応しています。

下期の体制を固める前が、最も打ち手の幅があります。

ご興味があればご返信ください。

株式会社Lei Hau'oli
（tel）050-5497-3411
（mail）ml.account-sales@leihauoli.com","375","84","84","84","88","合成","0","- モード: 合成 - 部品ごとの採用元: ①件名=opener（課題ワード＋数字、ただし「専門」を補強） ②宛名＋冒頭=opener ③パーソナライズ／課題提示=closer（課題仮説を一文で直撃） ④自社紹介＋USP=replier＋closer（設立年＋40名＋1名〜チーム単位） ⑤FAB+E=closer（採用リードタイム→開発フロー→リリース停止しない） ⑥なぜ今=replier（下期の","修正パス(2026-09-18)"
"2026-09-10T03:54:09+09:00","トレジャーデータ株式会社","開発部","ご担当者","【SaaS管理画面向け】0→1から任せられるフロントエンド改修バックログ","開発部 ご担当者様

顧客要望による管理画面・ダッシュボードの機能追加が続き、フロントエンドの改修がバックログに積み上がっていませんか。

私たち株式会社レイハウオリは、Web領域を中心に、ITリソースや専門人材が不足しているお客様を支援しています。
社内には、エンジニア・デザイナー・ディレクター・PMなど、各分野のエキスパートが在籍しています。
「何を作ればいいのかわからない」「IT周りをまとめて任せたい」といった0→1のご相談から、「社員の退職に伴うリソース不足を補いたい」といったSESのご要望まで、課題やフェーズに応じて幅広く対応しています。

この負債は放置するほど改修コストが膨らみます。ご興味があれば、このフォームにご返信ください。

株式会社Lei Hau'oli
（tel）050-5497-3411
（mail）ml.account-sales@leihauoli.com","384","85","84","86","92","合成","0","- モード: 合成 - 部品ごとの採用元: ①件名=opener ②宛名＋冒頭=opener ③課題提示=closer ④自社紹介＋USP=closer ⑤FAB+E・実績=closer/opener ⑥なぜ今=closer ⑦CTA=replier（返信ハードル最小）＋closerの15分を返信後の提供価値に変換 ⑧署名=opener - opener: 件名で「SaaS管理画面×バックログ」を","修正パス(2026-09-18)"
"2026-09-10T03:58:15+09:00","株式会社ハイシンク創研","開発部","ご担当者","【複数プロダクト並走の開発部様へ】0→1のご相談から対応可能","開発部 ご担当者様

複数プロダクトが並走し、フロントエンドの手が慢性的に足りていないのではないでしょうか。

私たち株式会社レイハウオリは、Web領域を中心に、ITリソースや専門人材が不足しているお客様を支援しています。
社内には、エンジニア・デザイナー・ディレクター・PMなど、各分野のエキスパートが在籍しています。
「何を作ればいいのかわからない」「IT周りをまとめて任せたい」といった0→1のご相談から、「社員の退職に伴うリソース不足を補いたい」といったSESのご要望まで、課題やフェーズに応じて幅広く対応しています。

繁忙期に入ってからでは間に合いません。
ご興味あればご返信ください。

株式会社Lei Hau'oli
（tel）050-5497-3411
（mail）ml.account-sales@leihauoli.com","357","85","81","83","93","合成","0","- モード: 合成 - 部品ごとの採用元: ①件名=opener（短縮） ②宛名＋冒頭=replier（課題の口語言い換え） ③課題提示=replier ④自社紹介＋USP=closer＋opener ⑤FAB+E＝closer ⑥なぜ今=replier（繁忙期前） ⑦CTA=replier（5文字返信） ⑧署名=共通 - opener: 強み＝件名に課題固有ワードと数字を集中させ転送判断が速い／","修正パス(2026-09-18)"
"2026-09-10T03:55:36+09:00","株式会社WorkX","開発部","ご担当者","【WorkX様向け】管理画面改修バックログ、15分で整理","開発部 ご担当者様

複数のSaaSプロダクトを内製開発され、管理画面改修がバックログ化していないでしょうか。

私たち株式会社レイハウオリは、Web領域を中心に、ITリソースや専門人材が不足しているお客様を支援しています。
社内には、エンジニア・デザイナー・ディレクター・PMなど、各分野のエキスパートが在籍しています。
「何を作ればいいのかわからない」「IT周りをまとめて任せたい」といった0→1のご相談から、「社員の退職に伴うリソース不足を補いたい」といったSESのご要望まで、課題やフェーズに応じて幅広く対応しています。

下期に膨らむ前に整えるのが得策です。ご興味があれば、このフォームにご返信ください。

株式会社Lei Hau'oli
（tel）050-5497-3411
（mail）ml.account-sales@leihauoli.com","366","83","85","86","93","合成","0","- モード: 合成 - 部品ごとの採用元: ①件名=closer（社名入り）+opener（数字ワード） ②宛名＝共通 ③課題提示=replier ④自社紹介＋USP=closer ⑤FAB+E・実績=closer＋opener（美容予約サービス） ⑥なぜ今=closer＋replier（下期） ⑦CTA=opener（15分を返信で打診） ⑧署名=opener - opener: 件名の課題ワー","修正パス(2026-09-18)"
"2026-09-10T03:56:22+09:00","ENECHANGE株式会社","開発部","ご担当者","【複数プロダクト並走】0→1からSESまで、15分で開発体制をご相談","開発部 ご担当者様

複数プロダクトの開発が重なり、フロントエンドの手が足りない状況ではないでしょうか。

私たち株式会社レイハウオリは、Web領域を中心に、ITリソースや専門人材が不足しているお客様を支援しています。
社内には、エンジニア・デザイナー・ディレクター・PMなど、各分野のエキスパートが在籍しています。
「何を作ればいいのかわからない」「IT周りをまとめて任せたい」といった0→1のご相談から、「社員の退職に伴うリソース不足を補いたい」といったSESのご要望まで、課題やフェーズに応じて幅広く対応しています。

下期計画を固める前の今なら間に合います。

ご興味があれば、ご返信ください。

株式会社Lei Hau'oli
（tel）050-5497-3411
（mail）ml.account-sales@leihauoli.com","358","84","85","82","91","合成","0","- モード: 合成 - 部品ごとの採用元: ①件名=opener（【】ラベル＋「複数プロダクト」＋40/1、closerの数字要素を統合し短縮） ②宛名＋冒頭2行=replier ③課題提示=replier ④自社紹介＋USP=closer ⑤FAB+E＝closer ⑥なぜ今=closer（負荷蓄積）＋replier（下期計画前） ⑦CTA=opener／closer（15分のオンライン、肩書き","修正パス(2026-09-18)"
"2026-09-10T03:56:26+09:00","NTTセキュリティ・ジャパン株式会社","技術部","ご担当者","【管理コンソールUI】セキュリティ専任者の負荷を、15分の相談で分散","技術部 ご担当者様

貴社の管理コンソールUI実装をセキュリティ専任者が抱え、開発が詰まりやすいのではないでしょうか。

私たち株式会社レイハウオリは、Web領域を中心に、ITリソースや専門人材が不足しているお客様を支援しています。
社内には、エンジニア・デザイナー・ディレクター・PMなど、各分野のエキスパートが在籍しています。
「何を作ればいいのかわからない」「IT周りをまとめて任せたい」といった0→1のご相談から、「社員の退職に伴うリソース不足を補いたい」といったSESのご要望まで、課題やフェーズに応じて幅広く対応しています。

平準化を先送りするほど、リリース遅延は積み重なります。

15分の情報交換について、このフォームへご返信ください。

株式会社Lei Hau'oli
（tel）050-5497-3411
（mail）ml.account-sales@leihauoli.com","384","80","75","85","90","合成","0","- モード: 合成 - 部品ごとの採用元: ①件名=opener（固有ワード＋「40」を圧縮再構成） ②宛名＋冒頭2行=closer ③課題提示=closer ④自社紹介＋USP=closer ⑤FAB+E＋実績=closer＋opener（設立年） ⑥なぜ今=closer ⑦CTA=opener ⑧署名=共通 - opener: 強み＝件名の固有ワード密度が高く、CTAが「15分の情報交換＋フォ","修正パス(2026-09-18)"
"2026-09-10T03:58:00+09:00","福井コンピュータ株式会社","開発部","ご担当者","【福井コンピュータ様】0→1からSESまで、開発体制を柔軟に補強","開発部 ご担当者様

複数プロダクトと大規模UIを内製で運営される御社では、フロントエンドの手が足りないという声はないでしょうか。

今期計画に組み込める今が検討時期です。

私たち株式会社レイハウオリは、Web領域を中心に、ITリソースや専門人材が不足しているお客様を支援しています。
社内には、エンジニア・デザイナー・ディレクター・PMなど、各分野のエキスパートが在籍しています。
「何を作ればいいのかわからない」「IT周りをまとめて任せたい」といった0→1のご相談から、「社員の退職に伴うリソース不足を補いたい」といったSESのご要望まで、課題やフェーズに応じて幅広く対応しています。

ご興味があれば、ご返信ください。

株式会社Lei Hau'oli
（tel）050-5497-3411
（mail）ml.account-sales@leihauoli.com","370","76","87","83","92","合成","0","- モード: 合成 - 部品ごとの採用元: ①件名=replier（社名＋数字を短く前置き）②宛名＋冒頭2行=replier（「現場から声が出ていないでしょうか」の当事者化）③課題提示=replier＋closer（「複数プロダクトと大規模UI」をcloserから補強）④自社紹介＋USP=closer（40名の9割がフロントエンド中心／直請け出身「だけ」）⑤FAB+E=closer（専門チームが開","修正パス(2026-09-18)"
"2026-09-10T03:55:02+09:00","paiza株式会社","開発部","ご担当者","【0→1〜SESまで】paiza様の開発体制、専門人材で補強できます","開発部 ご担当者様

UI改修や新機能開発、レガシー刷新が重なり、フロントエンドの人手が足りない場面はございませんか。

私たち株式会社レイハウオリは、Web領域を中心に、ITリソースや専門人材が不足しているお客様を支援しています。
社内には、エンジニア・デザイナー・ディレクター・PMなど、各分野のエキスパートが在籍しています。
「何を作ればいいのかわからない」「IT周りをまとめて任せたい」といった0→1のご相談から、「社員の退職に伴うリソース不足を補いたい」といったSESのご要望まで、課題やフェーズに応じて幅広く対応しています。

放置すればリリース遅延の機会損失が生じます。

ご興味があれば、ご返信ください。

株式会社Lei Hau'oli
（tel）050-5497-3411
（mail）ml.account-sales@leihauoli.com","367","81","86","81","90","合成","0","- モード: 合成 - 部品ごとの採用元: ①件名=replier ②宛名＋冒頭2行=replier ③パーソナライズ／課題提示=replier ④自社紹介＋USP=closer ⑤FAB+E＋実績=closer（9割表現を除去し、技術スタックはreplierから短縮採用） ⑥なぜ今=closer＋opener（機会損失の対象を課題仮説の「クライアント案件への要員供給」に接続） ⑦CTA=clos","修正パス(2026-09-18)"
"2026-09-10T03:59:42+09:00","株式会社カンリー","開発部","ご担当者","【15分で情報交換】カンリー様の複数プロダクト並走、UI改修を止めない開発支援","開発部 ご担当者様

複数プロダクトを内製で抱え、UI改修に着手できる担当が不足していませんか。

私たち株式会社レイハウオリは、Web領域を中心に、ITリソースや専門人材が不足しているお客様を支援しています。
社内には、エンジニア・デザイナー・ディレクター・PMなど、各分野のエキスパートが在籍しています。
「何を作ればいいのかわからない」「IT周りをまとめて任せたい」といった0→1のご相談から、「社員の退職に伴うリソース不足を補いたい」といったSESのご要望まで、課題やフェーズに応じて幅広く対応しています。

中途採用を待つ間も要望は積み上がります。

ご興味があれば、ご返信ください。

株式会社Lei Hau'oli
（tel）050-5497-3411
（mail）ml.account-sales@leihauoli.com","354","84","86","90","93","合成","0","- モード: 合成 - 部品ごとの採用元: ①件名=closer（社名入りを維持しつつ短縮） ②宛名＋冒頭=closer ③パーソナライズ／課題提示=replier（「着手できる担当が足りない声」の言語化） ④自社紹介＋USP=closer＋replier（技術スタックを補強） ⑤FAB+E＋実績=closer ⑥なぜ今=replier（採用に数か月かける間も要望が積み上がる） ⑦CTA=open","修正パス(2026-09-18)"
"2026-09-10T03:59:49+09:00","TIS長野株式会社","開発部","ご担当者","【複数プロダクト】0→1のご相談から体制構築まで対応します","開発部 ご担当者様

UI改修とレガシー刷新が並走し、手が回っていないのではないでしょうか。

私たち株式会社レイハウオリは、Web領域を中心に、ITリソースや専門人材が不足しているお客様を支援しています。
社内には、エンジニア・デザイナー・ディレクター・PMなど、各分野のエキスパートが在籍しています。
「何を作ればいいのかわからない」「IT周りをまとめて任せたい」といった0→1のご相談から、「社員の退職に伴うリソース不足を補いたい」といったSESのご要望まで、課題やフェーズに応じて幅広く対応しています。

下期の要望が積み上がる前に、体制を整えませんか。
ご興味があれば、このメールにご返信ください。

株式会社Lei Hau'oli
（tel）050-5497-3411
（mail）ml.account-sales@leihauoli.com","362","78","87","82","92","合成","0","- モード: 合成 - 部品ごとの採用元: ①件名=replier ②宛名＋冒頭2行=replier ③パーソナライズ／課題提示=replier ④自社紹介＋USP=replier＋closer（USP一言はcloser） ⑤FAB+E＋実績=closer ⑥なぜ今=replier ⑦CTA=replier ⑧署名=共通 - opener: 強み＝件名で「複数プロダクト×大規模UI」という課題固有","修正パス(2026-09-18)"
"2026-09-10T04:03:26+09:00","株式会社エクレクト","開発部","ご担当者","【0→1からSESまで】フロントエンド体制を専門人材で補強","開発部 ご担当者様

複数プロダクトのUI改修や新機能開発が重なり、フロントエンドの手が足りていないのではと存じます。

私たち株式会社レイハウオリは、Web領域を中心に、ITリソースや専門人材が不足しているお客様を支援しています。
社内には、エンジニア・デザイナー・ディレクター・PMなど、各分野のエキスパートが在籍しています。
「何を作ればいいのかわからない」「IT周りをまとめて任せたい」といった0→1のご相談から、「社員の退職に伴うリソース不足を補いたい」といったSESのご要望まで、課題やフェーズに応じて幅広く対応しています。

下期の体制は今の判断で変わります。

ご興味があれば、ご返信ください。

株式会社Lei Hau'oli
（tel）050-5497-3411
（mail）ml.account-sales@leihauoli.com","362","84","86","85","94","合成","0","- モード: 合成 - 部品ごとの採用元: ①件名=closer【1名から】＋opener（課題ワード・40名） ②宛名＝共通 ③冒頭パーソナライズ=opener＋replier（クライアント案件供給不足の一文） ④自社紹介＋USP=closer ⑤FAB+E＋実績=closer＋replier ⑥なぜ今=replier（下期・年末の時間軸） ⑦CTA=replier（低摩擦返信）×closer（","修正パス(2026-09-18)"
"2026-09-10T04:03:28+09:00","株式会社ジモティー","開発部","ご担当者","【0→1】ジモティー様のUI改修・レガシー刷新を専門人材で支援","開発部 ご担当者様

複数プロダクトの大規模UIを内製で抱え、レガシー刷新と新機能開発の並走で負荷が偏っていませんか。

私たち株式会社レイハウオリは、Web領域を中心に、ITリソースや専門人材が不足しているお客様を支援しています。
社内には、エンジニア・デザイナー・ディレクター・PMなど、各分野のエキスパートが在籍しています。
「何を作ればいいのかわからない」「IT周りをまとめて任せたい」といった0→1のご相談から、「社員の退職に伴うリソース不足を補いたい」といったSESのご要望まで、課題やフェーズに応じて幅広く対応しています。

負荷の偏りは放置するほど新機能着手が遅れます。

ご興味があれば、このフォームにご返信ください。

株式会社Lei Hau'oli
（tel）050-5497-3411
（mail）ml.account-sales@leihauoli.com","375","86","85","87","94","合成","0","- モード: 合成 - 部品ごとの採用元: ①件名=closer（社名入り。ただし冗長部を短縮） ②宛名＋冒頭2行=opener ③課題提示=opener ④自社紹介＋USP=opener＋closer ⑤FAB+E＝closer（刷新チーム／新機能チームの分離） ⑥なぜ今=closer（機会損失） ⑦CTA=replier（低ハードル返信）＋closer（15分）を返信1本に統合 ⑧署名=ope","修正パス(2026-09-18)"
"2026-09-10T04:00:45+09:00","株式会社ゼネラルBREXAテクノロジー","開発部","ご担当者","【15分診断】複数プロダクトのUI刷新と新機能開発を支援","開発部 ご担当者様

複数プロダクトのUI刷新と新機能開発が並走し、負荷が平準化できていないのではないでしょうか。

私たち株式会社レイハウオリは、Web領域を中心に、ITリソースや専門人材が不足しているお客様を支援しています。
社内には、エンジニア・デザイナー・ディレクター・PMなど、各分野のエキスパートが在籍しています。
「何を作ればいいのかわからない」「IT周りをまとめて任せたい」といった0→1のご相談から、「社員の退職に伴うリソース不足を補いたい」といったSESのご要望まで、課題やフェーズに応じて幅広く対応しています。

負荷が積み上がるほど、遅延リスクは大きくなります。

フロントエンドの負荷平準化について15分で整理させてください。ご返信いただけますと幸いです。

株式会社Lei Hau'oli
（tel）050-5497-3411
（mail）ml.account-sales@leihauoli.com","398","83","79","89","94","合成","0","- モード: 合成 - 部品ごとの採用元: ①件名=closer（骨格）＋opener（「複数プロダクト」の固有ワード）／②宛名＋冒頭2行=opener・closer共通の課題直撃文／③課題提示=opener／④自社紹介＋USP=opener（表参道・設立18年目）＋SKILL§4のUSP一言「フロントエンド特化」を明示／⑤FAB+E=closer／⑥なぜ今=closer（並走による遅延リスク蓄積","修正パス(2026-09-18)"
"2026-09-10T04:03:46+09:00","株式会社コノセル","開発部","ご担当者","【0→1のご相談も】UI改修とレガシー刷新、並走できていますか","開発部 ご担当者様

複数プロダクトのUI改修とレガシー刷新を、内製チームで並走させられていますか。

私たち株式会社レイハウオリは、Web領域を中心に、ITリソースや専門人材が不足しているお客様を支援しています。
社内には、エンジニア・デザイナー・ディレクター・PMなど、各分野のエキスパートが在籍しています。
「何を作ればいいのかわからない」「IT周りをまとめて任せたい」といった0→1のご相談から、「社員の退職に伴うリソース不足を補いたい」といったSESのご要望まで、課題やフェーズに応じて幅広く対応しています。

下期本格化前の今が着手の好機です。

ご興味があればご返信ください。

株式会社Lei Hau'oli
（tel）050-5497-3411
（mail）ml.account-sales@leihauoli.com","352","77","85","81","90","合成","0","- モード: 合成 - 部品ごとの採用元: ①件名=replier ②宛名＋冒頭2行=replier ③パーソナライズ／課題提示=replier ④自社紹介＋USP=closer ⑤FAB+E＋実績=closer（Feature列挙はcloser、Evidenceはopener/replierの美容予約サービス） ⑥なぜ今=replier（下期リリース）＋opener（滞留の機会損失） ⑦CTA=","修正パス(2026-09-18)"
"2026-09-10T08:34:20+09:00","株式会社Finatext","開発部","ご担当者","【証券Webアプリ向け】0→1の相談からSESまで、開発リソースを補完","開発部 ご担当者様

証券サービスを複数プロダクトで運営される御社では、レガシー刷新の着手が後回しになっていませんか。

私たち株式会社レイハウオリは、Web領域を中心に、ITリソースや専門人材が不足しているお客様を支援しています。
社内には、エンジニア・デザイナー・ディレクター・PMなど、各分野のエキスパートが在籍しています。
「何を作ればいいのかわからない」「IT周りをまとめて任せたい」といった0→1のご相談から、「社員の退職に伴うリソース不足を補いたい」といったSESのご要望まで、課題やフェーズに応じて幅広く対応しています。

着手が遅れるほど、対応コストは増えていきます。

ご興味があればご返信ください。

株式会社Lei Hau'oli
（tel）050-5497-3411
（mail）ml.account-sales@leihauoli.com","367","79","83","77","89","合成","0","- モード: 合成 - 部品ごとの採用元: ①件名=opener（骨格）＋replier（「1名から」の数字） ②宛名＋冒頭2行=replier ③課題提示=replier ④自社紹介=replier＋closer（設立年・技術スタック） ⑤FAB+E＝closer（「内製チームはコア機能に専念」の着地）＋opener（USP一言） ⑥なぜ今=replier ⑦CTA=replier ⑧署名=op","修正パス(2026-09-18)"
"2026-09-10T08:34:42+09:00","株式会社Photosynth","開発部","ご担当者","【15分で相談】レガシー刷新と新機能開発の並走を支援","開発部 ご担当者様

複数プロダクトの大規模UIを内製で運営される中、フロントエンドの手が慢性的に不足していないでしょうか。

私たち株式会社レイハウオリは、Web領域を中心に、ITリソースや専門人材が不足しているお客様を支援しています。
社内には、エンジニア・デザイナー・ディレクター・PMなど、各分野のエキスパートが在籍しています。
「何を作ればいいのかわからない」「IT周りをまとめて任せたい」といった0→1のご相談から、「社員の退職に伴うリソース不足を補いたい」といったSESのご要望まで、課題やフェーズに応じて幅広く対応しています。

並走負荷が続くほど、改修とレガシー箇所は広がります。ご興味あればご返信ください。

株式会社Lei Hau'oli
（tel）050-5497-3411
（mail）ml.account-sales@leihauoli.com","372","81","85","79","91","合成","0","- モード: 合成 - 部品ごとの採用元: ①件名=replier の型＋opener の課題ワード ②宛名＋冒頭=closer ③課題提示=closer ④自社紹介＋USP=closer ⑤FAB+E=closer＋replier ⑥なぜ今=opener ⑦CTA=replier＋closer ⑧署名=opener - opener: 件名冒頭に課題仮説の核心ワードを置いた設計が最も開封に効く。","修正パス(2026-09-18)"
"2026-09-10T08:34:57+09:00","circus株式会社","開発部","ご担当者","【0→1からSESまで】管理画面改修とフロント要員不足に効く開発支援","開発部 ご担当者様

circus様の開発部でも、管理画面改修とフロント要員不足が同時に起きていないでしょうか。

私たち株式会社レイハウオリは、Web領域を中心に、ITリソースや専門人材が不足しているお客様を支援しています。
社内には、エンジニア・デザイナー・ディレクター・PMなど、各分野のエキスパートが在籍しています。
「何を作ればいいのかわからない」「IT周りをまとめて任せたい」といった0→1のご相談から、「社員の退職に伴うリソース不足を補いたい」といったSESのご要望まで、課題やフェーズに応じて幅広く対応しています。

バックログは放置するほど着手コストが膨らみます。

ご興味があればご返信ください。

株式会社Lei Hau'oli
（tel）050-5497-3411
（mail）ml.account-sales@leihauoli.com","365","82","84","78","91","合成","0","- モード: 合成 - 部品ごとの採用元: ①件名=replier骨格＋opener固有ワード ②宛名＝共通 ③課題提示=replier ④自社紹介＋USP=closer ⑤FAB+E=closer ⑥なぜ今=closer ⑦CTA=replier ⑧署名=共通 - opener: 件名の「ダッシュボード改修が滞留する開発部向け」は転送判断が速く開封力最上位。一方でCTAが「15分情報交換」のみで","修正パス(2026-09-18)"
"2026-09-10T08:35:20+09:00","株式会社プロシード","開発部","ご担当者","【複数プロダクト運用の開発部様へ】0→1のご相談からSESまで対応","開発部 ご担当者様

複数プロダクトのUI改修とレガシー刷新、新機能開発が並走し、フロントの手が慢性的に足りない状況ではないでしょうか。

私たち株式会社レイハウオリは、Web領域を中心に、ITリソースや専門人材が不足しているお客様を支援しています。
社内には、エンジニア・デザイナー・ディレクター・PMなど、各分野のエキスパートが在籍しています。
「何を作ればいいのかわからない」「IT周りをまとめて任せたい」といった0→1のご相談から、「社員の退職に伴うリソース不足を補いたい」といったSESのご要望まで、課題やフェーズに応じて幅広く対応しています。

繁忙期前の今、体制を整えるのがおすすめです。

ご興味があれば、このフォームにご返信ください。

株式会社Lei Hau'oli
（tel）050-5497-3411
（mail）ml.account-sales@leihauoli.com","383","79","80","77","88","合成","0","- モード: 合成 - 部品ごとの採用元: ①件名=opener（相手事業ワードを短縮して調整） ②宛名＋冒頭=opener ③課題提示=replier（「そんな状況ではないでしょうか」の自分事化） ④自社紹介＋USP=opener ⑤FAB+E＋実績=opener＋replier（不適の壁「受託開発と自社サービス開発を両輪」はreplier） ⑥なぜ今=replier（「繁忙期の前」＋「中途採用","修正パス(2026-09-18)"
"2026-09-10T08:35:29+09:00","株式会社電脳交通","開発部","ご担当者","【0→1】管理画面・ダッシュボードの改修相談承ります","開発部 ご担当者様

御社では管理画面・ダッシュボードの改修がバックログに積み上がっていないでしょうか。

私たち株式会社レイハウオリは、Web領域を中心に、ITリソースや専門人材が不足しているお客様を支援しています。
社内には、エンジニア・デザイナー・ディレクター・PMなど、各分野のエキスパートが在籍しています。
「何を作ればいいのかわからない」「IT周りをまとめて任せたい」といった0→1のご相談から、「社員の退職に伴うリソース不足を補いたい」といったSESのご要望まで、課題やフェーズに応じて幅広く対応しています。

繁忙期に入る前の今が動き時です。

ご興味があれば、このフォームにご返信ください。

株式会社Lei Hau'oli
（tel）050-5497-3411
（mail）ml.account-sales@leihauoli.com","361","81","85","88","92","合成","0","- モード: 合成 - 部品ごとの採用元: ①件名=closer骨格+opener訴求の混成 ②宛名+冒頭=replier（業態名指しが最も固有性が高い）③課題提示=opener/replier（課題仮説の原文語彙）④自社紹介+USP=closer（「唯一」→§4準拠の「フロントエンド特化で」へ置換）⑤FAB+E=closer+replier ⑥なぜ今=replier ⑦CTA=replier（低","修正パス(2026-09-18)"
"2026-09-10T08:38:13+09:00","株式会社リンクトブレイン","開発部","ご担当者","【ゲーム本体開発に集中を】公式サイト・運営ツールは0→1から支援","開発部 ご担当者様

ゲーム本体の開発に集中したい一方、公式サイトや運営ツールの改修は後回しになりがちではないでしょうか。

私たち株式会社レイハウオリは、Web領域を中心に、ITリソースや専門人材が不足しているお客様を支援しています。
社内には、エンジニア・デザイナー・ディレクター・PMなど、各分野のエキスパートが在籍しています。
「何を作ればいいのかわからない」「IT周りをまとめて任せたい」といった0→1のご相談から、「社員の退職に伴うリソース不足を補いたい」といったSESのご要望まで、課題やフェーズに応じて幅広く対応しています。

受注機会を逃す前に、今の体制整備をご検討ください。

ご興味があれば、このフォームにご返信ください。

株式会社Lei Hau'oli
（tel）050-5497-3411
（mail）ml.account-sales@leihauoli.com","379","82","76","84","91","合成","0","- モード: 合成（opener＋closer の2案のみで構成。replier は A1 失格のため文言・語彙も一切流用せず） - 部品ごとの採用元: ①件名=opener ②宛名＋冒頭=opener ③課題提示=opener ④自社紹介＋USP=opener/closer統合 ⑤FAB+E＝closer ⑥なぜ今=closer（受注機会損失） ⑦CTA=opener（返信）＋closer（15","修正パス(2026-09-18)"
"2026-09-10T08:36:48+09:00","株式会社フォーイット","開発部","ご担当者","【UI改修とレガシー刷新】0→1のご相談から幅広く対応、体制を並走できます","開発部 ご担当者様

複数プロダクトのUI改修とレガシー刷新を、同じ内製チームで並走させていませんか。

私たち株式会社レイハウオリは、Web領域を中心に、ITリソースや専門人材が不足しているお客様を支援しています。
社内には、エンジニア・デザイナー・ディレクター・PMなど、各分野のエキスパートが在籍しています。
「何を作ればいいのかわからない」「IT周りをまとめて任せたい」といった0→1のご相談から、「社員の退職に伴うリソース不足を補いたい」といったSESのご要望まで、課題やフェーズに応じて幅広く対応しています。

下期の開発計画が固まる前が、体制を見直す好機です。

このメールへの返信で状況をお聞かせください。

株式会社Lei Hau'oli
（tel）050-5497-3411
（mail）ml.account-sales@leihauoli.com","368","82","84","80","88","合成","0","- モード: 合成 - 部品ごとの採用元: ①件名=replier（openerの課題ワードを一部融合）②宛名＝共通 ③冒頭・課題提示=replier ④自社紹介＋USP=replier＋closer ⑤FAB+E・実績=closer ⑥なぜ今=replier（品質か納期の犠牲）＋closer（下期計画）⑦CTA=opener（返信で15分）⑧署名=opener - opener: 件名に課題仮説","修正パス(2026-09-18)"
"2026-09-10T08:38:48+09:00","iYell株式会社","開発部","ご担当者","【iYell様向け】管理画面のバックログ、0→1の相談から対応可能","開発部 ご担当者様

複数のSaaSを運営される中、管理画面改修の負荷が内製チームに偏っていませんか。

私たち株式会社レイハウオリは、Web領域を中心に、ITリソースや専門人材が不足しているお客様を支援しています。
社内には、エンジニア・デザイナー・ディレクター・PMなど、各分野のエキスパートが在籍しています。
「何を作ればいいのかわからない」「IT周りをまとめて任せたい」といった0→1のご相談から、「社員の退職に伴うリソース不足を補いたい」といったSESのご要望まで、課題やフェーズに応じて幅広く対応しています。

繁忙期に改修遅れが表面化します。

ご興味があれば、ご返信ください。

株式会社Lei Hau'oli
（tel）050-5497-3411
（mail）ml.account-sales@leihauoli.com","353","77","86","86","92","合成","0","- モード: 合成 - 部品ごとの採用元: ①件名=closer（社名冠）＋replier（「1名から巻き取ります」の動詞） ②宛名＋冒頭2行=replier ③パーソナライズ／課題提示=replier ④自社紹介＋USP=closer ⑤FAB+E＋実績=closer＋opener（40名・9割） ⑥なぜ今=closer＋replier ⑦CTA=replier ⑧署名=共通 - opener:","修正パス(2026-09-18)"
"2026-09-10T08:39:06+09:00","株式会社TERASS","開発部","ご担当者","【15分で相談】不動産SaaSの管理画面改修、必要な体制を整えます","開発部 ご担当者様

賃貸・仲介向けSaaSで管理画面・ダッシュボードの機能改修要望がバックログに積み上がっているのではないでしょうか。

私たち株式会社レイハウオリは、Web領域を中心に、ITリソースや専門人材が不足しているお客様を支援しています。
社内には、エンジニア・デザイナー・ディレクター・PMなど、各分野のエキスパートが在籍しています。
「何を作ればいいのかわからない」「IT周りをまとめて任せたい」といった0→1のご相談から、「社員の退職に伴うリソース不足を補いたい」といったSESのご要望まで、課題やフェーズに応じて幅広く対応しています。

バックログは放置するほど改修コストが膨らみます。ご興味があれば、このフォームにご返信ください。

株式会社Lei Hau'oli
（tel）050-5497-3411
（mail）ml.account-sales@leihauoli.com","385","70","80","80","88","合成","0","- モード: 合成 - 部品ごとの採用元: ①件名=replier（冗長部を短縮） ②宛名＋冒頭2行=replier ③パーソナライズ／課題提示=replier ④自社紹介＋USP=closer ⑤FAB+E＋実績=closer（§4準拠に補正） ⑥なぜ今=closer ⑦CTA=replier（返信1アクション）＋closer（15分）を1動作に統合 ⑧署名=共通 - opener: 件名の固有","修正パス(2026-09-18)"
"2026-09-10T08:38:57+09:00","オープン株式会社","開発部","ご担当者","【複数プロダクトのUI改修、止まっていませんか】15分で体制を整理","開発部 ご担当者様

複数プロダクトの大規模UIを内製で抱え、レガシー刷新と新機能開発を並走させる負荷、限界ではありませんか。

私たち株式会社レイハウオリは、Web領域を中心に、ITリソースや専門人材が不足しているお客様を支援しています。
社内には、エンジニア・デザイナー・ディレクター・PMなど、各分野のエキスパートが在籍しています。
「何を作ればいいのかわからない」「IT周りをまとめて任せたい」といった0→1のご相談から、「社員の退職に伴うリソース不足を補いたい」といったSESのご要望まで、課題やフェーズに応じて幅広く対応しています。

下期に向け改修要望が増える時期です。

ご興味があれば、ご返信ください。

株式会社Lei Hau'oli
（tel）050-5497-3411
（mail）ml.account-sales@leihauoli.com","367","81","87","87","93","合成","0","- モード: 合成 - 部品ごとの採用元: ①件名=replier（問いかけ型）＋opener（「40名」「1名」の数字）②冒頭2行=replier ③課題提示=replier ④自社紹介＋USP=closer（§4のUSP一言をそのまま反映）⑤FAB+E＋実績=closer＋opener（中途採用代替・大規模BtoCの開発フロー）⑥なぜ今=closer（下期・年末の機会損失）⑦CTA=close","修正パス(2026-09-18)"
"2026-09-10T08:42:53+09:00","READYFOR株式会社","開発部","ご担当者","【開発部向け】管理画面改修のバックログ、15分で情報交換","開発部 ご担当者様

管理画面・ダッシュボードへの機能追加要望が積み上がる一方、内製チームの手が回らない、という状況ではないでしょうか。

私たち株式会社レイハウオリは、Web領域を中心に、ITリソースや専門人材が不足しているお客様を支援しています。
社内には、エンジニア・デザイナー・ディレクター・PMなど、各分野のエキスパートが在籍しています。
「何を作ればいいのかわからない」「IT周りをまとめて任せたい」といった0→1のご相談から、「社員の退職に伴うリソース不足を補いたい」といったSESのご要望まで、課題やフェーズに応じて幅広く対応しています。

改修要望は放置するほど積み上がります。ご興味があれば、このフォームにご返信ください。

株式会社Lei Hau'oli
（tel）050-5497-3411
（mail）ml.account-sales@leihauoli.com","380","80","78","75","90","合成","0","- モード: 合成 - 部品ごとの採用元: ①件名=opener（【開発部向け】ラベル）＋replier（数字40/1）②宛名＋冒頭=replier ③課題提示=replier＋opener ④自社紹介＋USP=closer ⑤FAB+E＋実績=closer ⑥なぜ今=closer ⑦CTA=replier（低ハードル）＋closer（15分の目的明示）⑧署名=opener/closer - op","修正パス(2026-09-18)"
"2026-09-10T08:41:50+09:00","株式会社ゲームエイト","開発部","ご担当者","【複数プロダクト並走の負荷】0→1のご相談も伴走で解消","開発部 ご担当者様

複数のWebサービスを内製運営される貴社では、UI改修や機能追加の要望が同時に上がっていないでしょうか。

私たち株式会社レイハウオリは、Web領域を中心に、ITリソースや専門人材が不足しているお客様を支援しています。
社内には、エンジニア・デザイナー・ディレクター・PMなど、各分野のエキスパートが在籍しています。
「何を作ればいいのかわからない」「IT周りをまとめて任せたい」といった0→1のご相談から、「社員の退職に伴うリソース不足を補いたい」といったSESのご要望まで、課題やフェーズに応じて幅広く対応しています。

中途採用を待つ間にも改修の負債は膨らみ続けます。

ご興味があればご返信ください。

株式会社Lei Hau'oli
（tel）050-5497-3411
（mail）ml.account-sales@leihauoli.com","372","70","88","82","92","合成","0","- モード: 合成 - 部品ごとの採用元: ①件名=replier（微修正） ②宛名＋冒頭=replier ③課題提示=replier＋closer（「内製で運営される貴社」をcloserから移植） ④自社紹介＋USP=replier（設立年＋9割特化）＋closer（フロントエンド特化の開発支援会社） ⑤FAB+E=replier（1名常駐→内製チームは新機能に集中→レガシー刷新は並走）＋clo","修正パス(2026-09-18)"
"2026-09-10T08:42:24+09:00","ビットバンク株式会社","開発部","ご担当者","【複数プロダクト・大規模UI向け】管理画面改修バックログ、15分でご相談可能か","開発部 ご担当者様

管理画面やダッシュボードの改修で、フロントエンドのバックログが積み上がっていませんか。

私たち株式会社レイハウオリは、Web領域を中心に、ITリソースや専門人材が不足しているお客様を支援しています。
社内には、エンジニア・デザイナー・ディレクター・PMなど、各分野のエキスパートが在籍しています。
「何を作ればいいのかわからない」「IT周りをまとめて任せたい」といった0→1のご相談から、「社員の退職に伴うリソース不足を補いたい」といったSESのご要望まで、課題やフェーズに応じて幅広く対応しています。

このままではリリースが後ろ倒しになりかねません。15分お話しできればご返信ください。

株式会社Lei Hau'oli
（tel）050-5497-3411
（mail）ml.account-sales@leihauoli.com","366","83","85","85","91","合成","0","- モード: 合成 - 部品ごとの採用元: ①件名=opener（「40名体制」→「約40名体制」に是正） ②宛名＋冒頭2行=closer ③課題提示=closer ④自社紹介＋USP=closer＋replier（「SaaS管理画面や大規模UIの改修を得意とし」を移植） ⑤FAB+E＝closer ⑥なぜ今=replier ⑦CTA=closer（15分情報交換）＋replier（返信ハードル低","修正パス(2026-09-18)"
"2026-09-10T04:00:00+09:00","日本システム運用センター株式会社","開発部","ご担当者","【UI改修・機能追加の滞留に】15分で負荷分散と供給体制を整理","開発部 ご担当者様

複数プロダクトを内製運営しながら要員供給も担う貴社は、負荷平準化が難しいのではないでしょうか。

私たち株式会社レイハウオリは、Web領域を中心に、ITリソースや専門人材が不足しているお客様を支援しています。
社内には、エンジニア・デザイナー・ディレクター・PMなど、各分野のエキスパートが在籍しています。
「何を作ればいいのかわからない」「IT周りをまとめて任せたい」といった0→1のご相談から、「社員の退職に伴うリソース不足を補いたい」といったSESのご要望まで、課題やフェーズに応じて幅広く対応しています。

負荷分散の遅れは供給余力の低下につながります。

15分、体制整理のご相談をさせてください。ご興味があれば、このフォームにご返信ください。

株式会社Lei Hau'oli
（tel）050-5497-3411
（mail）ml.account-sales@leihauoli.com","395","82","78","79","90","合成","0","- モード: 合成 - 部品ごとの採用元: ①件名=opener ②宛名＋冒頭2行=opener ③課題提示=opener（replierの重複部は削除） ④自社紹介＋USP=closer ⑤FAB+E＋実績=closer（Benefit節はopenerの「コア機能に集中」を接続） ⑥なぜ今=closer（進行性の損失） ⑦CTA=closer（15分の整理）+replier（「詳細希望」返信でハ","修正パス(2026-09-18)"
"2026-09-10T08:46:06+09:00","Ascent Business Consulting株式会社","開発部","ご担当者","【UI改修と新機能開発】並走支援、15分で体制相談","開発部 ご担当者様

複数プロダクトのUI改修と新機能開発を内製チームだけで並走させると、どちらかが後回しになりがちです。

私たち株式会社レイハウオリは、Web領域を中心に、ITリソースや専門人材が不足しているお客様を支援しています。
社内には、エンジニア・デザイナー・ディレクター・PMなど、各分野のエキスパートが在籍しています。
「何を作ればいいのかわからない」「IT周りをまとめて任せたい」といった0→1のご相談から、「社員の退職に伴うリソース不足を補いたい」といったSESのご要望まで、課題やフェーズに応じて幅広く対応しています。

負荷の偏りは遅延として連鎖します。ご興味があれば、このフォームにご返信ください。

株式会社Lei Hau'oli
（tel）050-5497-3411
（mail）ml.account-sales@leihauoli.com","371","70","80","84","90","合成","0","- モード: 合成 - 部品ごとの採用元: ①件名=closer（数字部を短縮しopenerのパーソナライズ語を移植） ②冒頭2行=replier ③課題提示=replier ④自社紹介＋USP=closer ⑤FAB+E＝closer＋replier（React・Vue・Next.js／中途採用の時間軸） ⑥なぜ今=closer ⑦CTA=closer（15分＋返信の一本化） ⑧署名=close","修正パス(2026-09-18)"
"2026-09-10T08:43:09+09:00","株式会社mov","開発部","ご担当者","【0→1から対応可】複数プロダクトのUI改修、下期の要望が積み上がる前に","開発部 ご担当者様

複数プロダクトのUI改修と新機能開発が重なり、手が足りていませんか。

私たち株式会社レイハウオリは、Web領域を中心に、ITリソースや専門人材が不足しているお客様を支援しています。
社内には、エンジニア・デザイナー・ディレクター・PMなど、各分野のエキスパートが在籍しています。
「何を作ればいいのかわからない」「IT周りをまとめて任せたい」といった0→1のご相談から、「社員の退職に伴うリソース不足を補いたい」といったSESのご要望まで、課題やフェーズに応じて幅広く対応しています。

負荷を放置すると新機能のリリースが遅れます。下期の要望が積み上がる前に、体制を整えておきませんか。ご興味があれば、このフォームにご返信ください。

株式会社Lei Hau'oli
（tel）050-5497-3411
（mail）ml.account-sales@leihauoli.com","387","74","87","81","91","合成","0","- モード: 合成 - 部品ごとの採用元: ①件名=replier骨格＋opener固有ワード（「複数プロダクト」）②宛名＋冒頭2行=replier ③課題提示=replier ④自社紹介＋USP=closer ⑤FAB+E＋実績=closer＋replier（「中途採用に数か月かけず」） ⑥なぜ今=replier（下期）＋closer（放置コスト） ⑦CTA=replier（4文字返信） ⑧署名","修正パス(2026-09-18)"
"2026-09-10T08:40:11+09:00","株式会社f4samurai","開発部","ご担当者","【15分で相談可能】公式サイト・運営管理ツールの改修、本体開発と並走できていますか","開発部 ご担当者様

複数タイトルの運営に加え、公式サイトや運営管理ツールの改修まで、同じ内製チームで抱えていませんか。

私たち株式会社レイハウオリは、Web領域を中心に、ITリソースや専門人材が不足しているお客様を支援しています。
社内には、エンジニア・デザイナー・ディレクター・PMなど、各分野のエキスパートが在籍しています。
「何を作ればいいのかわからない」「IT周りをまとめて任せたい」といった0→1のご相談から、「社員の退職に伴うリソース不足を補いたい」といったSESのご要望まで、課題やフェーズに応じて幅広く対応しています。

放置するほど、次のリリースに負荷が積み上がります。

15分ほどお話しできますでしょうか。

株式会社Lei Hau'oli
（tel）050-5497-3411
（mail）ml.account-sales@leihauoli.com","373","81","83","81","91","合成","0","- モード: 合成 - 部品ごとの採用元: ①件名=replier（【】内を「1名から常駐支援」に短縮、opener の固有ワード「運営管理ツール」を合流） ②宛名＋冒頭2行=replier（問いかけ型） ③課題提示=replier＋opener ④自社紹介＋USP=closer ⑤FAB+E＋実績=closer（実績は§4表記「参画」に戻した） ⑥なぜ今=opener＋§4 Advantage（","修正パス(2026-09-18)"
"2026-09-10T08:43:22+09:00","株式会社Arent","開発部","ご担当者","【0→1からSESまで】複数プロダクト並走の開発負荷を解消","開発部 ご担当者様

複数プロダクトの開発を内製で抱え、人手不足でクライアント案件の要員要求に応えきれない場面はないでしょうか。

私たち株式会社レイハウオリは、Web領域を中心に、ITリソースや専門人材が不足しているお客様を支援しています。
社内には、エンジニア・デザイナー・ディレクター・PMなど、各分野のエキスパートが在籍しています。
「何を作ればいいのかわからない」「IT周りをまとめて任せたい」といった0→1のご相談から、「社員の退職に伴うリソース不足を補いたい」といったSESのご要望まで、課題やフェーズに応じて幅広く対応しています。

下期の体制検討が進む今が動き時です。ご興味があれば、このフォームにご返信ください。

株式会社Lei Hau'oli
（tel）050-5497-3411
（mail）ml.account-sales@leihauoli.com","375","82","83","82","91","合成","0","- モード: 合成 - 部品ごとの採用元: ①件名=opener（数字40／1）＋replier・closerの課題語を合成 ②宛名＝共通 ③冒頭パーソナライズ=replier（1文に圧縮） ④自社紹介＋USP=closer ⑤FAB+E＝closer ⑥なぜ今=replier ⑦CTA=replier（低ハードル返信）＋closerの15分目的を1文で接続 ⑧署名=共通 - opener: 件名","修正パス(2026-09-18)"
"2026-09-10T08:44:30+09:00","株式会社ミラティブ","開発部","ご担当者","【15分で相談】レガシー刷新と新機能開発の並走、負荷は積み上がっていませんか","開発部 ご担当者様

複数プロダクトのUIを内製で抱えつつ、レガシー刷新と新機能開発を並走させると人手が不足しがちです。

私たち株式会社レイハウオリは、Web領域を中心に、ITリソースや専門人材が不足しているお客様を支援しています。
社内には、エンジニア・デザイナー・ディレクター・PMなど、各分野のエキスパートが在籍しています。
「何を作ればいいのかわからない」「IT周りをまとめて任せたい」といった0→1のご相談から、「社員の退職に伴うリソース不足を補いたい」といったSESのご要望まで、課題やフェーズに応じて幅広く対応しています。

UIの負債は放置するほど刷新コストが膨らみます。

まずは15分、現状のリソース配分を伺えればと思います。このメールへの返信で結構です。

株式会社Lei Hau'oli
（tel）050-5497-3411
（mail）ml.account-sales@leihauoli.com","396","83","85","68","88","合成","0","- モード: 合成 - 部品ごとの採用元: ①件名=replier（openerの固有ワード「レガシー刷新」を注入）②宛名＋冒頭2行=replier ③パーソナライズ／課題提示=replier（第2文は圧縮）④自社紹介＋USP=opener＋replier（技術スタック名はreplier、USP一言はopener）⑤FAB+E＝closerの「設計から運用改善まで任せられ、内製チームは新機能に集中","修正パス(2026-09-18)"
"2026-09-10T08:49:42+09:00","株式会社くふう住まい","開発部","ご担当者","","","0","","","","","","0","","失格のみ・要人手 修正パス(2026-09-18) / 未解消:A2,A3,会社紹介文が一字一句一致していない,署名が一字一句一致していない"
"2026-09-10T08:50:22+09:00","ストックマーク株式会社","開発部","ご担当者","【0→1相談OK】ストックマーク様の複数プロダクトUI刷新に","開発部 ご担当者様

複数プロダクトの大規模UIを内製で抱えながら、UI改修のたびにフロントエンドの手が足りなくなっていないでしょうか。

私たち株式会社レイハウオリは、Web領域を中心に、ITリソースや専門人材が不足しているお客様を支援しています。
社内には、エンジニア・デザイナー・ディレクター・PMなど、各分野のエキスパートが在籍しています。
「何を作ればいいのかわからない」「IT周りをまとめて任せたい」といった0→1のご相談から、「社員の退職に伴うリソース不足を補いたい」といったSESのご要望まで、課題やフェーズに応じて幅広く対応しています。

放置するほど負荷は積み重なります。

ご興味があれば、このフォームにご返信ください。

株式会社Lei Hau'oli
（tel）050-5497-3411
（mail）ml.account-sales@leihauoli.com","378","83","85","90","93","合成","0","- モード: 合成 - 部品ごとの採用元: ①件名=closer（社名入り）＋replier/opener（「40名」の数字）／②宛名＋冒頭=closer／③パーソナライズ=closer＋replier（「複数プロダクトの大規模UI」）／④自社紹介＋USP=closer／⑤FAB+E＋実績=closer（opener の「2008年設立」を補強に追加）／⑥なぜ今=replier（放置の積み上がり）","修正パス(2026-09-18)"
"2026-09-10T08:45:44+09:00","株式会社キカガク","開発部","ご担当者","【キカガク開発部】ダッシュボード改修の遅延、15分で整理","開発部 ご担当者様

管理画面・ダッシュボードの機能追加要望が続き、フロントエンド改修がバックログ化していませんか。

私たち株式会社レイハウオリは、Web領域を中心に、ITリソースや専門人材が不足しているお客様を支援しています。
社内には、エンジニア・デザイナー・ディレクター・PMなど、各分野のエキスパートが在籍しています。
「何を作ればいいのかわからない」「IT周りをまとめて任せたい」といった0→1のご相談から、「社員の退職に伴うリソース不足を補いたい」といったSESのご要望まで、課題やフェーズに応じて幅広く対応しています。

下半期の体制が固まる前の今、バックログと要員供給の整理に15分いただけませんか。

株式会社Lei Hau'oli
（tel）050-5497-3411
（mail）ml.account-sales@leihauoli.com","368","79","75","87","91","合成","0","- モード: 合成 - 部品ごとの採用元: ①件名=closer ②宛名＋冒頭2行=closer ③課題提示=closer ④自社紹介＋USP=opener＋§4原文（「直請け現場を経験したエンジニアを1名から」） ⑤FAB+E=closer＋replier（「中途採用の期間をかけずに」）＋replier（「クライアント案件の要員供給にも回せます」） ⑥なぜ今=closer（「下半期の体制が固まる","修正パス(2026-09-18)"
"2026-09-10T08:50:26+09:00","株式会社マクアケ","開発部","ご担当者","【マクアケ開発部様へ】レガシー刷新と新機能の並走、15分で整理","開発部 ご担当者様

複数プロダクトの大規模UIを内製で抱え、改修と刷新を同時に回すのはご負担が大きいかと存じます。

私たち株式会社レイハウオリは、Web領域を中心に、ITリソースや専門人材が不足しているお客様を支援しています。
社内には、エンジニア・デザイナー・ディレクター・PMなど、各分野のエキスパートが在籍しています。
「何を作ればいいのかわからない」「IT周りをまとめて任せたい」といった0→1のご相談から、「社員の退職に伴うリソース不足を補いたい」といったSESのご要望まで、課題やフェーズに応じて幅広く対応しています。

要望が積み上がる前に着手するほど負荷は軽くなります。ご興味があれば、ご返信ください。

株式会社Lei Hau'oli
（tel）050-5497-3411
（mail）ml.account-sales@leihauoli.com","370","84","83","81","91","合成","0","- モード: 合成 - 部品ごとの採用元: ①件名=opener（社名先頭＋数字の型を採用、長すぎるため短縮）②宛名＋冒頭=replier ③パーソナライズ／課題提示=replier（「新機能は進めたいが改修待ちが積み上がる」の自分事化が3案中最強）④自社紹介＋USP=closer（「唯一」を削り §4 の表現に戻す）⑤FAB+E＋実績=closer ⑥なぜ今=closer ⑦CTA=closer","修正パス(2026-09-18)"
"2026-09-10T08:50:18+09:00","CBcloud株式会社","開発部","ご担当者","【CBcloud様へ】0→1のご相談からSESまで対応","開発部 ご担当者様

CBcloud様のように複数のプロダクトを内製で抱え、開発体制の人手不足でお悩みではないでしょうか。

私たち株式会社レイハウオリは、Web領域を中心に、ITリソースや専門人材が不足しているお客様を支援しています。
社内には、エンジニア・デザイナー・ディレクター・PMなど、各分野のエキスパートが在籍しています。
「何を作ればいいのかわからない」「IT周りをまとめて任せたい」といった0→1のご相談から、「社員の退職に伴うリソース不足を補いたい」といったSESのご要望まで、課題やフェーズに応じて幅広く対応しています。

体制の選択肢を広げられる今のうちにご検討ください。

ご興味があれば、このフォームにご返信ください。

株式会社Lei Hau'oli
（tel）050-5497-3411
（mail）ml.account-sales@leihauoli.com","379","76","86","68","91","合成","0","- モード: 合成 - 部品ごとの採用元: ①件名=replier（社名＋数字を強化） ②宛名＋冒頭2行=replier ③パーソナライズ／課題提示=replier ④自社紹介＋USP=replier ⑤FAB+E＋実績=closer（数字創作部を除去） ⑥なぜ今=opener ⑦CTA=replier ⑧署名=共通 - opener: 強み＝件名に課題仮説語を直入れし転送耐性が高い。弱み＝冒頭が","修正パス(2026-09-18)"
"2026-09-10T08:46:28+09:00","クイック・ネットワーク株式会社","開発部","ご担当者","【UI改修のご相談】0→1のご相談も承ります","開発部 ご担当者様

複数プロダクトのUI改修や機能追加に、社内のリソースだけでは対応しきれない時期はございませんか。

私たち株式会社レイハウオリは、Web領域を中心に、ITリソースや専門人材が不足しているお客様を支援しています。
社内には、エンジニア・デザイナー・ディレクター・PMなど、各分野のエキスパートが在籍しています。
「何を作ればいいのかわからない」「IT周りをまとめて任せたい」といった0→1のご相談から、「社員の退職に伴うリソース不足を補いたい」といったSESのご要望まで、課題やフェーズに応じて幅広く対応しています。

並走のまま今期を越えると、来期も同じ課題が残ります。

ご興味があれば、このフォームにご返信ください。

株式会社Lei Hau'oli
（tel）050-5497-3411
（mail）ml.account-sales@leihauoli.com","378","82","83","84","92","合成","0","- モード: 合成 - 部品ごとの採用元: ①件名=closer ②宛名＋冒頭2行=replier ③パーソナライズ／課題提示=replier ④自社紹介＋USP=replier ⑤FAB+E＋実績=closer（技術スタック）＋opener（コア機能集中→リリース停止回避の因果） ⑥なぜ今=replier ⑦CTA=replier（返信ハードル最小）＋closerの折り返し設計 ⑧署名=共通 -","修正パス(2026-09-18)"
"2026-09-10T08:49:21+09:00","株式会社サイバーセキュリティクラウド","技術部","ご担当者","【管理コンソールのUI開発】0→1のご相談から伴走支援","技術部 ご担当者様

貴社の管理コンソールのUIは製品評価を左右しますが、UI実装まで抱え負荷が平準化しにくいのではないでしょうか。

私たち株式会社レイハウオリは、Web領域を中心に、ITリソースや専門人材が不足しているお客様を支援しています。
社内には、エンジニア・デザイナー・ディレクター・PMなど、各分野のエキスパートが在籍しています。
「何を作ればいいのかわからない」「IT周りをまとめて任せたい」といった0→1のご相談から、「社員の退職に伴うリソース不足を補いたい」といったSESのご要望まで、課題やフェーズに応じて幅広く対応しています。

下期の開発計画が固まる前の今が動きどきです。

ご興味があれば、このフォームにご返信ください。

株式会社Lei Hau'oli
（tel）050-5497-3411
（mail）ml.account-sales@leihauoli.com","381","79","78","80","89","合成","0","- モード: 合成 - 部品ごとの採用元: ①件名=opener（固有ワードを圧縮のうえ closer の「1名から」を接続） ②宛名＋冒頭=opener ③課題提示=closer（「UIが製品評価を左右する」の一撃が強い） ④自社紹介＋USP=closer（ただし「唯一」は§3の根拠なき最上級表現に近いため除去） ⑤FAB+E＝実績=closer ⑥なぜ今=opener＋closer（「下期の開","修正パス(2026-09-18)"
"2026-09-10T08:55:25+09:00","株式会社INFORICH","開発部","ご担当者","【複数プロダクト運営企業向け】0→1からSESまで、開発リソース不足に対応","開発部 ご担当者様

複数プロダクトの大規模UIを内製で抱え、刷新と新機能開発の並走に余力が乏しいのが実情ではないでしょうか。

私たち株式会社レイハウオリは、Web領域を中心に、ITリソースや専門人材が不足しているお客様を支援しています。
社内には、エンジニア・デザイナー・ディレクター・PMなど、各分野のエキスパートが在籍しています。
「何を作ればいいのかわからない」「IT周りをまとめて任せたい」といった0→1のご相談から、「社員の退職に伴うリソース不足を補いたい」といったSESのご要望まで、課題やフェーズに応じて幅広く対応しています。

着手が遅れるほど巻き返しの工数は増えます。

このフォームにご返信ください。

株式会社Lei Hau'oli
（tel）050-5497-3411
（mail）ml.account-sales@leihauoli.com","369","78","85","83","89","合成","0","- モード: 合成 - 部品ごとの採用元: ①件名=opener（数字40＋「複数プロダクト運営企業向け」で自社宛て感が最も強い）／②宛名＋冒頭=replier（課題仮説の直訳で他人事にさせない）／③課題提示=replier／④自社紹介＋USP=replier(2008年設立18年目・9割フロントエンド)＋closer(USP断定)／⑤FAB+E=closer（常駐参画→採用不要→並走できる→美容","修正パス(2026-09-18)"
"2026-09-10T08:53:15+09:00","株式会社コレックホールディングス","開発部","ご担当者","【レガシー刷新と新機能開発の並走に】0→1のご相談からSESまで対応","開発部 ご担当者様

複数プロダクトの大規模UIを内製チームで抱え、レガシー刷新と新機能開発を並走させる負荷は平準化しづらいはずです。

私たち株式会社レイハウオリは、Web領域を中心に、ITリソースや専門人材が不足しているお客様を支援しています。
社内には、エンジニア・デザイナー・ディレクター・PMなど、各分野のエキスパートが在籍しています。
「何を作ればいいのかわからない」「IT周りをまとめて任せたい」といった0→1のご相談から、「社員の退職に伴うリソース不足を補いたい」といったSESのご要望まで、課題やフェーズに応じて幅広く対応しています。

下期の計画が固まる前に整理をおすすめします。

ご興味があれば、ご返信ください。

株式会社Lei Hau'oli
（tel）050-5497-3411
（mail）ml.account-sales@leihauoli.com","375","85","85","79","90","合成","0","- モード: 合成 - 部品ごとの採用元: ①件名=opener ②宛名＋冒頭=replier（openerの課題語で圧縮） ③課題提示=replier ④自社紹介＋USP=opener ⑤FAB+E＋実績=closer（「採用に数か月かけず」＋開発フロー・品質基準の持ち込み） ⑥なぜ今=closer（下期計画） ⑦CTA=replier（4文字返信） ⑧署名=opener - opener: 件","修正パス(2026-09-18)"
"2026-09-10T08:53:04+09:00","HubSpot Japan株式会社","開発部","ご担当者","【0→1からSESまで】UI改修とレガシー刷新の並走を支援","開発部 ご担当者様

複数プロダクトの大規模UIを内製で抱え、新機能開発とレガシー刷新の両立に追われていないでしょうか。

私たち株式会社レイハウオリは、Web領域を中心に、ITリソースや専門人材が不足しているお客様を支援しています。
社内には、エンジニア・デザイナー・ディレクター・PMなど、各分野のエキスパートが在籍しています。
「何を作ればいいのかわからない」「IT周りをまとめて任せたい」といった0→1のご相談から、「社員の退職に伴うリソース不足を補いたい」といったSESのご要望まで、課題やフェーズに応じて幅広く対応しています。

要望を後回しにするほど負荷は増えていきます。

ご興味があれば、このフォームにご返信ください。

株式会社Lei Hau'oli
（tel）050-5497-3411
（mail）ml.account-sales@leihauoli.com","375","77","85","81","91","合成","0","- モード: 合成 - 部品ごとの採用元: ①件名=closer（長さを詰めて短縮） ②宛名＋冒頭2行=replier ③課題提示=replier ④自社紹介＋USP=closer＋replier ⑤FAB+E＋実績=closer ⑥なぜ今=closer ⑦CTA=replier ⑧署名=共通 - opener: 件名に課題仮説の固有ワードを詰め込んだ点は最良だが、件名が長く受信箱で切れる。CTA","修正パス(2026-09-18)"
"2026-09-10T08:52:14+09:00","株式会社アイテック","開発部","ご担当者","【複数プロダクトのUI改修】0→1のご相談から人員不足まで","開発部 ご担当者様

複数プロダクトのUI改修とレガシー刷新が重なり、体制に負荷がかかっていませんか。

私たち株式会社レイハウオリは、Web領域を中心に、ITリソースや専門人材が不足しているお客様を支援しています。
社内には、エンジニア・デザイナー・ディレクター・PMなど、各分野のエキスパートが在籍しています。
「何を作ればいいのかわからない」「IT周りをまとめて任せたい」といった0→1のご相談から、「社員の退職に伴うリソース不足を補いたい」といったSESのご要望まで、課題やフェーズに応じて幅広く対応しています。

下期計画が固まる前の今なら体制に織り込めます。

ご興味があれば、このフォームにご返信ください。

株式会社Lei Hau'oli
（tel）050-5497-3411
（mail）ml.account-sales@leihauoli.com","367","72","73","80","89","合成","0","- モード: 合成 - 部品ごとの採用元: ①件名=opener（短縮）②宛名＋冒頭2行=closer ③課題提示=closer ④自社紹介＋USP=closer ⑤FAB+E＋実績=closer ⑥なぜ今=replier（「下期の開発計画が固まる前の今」）⑦CTA=replier（「詳細希望」返信）を契約力維持のため15分説明とセットに再構成 ⑧署名=closer - opener: 件名の固有","修正パス(2026-09-18)"
"2026-09-10T08:57:08+09:00","ウォンテッドリー株式会社","開発部","ご担当者","【Wantedly開発部向け】複数プロダクト並走のフロントエンド不足に0→1から対応","開発部 ご担当者様

複数プロダクトを内製で抱え、レガシー刷新と新機能開発を並走される中、リソース不足はないでしょうか。

私たち株式会社レイハウオリは、Web領域を中心に、ITリソースや専門人材が不足しているお客様を支援しています。
社内には、エンジニア・デザイナー・ディレクター・PMなど、各分野のエキスパートが在籍しています。
「何を作ればいいのかわからない」「IT周りをまとめて任せたい」といった0→1のご相談から、「社員の退職に伴うリソース不足を補いたい」といったSESのご要望まで、課題やフェーズに応じて幅広く対応しています。

採用市場が厳しい今、外部人材の確保が鍵です。

ご興味があれば、このフォームにご返信ください。

株式会社Lei Hau'oli
（tel）050-5497-3411
（mail）ml.account-sales@leihauoli.com","375","82","80","77","90","合成","0","- モード: 合成 - 部品ごとの採用元: ①件名=opener（短縮再構成） ②宛名＋冒頭2行=opener ③課題提示=opener＋replier ④自社紹介＋USP=closer（9割表現を除去） ⑤FAB+E＝replier＋closer ⑥なぜ今=closer ⑦CTA=replier ⑧署名=closer - opener: 件名に固有社名＋40名を入れた開封設計と、冒頭2行での課題","修正パス(2026-09-18)"
"2026-09-10T08:56:52+09:00","ディグル株式会社","開発部","ご担当者","【0→1対応】ディグル様｜UI改修を支える専門人材のご案内","開発部 ご担当者様

複数のWebサービスでUI改修や新機能追加が続き、フロントエンドのリソースが不足していませんか。

私たち株式会社レイハウオリは、Web領域を中心に、ITリソースや専門人材が不足しているお客様を支援しています。
社内には、エンジニア・デザイナー・ディレクター・PMなど、各分野のエキスパートが在籍しています。
「何を作ればいいのかわからない」「IT周りをまとめて任せたい」といった0→1のご相談から、「社員の退職に伴うリソース不足を補いたい」といったSESのご要望まで、課題やフェーズに応じて幅広く対応しています。

刷新を後回しにするほど改修コストは積み上がります。

ご興味があれば、ご返信ください。

株式会社Lei Hau'oli
（tel）050-5497-3411
（mail）ml.account-sales@leihauoli.com","370","79","79","80","90","合成","0","- モード: 合成 - 部品ごとの採用元: ①件名=closer（社名＋課題語）＋opener（数字40名）②宛名＋冒頭=closer ③課題提示=opener ④自社紹介＋USP=opener ⑤FAB+E=opener／closer ⑥なぜ今=closer＋replier ⑦CTA=replier（低ハードル返信）＋closer（15分の使い道）⑧署名=共通 - opener: 課題仮説の翻訳","修正パス(2026-09-18)"
"2026-09-10T08:53:55+09:00","株式会社TalentX","開発部","ご担当者","【15分】TalentX様のフロントエンド増員、体制のご相談","開発部 ご担当者様

複数プロダクトのUI改修と新機能開発が同時に走り、フロントエンド要員が不足しているのではないでしょうか。

私たち株式会社レイハウオリは、Web領域を中心に、ITリソースや専門人材が不足しているお客様を支援しています。
社内には、エンジニア・デザイナー・ディレクター・PMなど、各分野のエキスパートが在籍しています。
「何を作ればいいのかわからない」「IT周りをまとめて任せたい」といった0→1のご相談から、「社員の退職に伴うリソース不足を補いたい」といったSESのご要望まで、課題やフェーズに応じて幅広く対応しています。

先送りするほど負荷は積み上がります。ご興味あれば本フォームへご返信ください。15分で状況を整理します。

株式会社Lei Hau'oli
（tel）050-5497-3411
（mail）ml.account-sales@leihauoli.com","384","77","82","85","90","合成","0","- モード: 合成 - 部品ごとの採用元: ①件名=closer（社名＋数字）を短縮 ②冒頭2行=replier ③課題提示=replier ④自社紹介＋USP=closer ⑤FAB+E＋実績=closer＋replier（設立年） ⑥なぜ今=closer ⑦CTA=replier（closerの「決裁者と15分」を後段に接続） ⑧署名=共通 - opener: 件名に課題仮説の核心ワードを載せ","修正パス(2026-09-18)"
"2026-09-10T08:57:09+09:00","クロノス株式会社","開発部","ご担当者","【0→1からSESまで】クロノス様のUI改修とレガシー刷新の並走に","開発部 ご担当者様

複数プロダクトを内製で運営される中、UI改修とレガシー刷新の負荷の偏りにお困りではないでしょうか。

私たち株式会社レイハウオリは、Web領域を中心に、ITリソースや専門人材が不足しているお客様を支援しています。
社内には、エンジニア・デザイナー・ディレクター・PMなど、各分野のエキスパートが在籍しています。
「何を作ればいいのかわからない」「IT周りをまとめて任せたい」といった0→1のご相談から、「社員の退職に伴うリソース不足を補いたい」といったSESのご要望まで、課題やフェーズに応じて幅広く対応しています。

要望を溜めるほど、改修の遅延は積み上がります。

ご興味があれば、このフォームにご返信ください。

株式会社Lei Hau'oli
（tel）050-5497-3411
（mail）ml.account-sales@leihauoli.com","376","78","81","86","89","合成","0","- モード: 合成 - 部品ごとの採用元: ①件名=closer（社名入り）＋replierの課題語を接合 ②宛名＝共通形 ③冒頭・課題提示=replier ④自社紹介＋USP=closer ⑤FAB+E＝closer（技術スタック・実績）＋openerの「品質基準ごと参画」 ⑥なぜ今=closer＋openerの「要望を溜めるほど」 ⑦CTA=replier（4文字返信）をフォーム表記に修正 ⑧","修正パス(2026-09-18)"
"2026-09-10T08:58:10+09:00","株式会社エヌ・エイ・シー","開発部","ご担当者","【レガシー刷新×新機能開発の並走に】0→1からSESまで幅広く対応","開発部 ご担当者様

大規模UIを内製で抱え、レガシー刷新と新機能開発の並走で人手が足りない状態ではないでしょうか。

私たち株式会社レイハウオリは、Web領域を中心に、ITリソースや専門人材が不足しているお客様を支援しています。
社内には、エンジニア・デザイナー・ディレクター・PMなど、各分野のエキスパートが在籍しています。
「何を作ればいいのかわからない」「IT周りをまとめて任せたい」といった0→1のご相談から、「社員の退職に伴うリソース不足を補いたい」といったSESのご要望まで、課題やフェーズに応じて幅広く対応しています。

年度後半の今こそ、リソース配分の見直し好機です。

ご興味があれば、このフォームにご返信ください。

株式会社Lei Hau'oli
（tel）050-5497-3411
（mail）ml.account-sales@leihauoli.com","375","86","85","87","94","合成","0","- モード: 合成 - 部品ごとの採用元: ①件名=opener ②宛名＋冒頭2行=replier ③課題提示=replier ④自社紹介＋USP=closer ⑤FAB+E＋実績=closer ⑥なぜ今=closer ⑦CTA=replier ⑧署名=closer - opener: 件名が「レガシー刷新×新機能開発の並走」と課題仮説の固有ワードを直入れし転送判断が一瞬で済む。一方で本文が説明的","修正パス(2026-09-18)"
"2026-09-10T09:00:28+09:00","クラリベイト・アナリティクス・ジャパン株式会社","開発部","ご担当者","【SaaS管理画面向け】0→1の相談からSESまで対応","開発部 ご担当者様

管理画面のフロントエンド改修がバックログに積み上がっていないでしょうか。

私たち株式会社レイハウオリは、Web領域を中心に、ITリソースや専門人材が不足しているお客様を支援しています。
社内には、エンジニア・デザイナー・ディレクター・PMなど、各分野のエキスパートが在籍しています。
「何を作ればいいのかわからない」「IT周りをまとめて任せたい」といった0→1のご相談から、「社員の退職に伴うリソース不足を補いたい」といったSESのご要望まで、課題やフェーズに応じて幅広く対応しています。

年度後半は新規要望が増える時期です。

ご興味があれば、このフォームにご返信ください。

株式会社Lei Hau'oli
（tel）050-5497-3411
（mail）ml.account-sales@leihauoli.com","358","75","80","84","89","合成","0","- モード: 合成 - 部品ごとの採用元: ①件名=opener（短縮）／②宛名＋冒頭2行=opener（A3を修正）／③課題提示=opener＋replier／④自社紹介＋USP=closer＋replier／⑤FAB+E＋実績=closer（Evidenceはreplierの「国内最大級の美容予約サービス」を移植）／⑥なぜ今=closer「年度後半は新規要望が増える」＋replier「今組める","修正パス(2026-09-18)"
"2026-09-10T09:00:24+09:00","株式会社アシロ","開発部","ご担当者","【複数プロダクト内製開発向け】0→1から伴走支援、専門人材で補完","開発部 ご担当者様

複数プロダクトの内製UI開発で、フロントエンドの手が不足していませんか。

改修要望を先送りすると遅延と機会損失が広がります。

私たち株式会社レイハウオリは、Web領域を中心に、ITリソースや専門人材が不足しているお客様を支援しています。
社内には、エンジニア・デザイナー・ディレクター・PMなど、各分野のエキスパートが在籍しています。
「何を作ればいいのかわからない」「IT周りをまとめて任せたい」といった0→1のご相談から、「社員の退職に伴うリソース不足を補いたい」といったSESのご要望まで、課題やフェーズに応じて幅広く対応しています。

ご興味があれば、このフォームにご返信ください。

株式会社Lei Hau'oli
（tel）050-5497-3411
（mail）ml.account-sales@leihauoli.com","365","76","81","73","91","合成","0","- モード: 合成（§4規定「該当箇所を除去すれば素材としては使ってよい」に基づき、失格2案も部品としては採用） - 部品ごとの採用元: ①件名=opener（短縮） ②宛名＋冒頭2行=opener ③課題提示=opener＋replier ④自社紹介＋USP=replier（正しい数字表現）＋closer（USPの言い切り） ⑤FAB+E＋実績=closer ⑥なぜ今=opener（機会損失）＋","修正パス(2026-09-18)"
"2026-09-10T08:57:49+09:00","株式会社ABEJA","開発部","ご担当者","【レガシー刷新と新機能開発の並走に】15分で体制のご相談","開発部 ご担当者様

AIサービスなど複数プロダクトの大規模UIをレガシー刷新と新機能開発で並走させ、負荷が偏っていませんか。

私たち株式会社レイハウオリは、Web領域を中心に、ITリソースや専門人材が不足しているお客様を支援しています。
社内には、エンジニア・デザイナー・ディレクター・PMなど、各分野のエキスパートが在籍しています。
「何を作ればいいのかわからない」「IT周りをまとめて任せたい」といった0→1のご相談から、「社員の退職に伴うリソース不足を補いたい」といったSESのご要望まで、課題やフェーズに応じて幅広く対応しています。

年度後半のリリース計画が固まる今、体制整備の好機です。ご返信にて15分のご都合をお知らせください。

株式会社Lei Hau'oli
（tel）050-5497-3411
（mail）ml.account-sales@leihauoli.com","382","84","82","80","92","合成","0","- モード: 合成 - 部品ごとの採用元: ①件名=opener（+replierの「1名から常駐」を接合） ②宛名＋冒頭2行=opener ③パーソナライズ=opener＋replier（「AIサービスなど複数プロダクト」） ④自社紹介＋USP=closer（1文目のUSP言い切り） ⑤FAB+E＋実績=closer＋opener（品質基準ごと） ⑥なぜ今=closer（年度後半のリリース計画）","修正パス(2026-09-18)"
"2026-09-10T09:01:05+09:00","株式会社ギフトパッド","開発部","ご担当者","【0→1のご相談も】複数プロダクトのUI改修と新機能、両立できていますか","開発部 ご担当者様

複数プロダクトを内製で抱える御社では、UI改修と新機能開発の両立に苦労されていませんか。

私たち株式会社レイハウオリは、Web領域を中心に、ITリソースや専門人材が不足しているお客様を支援しています。
社内には、エンジニア・デザイナー・ディレクター・PMなど、各分野のエキスパートが在籍しています。
「何を作ればいいのかわからない」「IT周りをまとめて任せたい」といった0→1のご相談から、「社員の退職に伴うリソース不足を補いたい」といったSESのご要望まで、課題やフェーズに応じて幅広く対応しています。

放置すればバックログは積み上がり続けます。

ご興味があれば本メールにご返信ください。

株式会社Lei Hau'oli
（tel）050-5497-3411
（mail）ml.account-sales@leihauoli.com","366","83","85","81","89","合成","0","- モード: 合成 - 部品ごとの採用元: ①件名=replier（【】＋数字＋問いかけ）に opener の「複数プロダクト」を注入 ②宛名＋冒頭2行=replier ③課題提示=replier ④自社紹介＋USP=closer ⑤FAB+E＋実績=closer ⑥なぜ今=replier（バックログ／刷新コスト膨張） ⑦CTA=replier の「詳細希望」返信＋closer の15分を後続案内","修正パス(2026-09-18)"
"2026-09-10T13:34:51+09:00","FIRST DEVELOP株式会社","開発部","ご担当者","【フロントエンド負荷】複数プロダクト並走の課題、15分で情報交換しませんか","開発部 ご担当者様

複数プロダクトを内製チームで抱え、フロントエンド担当の手が足りていないのではないでしょうか。

私たち株式会社レイハウオリは、Web領域を中心に、ITリソースや専門人材が不足しているお客様を支援しています。
社内には、エンジニア・デザイナー・ディレクター・PMなど、各分野のエキスパートが在籍しています。
「何を作ればいいのかわからない」「IT周りをまとめて任せたい」といった0→1のご相談から、「社員の退職に伴うリソース不足を補いたい」といったSESのご要望まで、課題やフェーズに応じて幅広く対応しています。

下期の新機能開発が本格化する前が分岐点です。

ご興味があれば、このフォームにご返信ください。

株式会社Lei Hau'oli
（tel）050-5497-3411
（mail）ml.account-sales@leihauoli.com","372","85","86","84","93","合成","0","- モード: 合成 - 部品ごとの採用元: ①件名=replier（【】内に「約40名」を置き、開封面で数字が最初に目に入る。opener案は件名が長く受信一覧で末尾が切れるリスクが高い） ②宛名＋冒頭2行=replier ③パーソナライズ／課題提示=replier ④自社紹介＋USP=closer（「内製を増員せずに刷新と新機能開発を並走できる」がUSPとして最も言い切れている） ⑤FAB+E＋","修正パス(2026-09-18)"
"2026-09-10T08:54:05+09:00","富士フイルム医療ソリューションズ株式会社","開発部","ご担当者","【複数プロダクトのUI改修と新機能開発】体制を15分で整理","開発部 ご担当者様

医療系の複数プロダクトでUI改修と新機能開発が並行し、フロントエンドの手が足りないのではないでしょうか。表示品質への要求が高く、放置はリスクです。

私たち株式会社レイハウオリは、Web領域を中心に、ITリソースや専門人材が不足しているお客様を支援しています。
社内には、エンジニア・デザイナー・ディレクター・PMなど、各分野のエキスパートが在籍しています。
「何を作ればいいのかわからない」「IT周りをまとめて任せたい」といった0→1のご相談から、「社員の退職に伴うリソース不足を補いたい」といったSESのご要望まで、課題やフェーズに応じて幅広く対応しています。

15分程度で体制案をご案内します。ご興味があれば、このフォームにご返信ください。

株式会社Lei Hau'oli
（tel）050-5497-3411
（mail）ml.account-sales@leihauoli.com","394","79","83","85","91","合成","0","- モード: 合成 - 部品ごとの採用元: ①件名=closer（骨格）＋opener（「複数プロダクトのUI改修」の具体語） ②宛名＋冒頭2行=replier ③パーソナライズ／課題提示=replier ④自社紹介＋USP=closer（USP文言は§4原文に寄せて再構成） ⑤FAB+E＝closer ⑥なぜ今=closer（医療系の表示品質・信頼性要求→遅延が利用者体験に直結） ⑦CTA=cl","修正パス(2026-09-18)"
"2026-09-10T09:01:07+09:00","株式会社Leaner Technologies","開発部","ご担当者","【Leaner Technologies様】バックログ解消の道筋を15分で","開発部 ご担当者様

顧客要望による機能追加でレガシー刷新の改修がバックログに積み上がっていませんか。

私たち株式会社レイハウオリは、Web領域を中心に、ITリソースや専門人材が不足しているお客様を支援しています。
社内には、エンジニア・デザイナー・ディレクター・PMなど、各分野のエキスパートが在籍しています。
「何を作ればいいのかわからない」「IT周りをまとめて任せたい」といった0→1のご相談から、「社員の退職に伴うリソース不足を補いたい」といったSESのご要望まで、課題やフェーズに応じて幅広く対応しています。

下期の新機能開発が本格化する前に、15分程度で道筋を整理させてください。本メールへのご返信で日程をお知らせください。

株式会社Lei Hau'oli
（tel）050-5497-3411
（mail）ml.account-sales@leihauoli.com","379","79","86","89","94","合成","0","- モード: 合成 - 部品ごとの採用元: ①件名=closer（社名冒頭）＋replier（数字「40」を追加し開封力を補強） ②宛名＋冒頭2行=replier ③パーソナライズ／課題提示=replier ④自社紹介＋USP=closer ⑤FAB+E＋実績=closer（実績表記は§4準拠に訂正） ⑥なぜ今=replier ⑦CTA=closer ⑧署名=共通 - opener: 件名に課題仮","修正パス(2026-09-18)"
"2026-09-10T09:04:05+09:00","株式会社エスイーアーキテクト","開発部","ご担当者","【複数プロダクト内製企業向け】0→1から支える開発リソース不足解消","開発部 ご担当者様

複数プロダクトの大規模UIを内製で抱え、開発リソースが不足しやすいのではないでしょうか。

私たち株式会社レイハウオリは、Web領域を中心に、ITリソースや専門人材が不足しているお客様を支援しています。
社内には、エンジニア・デザイナー・ディレクター・PMなど、各分野のエキスパートが在籍しています。
「何を作ればいいのかわからない」「IT周りをまとめて任せたい」といった0→1のご相談から、「社員の退職に伴うリソース不足を補いたい」といったSESのご要望まで、課題やフェーズに応じて幅広く対応しています。

年末に向けて改修要望が積み上がる前に、早めの着手が効きます。ご興味があれば、ご返信ください。

株式会社Lei Hau'oli
（tel）050-5497-3411
（mail）ml.account-sales@leihauoli.com","371","79","72","82","88","合成","0","- モード: 合成 - 部品ごとの採用元: ①件名=opener（「専任」→「専門」に修正） ②宛名＋冒頭2行=opener ③パーソナライズ／課題提示=opener ④自社紹介＋USP=opener＋closer（2008年設立＋約40名＋1名からチーム単位） ⑤FAB+E＋実績=closer（設計〜運用改善／開発フロー合流／美容予約サービス／大規模BtoC品質基準） ⑥なぜ今=closer（年","修正パス(2026-09-18)"
"2026-09-10T13:34:53+09:00","CTW株式会社","開発部","ご担当者","【CTW株式会社様】0→1のご相談から並走支援","開発部 ご担当者様

複数のSaaS/ASPプロダクトを運営される御社では、フロントエンドのリソース不足が課題ではないでしょうか。

私たち株式会社レイハウオリは、Web領域を中心に、ITリソースや専門人材が不足しているお客様を支援しています。
社内には、エンジニア・デザイナー・ディレクター・PMなど、各分野のエキスパートが在籍しています。
「何を作ればいいのかわからない」「IT周りをまとめて任せたい」といった0→1のご相談から、「社員の退職に伴うリソース不足を補いたい」といったSESのご要望まで、課題やフェーズに応じて幅広く対応しています。

下期の体制構築が年末のリリース数を左右します。

ご興味があれば、本フォームへご返信ください。

株式会社Lei Hau'oli
（tel）050-5497-3411
（mail）ml.account-sales@leihauoli.com","380","80","84","82","93","合成","0","- モード: 合成 - 部品ごとの採用元: ①件名=closer（社名【】）＋opener（役割ワード） ②宛名＝3案共通 ③パーソナライズ／課題提示=replier ④自社紹介＋USP=closer ⑤FAB+E＋実績=closer（replierの「コア機能に集中」を接続） ⑥なぜ今=replier ⑦CTA=closer（15分の論点提示）＋replier（返信1アクション） ⑧署名=clo","修正パス(2026-09-18)"
"2026-09-10T13:36:32+09:00","株式会社リアークスファインド","開発部","ご担当者","【不動産賃貸・仲介SaaS向け】管理画面改修のバックログ解消、15分で現状整理","開発部 ご担当者様

不動産賃貸・仲介SaaSを複数プロダクトで展開される貴社では、管理画面改修のバックログが積み上がっていないでしょうか。
機能追加が続くほど改修負荷は積み上がります。

私たち株式会社レイハウオリは、Web領域を中心に、ITリソースや専門人材が不足しているお客様を支援しています。
社内には、エンジニア・デザイナー・ディレクター・PMなど、各分野のエキスパートが在籍しています。
「何を作ればいいのかわからない」「IT周りをまとめて任せたい」といった0→1のご相談から、「社員の退職に伴うリソース不足を補いたい」といったSESのご要望まで、課題やフェーズに応じて幅広く対応しています。

15分程度お話しできればと存じます。

株式会社Lei Hau'oli
（tel）050-5497-3411
（mail）ml.account-sales@leihauoli.com","380","83","82","82","92","合成","0","- モード: 合成 - 部品ごとの採用元: ①件名=opener ②宛名＋冒頭=opener ③課題提示=replier ④自社紹介＋USP=closer ⑤FAB+E＋実績=closer（＋openerの「2008年設立」） ⑥なぜ今=closer ⑦CTA=opener（replierの摩擦低減発想を反映し「返信」1動作に固定） ⑧署名=共通 - opener: 件名に「不動産賃貸・仲介Saa","修正パス(2026-09-18)"
"2026-09-10T13:36:43+09:00","キッコーマンバイオケミファ株式会社","情報システム部","ご担当者","【医療機器メーカー様へ】専任者不在の開発課題を0→1から支援","情報システム部 ご担当者様

貴社では、フロントエンドの専任者が不在で、外注先ごとに品質がばらつくといった課題はないでしょうか。

私たち株式会社レイハウオリは、Web領域を中心に、ITリソースや専門人材が不足しているお客様を支援しています。
社内には、エンジニア・デザイナー・ディレクター・PMなど、各分野のエキスパートが在籍しています。
「何を作ればいいのかわからない」「IT周りをまとめて任せたい」といった0→1のご相談から、「社員の退職に伴うリソース不足を補いたい」といったSESのご要望まで、課題やフェーズに応じて幅広く対応しています。

年度後半の計画が固まる前の今なら間に合います。このフォームにご返信ください。

株式会社Lei Hau'oli
（tel）050-5497-3411
（mail）ml.account-sales@leihauoli.com","372","85","81","83","90","合成","0","- モード: 合成 - 部品ごとの採用元: ①件名=opener（短縮）②宛名＋冒頭2行=closer（「医療機器を手がける貴社では」の業種明示）③課題提示=replier（「専任者不在／品質ばらつき／並走で平準化できない」の社内語への翻訳）④自社紹介＋USP=closer＋opener（「エンジニアだけで約40名」の“〜だけ”表現）⑤FAB+E=closer（直請け＋美容予約サービス）＋repl","修正パス(2026-09-18)"
"2026-09-10T13:37:23+09:00","株式会社アローリンク","開発部","ご担当者","【15分で相談】複数プロダクトのUI刷新と新機能開発を止めない体制作り","開発部 ご担当者様

複数のWebサービスを運営される御社では、UI改修と新機能開発の要望が重なっていないでしょうか。
放置するほど負荷が積み上がり、リリース遅延に波及します。

私たち株式会社レイハウオリは、Web領域を中心に、ITリソースや専門人材が不足しているお客様を支援しています。
社内には、エンジニア・デザイナー・ディレクター・PMなど、各分野のエキスパートが在籍しています。
「何を作ればいいのかわからない」「IT周りをまとめて任せたい」といった0→1のご相談から、「社員の退職に伴うリソース不足を補いたい」といったSESのご要望まで、課題やフェーズに応じて幅広く対応しています。

15分ほどお話しませんか。ご興味があればご返信ください。

株式会社Lei Hau'oli
（tel）050-5497-3411
（mail）ml.account-sales@leihauoli.com","385","77","83","83","92","合成","0","- モード: 合成 - 部品ごとの採用元: ①件名=closer（【エンジニア約40名】の具体数字）＋opener（課題ワード「レガシー刷新／新機能開発」）を短縮統合 ②宛名＋冒頭=replier ③パーソナライズ／課題提示=replier ④自社紹介＋USP=closer（「数少ない」除去）＋replier（技術スタック） ⑤FAB+E＝closer ⑥なぜ今=replier＋closer統合 ","修正パス(2026-09-18)"
"2026-09-10T13:38:32+09:00","株式会社ブリーズシェアード","開発部","ご担当者","【開発リソース不足】複数プロダクト・大規模UIの開発体制を0→1から支援","開発部 ご担当者様

複数のプロダクトと大規模UIを内製チームで抱え、レガシー刷新と新機能開発の並走でリソースが逼迫していませんか。

私たち株式会社レイハウオリは、Web領域を中心に、ITリソースや専門人材が不足しているお客様を支援しています。
社内には、エンジニア・デザイナー・ディレクター・PMなど、各分野のエキスパートが在籍しています。
「何を作ればいいのかわからない」「IT周りをまとめて任せたい」といった0→1のご相談から、「社員の退職に伴うリソース不足を補いたい」といったSESのご要望まで、課題やフェーズに応じて幅広く対応しています。

下期の開発計画を固める今、分担先の検討をおすすめします。

ご興味があれば、ご返信ください。

株式会社Lei Hau'oli
（tel）050-5497-3411
（mail）ml.account-sales@leihauoli.com","380","84","85","83","93","合成","0","- モード: 合成 - 部品ごとの採用元: ①件名=opener（キーワード）＋closer（「1名から」）を圧縮合成 ②宛名＋冒頭2行=opener ③課題提示=opener ④自社紹介＋USP=replier（「約40名の9割」「直請け」）＋closer（「1名からチーム単位で供給できるのが強み」） ⑤FAB+E=opener＋replier ⑥なぜ今=replier（下期計画を固める前） ⑦","修正パス(2026-09-18)"
"2026-09-10T13:38:50+09:00","株式会社クラフ","技術部","ご担当者","【0→1からSESまで】セキュリティ専任エンジニアをUI実装から解放する","技術部 ご担当者様

セキュリティ専任エンジニアがUI実装まで抱え、刷新と新機能開発が同時に詰まっていませんか。

私たち株式会社レイハウオリは、Web領域を中心に、ITリソースや専門人材が不足しているお客様を支援しています。
社内には、エンジニア・デザイナー・ディレクター・PMなど、各分野のエキスパートが在籍しています。
「何を作ればいいのかわからない」「IT周りをまとめて任せたい」といった0→1のご相談から、「社員の退職に伴うリソース不足を補いたい」といったSESのご要望まで、課題やフェーズに応じて幅広く対応しています。

今期のロードマップ策定は今が好機です。ご興味があればご返信ください。

株式会社Lei Hau'oli
（tel）050-5497-3411
（mail）ml.account-sales@leihauoli.com","360","82","84","75","90","合成","0","- モード: 合成（opener + replier の2案から再構成。closerは絶対条件A1違反のため素材から除外） - 部品ごとの採用元: ①件名=replier【】部＋openerフレーズ ②冒頭2行=replier ③課題提示=replier ④自社紹介=replier（2008年設立）＋opener（技術スタック・40名） ⑤USP＋FAB+E=opener ⑥なぜ今=replier","修正パス(2026-09-18)"
"2026-09-10T13:39:11+09:00","株式会社ジラフ","開発部","ご担当者","【15分で完了】複数プロダクトを運用中の開発部様へ","開発部 ご担当者様

複数プロダクトを内製チームで運用される御社の開発体制についてご連絡しました。

私たち株式会社レイハウオリは、Web領域を中心に、ITリソースや専門人材が不足しているお客様を支援しています。
社内には、エンジニア・デザイナー・ディレクター・PMなど、各分野のエキスパートが在籍しています。
「何を作ればいいのかわからない」「IT周りをまとめて任せたい」といった0→1のご相談から、「社員の退職に伴うリソース不足を補いたい」といったSESのご要望まで、課題やフェーズに応じて幅広く対応しています。

負荷は放置するほど積み上がります。ご返信にて15分ほどお時間いただけますでしょうか。

株式会社Lei Hau'oli
（tel）050-5497-3411
（mail）ml.account-sales@leihauoli.com","361","76","84","82","90","合成","0","- モード: 合成 - 部品ごとの採用元: ①件名=replier ②宛名＋冒頭2行=replier ③課題提示=replier（opener の「並走」観点を吸収） ④自社紹介＋USP=closer ⑤FAB+E=closer ⑥なぜ今=closer（「今期後半の開発計画が固まる前に」） ⑦CTA=closer（15分）＋replier の返信一本化を融合 ⑧署名=共通 - opener: 課題","修正パス(2026-09-18)"
"2026-09-10T13:40:19+09:00","株式会社ステップITソリューション","開発部","ご担当者","【0→1〜SES】複数プロダクトのUI改修と新機能開発、繁忙期の増員相談","開発部 ご担当者様

複数プロダクトのUI改修と新機能開発を同じ内製メンバーで回し、繁忙期の増員が間に合わない状況ではないでしょうか。

私たち株式会社レイハウオリは、Web領域を中心に、ITリソースや専門人材が不足しているお客様を支援しています。
社内には、エンジニア・デザイナー・ディレクター・PMなど、各分野のエキスパートが在籍しています。
「何を作ればいいのかわからない」「IT周りをまとめて任せたい」といった0→1のご相談から、「社員の退職に伴うリソース不足を補いたい」といったSESのご要望まで、課題やフェーズに応じて幅広く対応しています。

下期の体制を組む今が節目です。

ご興味があれば、ご返信ください。

株式会社Lei Hau'oli
（tel）050-5497-3411
（mail）ml.account-sales@leihauoli.com","368","85","89","83","94","合成","0","- モード: 合成 - 部品ごとの採用元: ①件名=opener（固有ワード）＋replier（「1名から」の数字）を統合 ②宛名＋冒頭2行=replier ③パーソナライズ／課題提示=replier＋opener（「受託開発とソーシャルゲーム」の固有名詞）④自社紹介＋USP=closer（USPを1文で言い切る構文）⑤FAB+E=closer ⑥なぜ今=closer（機会損失）＋replier（","修正パス(2026-09-18)"
"2026-09-10T13:39:46+09:00","X Corp.Japan株式会社","開発部","ご担当者","【0→1からSESまで】クライアント案件の要員不足を解消します","開発部 ご担当者様

複数プロダクトの大規模UIを内製で抱え、レガシー刷新と新機能開発の並走で負荷が偏りがちではないでしょうか。

私たち株式会社レイハウオリは、Web領域を中心に、ITリソースや専門人材が不足しているお客様を支援しています。
社内には、エンジニア・デザイナー・ディレクター・PMなど、各分野のエキスパートが在籍しています。
「何を作ればいいのかわからない」「IT周りをまとめて任せたい」といった0→1のご相談から、「社員の退職に伴うリソース不足を補いたい」といったSESのご要望まで、課題やフェーズに応じて幅広く対応しています。

下期の計画を固めるこの時期を逃すと負荷はさらに膨らみます。

ご興味があれば、ご返信ください。

株式会社Lei Hau'oli
（tel）050-5497-3411
（mail）ml.account-sales@leihauoli.com","379","84","84","85","91","合成","0","- モード: 合成 - 部品ごとの採用元: ①件名=closer(【約40名】の信頼数字)＋opener(「クライアント案件の要員不足」の痛点語)のハイブリッド ②宛名＋冒頭=replier ③課題提示=replier ④自社紹介＋USP=opener(設立年)＋closer(技術スタック) ⑤FAB+E=replier(開発フローをそのまま持ち込む)＋opener(即戦力確保) ⑥なぜ今=clo","修正パス(2026-09-18)"
"2026-09-10T13:41:56+09:00","株式会社ダブルクロップ","開発部","ご担当者","【0→1からSESまで】複数プロダクトの開発負荷を解消","開発部 ご担当者様

複数プロダクトの大規模UIを内製で抱え、フロントエンドの手が足りない場面が増えていませんか。

下期の開発計画を固める今が対応の好機です。

私たち株式会社レイハウオリは、Web領域を中心に、ITリソースや専門人材が不足しているお客様を支援しています。
社内には、エンジニア・デザイナー・ディレクター・PMなど、各分野のエキスパートが在籍しています。
「何を作ればいいのかわからない」「IT周りをまとめて任せたい」といった0→1のご相談から、「社員の退職に伴うリソース不足を補いたい」といったSESのご要望まで、課題やフェーズに応じて幅広く対応しています。

ご興味があれば、このメールにご返信ください。

株式会社Lei Hau'oli
（tel）050-5497-3411
（mail）ml.account-sales@leihauoli.com","370","84","87","86","94","合成","0","- モード: 合成 - 部品ごとの採用元: ①件名=replier ②宛名＋冒頭2行=replier ③パーソナライズ／課題提示=replier（openerの「クライアント案件の供給不足」を統合） ④自社紹介＋USP=closer ⑤FAB+E＋実績=closer（replierの「2008年設立」を加算） ⑥なぜ今=replier（下期計画）＋closer（遅延蓄積）を1文に圧縮 ⑦CTA=c","修正パス(2026-09-18)"
"2026-09-10T13:42:31+09:00","株式会社TimeTree","開発部","ご担当者","【15分】TimeTree開発部様へ 体制強化のご相談","開発部 ご担当者様

TimeTreeでは複数プロダクトの大規模UIで、新機能開発と刷新の並走にお悩みではないでしょうか。

私たち株式会社レイハウオリは、Web領域を中心に、ITリソースや専門人材が不足しているお客様を支援しています。
社内には、エンジニア・デザイナー・ディレクター・PMなど、各分野のエキスパートが在籍しています。
「何を作ればいいのかわからない」「IT周りをまとめて任せたい」といった0→1のご相談から、「社員の退職に伴うリソース不足を補いたい」といったSESのご要望まで、課題やフェーズに応じて幅広く対応しています。

年末に向けUI改修要望が増える前の今、体制のご相談です。
ご興味あれば、本メールにご返信ください。

株式会社Lei Hau'oli
（tel）050-5497-3411
（mail）ml.account-sales@leihauoli.com","379","79","84","84","93","合成","0","- モード: 合成 - 部品ごとの採用元: ①件名=replier（社名＋数字で自社宛て感が最強）②宛名＋冒頭2行=replier ③パーソナライズ／課題提示=replier（担当者の口調への翻訳）④自社紹介＋USP=closer（USPを言い切り）⑤FAB+E＋実績=closer＋opener（技術スタックはopener、品質基準の持込みはcloser）⑥なぜ今=replier＋closer（年","修正パス(2026-09-18)"
"2026-09-10T13:42:53+09:00","AI inside株式会社","開発部","ご担当者","【AI inside様向け】複数プロダクト並走の負荷を、0→1体制で解消","開発部 ご担当者様

AI inside様は複数のクラウド・SaaSを展開され、大規模UIを内製で運用されていらっしゃいます。

私たち株式会社レイハウオリは、Web領域を中心に、ITリソースや専門人材が不足しているお客様を支援しています。
社内には、エンジニア・デザイナー・ディレクター・PMなど、各分野のエキスパートが在籍しています。
「何を作ればいいのかわからない」「IT周りをまとめて任せたい」といった0→1のご相談から、「社員の退職に伴うリソース不足を補いたい」といったSESのご要望まで、課題やフェーズに応じて幅広く対応しています。

並走の負荷は、先送りするほど蓄積します。

ご興味があれば、ご返信ください。

株式会社Lei Hau'oli
（tel）050-5497-3411
（mail）ml.account-sales@leihauoli.com","368","80","83","89","95","合成","0","- モード: 合成 - 部品ごとの採用元: ①件名=closer（社名入りで開封力最上位、数字「1名」あり） ②宛名＋冒頭2行=closer ③パーソナライズ／課題提示=replier（事業内容「クラウド・SaaS」＋課題仮説の翻訳）＋opener（並走の負荷平準化） ④自社紹介＋USP=closer（USP言い切り、ただし「私どもだけです」は「フロントエンド特化の私どもだけです」と特化条件を明示","修正パス(2026-09-18)"
"2026-09-10T13:44:18+09:00","デンケン・ハイデンタル株式会社","情報システム部","ご担当者","【製品サイト×社内システムのWeb化】外注品質のばらつきを解消する0→1支援","情報システム部 ご担当者様

製品情報サイトや社内システムのWeb化を進めたくても、フロント専任者が社内にいない状況ではないでしょうか。

私たち株式会社レイハウオリは、Web領域を中心に、ITリソースや専門人材が不足しているお客様を支援しています。
社内には、エンジニア・デザイナー・ディレクター・PMなど、各分野のエキスパートが在籍しています。
「何を作ればいいのかわからない」「IT周りをまとめて任せたい」といった0→1のご相談から、「社員の退職に伴うリソース不足を補いたい」といったSESのご要望まで、課題やフェーズに応じて幅広く対応しています。

外注先切り替えのたびに、共有コストが積み上がります。ご興味があれば、ご返信ください。

株式会社Lei Hau'oli
（tel）050-5497-3411
（mail）ml.account-sales@leihauoli.com","380","76","82","87","90","合成","0","- モード: **合成** - 部品ごとの採用元: ①件名=opener（創作箇所を含まないため無傷で採用）／②宛名＋冒頭2行=replier（「医療機器メーカーとして」で業種を明示）／③パーソナライズ・課題提示=replier／④自社紹介＋USP=closer（「約40名を1名からチーム単位で常駐させる開発支援会社」の一文でQ2とQ6を同時に処理）／⑤FAB+E=closer／⑥なぜ今=repl","修正パス(2026-09-18)"
"2026-09-10T13:43:07+09:00","株式会社カナリー","開発部","ご担当者","【15分で相談可能】複数プロダクトのUI改修と新機能開発、並走できていますか","開発部 ご担当者様

複数プロダクトのUI改修と新機能開発を、開発部だけで並走させるのは負荷が大きいはずです。

私たち株式会社レイハウオリは、Web領域を中心に、ITリソースや専門人材が不足しているお客様を支援しています。
社内には、エンジニア・デザイナー・ディレクター・PMなど、各分野のエキスパートが在籍しています。
「何を作ればいいのかわからない」「IT周りをまとめて任せたい」といった0→1のご相談から、「社員の退職に伴うリソース不足を補いたい」といったSESのご要望まで、課題やフェーズに応じて幅広く対応しています。

年度後半は改修要望が積み上がる時期です。

15分、ご都合を返信で教えてください。

株式会社Lei Hau'oli
（tel）050-5497-3411
（mail）ml.account-sales@leihauoli.com","364","81","83","78","89","合成","0","- モード: 合成 - 部品ごとの採用元: ①件名=opener（権威数字）＋replier（問いかけ型）のハイブリッド ②宛名＋冒頭=opener ③パーソナライズ／課題提示=replier ④自社紹介＋USP=replier ⑤FAB+E＋実績=opener／replier ⑥なぜ今=closer（季節性）＋replier（採用リードタイム） ⑦CTA=opener（15分情報交換）＋repl","修正パス(2026-09-18)"
"2026-09-10T13:45:34+09:00","株式会社東京通信グループ","開発部","ご担当者","【複数プロダクト×大規模UI改修に】15分で貴社の負荷配分を整理","開発部 ご担当者様

複数プロダクトのUI改修と新機能開発を内製チームで並走させ、フロントエンドの負荷が平準化できずにいませんか。

私たち株式会社レイハウオリは、Web領域を中心に、ITリソースや専門人材が不足しているお客様を支援しています。
社内には、エンジニア・デザイナー・ディレクター・PMなど、各分野のエキスパートが在籍しています。
「何を作ればいいのかわからない」「IT周りをまとめて任せたい」といった0→1のご相談から、「社員の退職に伴うリソース不足を補いたい」といったSESのご要望まで、課題やフェーズに応じて幅広く対応しています。

負荷の偏りは放置するほど積み上がります。

ご興味があれば、このフォームにご返信ください。

株式会社Lei Hau'oli
（tel）050-5497-3411
（mail）ml.account-sales@leihauoli.com","378","83","67","87","90","合成","0","- モード: 合成 - 部品ごとの採用元: ①件名=opener ②宛名＋冒頭=opener（圧縮） ③課題提示=opener ④自社紹介＋USP=closer ⑤FAB+E＋実績=closer ⑥なぜ今=closer「放置するほど積み上がる」＋opener「今期の計画が固まる前」 ⑦CTA=closer（決裁者名指し＋15分） ⑧署名=opener/closer共通 - opener: 件名に相","修正パス(2026-09-18)"
"2026-09-10T13:45:52+09:00","株式会社スマートドライブ","開発部","ご担当者","【0→1支援】複数プロダクトのUI刷新と新機能開発、並走できていますか","開発部 ご担当者様

複数プロダクトのUI刷新と新機能開発の並走は、人員面で負荷が大きいかと存じます。

私たち株式会社レイハウオリは、Web領域を中心に、ITリソースや専門人材が不足しているお客様を支援しています。
社内には、エンジニア・デザイナー・ディレクター・PMなど、各分野のエキスパートが在籍しています。
「何を作ればいいのかわからない」「IT周りをまとめて任せたい」といった0→1のご相談から、「社員の退職に伴うリソース不足を補いたい」といったSESのご要望まで、課題やフェーズに応じて幅広く対応しています。

下期の開発体制を固めるこの時期を逃すと後回しになります。

ご興味があれば返信ください。

株式会社Lei Hau'oli
（tel）050-5497-3411
（mail）ml.account-sales@leihauoli.com","363","64","83","82","87","合成","0","- モード: 合成 - 部品ごとの採用元: ①件名=replier（疑問形フック）＋closer（40名の数字）②宛名＋冒頭2行=closer＋replier ③課題提示＝replier（社内の生声への翻訳）④自社紹介＋USP=closer（「フロントエンド特化の開発支援会社」で一言化を補強）⑤FAB+E=closer ⑥なぜ今=closer（機会損失の明示）⑦CTA=replier（低ハードル返","修正パス(2026-09-18)"
"2026-09-10T13:45:42+09:00","株式会社GameWith","開発部","ご担当者","【複数プロダクト】UI改修と新機能開発、フロントエンド人員のご相談(15分で相談)","開発部 ご担当者様

複数プロダクトのUI改修と新機能開発が重なり、フロントエンドの手が足りていないのではないでしょうか。

私たち株式会社レイハウオリは、Web領域を中心に、ITリソースや専門人材が不足しているお客様を支援しています。
社内には、エンジニア・デザイナー・ディレクター・PMなど、各分野のエキスパートが在籍しています。
「何を作ればいいのかわからない」「IT周りをまとめて任せたい」といった0→1のご相談から、「社員の退職に伴うリソース不足を補いたい」といったSESのご要望まで、課題やフェーズに応じて幅広く対応しています。

下期の計画が固まる前の今なら、柔軟に対応可能です。ご興味があれば、このフォームにご返信ください。

株式会社Lei Hau'oli
（tel）050-5497-3411
（mail）ml.account-sales@leihauoli.com","379","77","80","87","91","合成","0","- モード: 合成 - 部品ごとの採用元: ①件名=replier ②宛名＋冒頭2行=replier ③パーソナライズ／課題提示=replier ④自社紹介＋USP=closer＋opener（設立年・技術スタック）⑤FAB+E＋実績=closer ⑥なぜ今=replier（下期計画）＋closer（採用リードタイム）を1文に統合 ⑦CTA=replier（5文字返信の低ハードル）＋closer（","修正パス(2026-09-18)"
"2026-09-10T13:46:44+09:00","ちゅらデータ株式会社","開発部","ご担当者","【UI改修と刷新の並走にお悩みの開発部様へ】0→1のご相談からSESまで柔軟対応","開発部 ご担当者様

教育系Webサービスを複数プロダクトで運営され、UI改修と新機能の要望が同時に積み上がっていませんか。

私たち株式会社レイハウオリは、Web領域を中心に、ITリソースや専門人材が不足しているお客様を支援しています。
社内には、エンジニア・デザイナー・ディレクター・PMなど、各分野のエキスパートが在籍しています。
「何を作ればいいのかわからない」「IT周りをまとめて任せたい」といった0→1のご相談から、「社員の退職に伴うリソース不足を補いたい」といったSESのご要望まで、課題やフェーズに応じて幅広く対応しています。

着手が遅れるほど、次のリリース計画に影響します。ご興味があれば、本メールにご返信ください。

株式会社Lei Hau'oli
（tel）050-5497-3411
（mail）ml.account-sales@leihauoli.com","377","82","91","83","94","合成","0","- モード: 合成 - 部品ごとの採用元: ①件名=replier（【】内が短く数字2つ、末尾に相手属性）②宛名＋冒頭=opener（「教育系Webサービスを複数プロダクトで運営」が業態特定性最強）③課題提示=opener＋closer（「レガシー刷新と並走／フロントエンド人員が慢性的に不足」）④自社紹介＋USP=closer（「1名からチーム単位で供給できる」を第2段落頭に）⑤FAB+E=clo","修正パス(2026-09-18)"
"2026-09-10T13:46:50+09:00","株式会社L is B","開発部","ご担当者","【15分診断】複数プロダクト並走のUI刷新・レガシー刷新、負荷平準化のご相談","開発部 ご担当者様

複数のSaaSプロダクトを内製チームで抱え、UI改修が後回しになっていませんか。

私たち株式会社レイハウオリは、Web領域を中心に、ITリソースや専門人材が不足しているお客様を支援しています。
社内には、エンジニア・デザイナー・ディレクター・PMなど、各分野のエキスパートが在籍しています。
「何を作ればいいのかわからない」「IT周りをまとめて任せたい」といった0→1のご相談から、「社員の退職に伴うリソース不足を補いたい」といったSESのご要望まで、課題やフェーズに応じて幅広く対応しています。

UI要望は滞留するほど改修コストが増えます。

ご興味があれば、このフォームにご返信ください。

株式会社Lei Hau'oli
（tel）050-5497-3411
（mail）ml.account-sales@leihauoli.com","366","80","83","82","90","合成","0","- モード: 合成 - 部品ごとの採用元: ①件名=replier ②宛名＋冒頭2行=replier ③課題提示=replier ④自社紹介＋USP=closer ⑤FAB+E＋実績=closer（「別チームで動かせる」の論点のみreplier） ⑥なぜ今=closer（滞留コスト）＋replier（採用リードタイム） ⑦CTA=replier（6文字返信）＋closerの15分を1アクション内に","修正パス(2026-09-18)"
"2026-09-10T13:50:48+09:00","Sasuke Financial Lab株式会社","開発部","ご担当者","【0→1から対応】管理画面・ダッシュボードのバックログ解消","開発部 ご担当者様

管理画面・ダッシュボードのフロントエンド改修がバックログに積み上がっていませんか。

私たち株式会社レイハウオリは、Web領域を中心に、ITリソースや専門人材が不足しているお客様を支援しています。
社内には、エンジニア・デザイナー・ディレクター・PMなど、各分野のエキスパートが在籍しています。
「何を作ればいいのかわからない」「IT周りをまとめて任せたい」といった0→1のご相談から、「社員の退職に伴うリソース不足を補いたい」といったSESのご要望まで、課題やフェーズに応じて幅広く対応しています。

積み上がるほど刷新の工数もリスクも膨らみます。

ご興味があれば、ご返信ください。

株式会社Lei Hau'oli
（tel）050-5497-3411
（mail）ml.account-sales@leihauoli.com","361","83","87","78","92","合成","0","- モード: 合成 - 部品ごとの採用元: ①件名=replier（openerの「ダッシュボード」を語彙のみ移植） ②宛名＋冒頭=replier ③課題提示=replier ④自社紹介＋USP=replier（USP文言は§4準拠に修正） ⑤FAB+E=closer（品質基準の持ち込み→内製がコアに集中→リリースが止まらない） ⑥なぜ今=opener＋replier（工数・リスク膨張＋下期） ⑦","修正パス(2026-09-18)"
"2026-09-10T13:50:09+09:00","株式会社iCARE","開発部","ご担当者","【iCARE開発部様】0→1の相談からSESまで、開発体制の課題を幅広く支援","開発部 ご担当者様

複数プロダクトの内製開発とレガシー刷新の並走で、負荷が偏っていませんか。

私たち株式会社レイハウオリは、Web領域を中心に、ITリソースや専門人材が不足しているお客様を支援しています。
社内には、エンジニア・デザイナー・ディレクター・PMなど、各分野のエキスパートが在籍しています。
「何を作ればいいのかわからない」「IT周りをまとめて任せたい」といった0→1のご相談から、「社員の退職に伴うリソース不足を補いたい」といったSESのご要望まで、課題やフェーズに応じて幅広く対応しています。

着手が遅れるほど改修コストは膨らみます。ご興味があれば、ご返信ください。

株式会社Lei Hau'oli
（tel）050-5497-3411
（mail）ml.account-sales@leihauoli.com","353","80","81","80","92","合成","0","- モード: 合成 - 部品ごとの採用元: ①件名=replier（社名【iCARE開発部様】）＋opener（数字40名）／②宛名＝共通／③冒頭・課題提示=replier＋closer／④USP=closer（「唯一」を除去し§4のUSP一言に戻す）／⑤FAB+E＋実績=closer／⑥なぜ今=opener（下期の要望積み上がり）＋closer（着手遅延＝改修コスト増）／⑦CTA=replier","修正パス(2026-09-18)"
"2026-09-10T13:50:45+09:00","株式会社TMソリューション","開発部","ご担当者","【0→1】複数プロダクトのフロントエンド体制、繁忙期に向けて補強","開発部 ご担当者様

複数プロダクトの大規模UIを内製で抱えながら、繁忙期にフロントエンドの手が足りなくなる時期があるのではないでしょうか。

私たち株式会社レイハウオリは、Web領域を中心に、ITリソースや専門人材が不足しているお客様を支援しています。
社内には、エンジニア・デザイナー・ディレクター・PMなど、各分野のエキスパートが在籍しています。
「何を作ればいいのかわからない」「IT周りをまとめて任せたい」といった0→1のご相談から、「社員の退職に伴うリソース不足を補いたい」といったSESのご要望まで、課題やフェーズに応じて幅広く対応しています。

下期の繁忙期に備え、今のうちのご検討をおすすめします。

ご興味があれば本フォームにご返信ください。

株式会社Lei Hau'oli
（tel）050-5497-3411
（mail）ml.account-sales@leihauoli.com","388","79","81","84","90","合成","0","- モード: 合成 - 部品ごとの採用元: ①件名=closer（【1名から】）＋opener（40名）②宛名・冒頭2行=closer ③課題提示=closer ④自社紹介＋USP=opener/closer ⑤FAB+E=closer＋opener（美容予約サービス実績）⑥なぜ今=replier（下期繁忙期）＋closer（前倒し確保）⑦CTA=replier（「詳細希望」返信）⑧署名=共通 -","修正パス(2026-09-18)"
"2026-09-10T13:51:05+09:00","ITF合同会社","開発部","ご担当者","【医療・福祉Web運営向け】繁忙期のリソース不足を15分で整理","開発部 ご担当者様

医療・福祉領域でWebサービスを複数運営される貴社では、繁忙期に稼働が上下しやすいかと拝察します。

私たち株式会社レイハウオリは、Web領域を中心に、ITリソースや専門人材が不足しているお客様を支援しています。
社内には、エンジニア・デザイナー・ディレクター・PMなど、各分野のエキスパートが在籍しています。
「何を作ればいいのかわからない」「IT周りをまとめて任せたい」といった0→1のご相談から、「社員の退職に伴うリソース不足を補いたい」といったSESのご要望まで、課題やフェーズに応じて幅広く対応しています。

繁忙期に入ってから動き出すと対応が遅れます。

ご興味があれば、このフォームにご返信ください。

株式会社Lei Hau'oli
（tel）050-5497-3411
（mail）ml.account-sales@leihauoli.com","375","83","83","84","91","合成","0","- モード: 合成 - 部品ごとの採用元: ①件名=opener（固有ワード）＋replier（短さ）②宛名＋冒頭2行=opener ③課題提示=opener＋replier ④USP＝closer ⑤FAB+E・実績=closer ⑥なぜ今=closer ⑦CTA=closer（15分）＋replier（5文字返信のハードル低減）⑧署名=共通 - opener: 医療・福祉＋複数プロダクトの固有","修正パス(2026-09-18)"
"2026-09-10T13:53:14+09:00","株式会社Matchbox Technologies","開発部","ご担当者","【15分】複数プロダクトのフロントエンド増員のご相談","開発部 ご担当者様

複数プロダクトのUI改修とレガシー刷新が重なり、要員確保に苦慮されていませんか。

私たち株式会社レイハウオリは、Web領域を中心に、ITリソースや専門人材が不足しているお客様を支援しています。
社内には、エンジニア・デザイナー・ディレクター・PMなど、各分野のエキスパートが在籍しています。
「何を作ればいいのかわからない」「IT周りをまとめて任せたい」といった0→1のご相談から、「社員の退職に伴うリソース不足を補いたい」といったSESのご要望まで、課題やフェーズに応じて幅広く対応しています。

負荷が高まるほど対応は後回しになります。15分だけお時間いただけませんか。

株式会社Lei Hau'oli
（tel）050-5497-3411
（mail）ml.account-sales@leihauoli.com","358","81","84","77","90","合成","0","- モード: 合成 - 部品ごとの採用元: ①件名=replier（短さ・【1名〜】）＋opener（数字40名・複数プロダクト）を圧縮合成 ②宛名＋冒頭2行=replier ③課題提示=replier ④自社紹介＋USP=replier（設立年＋9割フロントエンド）⑤FAB+E=closer（大規模UIの設計・運用フローをそのまま持ち込む）⑥なぜ今=replier（機会損失の論理）⑦CTA=cl","修正パス(2026-09-18)"
"2026-09-10T13:51:42+09:00","株式会社エニシアス","開発部","ご担当者","【管理画面の改修バックログ】0→1のご相談から繁忙期のSESまで対応可能です","開発部 ご担当者様

SaaS・ASPを複数展開される貴社では、管理画面改修のフロントエンドリソースが不足していませんか。

私たち株式会社レイハウオリは、Web領域を中心に、ITリソースや専門人材が不足しているお客様を支援しています。
社内には、エンジニア・デザイナー・ディレクター・PMなど、各分野のエキスパートが在籍しています。
「何を作ればいいのかわからない」「IT周りをまとめて任せたい」といった0→1のご相談から、「社員の退職に伴うリソース不足を補いたい」といったSESのご要望まで、課題やフェーズに応じて幅広く対応しています。

下期の繁忙期に向けて体制を組むなら今です。

ご興味があれば本メールにご返信ください。

株式会社Lei Hau'oli
（tel）050-5497-3411
（mail）ml.account-sales@leihauoli.com","372","75","85","87","92","合成","0","- モード: 合成 - 部品ごとの採用元: ①件名=replier（【】に相手の課題を置く型）＋closer（40名・繁忙期ベネフィット）のハイブリッド ②冒頭2行=replier ③課題提示=opener/closer（管理画面・ダッシュボード／レガシー刷新の並走） ④自社紹介＋USP=closer ⑤FAB+E＝closer ⑥なぜ今=closer（下期の繁忙期） ⑦CTA=closer（15","修正パス(2026-09-18)"
"2026-09-10T13:53:59+09:00","TXP Medical株式会社","開発部","ご担当者","【複数プロダクトのUI刷新と新機能開発】15分で体制課題を整理する方法","開発部 ご担当者様

複数プロダクトの大規模UIを内製で抱え、レガシー刷新と新機能開発の並走でUI改修要望が積み上がっていないでしょうか。

私たち株式会社レイハウオリは、Web領域を中心に、ITリソースや専門人材が不足しているお客様を支援しています。
社内には、エンジニア・デザイナー・ディレクター・PMなど、各分野のエキスパートが在籍しています。
「何を作ればいいのかわからない」「IT周りをまとめて任せたい」といった0→1のご相談から、「社員の退職に伴うリソース不足を補いたい」といったSESのご要望まで、課題やフェーズに応じて幅広く対応しています。

採用には時間がかかり、その間も課題は続きます。ご興味があれば本フォームにご返信ください。

株式会社Lei Hau'oli
（tel）050-5497-3411
（mail）ml.account-sales@leihauoli.com","383","81","83","86","91","合成","0","- モード: 合成 - 部品ごとの採用元: ①件名=closer ②宛名＋冒頭2行=replier ③パーソナライズ／課題提示=replier ④自社紹介＋USP=closer＋§4のUSP文言 ⑤FAB+E＋実績=closer ⑥なぜ今=replier ⑦CTA=replier（ハードル）＋closer（15分商談への接続） ⑧署名=共通 - opener: 件名に課題仮説の固有ワードを詰めた点","修正パス(2026-09-18)"
"2026-09-10T13:55:51+09:00","Retty株式会社","開発部","ご担当者","【0→1からSESまで】フロントエンド、新機能とレガシー刷新の両立できていますか","開発部 ご担当者様

Rettyの口コミ・予約サービスは複数プロダクトを抱え、UIも大規模かと存じます。

私たち株式会社レイハウオリは、Web領域を中心に、ITリソースや専門人材が不足しているお客様を支援しています。
社内には、エンジニア・デザイナー・ディレクター・PMなど、各分野のエキスパートが在籍しています。
「何を作ればいいのかわからない」「IT周りをまとめて任せたい」といった0→1のご相談から、「社員の退職に伴うリソース不足を補いたい」といったSESのご要望まで、課題やフェーズに応じて幅広く対応しています。

下期の体制刷新に、今着手できるかが鍵です。

ご興味があれば、このフォームにご返信ください。

株式会社Lei Hau'oli
（tel）050-5497-3411
（mail）ml.account-sales@leihauoli.com","366","78","87","81","89","選抜","0","- モード: 選抜（失格でない案が replier 1案のみのため、合成モードの発動条件を満たさない） - 部品ごとの採用元: 全部品を replier から採用。CTA前の1文のみ、USPを言い切る形に最小限の手直し（新しい主張・数字の追加なし）。 - opener: 件名の「複数プロダクト×大規模UI」は課題仮説直撃で開封力最高。ただし本文404字で失格、かつCTAが「返信 もしくは 15分の","修正パス(2026-09-18)"
"2026-09-10T13:54:01+09:00","株式会社ジーシー昭和薬品","情報システム部","ご担当者","【製品情報サイト刷新】0→1のご相談も伴走します","情報システム部 ご担当者様

製品情報サイトの刷新と新機能開発が並走し、専任者不在で品質にばらつきが出ていないでしょうか。

私たち株式会社レイハウオリは、Web領域を中心に、ITリソースや専門人材が不足しているお客様を支援しています。
社内には、エンジニア・デザイナー・ディレクター・PMなど、各分野のエキスパートが在籍しています。
「何を作ればいいのかわからない」「IT周りをまとめて任せたい」といった0→1のご相談から、「社員の退職に伴うリソース不足を補いたい」といったSESのご要望まで、課題やフェーズに応じて幅広く対応しています。

年内着手が来期の負荷を左右します。

ご興味があれば、このフォームにご返信ください。

株式会社Lei Hau'oli
（tel）050-5497-3411
（mail）ml.account-sales@leihauoli.com","371","84","85","86","93","合成","0","- モード: 合成 - 部品ごとの採用元: ①件名=closer（骨格）+replier（数字の具体性） ②宛名＋冒頭=closer ③課題提示=replier ④自社紹介＋USP=closer ⑤FAB+E＋実績=closer ⑥なぜ今=closer ⑦CTA=replier ⑧署名=共通 - opener: 件名に「医療機器・製薬企業／情報システム部」を入れた業種特定は最強クラスだが、【】内が","修正パス(2026-09-18)"
"2026-09-10T13:53:42+09:00","株式会社Hubble","開発部","ご担当者","【管理画面・ダッシュボード改修】15分のオンライン相談で優先順位を整理","開発部 ご担当者様

貴社の管理画面・ダッシュボード改修で、フロントエンドの負荷が偏っていないでしょうか。

私たち株式会社レイハウオリは、Web領域を中心に、ITリソースや専門人材が不足しているお客様を支援しています。
社内には、エンジニア・デザイナー・ディレクター・PMなど、各分野のエキスパートが在籍しています。
「何を作ればいいのかわからない」「IT周りをまとめて任せたい」といった0→1のご相談から、「社員の退職に伴うリソース不足を補いたい」といったSESのご要望まで、課題やフェーズに応じて幅広く対応しています。

バックログは積み上がるほど対応が遅れます。まずは15分のオンライン情報交換で、優先順位を整理させてください。

株式会社Lei Hau'oli
（tel）050-5497-3411
（mail）ml.account-sales@leihauoli.com","377","78","82","85","90","合成","0","- モード: 合成 - 部品ごとの採用元: ①件名＝opener（【管理画面・ダッシュボード改修】）＋closer/replier（約40名・1名から常駐支援） ②宛名＋冒頭2行＝closer ③課題提示＝closer＋replier（内製・並走で負荷が偏る） ④自社紹介＋USP＝closer（「フロントエンド特化」で言い切りに補強） ⑤FAB+E＝closer ⑥なぜ今＝replier（「次の要","修正パス(2026-09-18)"
"2026-09-10T13:54:36+09:00","株式会社オルトプラス","開発部","ご担当者","【0→1から】ゲーム本体開発に集中―公式サイト・運営ツール改修を支援","開発部 ご担当者様

複数タイトルと大規模UIを内製で抱える御社では、改修対応の負荷が偏りやすいのではないでしょうか。

私たち株式会社レイハウオリは、Web領域を中心に、ITリソースや専門人材が不足しているお客様を支援しています。
社内には、エンジニア・デザイナー・ディレクター・PMなど、各分野のエキスパートが在籍しています。
「何を作ればいいのかわからない」「IT周りをまとめて任せたい」といった0→1のご相談から、「社員の退職に伴うリソース不足を補いたい」といったSESのご要望まで、課題やフェーズに応じて幅広く対応しています。

中途採用前に、改修だけ切り出せば本体開発に集中できます。

ご興味があれば、ご返信ください。

株式会社Lei Hau'oli
（tel）050-5497-3411
（mail）ml.account-sales@leihauoli.com","373","82","87","79","93","合成","0","- モード: 合成 - 部品ごとの採用元: ①件名=opener（ゲーム固有語）＋replier（40名）＋closer（【1名から】の数字先頭配置）／②冒頭2行=replier／③パーソナライズ=replier「複数タイトルと大規模UIを内製で抱える御社では」／④自社紹介＋USP=replier（「だけに特化」で言い切りへ強化）／⑤FAB+E=replier＋closer（美容予約サービス・大規","修正パス(2026-09-18)"
"2026-09-10T13:56:23+09:00","株式会社フライウィール","開発部","ご担当者","【15分診断】管理画面のバックログ、0→1からSESまで対応","開発部 ご担当者様

複数プロダクトの管理画面にフロントエンド改修のバックログが積み上がっていませんか。

私たち株式会社レイハウオリは、Web領域を中心に、ITリソースや専門人材が不足しているお客様を支援しています。
社内には、エンジニア・デザイナー・ディレクター・PMなど、各分野のエキスパートが在籍しています。
「何を作ればいいのかわからない」「IT周りをまとめて任せたい」といった0→1のご相談から、「社員の退職に伴うリソース不足を補いたい」といったSESのご要望まで、課題やフェーズに応じて幅広く対応しています。

バックログは積み上がるほど新機能開発の遅延も拡大します。

ご興味があれば、フォームにご返信ください。

株式会社Lei Hau'oli
（tel）050-5497-3411
（mail）ml.account-sales@leihauoli.com","371","84","86","84","90","合成","0","- モード: 合成 - 部品ごとの採用元: ①件名=replier（数値を【】内に置いた短句型／「1名の参画から」で心理的ハードルを下げる。ただし §4 に合わせ「約40名」へ補正） ②宛名＋冒頭2行=replier（課題仮説をそのまま2文に翻訳、社名を伏せても自社宛てと分かる） ③課題提示＝replier＋closer（「並走では負荷が平準化しづらい」の一文で統合） ④自社紹介＋USP=clos","修正パス(2026-09-18)"
"2026-09-10T13:59:51+09:00","株式会社eWeLL","開発部","ご担当者","【15分で情報交換】複数プロダクトのUI改修・レガシー刷新を並走支援","開発部 ご担当者様

複数のSaaS/ASPプロダクトを運営される御社では、レガシー刷新まで手が回らないのではないでしょうか。

私たち株式会社レイハウオリは、Web領域を中心に、ITリソースや専門人材が不足しているお客様を支援しています。
社内には、エンジニア・デザイナー・ディレクター・PMなど、各分野のエキスパートが在籍しています。
「何を作ればいいのかわからない」「IT周りをまとめて任せたい」といった0→1のご相談から、「社員の退職に伴うリソース不足を補いたい」といったSESのご要望まで、課題やフェーズに応じて幅広く対応しています。

下期の開発計画を組む今、負荷の平準化は先送りできません。

ご興味があれば、このフォームにご返信ください。

株式会社Lei Hau'oli
（tel）050-5497-3411
（mail）ml.account-sales@leihauoli.com","384","82","87","86","93","合成","0","- モード: 合成 - 部品ごとの採用元: ①件名=closer ②宛名＋冒頭2行=replier ③課題提示=replier ④自社紹介＋USP=closer ⑤FAB+E＋実績=closer ⑥なぜ今=replier（時期）＋closer（機会損失）を1文に圧縮 ⑦CTA=replier（15分は closer から接続）⑧署名=共通 - opener: 強み＝件名に相手固有ワードを最も濃く詰","修正パス(2026-09-18)"
"2026-09-10T13:56:02+09:00","株式会社リセ","開発部","ご担当者","【0→1】UI改修と新機能開発の並走、専門人材で体制を強化できます","開発部 ご担当者様

複数プロダクトのUI改修と新機能開発が同時に走り、手が足りていないのではないでしょうか。

私たち株式会社レイハウオリは、Web領域を中心に、ITリソースや専門人材が不足しているお客様を支援しています。
社内には、エンジニア・デザイナー・ディレクター・PMなど、各分野のエキスパートが在籍しています。
「何を作ればいいのかわからない」「IT周りをまとめて任せたい」といった0→1のご相談から、「社員の退職に伴うリソース不足を補いたい」といったSESのご要望まで、課題やフェーズに応じて幅広く対応しています。

年末に向け新機能要望が増える前に体制を整えませんか。

15分程度お話しできませんか。

株式会社Lei Hau'oli
（tel）050-5497-3411
（mail）ml.account-sales@leihauoli.com","366","80","87","88","89","合成","0","- モード: 合成 - 部品ごとの採用元: ①件名=replier ②宛名＋冒頭=replier ③課題提示=replier+closer（負荷偏在の一文はcloser） ④自社紹介＋USP=closer ⑤FAB+E＋実績=closer ⑥なぜ今=closer（年末繁忙期） ⑦CTA=closer（15分情報交換） ⑧署名=共通 - opener: 課題ワードの拾い方は正確だが、件名が45字級で","修正パス(2026-09-18)"
"2026-09-10T13:59:40+09:00","株式会社estie","開発部","ご担当者","【0→1支援】estieの刷新と新機能開発、並走の壁","開発部 ご担当者様

複数プロダクトの大規模UIを内製チームで抱え、レガシー刷新と新機能開発を並走させる構造だと思います。

私たち株式会社レイハウオリは、Web領域を中心に、ITリソースや専門人材が不足しているお客様を支援しています。
社内には、エンジニア・デザイナー・ディレクター・PMなど、各分野のエキスパートが在籍しています。
「何を作ればいいのかわからない」「IT周りをまとめて任せたい」といった0→1のご相談から、「社員の退職に伴うリソース不足を補いたい」といったSESのご要望まで、課題やフェーズに応じて幅広く対応しています。

並走が続くほどリリース遅延とUI品質低下が積み上がります。ご興味があれば本フォームにご返信ください。

株式会社Lei Hau'oli
（tel）050-5497-3411
（mail）ml.account-sales@leihauoli.com","381","85","85","85","93","合成","0","- モード: 合成 - 部品ごとの採用元: ①件名=replier骨格＋closerの社名固有ワード ②宛名＋冒頭=closer（採用スピードに触れSESの必然性を出す） ③課題提示=closer ④自社紹介＋USP=opener（「特化で1名から供給できるのが強み」の言い切り） ⑤FAB+E＝closer（F→A→B→Eが一直線） ⑥なぜ今=closer（負債が積み上がる不急潰し） ⑦CTA=r","修正パス(2026-09-18)"
"2026-09-10T13:59:22+09:00","スタディプラス株式会社","開発部","ご担当者","【複数プロダクト運用】フロント体制、15分で整理しませんか","開発部 ご担当者様

私たち株式会社レイハウオリは、Web領域を中心に、ITリソースや専門人材が不足しているお客様を支援しています。
社内には、エンジニア・デザイナー・ディレクター・PMなど、各分野のエキスパートが在籍しています。
「何を作ればいいのかわからない」「IT周りをまとめて任せたい」といった0→1のご相談から、「社員の退職に伴うリソース不足を補いたい」といったSESのご要望まで、課題やフェーズに応じて幅広く対応しています。

複数プロダクトを内製チームで運営され、刷新と新機能開発を並走されている貴社では、フロントの手が不足していないでしょうか。

年度後半は来期体制を固める時期です。

15分、オンラインでお話できませんか。

株式会社Lei Hau'oli
（tel）050-5497-3411
（mail）ml.account-sales@leihauoli.com","378","85","79","85","92","合成","0","- モード: 合成 - 部品ごとの採用元: ①件名=closer（枕）＋opener（後半の固有ワード＋数字） ②宛名＝opener/closer（正しい空白付き） ③パーソナライズ／課題提示=replier（「どこかの案件が後回しに」の問いかけ） ④自社紹介＋USP=closer（USP一言を先出し） ⑤FAB+E＋実績=closer＋opener（美容予約サービス） ⑥なぜ今=closer（年","修正パス(2026-09-18)"
"2026-09-10T13:57:20+09:00","株式会社サイダス","開発部","ご担当者","【15分で相談】フロントエンド、UI改修とレガシー刷新は両立できていますか","開発部 ご担当者様

サイダス様の開発部でも、UI改修とレガシー刷新の両立に苦慮されていませんか。

私たち株式会社レイハウオリは、Web領域を中心に、ITリソースや専門人材が不足しているお客様を支援しています。
社内には、エンジニア・デザイナー・ディレクター・PMなど、各分野のエキスパートが在籍しています。
「何を作ればいいのかわからない」「IT周りをまとめて任せたい」といった0→1のご相談から、「社員の退職に伴うリソース不足を補いたい」といったSESのご要望まで、課題やフェーズに応じて幅広く対応しています。

着手が遅れるほど要望と負債は積み上がります。

15分の情報交換にご興味があれば、本フォームにご返信ください。

株式会社Lei Hau'oli
（tel）050-5497-3411
（mail）ml.account-sales@leihauoli.com","372","81","85","81","93","合成","0","- モード: 合成 - 部品ごとの採用元: ①件名=replier（+opener の「フロントエンド」を注入） ②宛名＋冒頭2行=replier ③課題提示=replier ④自社紹介=closer ⑤USP＝opener（「まるごと」の言い切り） ⑥FAB＋なぜ今=closer ⑦CTA=closer（15分）×replier（返信ハードル最小化）の折衷 ⑧署名=共通 - opener: 課題","修正パス(2026-09-18)"
"2026-09-10T13:59:58+09:00","Wovn Technologies株式会社","開発部","ご担当者","【開発支援】管理画面改修の負荷、15分で整理しませんか","開発部 ご担当者様

顧客要望による管理画面・ダッシュボードの改修がバックログに積み上がっていませんか。

私たち株式会社レイハウオリは、Web領域を中心に、ITリソースや専門人材が不足しているお客様を支援しています。
社内には、エンジニア・デザイナー・ディレクター・PMなど、各分野のエキスパートが在籍しています。
「何を作ればいいのかわからない」「IT周りをまとめて任せたい」といった0→1のご相談から、「社員の退職に伴うリソース不足を補いたい」といったSESのご要望まで、課題やフェーズに応じて幅広く対応しています。

下期に向けてバックログが膨らむ前に、ご興味があれば本メールにご返信ください。

株式会社Lei Hau'oli
（tel）050-5497-3411
（mail）ml.account-sales@leihauoli.com","360","84","85","80","91","合成","0","- モード: 合成 - 部品ごとの採用元: ①件名=opener（固有ワード）＋replier（数字の見せ方） ②冒頭2行=replier ③課題提示=replier ④自社紹介＋USP=closer（USP一言の言い切り） ⑤FAB+E＋実績=opener/replier（40名・9割・美容予約サービス） ⑥なぜ今=replier（下期のバックログ） ⑦CTA=opener（15分の情報交換＋返","修正パス(2026-09-18)"
"2026-09-10T14:01:03+09:00","ルームクリップ株式会社","開発部","ご担当者","【開発体制】複数プロダクトのUI刷新と新機能開発、15分で状況共有しませんか","開発部 ご担当者様

複数プロダクトのUI刷新と新機能開発を並走される中、フロントエンドの体制が不足していませんか。

私たち株式会社レイハウオリは、Web領域を中心に、ITリソースや専門人材が不足しているお客様を支援しています。
社内には、エンジニア・デザイナー・ディレクター・PMなど、各分野のエキスパートが在籍しています。
「何を作ればいいのかわからない」「IT周りをまとめて任せたい」といった0→1のご相談から、「社員の退職に伴うリソース不足を補いたい」といったSESのご要望まで、課題やフェーズに応じて幅広く対応しています。

中途採用には時間がかかり、改修要望は積み上がります。

ご興味があれば、このフォームにご返信ください。

株式会社Lei Hau'oli
（tel）050-5497-3411
（mail）ml.account-sales@leihauoli.com","377","84","84","82","89","合成","0","- モード: 合成 - 部品ごとの採用元: ①件名=closer（短縮）②宛名＋冒頭=opener（疑問形で押し付けない）③課題提示=replier／opener ④自社紹介＋USP=closer ⑤FAB+E=closer＋opener（技術スタック）⑥なぜ今=opener（採用リードタイム論）⑦CTA=opener＋replier（ハードル下げ文言）⑧署名=共通 - opener: 冒頭の課題","修正パス(2026-09-18)"
"2026-09-10T14:04:16+09:00","株式会社EARTHBRAIN","開発部","ご担当者","【建設・土木SaaS向け】管理画面改修の滞留を、15分の相談で解消","開発部 ご担当者様

顧客要望への機能追加が続き、管理画面の改修がバックログに積み上がっていないでしょうか。

私たち株式会社レイハウオリは、Web領域を中心に、ITリソースや専門人材が不足しているお客様を支援しています。
社内には、エンジニア・デザイナー・ディレクター・PMなど、各分野のエキスパートが在籍しています。
「何を作ればいいのかわからない」「IT周りをまとめて任せたい」といった0→1のご相談から、「社員の退職に伴うリソース不足を補いたい」といったSESのご要望まで、課題やフェーズに応じて幅広く対応しています。

バックログが積み上がるほど対応は遅れます。

まずは15分、本メールにご返信ください。

株式会社Lei Hau'oli
（tel）050-5497-3411
（mail）ml.account-sales@leihauoli.com","365","85","77","83","90","合成","0","- モード: 合成 - 部品ごとの採用元: ①件名=opener ②宛名＋冒頭=opener/replier（課題仮説の固有ワードを維持しつつ疑問形に） ③課題提示=opener ④自社紹介＋USP=opener（「弊社だけ」の言い切り） ⑤FAB+E=closer（即戦力常駐→コア機能集中の因果） ⑥なぜ今=closer＋opener（対応遅延＋下期の負荷増） ⑦CTA=opener（返信1本で","修正パス(2026-09-18)"
"2026-09-10T14:06:46+09:00","株式会社デジックデザイン","開発部","ご担当者","【UI改修とレガシー刷新】0→1のご相談も承ります","開発部 ご担当者様

複数プロダクトのUI改修とレガシー刷新の並走に、人手が足りないという状況ではないでしょうか。

私たち株式会社レイハウオリは、Web領域を中心に、ITリソースや専門人材が不足しているお客様を支援しています。
社内には、エンジニア・デザイナー・ディレクター・PMなど、各分野のエキスパートが在籍しています。
「何を作ればいいのかわからない」「IT周りをまとめて任せたい」といった0→1のご相談から、「社員の退職に伴うリソース不足を補いたい」といったSESのご要望まで、課題やフェーズに応じて幅広く対応しています。

繁忙期に入ってから探し始めては間に合いません。ご興味があれば、このフォームにご返信ください。

株式会社Lei Hau'oli
（tel）050-5497-3411
（mail）ml.account-sales@leihauoli.com","373","83","86","81","91","合成","0","- モード: 合成 - 部品ごとの採用元: ①件名=opener（語）+closer（短さ）を再構成 ②宛名＋冒頭=replier ③課題提示=replier ④自社紹介＋USP=closer ⑤FAB+E＋実績=closer ⑥なぜ今=replier ⑦CTA=replier ⑧署名=共通 - opener: 件名の固有ワード（UI改修・レガシー刷新の並走）が最も転送されやすい。ただし「フロント","修正パス(2026-09-18)"
"2026-09-10T18:35:03+09:00","SBI FinTech Solutions株式会社","開発部","ご担当者","【15分】SBI FinTech Solutions様｜管理画面のフロントエンド改修バックログを常駐で解消","開発部 ご担当者様

顧客要望による管理画面・ダッシュボードの改修で、フロントエンドのバックログが積み上がっていませんか。

私たち株式会社レイハウオリは、Web領域を中心に、ITリソースや専門人材が不足しているお客様を支援しています。
社内には、エンジニア・デザイナー・ディレクター・PMなど、各分野のエキスパートが在籍しています。
「何を作ればいいのかわからない」「IT周りをまとめて任せたい」といった0→1のご相談から、「社員の退職に伴うリソース不足を補いたい」といったSESのご要望まで、課題やフェーズに応じて幅広く対応しています。

繁忙期前に体制を整えるべきです。

ご興味があれば、ご返信ください。

株式会社Lei Hau'oli
（tel）050-5497-3411
（mail）ml.account-sales@leihauoli.com","363","75","84","86","92","合成","0","- モード: 合成 - 部品ごとの採用元: ①件名=closer（社名入り＋【1名から】） ②宛名＋冒頭2行=closer ③課題提示=closer ④自社紹介＋USP=closer＋replier（設立2008年を補強） ⑤FAB+E=closer＋replier（Benefit「コア機能に集中」を追加） ⑥なぜ今=replier（バックログ×繁忙期） ⑦CTA=closer（15分）＋repl","修正パス(2026-09-18)"
"2026-09-10T18:34:49+09:00","大塚メディカルデバイス株式会社","情報システム部","ご担当者","【医療機器メーカー向け】専任0名でも外注先ごとの品質ばらつきを解消する体制づくり","情報システム部 ご担当者様

フロントエンド専任者不在で、外注先ごとに品質がばらついていませんか。

私たち株式会社レイハウオリは、Web領域を中心に、ITリソースや専門人材が不足しているお客様を支援しています。
社内には、エンジニア・デザイナー・ディレクター・PMなど、各分野のエキスパートが在籍しています。
「何を作ればいいのかわからない」「IT周りをまとめて任せたい」といった0→1のご相談から、「社員の退職に伴うリソース不足を補いたい」といったSESのご要望まで、課題やフェーズに応じて幅広く対応しています。

年度後半の稟議前に、体制を整えておきませんか。

ご興味があれば、このフォームにご返信ください。

株式会社Lei Hau'oli
（tel）050-5497-3411
（mail）ml.account-sales@leihauoli.com","365","83","83","79","93","合成","0","- モード: 合成 - 部品ごとの採用元: ①件名=opener（業種名＋課題ワード）＋closer（「専任0名」の数字化） ②冒頭2行=opener／replier統合 ③課題提示=replier（3要素を1文に凝縮） ④自社紹介＋USP=closer ⑤FAB+E＋実績=closer＋opener ⑥なぜ今=closer（年度後半の稟議） ⑦CTA=replier（6文字返信）＋closer（","修正パス(2026-09-18)"
"2026-09-10T18:35:46+09:00","ワークデイ株式会社","開発部","ご担当者","【0→1開発】UI改修と新機能開発を並走支援","開発部 ご担当者様

複数プロダクトの大規模UIを内製で抱えながら、レガシー刷新と新機能開発を並走させる負荷は大きいはずです。

私たち株式会社レイハウオリは、Web領域を中心に、ITリソースや専門人材が不足しているお客様を支援しています。
社内には、エンジニア・デザイナー・ディレクター・PMなど、各分野のエキスパートが在籍しています。
「何を作ればいいのかわからない」「IT周りをまとめて任せたい」といった0→1のご相談から、「社員の退職に伴うリソース不足を補いたい」といったSESのご要望まで、課題やフェーズに応じて幅広く対応しています。

今の判断が、半年後の開発スピードを変えます。

ご興味があれば、このフォームにご返信ください。

株式会社Lei Hau'oli
（tel）050-5497-3411
（mail）ml.account-sales@leihauoli.com","378","75","85","84","91","合成","0","- モード: 合成 - 部品ごとの採用元: ①件名=replier（短く数字2つ、開発部が自分事化できる）②宛名＋冒頭2行=replier（「社内で何度も出ている言葉」の当て込みが最強）③課題提示=replier＋opener ④自社紹介＋USP=closer（「大規模BtoC直請け経験を1名からチーム単位」）⑤FAB+E=closer（中途採用に数か月かけず→リリースを止めない）⑥なぜ今=clo","修正パス(2026-09-18)"
"2026-09-10T18:35:31+09:00","ドクターメイト株式会社","開発部","ご担当者","【管理画面・ダッシュボード改修】15分のオンラインヒアリングで新機能とレガシー刷新を並走支援","開発部 ご担当者様

貴社の医療・福祉向けSaaSでは、管理画面のフロント改修がバックログに積み上がっていないでしょうか。

私たち株式会社レイハウオリは、Web領域を中心に、ITリソースや専門人材が不足しているお客様を支援しています。
社内には、エンジニア・デザイナー・ディレクター・PMなど、各分野のエキスパートが在籍しています。
「何を作ればいいのかわからない」「IT周りをまとめて任せたい」といった0→1のご相談から、「社員の退職に伴うリソース不足を補いたい」といったSESのご要望まで、課題やフェーズに応じて幅広く対応しています。

バックログが積み上がるほど、新機能着手が遅れます。

15分のオンラインでお困りごとを伺えないでしょうか。ご返信お待ちしております。

株式会社Lei Hau'oli
（tel）050-5497-3411
（mail）ml.account-sales@leihauoli.com","395","81","80","73","87","合成","0","- モード: 合成 - 部品ごとの採用元: ①件名=opener（数字・固有ワードを短縮のうえ流用） ②宛名=共通 ③冒頭パーソナライズ=replier（「医療・福祉向けSaaS」の業種名指しがopenerより1段深い） ④自社紹介＋USP=opener骨格＋§4のUSP文言（closerのUSP表現は失格案のため引用せず§4原文から再構成） ⑤FAB+E=replier（巻き取り→内製チームは新","修正パス(2026-09-18)"
"2026-09-10T18:36:39+09:00","株式会社Laboro.AI","開発部","ご担当者","【0→1からSESまで】UI改修とレガシー刷新の並走を15分で相談","開発部 ご担当者様

複数のAIプロダクトでUIのレガシー刷新と新機能開発が同時進行し、優先順位を削る場面があるのではないでしょうか。

私たち株式会社レイハウオリは、Web領域を中心に、ITリソースや専門人材が不足しているお客様を支援しています。
社内には、エンジニア・デザイナー・ディレクター・PMなど、各分野のエキスパートが在籍しています。
「何を作ればいいのかわからない」「IT周りをまとめて任せたい」といった0→1のご相談から、「社員の退職に伴うリソース不足を補いたい」といったSESのご要望まで、課題やフェーズに応じて幅広く対応しています。

並走が続くほど、両方の着手が遅れます。ご興味があれば、ご返信ください。

株式会社Lei Hau'oli
（tel）050-5497-3411
（mail）ml.account-sales@leihauoli.com","372","81","84","90","91","合成","0","- モード: 合成 - 部品ごとの採用元: ①件名=closer ②宛名＝共通 ③課題提示=replier ④USP＋自社紹介=closer/replier ⑤FAB+E＝closer＋replier（SaaS管理画面）⑥なぜ今=closer ⑦CTA=replier（返信ハードル最小型）を closer の「15分」と接合 ⑧署名=共通 - opener: 課題仮説の固有ワードを冒頭に置いた点は","修正パス(2026-09-18)"
"2026-09-10T18:39:24+09:00","株式会社SHIFT SECURITY","技術部","ご担当者","【0→1支援】SHIFT SECURITY様の管理コンソールUI課題、15分で情報交換","技術部 ご担当者様

貴社の管理コンソールUIの刷新と新機能開発が並走し、エンジニアの負荷が偏っていないでしょうか。

私たち株式会社レイハウオリは、Web領域を中心に、ITリソースや専門人材が不足しているお客様を支援しています。
社内には、エンジニア・デザイナー・ディレクター・PMなど、各分野のエキスパートが在籍しています。
「何を作ればいいのかわからない」「IT周りをまとめて任せたい」といった0→1のご相談から、「社員の退職に伴うリソース不足を補いたい」といったSESのご要望まで、課題やフェーズに応じて幅広く対応しています。

下期を同じ体制で走らせないために、まずは15分の情報交換にご返信ください。

株式会社Lei Hau'oli
（tel）050-5497-3411
（mail）ml.account-sales@leihauoli.com","365","79","83","85","90","合成","0","- モード: 合成 - 部品ごとの採用元: ①件名=closer（社名入り）＋replier（「1名から常駐」）を短縮合成 ②宛名＋冒頭2行=replier ③パーソナライズ／課題提示=replier ④自社紹介＋USP=closer ⑤FAB+E＋実績=closer＋replier（SaaS管理画面・デザインシステム） ⑥なぜ今=replier（下期） ⑦CTA=closer（15分）＋repl","修正パス(2026-09-18)"
"2026-09-10T18:38:36+09:00","株式会社くふうカンパニー","開発部","ご担当者","【0→1の相談も対応】複数プロダクトのUI改修とレガシー刷新を支援","開発部 ご担当者様

複数のSaaS・ASPサービスを運営される貴社は、フロントエンドの人手が追いつかないのではないでしょうか。

私たち株式会社レイハウオリは、Web領域を中心に、ITリソースや専門人材が不足しているお客様を支援しています。
社内には、エンジニア・デザイナー・ディレクター・PMなど、各分野のエキスパートが在籍しています。
「何を作ればいいのかわからない」「IT周りをまとめて任せたい」といった0→1のご相談から、「社員の退職に伴うリソース不足を補いたい」といったSESのご要望まで、課題やフェーズに応じて幅広く対応しています。

下期の体制は今のうちに固めておくことをおすすめします。

ご興味があれば、ご返信ください。

株式会社Lei Hau'oli
（tel）050-5497-3411
（mail）ml.account-sales@leihauoli.com","377","79","88","85","92","合成","0","- モード: 合成 - 部品ごとの採用元: ①件名=closer（【】内に「40名」を置き先頭で数字が目に入る／後半に課題ワード）②宛名＋冒頭2行=replier ③課題提示=replier（opener の「SaaS・ASP」を吸収）④自社紹介＋USP=closer＋opener（USP言い切りは opener の型を穏当化）⑤FAB+E=replier ⑥なぜ今=replier ⑦CTA=re","修正パス(2026-09-18)"
"2026-09-11T18:21:26+09:00","株式会社PREVENT","開発部","ご担当者","【0→1からSESまで】医療・福祉SaaSの管理画面バックログを崩しませんか","開発部 ご担当者様

医療・福祉SaaSの管理画面刷新が、機能追加対応に追われ後回しになっていないでしょうか。

私たち株式会社レイハウオリは、Web領域を中心に、ITリソースや専門人材が不足しているお客様を支援しています。
社内には、エンジニア・デザイナー・ディレクター・PMなど、各分野のエキスパートが在籍しています。
「何を作ればいいのかわからない」「IT周りをまとめて任せたい」といった0→1のご相談から、「社員の退職に伴うリソース不足を補いたい」といったSESのご要望まで、課題やフェーズに応じて幅広く対応しています。

バックログは放置するほど改修コストが膨らみます。

ご興味があれば、このフォームにご返信ください。

株式会社Lei Hau'oli
（tel）050-5497-3411
（mail）ml.account-sales@leihauoli.com","372","85","90","80","93","合成","0","- モード: 合成 - 部品ごとの採用元: ①件名=replier（数字40）＋opener（医療・福祉SaaS／管理画面の固有ワード）のハイブリッド ②宛名＋冒頭2行=replier ③課題提示=replier ④自社紹介＋USP=replier ⑤FAB+E＋実績=closer（品質基準の持ち込み〜リリースを止めず並走の線）＋opener（1名〜チーム単位） ⑥なぜ今=closer（放置＝改修","修正パス(2026-09-18)"
